model,structure,level,y,x,cls,n_true_cols,frac_damaged,pred_val,tgt_val
nafnet,vo2_Vacancy-Anion-03.png,1,413.0,475.0,boundary_edge,100,0.8208365164247517,0.7107733488082886,0.11372549086809158
nafnet,vo2_Vacancy-Anion-03.png,1,412.0,0.0,boundary_edge,100,0.8208365164247517,0.6777392625808716,0.09019608050584793
nafnet,vo2_Vacancy-Anion-03.png,1,140.0,475.0,boundary_edge,100,0.8208365164247517,0.6444152593612671,0.11764705926179886
nafnet,vo2_Vacancy-Anion-03.png,1,137.0,0.0,boundary_edge,100,0.8208365164247517,0.6390254497528076,0.10196078568696976
nafnet,vo2_Vacancy-Anion-03.png,1,0.0,235.0,boundary_edge,100,0.8208365164247517,0.4629305601119995,0.10588235408067703
nafnet,vo2_Vacancy-Anion-03.png,1,549.0,439.0,boundary_edge,100,0.8208365164247517,0.4111957848072052,0.23137255012989044
nafnet,vo2_Vacancy-Anion-03.png,1,171.0,257.0,boundary_edge,100,0.8208365164247517,0.4984035789966583,0.529411792755127
nafnet,vo2_Vacancy-Anion-03.png,1,379.0,257.0,boundary_edge,100,0.8208365164247517,0.5001486539840698,0.5137255191802979
nafnet,vo2_Vacancy-Anion-03.png,1,481.0,79.0,boundary_edge,100,0.8208365164247517,0.5078320503234863,0.5215686559677124
nafnet,vo2_Vacancy-Anion-03.png,1,138.0,80.0,boundary_edge,100,0.8208365164247517,0.495172381401062,0.48627451062202454
nafnet,vo2_Vacancy-Anion-03.png,1,309.0,139.0,boundary_edge,100,0.8208365164247517,0.5055450201034546,0.47058823704719543
nafnet,mno2_Defect-Free.png,1,249.0,0.0,boundary_edge,74,0.5485121107266436,0.6988327503204346,0.0784313753247261
nafnet,mos2-A_Adatom-Li.png,1,113.0,552.0,boundary_edge,84,0.1745861950889585,0.5616642236709595,0.0470588244497776
nafnet,mos2-A_Adatom-Li.png,1,391.0,552.0,boundary_edge,84,0.1745861950889585,0.5512155294418335,0.07450980693101883
nafnet,mos2-A_Adatom-Li.png,1,8.0,7.0,boundary_edge,84,0.1745861950889585,1.0,0.0235294122248888
nafnet,mose2-A_Doped-Na.png,1,33.0,0.0,boundary_edge,105,0.006990570979570456,0.2112308293581009,0.0117647061124444
nafnet,mose2-A_Doped-Na.png,1,0.0,302.0,boundary_edge,105,0.006990570979570456,0.26141786575317383,0.03921568766236305
nafnet,mose2-A_Doped-Na.png,1,8.0,7.0,boundary_edge,105,0.006990570979570456,1.0,0.003921568859368563
nafnet,mose2-A_Doped-Na.png,1,0.0,50.0,boundary_edge,105,0.006990570979570456,0.2032768726348877,0.007843137718737125
nafnet,mote2-A_Anti-2M.png,1,103.0,0.0,boundary_edge,189,0.2322716616543134,0.5974307060241699,0.12156862765550613
nafnet,mote2-A_Anti-2M.png,1,0.0,83.0,boundary_edge,189,0.2322716616543134,0.47249484062194824,0.0784313753247261
nafnet,mote2-A_Anti-2M.png,1,411.0,0.0,boundary_edge,189,0.2322716616543134,0.38816389441490173,0.10588235408067703
nafnet,mote2-A_Anti-2M.png,1,0.0,562.0,boundary_edge,189,0.2322716616543134,0.364484965801239,0.0941176488995552
nafnet,mote2-A_Anti-2M.png,1,0.0,388.0,boundary_edge,189,0.2322716616543134,0.3858776390552521,0.07058823853731155
nafnet,tate2-A_Fe_doped.png,1,0.0,186.0,boundary_edge,122,0.006934121621621622,0.4238084554672241,0.062745101749897
nafnet,tate2-A_Fe_doped.png,1,0.0,506.0,boundary_edge,122,0.006934121621621622,0.41686493158340454,0.05882352963089943
nafnet,tate2-A_Fe_doped.png,1,432.0,0.0,boundary_edge,122,0.006934121621621622,0.34767425060272217,0.05882352963089943
nafnet,tate2-A_Fe_doped.png,1,0.0,275.0,boundary_edge,122,0.006934121621621622,0.30576851963996887,0.05882352963089943
nafnet,tate2-A_Fe_doped.png,1,0.0,596.0,boundary_edge,122,0.006934121621621622,0.26549607515335083,0.062745101749897
nafnet,tate2-A_Fe_doped.png,1,8.0,7.0,boundary_edge,122,0.006934121621621622,1.0,0.0470588244497776
nafnet,tate2-A_Fe_doped.png,1,0.0,416.0,boundary_edge,122,0.006934121621621622,0.2670595645904541,0.14901961386203766
nafnet,vse2-A_Vacancy-Anion-06A.png,1,8.0,7.0,boundary_edge,84,0.04060658162751613,1.0,0.1411764770746231
nafnet,vse2-A_Vacancy-Anion-06A.png,1,628.0,217.0,borderline_shifted,84,0.04060658162751613,0.21557021141052246,0.21176470816135406
nafnet,vse2-A_Vacancy-Anion-06A.png,1,210.0,72.0,borderline_shifted,84,0.04060658162751613,0.2182612270116806,0.21960784494876862
nafnet,tas2-A_Doped-Li.png,1,0.0,376.0,boundary_edge,68,0.06500783897233602,0.6866575479507446,0.027450980618596077
nafnet,tas2-A_Doped-Li.png,1,0.0,84.0,boundary_edge,68,0.06500783897233602,0.64571613073349,0.019607843831181526
nafnet,tas2-A_Doped-Li.png,1,8.0,7.0,boundary_edge,68,0.06500783897233602,1.0,0.0313725508749485
nafnet,tase2-A_Vacancy-Anion-12B.png,1,301.0,0.0,boundary_edge,121,0.015205930807248764,0.36958107352256775,0.05098039284348488
nafnet,tase2-A_Vacancy-Anion-12B.png,1,8.0,7.0,boundary_edge,121,0.015205930807248764,1.0,0.027450980618596077
nafnet,nbs2_Anti-Metal.png,1,668.0,52.0,boundary_edge,106,0.046149358075750414,0.23964643478393555,0.0117647061124444
nafnet,nbs2_Anti-Metal.png,1,49.0,241.0,invented_undamaged,106,0.046149358075750414,0.2018764317035675,0.13725490868091583
nafnet,nbs2_Anti-Metal.png,1,51.0,534.0,invented_undamaged,106,0.046149358075750414,0.23112019896507263,0.11372549086809158
nafnet,nbs2_Anti-Metal.png,1,8.0,7.0,boundary_edge,106,0.046149358075750414,1.0,0.062745101749897
nafnet,nbs2_Anti-Metal.png,1,656.0,436.0,boundary_edge,106,0.046149358075750414,0.24710619449615479,0.125490203499794
nafnet,nbs2_Anti-Metal.png,1,579.0,0.0,boundary_edge,106,0.046149358075750414,0.1964854747056961,0.054901961237192154
nafnet,nbs2_Anti-Metal.png,1,668.0,0.0,boundary_edge,106,0.046149358075750414,0.17450352013111115,0.08627451211214066
nafnet,nbs2_Anti-Metal.png,1,664.0,291.0,boundary_edge,106,0.046149358075750414,0.21806040406227112,0.11764705926179886
nafnet,nbte2_Vacancy-Anion-12A.png,1,188.0,602.0,invented_undamaged,170,0.054897087039944184,0.5865265130996704,0.07058823853731155
nafnet,nbte2_Vacancy-Anion-12A.png,1,95.0,129.0,invented_undamaged,170,0.054897087039944184,0.5248112678527832,0.06666667014360428
nafnet,nbte2_Vacancy-Anion-12A.png,1,489.0,0.0,boundary_edge,170,0.054897087039944184,0.5106273889541626,0.054901961237192154
nafnet,nbte2_Vacancy-Anion-12A.png,1,188.0,287.0,invented_undamaged,170,0.054897087039944184,0.458257794380188,0.06666667014360428
nafnet,nbte2_Vacancy-Anion-12A.png,1,718.0,443.0,boundary_edge,170,0.054897087039944184,0.4802282154560089,0.0313725508749485
nafnet,nbte2_Vacancy-Anion-12A.png,1,533.0,25.0,invented_undamaged,170,0.054897087039944184,0.4377048909664154,0.0784313753247261
nafnet,nbte2_Vacancy-Anion-12A.png,1,96.0,442.0,invented_undamaged,170,0.054897087039944184,0.4225194454193115,0.05882352963089943
nafnet,nbte2_Vacancy-Anion-12A.png,1,715.0,391.0,boundary_edge,170,0.054897087039944184,0.39164769649505615,0.0313725508749485
nafnet,nbte2_Vacancy-Anion-12A.png,1,713.0,496.0,boundary_edge,170,0.054897087039944184,0.40975314378738403,0.0313725508749485
nafnet,nbte2_Vacancy-Anion-12A.png,1,8.0,7.0,boundary_edge,170,0.054897087039944184,1.0,0.01568627543747425
nafnet,nbte2_Vacancy-Anion-12A.png,1,580.0,151.0,invented_undamaged,170,0.054897087039944184,0.26076599955558777,0.07058823853731155
nafnet,tis2_Vacancy-Anion-12A.png,1,0.0,542.0,boundary_edge,118,0.31453126492509376,0.4351891875267029,0.062745101749897
nafnet,tis2_Vacancy-Anion-12A.png,1,432.0,0.0,boundary_edge,118,0.31453126492509376,0.2891976833343506,0.06666667014360428
nafnet,tis2_Vacancy-Anion-12A.png,1,8.0,7.0,boundary_edge,118,0.31453126492509376,1.0,0.06666667014360428
nafnet,tise2_Adatom-Li.png,1,8.0,7.0,boundary_edge,157,0.21837645949468895,1.0,0.027450980618596077
nafnet,tite2-B_Cu_doped.png,1,8.0,7.0,boundary_edge,72,0.015100070555276231,1.0,0.08627451211214066
nafnet,vs2_Vacancy-Anion-06A.png,1,8.0,7.0,boundary_edge,158,0.5798871994272244,1.0,0.04313725605607033
nafnet,vs2_Vacancy-Anion-06A.png,1,367.0,448.0,boundary_edge,158,0.5798871994272244,0.524918794631958,0.5607843399047852
nafnet,vte2_Defect-Free.png,1,8.0,7.0,boundary_edge,119,0.012906519538912127,1.0,0.0313725508749485
nafnet,vte2_Defect-Free.png,1,138.0,621.0,boundary_edge,119,0.012906519538912127,0.2464883029460907,0.04313725605607033
nafnet,ws2-A_Vacancy-Metal.png,1,0.0,290.0,boundary_edge,59,0.008955588924533023,0.6125282049179077,0.03529411926865578
nafnet,ws2-A_Vacancy-Metal.png,1,0.0,129.0,boundary_edge,59,0.008955588924533023,0.5608346462249756,0.019607843831181526
nafnet,ws2-A_Vacancy-Metal.png,1,0.0,459.0,boundary_edge,59,0.008955588924533023,0.5310662984848022,0.0235294122248888
nafnet,ws2-A_Vacancy-Metal.png,1,8.0,7.0,boundary_edge,59,0.008955588924533023,1.0,0.027450980618596077
nafnet,ws2-A_Vacancy-Metal.png,1,0.0,534.0,boundary_edge,59,0.008955588924533023,0.19426405429840088,0.0117647061124444
nafnet,cose2_Fe_doped.png,1,8.0,7.0,boundary_edge,96,0.03038748424860778,1.0,0.019607843831181526
nafnet,vo2_Vacancy-Anion-03.png,2,0.0,353.0,boundary_edge,100,0.8481016042780749,0.6991057395935059,0.10588235408067703
nafnet,vo2_Vacancy-Anion-03.png,2,137.0,0.0,boundary_edge,100,0.8481016042780749,0.6420586109161377,0.10196078568696976
nafnet,vo2_Vacancy-Anion-03.png,2,414.0,475.0,boundary_edge,100,0.8481016042780749,0.6263723373413086,0.11764705926179886
nafnet,vo2_Vacancy-Anion-03.png,2,412.0,0.0,boundary_edge,100,0.8481016042780749,0.5013793110847473,0.09019608050584793
nafnet,vo2_Vacancy-Anion-03.png,2,549.0,439.0,boundary_edge,100,0.8481016042780749,0.3996601700782776,0.23137255012989044
nafnet,vo2_Vacancy-Anion-03.png,2,146.0,475.0,boundary_edge,100,0.8481016042780749,0.3216027021408081,0.1411764770746231
nafnet,vo2_Vacancy-Anion-03.png,2,172.0,257.0,boundary_edge,100,0.8481016042780749,0.4854436218738556,0.4745098054409027
nafnet,mno2_Defect-Free.png,2,249.0,0.0,boundary_edge,74,0.5092214532871973,0.6378932595252991,0.0784313753247261
nafnet,mos2-A_Adatom-Li.png,2,390.0,552.0,boundary_edge,84,0.20018564268876268,0.6544138193130493,0.054901961237192154
nafnet,mos2-A_Adatom-Li.png,2,114.0,552.0,boundary_edge,84,0.20018564268876268,0.5665605068206787,0.0470588244497776
nafnet,mos2-A_Adatom-Li.png,2,8.0,7.0,boundary_edge,84,0.20018564268876268,1.0,0.0235294122248888
nafnet,mose2-A_Doped-Na.png,2,8.0,7.0,boundary_edge,105,0.014921424829753798,1.0,0.003921568859368563
nafnet,mose2-A_Doped-Na.png,2,0.0,302.0,boundary_edge,105,0.014921424829753798,0.2605651021003723,0.03921568766236305
nafnet,mose2-A_Doped-Na.png,2,35.0,0.0,boundary_edge,105,0.014921424829753798,0.1673698127269745,0.0117647061124444
nafnet,mose2-A_Doped-Na.png,2,0.0,50.0,boundary_edge,105,0.014921424829753798,0.1683366298675537,0.007843137718737125
nafnet,mote2-A_Anti-2M.png,2,103.0,0.0,boundary_edge,189,0.22246323616472094,0.622704029083252,0.12156862765550613
nafnet,mote2-A_Anti-2M.png,2,0.0,83.0,boundary_edge,189,0.22246323616472094,0.460631787776947,0.0784313753247261
nafnet,mote2-A_Anti-2M.png,2,0.0,562.0,boundary_edge,189,0.22246323616472094,0.3840901255607605,0.0941176488995552
nafnet,mote2-A_Anti-2M.png,2,0.0,388.0,boundary_edge,189,0.22246323616472094,0.3614938259124756,0.07058823853731155
nafnet,mote2-A_Anti-2M.png,2,413.0,0.0,boundary_edge,189,0.22246323616472094,0.25034889578819275,0.11764705926179886
nafnet,tate2-A_Fe_doped.png,2,0.0,186.0,boundary_edge,122,0.0025886824324324324,0.41617274284362793,0.062745101749897
nafnet,tate2-A_Fe_doped.png,2,0.0,506.0,boundary_edge,122,0.0025886824324324324,0.41324496269226074,0.05882352963089943
nafnet,tate2-A_Fe_doped.png,2,0.0,596.0,boundary_edge,122,0.0025886824324324324,0.3054009675979614,0.062745101749897
nafnet,tate2-A_Fe_doped.png,2,0.0,275.0,boundary_edge,122,0.0025886824324324324,0.3026612102985382,0.05882352963089943
nafnet,tate2-A_Fe_doped.png,2,8.0,7.0,boundary_edge,122,0.0025886824324324324,1.0,0.0470588244497776
nafnet,vse2-A_Vacancy-Anion-06A.png,2,8.0,7.0,boundary_edge,84,0.06335339265937096,1.0,0.1411764770746231
nafnet,vse2-A_Vacancy-Anion-06A.png,2,0.0,435.0,boundary_edge,84,0.06335339265937096,0.22413529455661774,0.20392157137393951
nafnet,tas2-A_Doped-Li.png,2,510.0,43.0,invented_undamaged,68,0.050531027158246096,0.7947632074356079,0.03921568766236305
nafnet,tas2-A_Doped-Li.png,2,510.0,336.0,borderline_shifted,68,0.050531027158246096,0.7082515954971313,0.027450980618596077
nafnet,tas2-A_Doped-Li.png,2,8.0,7.0,boundary_edge,68,0.050531027158246096,1.0,0.0313725508749485
nafnet,tase2-A_Vacancy-Anion-12B.png,2,300.0,0.0,boundary_edge,121,0.0007248764415156507,0.3647170066833496,0.054901961237192154
nafnet,tase2-A_Vacancy-Anion-12B.png,2,8.0,7.0,boundary_edge,121,0.0007248764415156507,1.0,0.027450980618596077
nafnet,nbs2_Anti-Metal.png,2,50.0,242.0,invented_undamaged,106,0.05819269861185333,0.23004738986492157,0.12941177189350128
nafnet,nbs2_Anti-Metal.png,2,51.0,533.0,invented_undamaged,106,0.05819269861185333,0.23913255333900452,0.1411764770746231
nafnet,nbs2_Anti-Metal.png,2,668.0,52.0,boundary_edge,106,0.05819269861185333,0.17600730061531067,0.0117647061124444
nafnet,nbs2_Anti-Metal.png,2,8.0,7.0,boundary_edge,106,0.05819269861185333,1.0,0.062745101749897
nafnet,nbs2_Anti-Metal.png,2,656.0,435.0,boundary_edge,106,0.05819269861185333,0.24286943674087524,0.15294118225574493
nafnet,nbs2_Anti-Metal.png,2,668.0,291.0,boundary_edge,106,0.05819269861185333,0.18485701084136963,0.09019608050584793
nafnet,nbs2_Anti-Metal.png,2,579.0,0.0,boundary_edge,106,0.05819269861185333,0.18254683911800385,0.054901961237192154
nafnet,nbs2_Anti-Metal.png,2,668.0,0.0,boundary_edge,106,0.05819269861185333,0.16033720970153809,0.08627451211214066
nafnet,nbse2_Cu_doped.png,2,133.0,600.0,boundary_edge,145,0.09124082341150916,0.20180116593837738,0.12156862765550613
nafnet,nbte2_Vacancy-Anion-12A.png,2,188.0,602.0,invented_undamaged,170,0.05821123321123321,0.5960176587104797,0.07058823853731155
nafnet,nbte2_Vacancy-Anion-12A.png,2,489.0,0.0,boundary_edge,170,0.05821123321123321,0.53729248046875,0.054901961237192154
nafnet,nbte2_Vacancy-Anion-12A.png,2,188.0,287.0,invented_undamaged,170,0.05821123321123321,0.5010751485824585,0.06666667014360428
nafnet,nbte2_Vacancy-Anion-12A.png,2,719.0,443.0,boundary_edge,170,0.05821123321123321,0.5075348615646362,0.01568627543747425
nafnet,nbte2_Vacancy-Anion-12A.png,2,533.0,25.0,invented_undamaged,170,0.05821123321123321,0.4586296081542969,0.0784313753247261
nafnet,nbte2_Vacancy-Anion-12A.png,2,96.0,442.0,invented_undamaged,170,0.05821123321123321,0.4285420775413513,0.05882352963089943
nafnet,nbte2_Vacancy-Anion-12A.png,2,715.0,391.0,boundary_edge,170,0.05821123321123321,0.4447232484817505,0.0313725508749485
nafnet,nbte2_Vacancy-Anion-12A.png,2,95.0,128.0,invented_undamaged,170,0.05821123321123321,0.4017827808856964,0.07450980693101883
nafnet,nbte2_Vacancy-Anion-12A.png,2,713.0,496.0,boundary_edge,170,0.05821123321123321,0.437143474817276,0.0313725508749485
nafnet,nbte2_Vacancy-Anion-12A.png,2,403.0,470.0,boundary_edge,170,0.05821123321123321,0.47925907373428345,0.125490203499794
nafnet,nbte2_Vacancy-Anion-12A.png,2,8.0,7.0,boundary_edge,170,0.05821123321123321,1.0,0.01568627543747425
nafnet,nbte2_Vacancy-Anion-12A.png,2,579.0,151.0,invented_undamaged,170,0.05821123321123321,0.27739524841308594,0.06666667014360428
nafnet,tis2_Vacancy-Anion-12A.png,2,0.0,543.0,boundary_edge,118,0.3364571151229763,0.3006174564361572,0.0470588244497776
nafnet,tis2_Vacancy-Anion-12A.png,2,8.0,7.0,boundary_edge,118,0.3364571151229763,1.0,0.06666667014360428
nafnet,tise2_Adatom-Li.png,2,8.0,7.0,boundary_edge,157,0.2022861950060552,1.0,0.027450980618596077
nafnet,tite2-B_Cu_doped.png,2,8.0,7.0,boundary_edge,72,0.028741446983192948,1.0,0.08627451211214066
nafnet,vs2_Vacancy-Anion-06A.png,2,91.0,20.0,invented_damaged,158,0.6361799488916622,0.3805217742919922,0.35686275362968445
nafnet,vs2_Vacancy-Anion-06A.png,2,8.0,7.0,boundary_edge,158,0.6361799488916622,1.0,0.04313725605607033
nafnet,vs2_Vacancy-Anion-06A.png,2,366.0,446.0,boundary_edge,158,0.6361799488916622,0.5361848473548889,0.48235294222831726
nafnet,vte2_Defect-Free.png,2,8.0,7.0,boundary_edge,119,0.020497272702845525,1.0,0.0313725508749485
nafnet,ws2-A_Vacancy-Metal.png,2,345.0,498.0,invented_undamaged,59,0.01815006939230542,0.6577568054199219,0.03529411926865578
nafnet,ws2-A_Vacancy-Metal.png,2,0.0,289.0,boundary_edge,59,0.01815006939230542,0.6378031373023987,0.027450980618596077
nafnet,ws2-A_Vacancy-Metal.png,2,0.0,458.0,boundary_edge,59,0.01815006939230542,0.46044594049453735,0.019607843831181526
nafnet,ws2-A_Vacancy-Metal.png,2,0.0,129.0,boundary_edge,59,0.01815006939230542,0.4022919535636902,0.019607843831181526
nafnet,ws2-A_Vacancy-Metal.png,2,8.0,7.0,boundary_edge,59,0.01815006939230542,1.0,0.027450980618596077
nafnet,cose2_Fe_doped.png,2,532.0,50.0,invented_undamaged,96,0.060856266005446934,0.7397419214248657,0.0313725508749485
nafnet,cose2_Fe_doped.png,2,8.0,7.0,boundary_edge,96,0.060856266005446934,1.0,0.019607843831181526
nafnet,cro2_Vacancy-Anion-03.png,2,0.0,0.0,boundary_edge,80,0.6971978095142981,0.2896179258823395,0.07450980693101883
nafnet,vo2_Vacancy-Anion-03.png,4,137.0,0.0,boundary_edge,100,0.8810847975553858,0.7697746753692627,0.10196078568696976
nafnet,vo2_Vacancy-Anion-03.png,4,412.0,0.0,boundary_edge,100,0.8810847975553858,0.7339431047439575,0.09019608050584793
nafnet,vo2_Vacancy-Anion-03.png,4,412.0,475.0,boundary_edge,100,0.8810847975553858,0.6704747676849365,0.10588235408067703
nafnet,vo2_Vacancy-Anion-03.png,4,138.0,475.0,boundary_edge,100,0.8810847975553858,0.5895419120788574,0.0941176488995552
nafnet,vo2_Vacancy-Anion-03.png,4,344.0,79.0,invented_damaged,100,0.8810847975553858,0.5119056701660156,0.48627451062202454
nafnet,vo2_Vacancy-Anion-03.png,4,69.0,79.0,boundary_edge,100,0.8810847975553858,0.4956163763999939,0.4274509847164154
nafnet,vo2_Vacancy-Anion-03.png,4,413.0,79.0,invented_damaged,100,0.8810847975553858,0.4916052222251892,0.4588235318660736
nafnet,vo2_Vacancy-Anion-03.png,4,137.0,80.0,boundary_edge,100,0.8810847975553858,0.48601236939430237,0.47843137383461
nafnet,vo2_Vacancy-Anion-03.png,4,34.0,20.0,boundary_edge,100,0.8810847975553858,0.487480491399765,0.46666666865348816
nafnet,vo2_Vacancy-Anion-03.png,4,309.0,20.0,boundary_edge,100,0.8810847975553858,0.4877317547798157,0.45098039507865906
nafnet,vo2_Vacancy-Anion-03.png,4,120.0,183.0,borderline_shifted,100,0.8810847975553858,1.0,0.2980392277240753
nafnet,vo2_Vacancy-Anion-03.png,4,34.0,138.0,boundary_edge,100,0.8810847975553858,0.4801092743873596,0.45098039507865906
nafnet,vo2_Vacancy-Anion-03.png,4,310.0,138.0,boundary_edge,100,0.8810847975553858,0.48470479249954224,0.47843137383461
nafnet,mno2_Defect-Free.png,4,250.0,0.0,boundary_edge,74,0.5623425605536332,0.6528986096382141,0.07450980693101883
nafnet,mos2-A_Adatom-Li.png,4,390.0,552.0,boundary_edge,84,0.19147515189590425,0.5579044222831726,0.054901961237192154
nafnet,mos2-A_Adatom-Li.png,4,115.0,552.0,boundary_edge,84,0.19147515189590425,0.5156866312026978,0.07058823853731155
nafnet,mos2-A_Adatom-Li.png,4,8.0,7.0,boundary_edge,84,0.19147515189590425,1.0,0.0235294122248888
nafnet,mos2-A_Adatom-Li.png,4,90.0,289.0,boundary_edge,84,0.19147515189590425,0.27478131651878357,0.26274511218070984
nafnet,mose2-A_Doped-Na.png,4,8.0,7.0,boundary_edge,105,0.020908852802514404,1.0,0.003921568859368563
nafnet,mose2-A_Doped-Na.png,4,0.0,301.0,boundary_edge,105,0.020908852802514404,0.25275078415870667,0.03529411926865578
nafnet,mote2-A_Anti-2M.png,4,105.0,0.0,boundary_edge,189,0.2722986573207985,0.3302489221096039,0.125490203499794
nafnet,mote2-A_Anti-2M.png,4,0.0,84.0,boundary_edge,189,0.2722986573207985,0.39128053188323975,0.07450980693101883
nafnet,tate2-A_Fe_doped.png,4,591.0,0.0,boundary_edge,122,0.0488133445945946,0.49411773681640625,0.05098039284348488
nafnet,tate2-A_Fe_doped.png,4,640.0,94.0,invented_undamaged,122,0.0488133445945946,0.47843146324157715,0.03529411926865578
nafnet,tate2-A_Fe_doped.png,4,640.0,415.0,invented_undamaged,122,0.0488133445945946,0.47290873527526855,0.03529411926865578
nafnet,tate2-A_Fe_doped.png,4,636.0,0.0,boundary_edge,122,0.0488133445945946,0.3208145201206207,0.01568627543747425
nafnet,tate2-A_Fe_doped.png,4,8.0,7.0,boundary_edge,122,0.0488133445945946,1.0,0.0470588244497776
nafnet,tate2-A_Fe_doped.png,4,0.0,509.0,boundary_edge,122,0.0488133445945946,0.2000928372144699,0.062745101749897
nafnet,tate2-A_Fe_doped.png,4,635.0,328.0,invented_undamaged,122,0.0488133445945946,0.17352363467216492,0.01568627543747425
nafnet,vse2-A_Vacancy-Anion-06A.png,4,8.0,7.0,boundary_edge,84,0.05164308340497378,1.0,0.1411764770746231
nafnet,vse2-A_Vacancy-Anion-06A.png,4,628.0,217.0,borderline_shifted,84,0.05164308340497378,0.22837314009666443,0.21176470816135406
nafnet,vse2-A_Vacancy-Anion-06A.png,4,293.0,217.0,borderline_shifted,84,0.05164308340497378,0.2254323661327362,0.21176470816135406
nafnet,vse2-A_Vacancy-Anion-06A.png,4,0.0,435.0,boundary_edge,84,0.05164308340497378,0.21050530672073364,0.20392157137393951
nafnet,vse2-A_Vacancy-Anion-06A.png,4,210.0,72.0,borderline_shifted,84,0.05164308340497378,0.22382430732250214,0.21960784494876862
nafnet,vse2-A_Vacancy-Anion-06A.png,4,377.0,362.0,borderline_shifted,84,0.05164308340497378,0.2228076457977295,0.22745098173618317
nafnet,vse2-A_Vacancy-Anion-06A.png,4,668.0,289.0,boundary_edge,84,0.05164308340497378,0.22348704934120178,0.2078431397676468
nafnet,tas2-A_Doped-Li.png,4,8.0,7.0,boundary_edge,68,0.07274566327820765,1.0,0.0313725508749485
nafnet,tase2-A_Vacancy-Anion-12B.png,4,300.0,0.0,boundary_edge,121,0.041567427630030594,0.2644042670726776,0.054901961237192154
nafnet,tase2-A_Vacancy-Anion-12B.png,4,8.0,7.0,boundary_edge,121,0.041567427630030594,1.0,0.027450980618596077
nafnet,tase2-A_Vacancy-Anion-12B.png,4,484.0,47.0,invented_damaged,121,0.041567427630030594,0.24724675714969635,0.24313725531101227
nafnet,tase2-A_Vacancy-Anion-12B.png,4,483.0,351.0,invented_damaged,121,0.041567427630030594,0.24453768134117126,0.2549019753932953
nafnet,nbs2_Anti-Metal.png,4,367.0,412.0,borderline_shifted,106,0.06295582043159821,0.5113764405250549,0.5882353186607361
nafnet,nbs2_Anti-Metal.png,4,52.0,534.0,invented_undamaged,106,0.06295582043159821,0.2502739727497101,0.12941177189350128
nafnet,nbs2_Anti-Metal.png,4,49.0,242.0,invented_undamaged,106,0.06295582043159821,0.19072864949703217,0.11764705926179886
nafnet,nbs2_Anti-Metal.png,4,8.0,7.0,boundary_edge,106,0.06295582043159821,1.0,0.062745101749897
nafnet,nbs2_Anti-Metal.png,4,656.0,436.0,boundary_edge,106,0.06295582043159821,0.258142352104187,0.125490203499794
nafnet,nbs2_Anti-Metal.png,4,656.0,293.0,boundary_edge,106,0.06295582043159821,0.2492494285106659,0.12941177189350128
nafnet,nbs2_Anti-Metal.png,4,579.0,0.0,boundary_edge,106,0.06295582043159821,0.20688441395759583,0.054901961237192154
nafnet,nbs2_Anti-Metal.png,4,668.0,53.0,boundary_edge,106,0.06295582043159821,0.15695379674434662,0.01568627543747425
nafnet,nbte2_Vacancy-Anion-12A.png,4,188.0,602.0,invented_undamaged,170,0.08330716902145474,0.5979194641113281,0.07058823853731155
nafnet,nbte2_Vacancy-Anion-12A.png,4,580.0,470.0,invented_undamaged,170,0.08330716902145474,0.5740237236022949,0.0784313753247261
nafnet,nbte2_Vacancy-Anion-12A.png,4,714.0,442.0,boundary_edge,170,0.08330716902145474,0.592460036277771,0.019607843831181526
nafnet,nbte2_Vacancy-Anion-12A.png,4,714.0,390.0,boundary_edge,170,0.08330716902145474,0.5846531391143799,0.04313725605607033
nafnet,nbte2_Vacancy-Anion-12A.png,4,490.0,0.0,boundary_edge,170,0.08330716902145474,0.4419342279434204,0.0470588244497776
nafnet,nbte2_Vacancy-Anion-12A.png,4,96.0,442.0,invented_undamaged,170,0.08330716902145474,0.4337608814239502,0.05882352963089943
nafnet,nbte2_Vacancy-Anion-12A.png,4,722.0,495.0,boundary_edge,170,0.08330716902145474,0.38915812969207764,0.03529411926865578
nafnet,nbte2_Vacancy-Anion-12A.png,4,533.0,24.0,invented_undamaged,170,0.08330716902145474,0.3673497438430786,0.07450980693101883
nafnet,nbte2_Vacancy-Anion-12A.png,4,8.0,7.0,boundary_edge,170,0.08330716902145474,1.0,0.01568627543747425
nafnet,tis2_Vacancy-Anion-12A.png,4,239.0,0.0,boundary_edge,118,0.32701348389445234,0.446675568819046,0.10196078568696976
nafnet,tis2_Vacancy-Anion-12A.png,4,0.0,542.0,boundary_edge,118,0.32701348389445234,0.39594095945358276,0.062745101749897
nafnet,tis2_Vacancy-Anion-12A.png,4,142.0,0.0,boundary_edge,118,0.32701348389445234,0.3793366253376007,0.07450980693101883
nafnet,tis2_Vacancy-Anion-12A.png,4,8.0,7.0,boundary_edge,118,0.32701348389445234,1.0,0.06666667014360428
nafnet,tise2_Adatom-Li.png,4,8.0,7.0,boundary_edge,157,0.24425908977452368,1.0,0.027450980618596077
nafnet,tite2-B_Cu_doped.png,4,8.0,7.0,boundary_edge,72,0.046032662334034746,1.0,0.08627451211214066
nafnet,vs2_Vacancy-Anion-06A.png,4,8.0,7.0,boundary_edge,158,0.5639575851734882,1.0,0.04313725605607033
nafnet,vte2_Defect-Free.png,4,8.0,7.0,boundary_edge,119,0.018739531925946493,1.0,0.0313725508749485
nafnet,vte2_Defect-Free.png,4,138.0,621.0,boundary_edge,119,0.018739531925946493,0.24505527317523956,0.04313725605607033
nafnet,ws2-A_Vacancy-Metal.png,4,0.0,289.0,boundary_edge,59,0.04382806634359429,0.6209948658943176,0.027450980618596077
nafnet,ws2-A_Vacancy-Metal.png,4,0.0,459.0,boundary_edge,59,0.04382806634359429,0.47774338722229004,0.0235294122248888
nafnet,ws2-A_Vacancy-Metal.png,4,345.0,498.0,invented_undamaged,59,0.04382806634359429,0.4596098065376282,0.03529411926865578
nafnet,ws2-A_Vacancy-Metal.png,4,281.0,50.0,borderline_shifted,59,0.04382806634359429,0.2522179186344147,0.0313725508749485
nafnet,ws2-A_Vacancy-Metal.png,4,8.0,7.0,boundary_edge,59,0.04382806634359429,1.0,0.027450980618596077
nafnet,cose2_Fe_doped.png,4,8.0,7.0,boundary_edge,96,0.04902493801064997,1.0,0.019607843831181526
nafnet,cro2_Vacancy-Anion-03.png,4,0.0,0.0,boundary_edge,80,0.678255767502247,0.32885390520095825,0.07450980693101883
nafnet,vo2_Vacancy-Anion-03.png,8,278.0,437.0,boundary_edge,100,0.8846180290297937,0.452889621257782,0.2823529541492462
nafnet,vo2_Vacancy-Anion-03.png,8,207.0,318.0,invented_damaged,100,0.8846180290297937,0.495313823223114,0.45490196347236633
nafnet,vo2_Vacancy-Anion-03.png,8,482.0,318.0,invented_damaged,100,0.8846180290297937,0.4929642081260681,0.49803921580314636
nafnet,vo2_Vacancy-Anion-03.png,8,447.0,375.0,invented_damaged,100,0.8846180290297937,0.4941577911376953,0.5215686559677124
nafnet,vo2_Vacancy-Anion-03.png,8,172.0,375.0,invented_damaged,100,0.8846180290297937,0.48290950059890747,0.4745098054409027
nafnet,vo2_Vacancy-Anion-03.png,8,549.0,319.0,boundary_edge,100,0.8846180290297937,0.40020906925201416,0.4156862795352936
nafnet,vo2_Vacancy-Anion-03.png,8,481.0,79.0,boundary_edge,100,0.8846180290297937,0.4901190400123596,0.5215686559677124
nafnet,vo2_Vacancy-Anion-03.png,8,68.0,318.0,boundary_edge,100,0.8846180290297937,0.4789695739746094,0.4941176474094391
nafnet,vo2_Vacancy-Anion-03.png,8,171.0,257.0,boundary_edge,100,0.8846180290297937,0.47676214575767517,0.529411792755127
nafnet,vo2_Vacancy-Anion-03.png,8,120.0,183.0,borderline_shifted,100,0.8846180290297937,1.0,0.2980392277240753
nafnet,vo2_Vacancy-Anion-03.png,8,378.0,377.0,boundary_edge,100,0.8846180290297937,0.4867359399795532,0.5176470875740051
nafnet,vo2_Vacancy-Anion-03.png,8,379.0,257.0,boundary_edge,100,0.8846180290297937,0.4771794378757477,0.5137255191802979
nafnet,vo2_Vacancy-Anion-03.png,8,241.0,139.0,boundary_edge,100,0.8846180290297937,0.49373364448547363,0.5254902243614197
nafnet,vo2_Vacancy-Anion-03.png,8,309.0,21.0,boundary_edge,100,0.8846180290297937,0.48612040281295776,0.49803921580314636
nafnet,vo2_Vacancy-Anion-03.png,8,34.0,20.0,boundary_edge,100,0.8846180290297937,0.4779582917690277,0.46666666865348816
nafnet,vo2_Vacancy-Anion-03.png,8,241.0,21.0,boundary_edge,100,0.8846180290297937,0.4725877344608307,0.5098039507865906
nafnet,vo2_Vacancy-Anion-03.png,8,412.0,80.0,boundary_edge,100,0.8846180290297937,0.47237908840179443,0.5176470875740051
nafnet,mos2-A_Adatom-Li.png,8,0.0,132.0,boundary_edge,84,0.2219420602376566,0.6443222761154175,0.05098039284348488
nafnet,mos2-A_Adatom-Li.png,8,114.0,552.0,boundary_edge,84,0.2219420602376566,0.47463053464889526,0.0470588244497776
nafnet,mos2-A_Adatom-Li.png,8,392.0,552.0,boundary_edge,84,0.2219420602376566,0.37974482774734497,0.08235294371843338
nafnet,mos2-A_Adatom-Li.png,8,8.0,7.0,boundary_edge,84,0.2219420602376566,1.0,0.0235294122248888
nafnet,mose2-A_Doped-Na.png,8,0.0,301.0,boundary_edge,105,0.05399423782084861,0.27011024951934814,0.03529411926865578
nafnet,mose2-A_Doped-Na.png,8,8.0,7.0,boundary_edge,105,0.05399423782084861,1.0,0.003921568859368563
nafnet,mote2-A_Anti-2M.png,8,103.0,0.0,boundary_edge,189,0.22890430746643303,0.6098042726516724,0.12156862765550613
nafnet,mote2-A_Anti-2M.png,8,408.0,0.0,boundary_edge,189,0.22890430746643303,0.5950435996055603,0.11372549086809158
nafnet,mote2-A_Anti-2M.png,8,352.0,0.0,boundary_edge,189,0.22890430746643303,0.5627454519271851,0.1411764770746231
nafnet,mote2-A_Anti-2M.png,8,0.0,84.0,boundary_edge,189,0.22890430746643303,0.45575472712516785,0.07450980693101883
nafnet,mote2-A_Anti-2M.png,8,0.0,388.0,boundary_edge,189,0.22890430746643303,0.3675071895122528,0.07058823853731155
nafnet,mote2-A_Anti-2M.png,8,0.0,562.0,boundary_edge,189,0.22890430746643303,0.33886873722076416,0.0941176488995552
nafnet,mote2-A_Anti-2M.png,8,6.0,604.0,boundary_edge,189,0.22890430746643303,0.46191996335983276,0.5215686559677124
nafnet,tate2-A_Fe_doped.png,8,0.0,185.0,boundary_edge,122,0.13390625,0.41422608494758606,0.05882352963089943
nafnet,tate2-A_Fe_doped.png,8,0.0,506.0,boundary_edge,122,0.13390625,0.4063829481601715,0.05882352963089943
nafnet,tate2-A_Fe_doped.png,8,0.0,274.0,boundary_edge,122,0.13390625,0.373812198638916,0.054901961237192154
nafnet,tate2-A_Fe_doped.png,8,0.0,595.0,boundary_edge,122,0.13390625,0.3227410912513733,0.06666667014360428
nafnet,tate2-A_Fe_doped.png,8,8.0,7.0,boundary_edge,122,0.13390625,1.0,0.0470588244497776
nafnet,vse2-A_Vacancy-Anion-06A.png,8,8.0,7.0,boundary_edge,84,0.502884980289195,1.0,0.1411764770746231
nafnet,vse2-A_Vacancy-Anion-06A.png,8,124.0,74.0,borderline_shifted,84,0.502884980289195,0.21798911690711975,0.1568627506494522
nafnet,vse2-A_Vacancy-Anion-06A.png,8,459.0,74.0,borderline_shifted,84,0.502884980289195,0.21882715821266174,0.15294118225574493
nafnet,vse2-A_Vacancy-Anion-06A.png,8,167.0,0.0,boundary_edge,84,0.502884980289195,0.24819111824035645,0.21176470816135406
nafnet,vse2-A_Vacancy-Anion-06A.png,8,502.0,0.0,boundary_edge,84,0.502884980289195,0.2506365180015564,0.23529411852359772
nafnet,vse2-A_Vacancy-Anion-06A.png,8,628.0,217.0,borderline_shifted,84,0.502884980289195,0.24232730269432068,0.21176470816135406
nafnet,vse2-A_Vacancy-Anion-06A.png,8,294.0,217.0,borderline_shifted,84,0.502884980289195,0.2443067878484726,0.239215686917305
nafnet,vse2-A_Vacancy-Anion-06A.png,8,377.0,362.0,borderline_shifted,84,0.502884980289195,0.24341237545013428,0.22745098173618317
nafnet,tas2-A_Doped-Li.png,8,0.0,378.0,boundary_edge,68,0.13661811561219844,0.3344132602214813,0.0313725508749485
nafnet,tas2-A_Doped-Li.png,8,8.0,7.0,boundary_edge,68,0.13661811561219844,1.0,0.0313725508749485
nafnet,tase2-A_Vacancy-Anion-12B.png,8,538.0,293.0,borderline_shifted,121,0.01708637326429748,0.3269466459751129,0.16862745583057404
nafnet,tase2-A_Vacancy-Anion-12B.png,8,302.0,0.0,boundary_edge,121,0.01708637326429748,0.28237685561180115,0.054901961237192154
nafnet,tase2-A_Vacancy-Anion-12B.png,8,8.0,7.0,boundary_edge,121,0.01708637326429748,1.0,0.027450980618596077
nafnet,nbs2_Anti-Metal.png,8,409.0,292.0,borderline_shifted,106,0.08944600633533926,0.36020445823669434,0.43921568989753723
nafnet,nbs2_Anti-Metal.png,8,8.0,7.0,boundary_edge,106,0.08944600633533926,1.0,0.062745101749897
nafnet,nbs2_Anti-Metal.png,8,656.0,293.0,boundary_edge,106,0.08944600633533926,0.24040623009204865,0.12941177189350128
nafnet,nbs2_Anti-Metal.png,8,656.0,435.0,boundary_edge,106,0.08944600633533926,0.23497545719146729,0.15294118225574493
nafnet,nbs2_Anti-Metal.png,8,579.0,0.0,boundary_edge,106,0.08944600633533926,0.19929081201553345,0.054901961237192154
nafnet,nbte2_Vacancy-Anion-12A.png,8,188.0,602.0,invented_undamaged,170,0.10455913134484562,0.6044241189956665,0.07058823853731155
nafnet,nbte2_Vacancy-Anion-12A.png,8,491.0,0.0,boundary_edge,170,0.10455913134484562,0.5326405763626099,0.05098039284348488
nafnet,nbte2_Vacancy-Anion-12A.png,8,279.0,130.0,invented_undamaged,170,0.10455913134484562,0.485623836517334,0.09803921729326248
nafnet,nbte2_Vacancy-Anion-12A.png,8,717.0,443.0,boundary_edge,170,0.10455913134484562,0.5358700752258301,0.01568627543747425
nafnet,nbte2_Vacancy-Anion-12A.png,8,95.0,128.0,invented_undamaged,170,0.10455913134484562,0.4534544348716736,0.07450980693101883
nafnet,nbte2_Vacancy-Anion-12A.png,8,406.0,157.0,boundary_edge,170,0.10455913134484562,0.5848163366317749,0.125490203499794
nafnet,nbte2_Vacancy-Anion-12A.png,8,715.0,391.0,boundary_edge,170,0.10455913134484562,0.4610038995742798,0.0313725508749485
nafnet,nbte2_Vacancy-Anion-12A.png,8,448.0,26.0,invented_undamaged,170,0.10455913134484562,0.49411702156066895,0.0784313753247261
nafnet,nbte2_Vacancy-Anion-12A.png,8,96.0,442.0,invented_undamaged,170,0.10455913134484562,0.4111560583114624,0.05882352963089943
nafnet,nbte2_Vacancy-Anion-12A.png,8,533.0,26.0,invented_undamaged,170,0.10455913134484562,0.41602131724357605,0.06666667014360428
nafnet,nbte2_Vacancy-Anion-12A.png,8,713.0,496.0,boundary_edge,170,0.10455913134484562,0.4473518133163452,0.0313725508749485
nafnet,nbte2_Vacancy-Anion-12A.png,8,8.0,7.0,boundary_edge,170,0.10455913134484562,1.0,0.01568627543747425
nafnet,tis2_Vacancy-Anion-12A.png,8,8.0,7.0,boundary_edge,118,0.3999318447609532,1.0,0.06666667014360428
nafnet,tise2_Adatom-Li.png,8,8.0,7.0,boundary_edge,157,0.2508921060173244,1.0,0.027450980618596077
nafnet,tite2-B_Cu_doped.png,8,8.0,7.0,boundary_edge,72,0.6632568398271086,1.0,0.08627451211214066
nafnet,vs2_Vacancy-Anion-06A.png,8,53.0,135.0,invented_undamaged,158,0.6853469622234107,0.5190424919128418,0.0313725508749485
nafnet,vs2_Vacancy-Anion-06A.png,8,93.0,111.0,boundary_edge,158,0.6853469622234107,0.37384891510009766,0.054901961237192154
nafnet,vs2_Vacancy-Anion-06A.png,8,8.0,7.0,boundary_edge,158,0.6853469622234107,1.0,0.04313725605607033
nafnet,vs2_Vacancy-Anion-06A.png,8,173.0,158.0,boundary_edge,158,0.6853469622234107,0.38897010684013367,0.3294117748737335
nafnet,vs2_Vacancy-Anion-06A.png,8,367.0,446.0,boundary_edge,158,0.6853469622234107,0.5245019197463989,0.545098066329956
nafnet,vte2_Defect-Free.png,8,8.0,7.0,boundary_edge,119,0.05976542557479243,1.0,0.0313725508749485
nafnet,ws2-A_Vacancy-Metal.png,8,344.0,499.0,invented_undamaged,59,0.049382294723909634,0.6414331197738647,0.0470588244497776
nafnet,ws2-A_Vacancy-Metal.png,8,0.0,288.0,boundary_edge,59,0.049382294723909634,0.620795726776123,0.0235294122248888
nafnet,ws2-A_Vacancy-Metal.png,8,0.0,458.0,boundary_edge,59,0.049382294723909634,0.3771628737449646,0.019607843831181526
nafnet,ws2-A_Vacancy-Metal.png,8,8.0,7.0,boundary_edge,59,0.049382294723909634,1.0,0.027450980618596077
nafnet,cose2_Fe_doped.png,8,531.0,46.0,invented_undamaged,96,0.08137118409820739,0.6565241813659668,0.019607843831181526
nafnet,cose2_Fe_doped.png,8,26.0,0.0,boundary_edge,96,0.08137118409820739,0.4443814754486084,0.027450980618596077
nafnet,cose2_Fe_doped.png,8,464.0,24.0,invented_undamaged,96,0.08137118409820739,0.1986367106437683,0.0235294122248888
nafnet,cose2_Fe_doped.png,8,146.0,50.0,boundary_edge,96,0.08137118409820739,0.2224210798740387,0.062745101749897
nafnet,cro2_Vacancy-Anion-03.png,8,8.0,7.0,boundary_edge,80,0.7192441492726123,1.0,0.07450980693101883
nafnet,vo2_Vacancy-Anion-03.png,12,413.0,475.0,boundary_edge,100,0.8351451489686784,0.662917971611023,0.11372549086809158
nafnet,vo2_Vacancy-Anion-03.png,12,0.0,353.0,boundary_edge,100,0.8351451489686784,0.6654459834098816,0.10588235408067703
nafnet,vo2_Vacancy-Anion-03.png,12,0.0,236.0,boundary_edge,100,0.8351451489686784,0.688359260559082,0.08627451211214066
nafnet,vo2_Vacancy-Anion-03.png,12,140.0,475.0,boundary_edge,100,0.8351451489686784,0.6631771326065063,0.11764705926179886
nafnet,vo2_Vacancy-Anion-03.png,12,137.0,0.0,boundary_edge,100,0.8351451489686784,0.6323228478431702,0.10196078568696976
nafnet,vo2_Vacancy-Anion-03.png,12,411.0,0.0,boundary_edge,100,0.8351451489686784,0.6305721998214722,0.1411764770746231
nafnet,vo2_Vacancy-Anion-03.png,12,549.0,439.0,boundary_edge,100,0.8351451489686784,0.4082189202308655,0.23137255012989044
nafnet,vo2_Vacancy-Anion-03.png,12,309.0,138.0,boundary_edge,100,0.8351451489686784,0.49178236722946167,0.5254902243614197
nafnet,vo2_Vacancy-Anion-03.png,12,240.0,139.0,boundary_edge,100,0.8351451489686784,0.4879741966724396,0.5529412031173706
nafnet,mos2-A_Adatom-Li.png,12,8.0,7.0,boundary_edge,84,0.2720627562845427,1.0,0.0235294122248888
nafnet,mos2-A_Adatom-Li.png,12,114.0,552.0,boundary_edge,84,0.2720627562845427,0.26969054341316223,0.0470588244497776
nafnet,mose2-A_Doped-Na.png,12,8.0,7.0,boundary_edge,105,0.06890518596123625,1.0,0.003921568859368563
nafnet,mose2-A_Doped-Na.png,12,0.0,301.0,boundary_edge,105,0.06890518596123625,0.25606411695480347,0.03529411926865578
nafnet,mose2-A_Doped-Na.png,12,29.0,0.0,boundary_edge,105,0.06890518596123625,0.14751535654067993,0.007843137718737125
nafnet,mote2-A_Anti-2M.png,12,377.0,291.0,invented_damaged,189,0.33133865353193304,0.49390995502471924,0.27450981736183167
nafnet,mote2-A_Anti-2M.png,12,379.0,604.0,boundary_edge,189,0.33133865353193304,0.4271048307418823,0.12156862765550613
nafnet,mote2-A_Anti-2M.png,12,0.0,84.0,boundary_edge,189,0.33133865353193304,0.3834582269191742,0.07450980693101883
nafnet,mote2-A_Anti-2M.png,12,281.0,531.0,borderline_shifted,189,0.33133865353193304,0.5157926082611084,0.250980406999588
nafnet,mote2-A_Anti-2M.png,12,280.0,228.0,borderline_shifted,189,0.33133865353193304,0.5101006627082825,0.2705882489681244
nafnet,tate2-A_Fe_doped.png,12,430.0,0.0,boundary_edge,122,0.044780405405405406,0.5482136607170105,0.054901961237192154
nafnet,tate2-A_Fe_doped.png,12,0.0,506.0,boundary_edge,122,0.044780405405405406,0.4247858226299286,0.05882352963089943
nafnet,tate2-A_Fe_doped.png,12,0.0,186.0,boundary_edge,122,0.044780405405405406,0.4151571989059448,0.062745101749897
nafnet,tate2-A_Fe_doped.png,12,0.0,276.0,boundary_edge,122,0.044780405405405406,0.26677316427230835,0.054901961237192154
nafnet,tate2-A_Fe_doped.png,12,481.0,0.0,boundary_edge,122,0.044780405405405406,0.2535693943500519,0.07450980693101883
nafnet,tate2-A_Fe_doped.png,12,8.0,7.0,boundary_edge,122,0.044780405405405406,1.0,0.0470588244497776
nafnet,vse2-A_Vacancy-Anion-06A.png,12,8.0,7.0,boundary_edge,84,0.06952867037906188,1.0,0.1411764770746231
nafnet,vse2-A_Vacancy-Anion-06A.png,12,668.0,288.0,boundary_edge,84,0.06952867037906188,0.20735134184360504,0.24705882370471954
nafnet,vse2-A_Vacancy-Anion-06A.png,12,293.0,217.0,borderline_shifted,84,0.06952867037906188,0.21369248628616333,0.21176470816135406
nafnet,tas2-A_Doped-Li.png,12,8.0,7.0,boundary_edge,68,0.15909826531128307,1.0,0.0313725508749485
nafnet,tase2-A_Vacancy-Anion-12B.png,12,301.0,0.0,boundary_edge,121,0.14422923040715463,0.4065358638763428,0.05098039284348488
nafnet,tase2-A_Vacancy-Anion-12B.png,12,8.0,7.0,boundary_edge,121,0.14422923040715463,1.0,0.027450980618596077
nafnet,tase2-A_Vacancy-Anion-12B.png,12,0.0,94.0,boundary_edge,121,0.14422923040715463,0.21927045285701752,0.0313725508749485
nafnet,tase2-A_Vacancy-Anion-12B.png,12,179.0,523.0,invented_undamaged,121,0.14422923040715463,0.2548123598098755,0.2549019753932953
nafnet,tase2-A_Vacancy-Anion-12B.png,12,179.0,220.0,boundary_edge,121,0.14422923040715463,0.2528410255908966,0.250980406999588
nafnet,nbs2_Anti-Metal.png,12,666.0,195.0,boundary_edge,106,0.10422071970899778,0.38623589277267456,0.019607843831181526
nafnet,nbs2_Anti-Metal.png,12,668.0,51.0,boundary_edge,106,0.10422071970899778,0.34080013632774353,0.019607843831181526
nafnet,nbs2_Anti-Metal.png,12,494.0,293.0,boundary_edge,106,0.10422071970899778,0.428801953792572,0.22745098173618317
nafnet,nbs2_Anti-Metal.png,12,577.0,293.0,invented_damaged,106,0.10422071970899778,0.3659208416938782,0.2235294133424759
nafnet,nbs2_Anti-Metal.png,12,618.0,364.0,invented_damaged,106,0.10422071970899778,0.3217182159423828,0.19607843458652496
nafnet,nbs2_Anti-Metal.png,12,49.0,240.0,invented_undamaged,106,0.10422071970899778,0.21309304237365723,0.11764705926179886
nafnet,nbs2_Anti-Metal.png,12,668.0,146.0,boundary_edge,106,0.10422071970899778,0.25222256779670715,0.09019608050584793
nafnet,nbs2_Anti-Metal.png,12,668.0,291.0,boundary_edge,106,0.10422071970899778,0.22318482398986816,0.09019608050584793
nafnet,nbs2_Anti-Metal.png,12,8.0,7.0,boundary_edge,106,0.10422071970899778,1.0,0.062745101749897
nafnet,nbs2_Anti-Metal.png,12,662.0,434.0,boundary_edge,106,0.10422071970899778,0.26004758477211,0.11764705926179886
nafnet,nbs2_Anti-Metal.png,12,49.0,388.0,invented_undamaged,106,0.10422071970899778,0.15650232136249542,0.11764705926179886
nafnet,nbs2_Anti-Metal.png,12,668.0,0.0,boundary_edge,106,0.10422071970899778,0.19364386796951294,0.08627451211214066
nafnet,nbte2_Vacancy-Anion-12A.png,12,278.0,445.0,invented_undamaged,170,0.18202729809872667,0.6213876605033875,0.08235294371843338
nafnet,nbte2_Vacancy-Anion-12A.png,12,188.0,600.0,invented_undamaged,170,0.18202729809872667,0.6052723526954651,0.0784313753247261
nafnet,nbte2_Vacancy-Anion-12A.png,12,362.0,601.0,boundary_edge,170,0.18202729809872667,0.5914462804794312,0.10588235408067703
nafnet,nbte2_Vacancy-Anion-12A.png,12,727.0,440.0,boundary_edge,170,0.18202729809872667,0.29715436697006226,0.027450980618596077
nafnet,nbte2_Vacancy-Anion-12A.png,12,97.0,440.0,invented_undamaged,170,0.18202729809872667,0.3041813373565674,0.06666667014360428
nafnet,nbte2_Vacancy-Anion-12A.png,12,8.0,7.0,boundary_edge,170,0.18202729809872667,1.0,0.01568627543747425
nafnet,nbte2_Vacancy-Anion-12A.png,12,494.0,0.0,boundary_edge,170,0.18202729809872667,0.23905983567237854,0.06666667014360428
nafnet,tis2_Vacancy-Anion-12A.png,12,0.0,541.0,boundary_edge,118,0.3368495240750637,0.3816721439361572,0.054901961237192154
nafnet,tis2_Vacancy-Anion-12A.png,12,142.0,0.0,boundary_edge,118,0.3368495240750637,0.37229254841804504,0.07450980693101883
nafnet,tis2_Vacancy-Anion-12A.png,12,431.0,0.0,boundary_edge,118,0.3368495240750637,0.30440080165863037,0.07450980693101883
nafnet,tis2_Vacancy-Anion-12A.png,12,8.0,7.0,boundary_edge,118,0.3368495240750637,1.0,0.06666667014360428
nafnet,tise2_Adatom-Li.png,12,0.0,226.0,boundary_edge,157,0.28078459106414844,0.3293687403202057,0.07058823853731155
nafnet,tise2_Adatom-Li.png,12,8.0,7.0,boundary_edge,157,0.28078459106414844,1.0,0.027450980618596077
nafnet,tise2_Adatom-Li.png,12,0.0,395.0,boundary_edge,157,0.28078459106414844,0.2707218527793884,0.05882352963089943
nafnet,tite2-B_Cu_doped.png,12,8.0,7.0,boundary_edge,72,0.6634285726108969,1.0,0.08627451211214066
nafnet,vs2_Vacancy-Anion-06A.png,12,254.0,391.0,boundary_edge,158,0.7171099734836587,0.4027326703071594,0.08627451211214066
nafnet,vs2_Vacancy-Anion-06A.png,12,8.0,7.0,boundary_edge,158,0.7171099734836587,1.0,0.04313725605607033
nafnet,vs2_Vacancy-Anion-06A.png,12,254.0,301.0,invented_damaged,158,0.7171099734836587,0.37550196051597595,0.3764705955982208
nafnet,vs2_Vacancy-Anion-06A.png,12,367.0,447.0,boundary_edge,158,0.7171099734836587,0.5302461981773376,0.5098039507865906
nafnet,vte2_Defect-Free.png,12,8.0,7.0,boundary_edge,119,0.09101514567976426,1.0,0.0313725508749485
nafnet,vte2_Defect-Free.png,12,444.0,621.0,boundary_edge,119,0.09101514567976426,0.2551305890083313,0.0470588244497776
nafnet,ws2-A_Vacancy-Metal.png,12,0.0,287.0,boundary_edge,59,0.08480934179691944,0.5725743770599365,0.03529411926865578
nafnet,ws2-A_Vacancy-Metal.png,12,8.0,7.0,boundary_edge,59,0.08480934179691944,1.0,0.027450980618596077
nafnet,cose2_Fe_doped.png,12,8.0,7.0,boundary_edge,96,0.09612414129506931,1.0,0.019607843831181526
nafnet,cose2_Fe_doped.png,12,8.0,391.0,boundary_edge,96,0.09612414129506931,1.0,0.13333334028720856
nafnet,cro2_Vacancy-Anion-03.png,12,340.0,0.0,boundary_edge,80,0.7821207430340558,0.7715076208114624,0.0941176488995552
nafnet,cro2_Vacancy-Anion-03.png,12,336.0,234.0,borderline_shifted,80,0.7821207430340558,0.5388299226760864,0.09803921729326248
nafnet,vo2_Vacancy-Anion-03.png,16,549.0,80.0,boundary_edge,100,0.8327616501145912,0.4882701635360718,0.4745098054409027
nafnet,vo2_Vacancy-Anion-03.png,16,275.0,79.0,boundary_edge,100,0.8327616501145912,0.5002868175506592,0.4745098054409027
nafnet,vo2_Vacancy-Anion-03.png,16,206.0,79.0,boundary_edge,100,0.8327616501145912,0.4953714609146118,0.5411764979362488
nafnet,vo2_Vacancy-Anion-03.png,16,549.0,318.0,boundary_edge,100,0.8327616501145912,0.4794291853904724,0.45098039507865906
nafnet,vo2_Vacancy-Anion-03.png,16,243.0,138.0,invented_damaged,100,0.8327616501145912,0.47547486424446106,0.43921568989753723
nafnet,vo2_Vacancy-Anion-03.png,16,172.0,139.0,boundary_edge,100,0.8327616501145912,0.49620577692985535,0.5137255191802979
nafnet,vo2_Vacancy-Anion-03.png,16,447.0,139.0,boundary_edge,100,0.8327616501145912,0.49186068773269653,0.48235294222831726
nafnet,vo2_Vacancy-Anion-03.png,16,172.0,257.0,boundary_edge,100,0.8327616501145912,0.4818536937236786,0.4745098054409027
nafnet,vo2_Vacancy-Anion-03.png,16,481.0,79.0,boundary_edge,100,0.8327616501145912,0.49100953340530396,0.5215686559677124
nafnet,vo2_Vacancy-Anion-03.png,16,137.0,80.0,boundary_edge,100,0.8327616501145912,0.4820205569267273,0.47843137383461
nafnet,vo2_Vacancy-Anion-03.png,16,380.0,257.0,boundary_edge,100,0.8327616501145912,0.48485317826271057,0.5529412031173706
nafnet,vo2_Vacancy-Anion-03.png,16,481.0,317.0,boundary_edge,100,0.8327616501145912,0.4920288920402527,0.5176470875740051
nafnet,vo2_Vacancy-Anion-03.png,16,378.0,139.0,boundary_edge,100,0.8327616501145912,0.4934554100036621,0.47058823704719543
nafnet,vo2_Vacancy-Anion-03.png,16,69.0,317.0,boundary_edge,100,0.8327616501145912,0.4880289137363434,0.5411764979362488
nafnet,mno2_Defect-Free.png,16,254.0,0.0,boundary_edge,74,0.6576332179930796,0.7669057250022888,0.06666667014360428
nafnet,mno2_Defect-Free.png,16,253.0,255.0,borderline_shifted,74,0.6576332179930796,0.6161457300186157,0.054901961237192154
nafnet,mos2-A_Adatom-Li.png,16,392.0,552.0,boundary_edge,84,0.29974502429485494,0.34353306889533997,0.08235294371843338
nafnet,mos2-A_Adatom-Li.png,16,8.0,7.0,boundary_edge,84,0.29974502429485494,1.0,0.0235294122248888
nafnet,mos2-A_Adatom-Li.png,16,114.0,552.0,boundary_edge,84,0.29974502429485494,0.2769845426082611,0.0470588244497776
nafnet,mos2-A_Adatom-Li.png,16,584.0,552.0,boundary_edge,84,0.29974502429485494,0.19298593699932098,0.2078431397676468
nafnet,mos2-A_Adatom-Li.png,16,90.0,289.0,boundary_edge,84,0.29974502429485494,0.28269338607788086,0.26274511218070984
nafnet,mose2-A_Doped-Na.png,16,570.0,220.0,invented_undamaged,105,0.07782870612886328,0.2674241065979004,0.027450980618596077
nafnet,mose2-A_Doped-Na.png,16,571.0,134.0,invented_undamaged,105,0.07782870612886328,0.23889946937561035,0.019607843831181526
nafnet,mose2-A_Doped-Na.png,16,599.0,518.0,invented_undamaged,105,0.07782870612886328,0.24862989783287048,0.03921568766236305
nafnet,mose2-A_Doped-Na.png,16,8.0,7.0,boundary_edge,105,0.07782870612886328,1.0,0.003921568859368563
nafnet,mote2-A_Anti-2M.png,16,103.0,0.0,boundary_edge,189,0.4009661606952568,0.6015966534614563,0.12156862765550613
nafnet,mote2-A_Anti-2M.png,16,251.0,476.0,invented_undamaged,189,0.4009661606952568,0.6568609476089478,0.14901961386203766
nafnet,mote2-A_Anti-2M.png,16,251.0,174.0,borderline_shifted,189,0.4009661606952568,0.6535513401031494,0.1411764770746231
nafnet,mote2-A_Anti-2M.png,16,0.0,82.0,boundary_edge,189,0.4009661606952568,0.4067615568637848,0.062745101749897
nafnet,mote2-A_Anti-2M.png,16,0.0,386.0,boundary_edge,189,0.4009661606952568,0.405106782913208,0.09019608050584793
nafnet,mote2-A_Anti-2M.png,16,150.0,0.0,boundary_edge,189,0.4009661606952568,0.3523344397544861,0.1568627506494522
nafnet,tate2-A_Fe_doped.png,16,0.0,501.0,boundary_edge,122,0.17506756756756756,0.5976152420043945,0.06666667014360428
nafnet,tate2-A_Fe_doped.png,16,0.0,182.0,boundary_edge,122,0.17506756756756756,0.5948919057846069,0.054901961237192154
nafnet,tate2-A_Fe_doped.png,16,0.0,93.0,boundary_edge,122,0.17506756756756756,0.5485947132110596,0.1568627506494522
nafnet,tate2-A_Fe_doped.png,16,0.0,412.0,boundary_edge,122,0.17506756756756756,0.5497928857803345,0.16078431904315948
nafnet,tate2-A_Fe_doped.png,16,640.0,0.0,boundary_edge,122,0.17506756756756756,0.38606399297714233,0.01568627543747425
nafnet,tate2-A_Fe_doped.png,16,0.0,595.0,boundary_edge,122,0.17506756756756756,0.49314650893211365,0.06666667014360428
nafnet,tate2-A_Fe_doped.png,16,0.0,275.0,boundary_edge,122,0.17506756756756756,0.4997914433479309,0.05882352963089943
nafnet,tate2-A_Fe_doped.png,16,643.0,94.0,invented_undamaged,122,0.17506756756756756,0.38252323865890503,0.03529411926865578
nafnet,tate2-A_Fe_doped.png,16,0.0,0.0,boundary_edge,122,0.17506756756756756,0.2602987289428711,0.054901961237192154
nafnet,tate2-A_Fe_doped.png,16,670.0,42.0,invented_undamaged,122,0.17506756756756756,0.18009600043296814,0.0117647061124444
nafnet,vse2-A_Vacancy-Anion-06A.png,16,668.0,288.0,boundary_edge,84,0.7558829072340074,0.3065965175628662,0.24705882370471954
nafnet,vse2-A_Vacancy-Anion-06A.png,16,668.0,435.0,boundary_edge,84,0.7558829072340074,0.28529173135757446,0.21176470816135406
nafnet,vse2-A_Vacancy-Anion-06A.png,16,0.0,435.0,boundary_edge,84,0.7558829072340074,0.24193398654460907,0.20392157137393951
nafnet,vse2-A_Vacancy-Anion-06A.png,16,8.0,7.0,boundary_edge,84,0.7558829072340074,1.0,0.1411764770746231
nafnet,vse2-A_Vacancy-Anion-06A.png,16,585.0,433.0,borderline_shifted,84,0.7558829072340074,0.23130856454372406,0.12941177189350128
nafnet,vse2-A_Vacancy-Anion-06A.png,16,250.0,434.0,borderline_shifted,84,0.7558829072340074,0.2323276400566101,0.14509804546833038
nafnet,vse2-A_Vacancy-Anion-06A.png,16,330.0,434.0,borderline_shifted,84,0.7558829072340074,0.2402982860803604,0.21960784494876862
nafnet,vse2-A_Vacancy-Anion-06A.png,16,294.0,362.0,borderline_shifted,84,0.7558829072340074,0.21562230587005615,0.18039216101169586
nafnet,vse2-A_Vacancy-Anion-06A.png,16,293.0,217.0,borderline_shifted,84,0.7558829072340074,0.2450048178434372,0.21176470816135406
nafnet,vse2-A_Vacancy-Anion-06A.png,16,377.0,362.0,borderline_shifted,84,0.7558829072340074,0.24909017980098724,0.22745098173618317
nafnet,vse2-A_Vacancy-Anion-06A.png,16,628.0,217.0,borderline_shifted,84,0.7558829072340074,0.24389362335205078,0.21176470816135406
nafnet,vse2-A_Vacancy-Anion-06A.png,16,210.0,72.0,borderline_shifted,84,0.7558829072340074,0.24636055529117584,0.21960784494876862
nafnet,tas2-A_Doped-Li.png,16,0.0,376.0,boundary_edge,68,0.029236838112577757,0.5610606670379639,0.027450980618596077
nafnet,tas2-A_Doped-Li.png,16,0.0,81.0,boundary_edge,68,0.029236838112577757,0.3710673451423645,0.027450980618596077
nafnet,tas2-A_Doped-Li.png,16,8.0,7.0,boundary_edge,68,0.029236838112577757,1.0,0.0313725508749485
nafnet,tase2-A_Vacancy-Anion-12B.png,16,8.0,7.0,boundary_edge,121,0.0407837138150153,1.0,0.027450980618596077
nafnet,nbs2_Anti-Metal.png,16,49.0,95.0,invented_damaged,106,0.12205467392623227,0.36150503158569336,0.12941177189350128
nafnet,nbs2_Anti-Metal.png,16,49.0,241.0,invented_undamaged,106,0.12205467392623227,0.3094133734703064,0.13725490868091583
nafnet,nbs2_Anti-Metal.png,16,8.0,7.0,boundary_edge,106,0.12205467392623227,1.0,0.062745101749897
nafnet,nbse2_Cu_doped.png,16,135.0,600.0,boundary_edge,145,0.06822442902559135,0.19672012329101562,0.1568627506494522
nafnet,nbte2_Vacancy-Anion-12A.png,16,95.0,445.0,boundary_edge,170,0.17893990929705214,0.6139669418334961,0.07450980693101883
nafnet,nbte2_Vacancy-Anion-12A.png,16,187.0,601.0,invented_undamaged,170,0.17893990929705214,0.5796525478363037,0.06666667014360428
nafnet,nbte2_Vacancy-Anion-12A.png,16,48.0,521.0,invented_undamaged,170,0.17893990929705214,0.506122350692749,0.0235294122248888
nafnet,nbte2_Vacancy-Anion-12A.png,16,714.0,442.0,boundary_edge,170,0.17893990929705214,0.5670937299728394,0.019607843831181526
nafnet,nbte2_Vacancy-Anion-12A.png,16,714.0,390.0,boundary_edge,170,0.17893990929705214,0.5633121728897095,0.04313725605607033
nafnet,nbte2_Vacancy-Anion-12A.png,16,714.0,496.0,boundary_edge,170,0.17893990929705214,0.46952009201049805,0.04313725605607033
nafnet,nbte2_Vacancy-Anion-12A.png,16,43.0,570.0,invented_undamaged,170,0.17893990929705214,0.3727404475212097,0.019607843831181526
nafnet,nbte2_Vacancy-Anion-12A.png,16,279.0,442.0,invented_undamaged,170,0.17893990929705214,0.3406895399093628,0.09019608050584793
nafnet,nbte2_Vacancy-Anion-12A.png,16,8.0,7.0,boundary_edge,170,0.17893990929705214,1.0,0.01568627543747425
nafnet,tis2_Vacancy-Anion-12A.png,16,241.0,0.0,boundary_edge,118,0.5267780385231999,0.6616244316101074,0.09019608050584793
nafnet,tis2_Vacancy-Anion-12A.png,16,143.0,0.0,boundary_edge,118,0.5267780385231999,0.40903985500335693,0.0470588244497776
nafnet,tis2_Vacancy-Anion-12A.png,16,0.0,543.0,boundary_edge,118,0.5267780385231999,0.40324661135673523,0.0470588244497776
nafnet,tis2_Vacancy-Anion-12A.png,16,8.0,7.0,boundary_edge,118,0.5267780385231999,1.0,0.06666667014360428
nafnet,tis2_Vacancy-Anion-12A.png,16,75.0,280.0,borderline_shifted,118,0.5267780385231999,0.39000189304351807,0.3333333432674408
nafnet,tis2_Vacancy-Anion-12A.png,16,318.0,279.0,boundary_edge,118,0.5267780385231999,0.26163581013679504,0.239215686917305
nafnet,tise2_Adatom-Li.png,16,8.0,7.0,boundary_edge,157,0.7827629401595622,1.0,0.027450980618596077
nafnet,tite2-B_Cu_doped.png,16,8.0,7.0,boundary_edge,72,0.012838577390447933,1.0,0.08627451211214066
nafnet,vs2_Vacancy-Anion-06A.png,16,52.0,277.0,invented_undamaged,158,0.7963816655205495,0.5270947813987732,0.05098039284348488
nafnet,vs2_Vacancy-Anion-06A.png,16,49.0,324.0,invented_undamaged,158,0.7963816655205495,0.37657758593559265,0.027450980618596077
nafnet,vs2_Vacancy-Anion-06A.png,16,49.0,371.0,boundary_edge,158,0.7963816655205495,0.3524366319179535,0.0470588244497776
nafnet,vs2_Vacancy-Anion-06A.png,16,171.0,249.0,boundary_edge,158,0.7963816655205495,0.4159829914569855,0.09803921729326248
nafnet,vs2_Vacancy-Anion-06A.png,16,8.0,7.0,boundary_edge,158,0.7963816655205495,1.0,0.04313725605607033
nafnet,vs2_Vacancy-Anion-06A.png,16,253.0,297.0,boundary_edge,158,0.7963816655205495,0.4071488380432129,0.35686275362968445
nafnet,vs2_Vacancy-Anion-06A.png,16,367.0,448.0,boundary_edge,158,0.7963816655205495,0.5435903668403625,0.5607843399047852
nafnet,vte2_Defect-Free.png,16,8.0,7.0,boundary_edge,119,0.09160404481903107,1.0,0.0313725508749485
nafnet,ws2-A_Vacancy-Metal.png,16,0.0,290.0,boundary_edge,59,0.09985666507405638,0.49339208006858826,0.03529411926865578
nafnet,ws2-A_Vacancy-Metal.png,16,8.0,7.0,boundary_edge,59,0.09985666507405638,1.0,0.027450980618596077
nafnet,cose2_Fe_doped.png,16,413.0,583.0,boundary_edge,96,0.09939382545424982,0.6054471731185913,0.0235294122248888
nafnet,cose2_Fe_doped.png,16,558.0,583.0,boundary_edge,96,0.09939382545424982,0.5516132712364197,0.0235294122248888
nafnet,cose2_Fe_doped.png,16,8.0,7.0,boundary_edge,96,0.09939382545424982,1.0,0.019607843831181526
nafnet,cro2_Vacancy-Anion-03.png,16,0.0,0.0,boundary_edge,80,0.8467367422350944,0.4103059768676758,0.07450980693101883
nafnet,vo2_Vacancy-Anion-03.png,20,549.0,318.0,boundary_edge,100,0.846157372039725,0.49801844358444214,0.45098039507865906
nafnet,vo2_Vacancy-Anion-03.png,20,172.0,377.0,boundary_edge,100,0.846157372039725,0.5118612051010132,0.45098039507865906
nafnet,vo2_Vacancy-Anion-03.png,20,481.0,317.0,boundary_edge,100,0.846157372039725,0.5011904835700989,0.5176470875740051
nafnet,vo2_Vacancy-Anion-03.png,20,379.0,257.0,boundary_edge,100,0.846157372039725,0.49493208527565,0.5137255191802979
nafnet,vo2_Vacancy-Anion-03.png,20,516.0,20.0,boundary_edge,100,0.846157372039725,0.4903252422809601,0.45490196347236633
nafnet,vo2_Vacancy-Anion-03.png,20,120.0,183.0,borderline_shifted,100,0.846157372039725,0.9607137441635132,0.2980392277240753
nafnet,vo2_Vacancy-Anion-03.png,20,447.0,377.0,boundary_edge,100,0.846157372039725,0.5032899975776672,0.4745098054409027
nafnet,vo2_Vacancy-Anion-03.png,20,269.0,439.0,invented_damaged,100,0.846157372039725,0.3938997685909271,0.250980406999588
nafnet,vo2_Vacancy-Anion-03.png,20,241.0,20.0,boundary_edge,100,0.846157372039725,0.48788174986839294,0.5098039507865906
nafnet,vo2_Vacancy-Anion-03.png,20,170.0,257.0,boundary_edge,100,0.846157372039725,0.49735337495803833,0.4745098054409027
nafnet,vo2_Vacancy-Anion-03.png,20,206.0,317.0,invented_damaged,100,0.846157372039725,0.5042533278465271,0.501960813999176
nafnet,vo2_Vacancy-Anion-03.png,20,206.0,79.0,boundary_edge,100,0.846157372039725,0.5006331205368042,0.5411764979362488
nafnet,vo2_Vacancy-Anion-03.png,20,68.0,317.0,boundary_edge,100,0.846157372039725,0.49066734313964844,0.48627451062202454
nafnet,vo2_Vacancy-Anion-03.png,20,172.0,140.0,boundary_edge,100,0.846157372039725,0.49943190813064575,0.49803921580314636
nafnet,vo2_Vacancy-Anion-03.png,20,103.0,377.0,boundary_edge,100,0.846157372039725,0.4973742365837097,0.5176470875740051
nafnet,vo2_Vacancy-Anion-03.png,20,34.0,138.0,boundary_edge,100,0.846157372039725,0.5019192695617676,0.45098039507865906
nafnet,vo2_Vacancy-Anion-03.png,20,69.0,79.0,boundary_edge,100,0.846157372039725,0.49677610397338867,0.4274509847164154
nafnet,vo2_Vacancy-Anion-03.png,20,413.0,80.0,boundary_edge,100,0.846157372039725,0.4806593358516693,0.4941176474094391
nafnet,vo2_Vacancy-Anion-03.png,20,344.0,79.0,boundary_edge,100,0.846157372039725,0.4957890212535858,0.48627451062202454
nafnet,mno2_Defect-Free.png,20,252.0,0.0,boundary_edge,74,0.6847543252595155,0.3522082567214966,0.062745101749897
nafnet,mos2-A_Adatom-Li.png,20,8.0,7.0,boundary_edge,84,0.303036220133742,1.0,0.0235294122248888
nafnet,mos2-A_Adatom-Li.png,20,438.0,248.0,invented_damaged,84,0.303036220133742,0.2679644525051117,0.2823529541492462
nafnet,mose2-A_Doped-Na.png,20,239.0,52.0,invented_undamaged,105,0.09216605552645364,0.4609493017196655,0.0313725508749485
nafnet,mose2-A_Doped-Na.png,20,98.0,52.0,invented_undamaged,105,0.09216605552645364,0.34783774614334106,0.03529411926865578
nafnet,mose2-A_Doped-Na.png,20,574.0,51.0,invented_undamaged,105,0.09216605552645364,0.2650495171546936,0.019607843831181526
nafnet,mose2-A_Doped-Na.png,20,0.0,139.0,boundary_edge,105,0.09216605552645364,0.2743266224861145,0.054901961237192154
nafnet,mose2-A_Doped-Na.png,20,8.0,7.0,boundary_edge,105,0.09216605552645364,1.0,0.003921568859368563
nafnet,mose2-A_Doped-Na.png,20,595.0,86.0,invented_undamaged,105,0.09216605552645364,0.16491666436195374,0.007843137718737125
nafnet,mote2-A_Anti-2M.png,20,602.0,477.0,invented_damaged,189,0.4209784745080395,0.5857755541801453,0.07450980693101883
nafnet,mote2-A_Anti-2M.png,20,602.0,174.0,invented_damaged,189,0.4209784745080395,0.5728805065155029,0.08627451211214066
nafnet,tate2-A_Fe_doped.png,20,322.0,597.0,invented_damaged,122,0.15879011824324324,0.515825629234314,0.21176470816135406
nafnet,tate2-A_Fe_doped.png,20,322.0,276.0,invented_damaged,122,0.15879011824324324,0.5130820274353027,0.2235294133424759
nafnet,tate2-A_Fe_doped.png,20,8.0,7.0,boundary_edge,122,0.15879011824324324,1.0,0.0470588244497776
nafnet,vse2-A_Vacancy-Anion-06A.png,20,8.0,7.0,boundary_edge,84,0.057534380961969896,1.0,0.1411764770746231
nafnet,vse2-A_Vacancy-Anion-06A.png,20,628.0,217.0,borderline_shifted,84,0.057534380961969896,0.22358036041259766,0.21176470816135406
nafnet,vse2-A_Vacancy-Anion-06A.png,20,377.0,362.0,borderline_shifted,84,0.057534380961969896,0.22391974925994873,0.22745098173618317
nafnet,vse2-A_Vacancy-Anion-06A.png,20,293.0,217.0,borderline_shifted,84,0.057534380961969896,0.22191709280014038,0.21176470816135406
nafnet,vse2-A_Vacancy-Anion-06A.png,20,210.0,72.0,borderline_shifted,84,0.057534380961969896,0.22432900965213776,0.21960784494876862
nafnet,vse2-A_Vacancy-Anion-06A.png,20,334.0,435.0,borderline_shifted,84,0.057534380961969896,0.20634660124778748,0.1882352977991104
nafnet,vse2-A_Vacancy-Anion-06A.png,20,585.0,290.0,borderline_shifted,84,0.057534380961969896,0.20812639594078064,0.2078431397676468
nafnet,vse2-A_Vacancy-Anion-06A.png,20,250.0,290.0,borderline_shifted,84,0.057534380961969896,0.20977731049060822,0.1882352977991104
nafnet,vse2-A_Vacancy-Anion-06A.png,20,0.0,435.0,boundary_edge,84,0.057534380961969896,0.20755530893802643,0.20392157137393951
nafnet,tas2-A_Doped-Li.png,20,8.0,7.0,boundary_edge,68,0.27915086228695696,1.0,0.0313725508749485
nafnet,tase2-A_Vacancy-Anion-12B.png,20,300.0,0.0,boundary_edge,121,0.0021463873852671216,0.3620512783527374,0.054901961237192154
nafnet,tase2-A_Vacancy-Anion-12B.png,20,8.0,7.0,boundary_edge,121,0.0021463873852671216,1.0,0.027450980618596077
nafnet,tase2-A_Vacancy-Anion-12B.png,20,179.0,524.0,invented_undamaged,121,0.0021463873852671216,0.2559564709663391,0.2549019753932953
nafnet,nbs2_Anti-Metal.png,20,668.0,51.0,boundary_edge,106,0.14268454192708938,0.30355358123779297,0.019607843831181526
nafnet,nbs2_Anti-Metal.png,20,576.0,291.0,invented_damaged,106,0.14268454192708938,0.34009307622909546,0.21176470816135406
nafnet,nbs2_Anti-Metal.png,20,493.0,292.0,invented_damaged,106,0.14268454192708938,0.34098514914512634,0.2235294133424759
nafnet,nbs2_Anti-Metal.png,20,616.0,365.0,invented_damaged,106,0.14268454192708938,0.33248743414878845,0.21568627655506134
nafnet,nbs2_Anti-Metal.png,20,450.0,363.0,invented_damaged,106,0.14268454192708938,0.3367421627044678,0.21960784494876862
nafnet,nbs2_Anti-Metal.png,20,492.0,436.0,invented_damaged,106,0.14268454192708938,0.31633204221725464,0.2235294133424759
nafnet,nbs2_Anti-Metal.png,20,656.0,436.0,boundary_edge,106,0.14268454192708938,0.30088329315185547,0.125490203499794
nafnet,nbs2_Anti-Metal.png,20,668.0,291.0,boundary_edge,106,0.14268454192708938,0.22307458519935608,0.09019608050584793
nafnet,nbs2_Anti-Metal.png,20,49.0,387.0,invented_undamaged,106,0.14268454192708938,0.18029291927814484,0.13333334028720856
nafnet,nbs2_Anti-Metal.png,20,8.0,7.0,boundary_edge,106,0.14268454192708938,1.0,0.062745101749897
nafnet,nbs2_Anti-Metal.png,20,668.0,0.0,boundary_edge,106,0.14268454192708938,0.18854370713233948,0.08627451211214066
nafnet,nbs2_Anti-Metal.png,20,48.0,241.0,invented_undamaged,106,0.14268454192708938,0.1518518030643463,0.12156862765550613
nafnet,nbte2_Vacancy-Anion-12A.png,20,579.0,156.0,boundary_edge,170,0.2220499738356881,0.6111049652099609,0.062745101749897
nafnet,nbte2_Vacancy-Anion-12A.png,20,489.0,313.0,invented_undamaged,170,0.2220499738356881,0.5916154384613037,0.0784313753247261
nafnet,nbte2_Vacancy-Anion-12A.png,20,363.0,287.0,boundary_edge,170,0.2220499738356881,0.6513686180114746,0.12156862765550613
nafnet,nbte2_Vacancy-Anion-12A.png,20,719.0,442.0,boundary_edge,170,0.2220499738356881,0.5135390758514404,0.0117647061124444
nafnet,nbte2_Vacancy-Anion-12A.png,20,401.0,156.0,boundary_edge,170,0.2220499738356881,0.5778731107711792,0.125490203499794
nafnet,nbte2_Vacancy-Anion-12A.png,20,714.0,496.0,boundary_edge,170,0.2220499738356881,0.42552363872528076,0.04313725605607033
nafnet,nbte2_Vacancy-Anion-12A.png,20,8.0,7.0,boundary_edge,170,0.2220499738356881,1.0,0.01568627543747425
nafnet,tis2_Vacancy-Anion-12A.png,20,433.0,0.0,boundary_edge,118,0.3280229042909403,0.41609036922454834,0.10196078568696976
nafnet,tis2_Vacancy-Anion-12A.png,20,529.0,0.0,boundary_edge,118,0.3280229042909403,0.4269302487373352,0.08235294371843338
nafnet,tis2_Vacancy-Anion-12A.png,20,8.0,7.0,boundary_edge,118,0.3280229042909403,1.0,0.06666667014360428
nafnet,tise2_Adatom-Li.png,20,611.0,312.0,invented_damaged,157,0.5786255096097845,0.4290362000465393,0.06666667014360428
nafnet,tise2_Adatom-Li.png,20,8.0,7.0,boundary_edge,157,0.5786255096097845,1.0,0.027450980618596077
nafnet,tise2_Adatom-Li.png,20,608.0,231.0,invented_undamaged,157,0.5786255096097845,0.2197735756635666,0.05882352963089943
nafnet,tite2-B_Cu_doped.png,20,8.0,7.0,boundary_edge,72,0.5777090846642624,1.0,0.08627451211214066
nafnet,vs2_Vacancy-Anion-06A.png,20,367.0,60.0,borderline_shifted,158,0.7683230182784471,0.6233628988265991,0.6431372761726379
nafnet,vs2_Vacancy-Anion-06A.png,20,92.0,114.0,boundary_edge,158,0.7683230182784471,0.3693791329860687,0.08235294371843338
nafnet,vs2_Vacancy-Anion-06A.png,20,8.0,7.0,boundary_edge,158,0.7683230182784471,1.0,0.04313725605607033
nafnet,vs2_Vacancy-Anion-06A.png,20,173.0,158.0,boundary_edge,158,0.7683230182784471,0.4026854634284973,0.3294117748737335
nafnet,vs2_Vacancy-Anion-06A.png,20,95.0,21.0,boundary_edge,158,0.7683230182784471,0.4017200469970703,0.40392157435417175
nafnet,vs2_Vacancy-Anion-06A.png,20,367.0,447.0,invented_damaged,158,0.7683230182784471,0.5399417281150818,0.5098039507865906
nafnet,vte2_Defect-Free.png,20,8.0,7.0,boundary_edge,119,0.11809107112468539,1.0,0.0313725508749485
nafnet,vte2_Defect-Free.png,20,466.0,596.0,invented_damaged,119,0.11809107112468539,0.23880326747894287,0.16078431904315948
nafnet,ws2-A_Vacancy-Metal.png,20,344.0,499.0,invented_undamaged,59,0.09741655859668281,0.6445815563201904,0.0470588244497776
nafnet,ws2-A_Vacancy-Metal.png,20,414.0,48.0,borderline_shifted,59,0.09741655859668281,0.5978779792785645,0.03921568766236305
nafnet,ws2-A_Vacancy-Metal.png,20,485.0,2.0,boundary_edge,59,0.09741655859668281,0.394426167011261,0.054901961237192154
nafnet,ws2-A_Vacancy-Metal.png,20,8.0,7.0,boundary_edge,59,0.09741655859668281,1.0,0.027450980618596077
nafnet,cose2_Fe_doped.png,20,8.0,7.0,boundary_edge,96,0.13462105198975652,1.0,0.019607843831181526
nafnet,cose2_Fe_doped.png,20,466.0,25.0,invented_undamaged,96,0.13462105198975652,0.16026031970977783,0.027450980618596077
nafnet,cro2_Vacancy-Anion-03.png,20,325.0,217.0,borderline_shifted,80,0.8332209793934552,0.45509347319602966,0.48235294222831726
nafnet,cro2_Vacancy-Anion-03.png,20,8.0,7.0,boundary_edge,80,0.8332209793934552,1.0,0.07450980693101883
nafnet,vo2_Vacancy-Anion-03.png,28,413.0,475.0,boundary_edge,100,0.8501107715813598,0.6886845231056213,0.11372549086809158
nafnet,vo2_Vacancy-Anion-03.png,28,0.0,236.0,boundary_edge,100,0.8501107715813598,0.6902008056640625,0.08627451211214066
nafnet,vo2_Vacancy-Anion-03.png,28,140.0,475.0,boundary_edge,100,0.8501107715813598,0.6347233653068542,0.11764705926179886
nafnet,vo2_Vacancy-Anion-03.png,28,0.0,352.0,boundary_edge,100,0.8501107715813598,0.6003700494766235,0.0941176488995552
nafnet,vo2_Vacancy-Anion-03.png,28,137.0,0.0,boundary_edge,100,0.8501107715813598,0.5856245756149292,0.10196078568696976
nafnet,vo2_Vacancy-Anion-03.png,28,412.0,0.0,boundary_edge,100,0.8501107715813598,0.4784345030784607,0.09019608050584793
nafnet,vo2_Vacancy-Anion-03.png,28,549.0,437.0,boundary_edge,100,0.8501107715813598,0.36363494396209717,0.23137255012989044
nafnet,vo2_Vacancy-Anion-03.png,28,516.0,20.0,invented_damaged,100,0.8501107715813598,0.48229455947875977,0.45490196347236633
nafnet,vo2_Vacancy-Anion-03.png,28,241.0,138.0,boundary_edge,100,0.8501107715813598,0.490816593170166,0.5098039507865906
nafnet,mos2-A_Adatom-Li.png,28,0.0,285.0,boundary_edge,84,0.31663115118276464,0.691379189491272,0.027450980618596077
nafnet,mos2-A_Adatom-Li.png,28,117.0,0.0,boundary_edge,84,0.31663115118276464,0.3486592769622803,0.054901961237192154
nafnet,mos2-A_Adatom-Li.png,28,8.0,7.0,boundary_edge,84,0.31663115118276464,1.0,0.0235294122248888
nafnet,mos2-A_Adatom-Li.png,28,96.0,511.0,invented_undamaged,84,0.31663115118276464,0.218740314245224,0.21568627655506134
nafnet,mose2-A_Doped-Na.png,28,286.0,304.0,invented_damaged,105,0.27534311157674174,0.36214929819107056,0.09019608050584793
nafnet,mose2-A_Doped-Na.png,28,8.0,7.0,boundary_edge,105,0.27534311157674174,1.0,0.003921568859368563
nafnet,mose2-A_Doped-Na.png,28,525.0,0.0,boundary_edge,105,0.27534311157674174,0.19998368620872498,0.1725490242242813
nafnet,mote2-A_Anti-2M.png,28,103.0,0.0,boundary_edge,189,0.2446209950507945,0.7157111167907715,0.12156862765550613
nafnet,mote2-A_Anti-2M.png,28,0.0,83.0,boundary_edge,189,0.2446209950507945,0.4719271957874298,0.0784313753247261
nafnet,mote2-A_Anti-2M.png,28,413.0,0.0,boundary_edge,189,0.2446209950507945,0.2928493618965149,0.11764705926179886
nafnet,mote2-A_Anti-2M.png,28,153.0,0.0,boundary_edge,189,0.2446209950507945,0.3603236973285675,0.125490203499794
nafnet,tate2-A_Fe_doped.png,28,0.0,595.0,boundary_edge,122,0.29657094594594596,0.49190184473991394,0.06666667014360428
nafnet,tate2-A_Fe_doped.png,28,49.0,502.0,invented_damaged,122,0.29657094594594596,0.41682833433151245,0.09803921729326248
nafnet,tate2-A_Fe_doped.png,28,0.0,504.0,boundary_edge,122,0.29657094594594596,0.41268226504325867,0.062745101749897
nafnet,tate2-A_Fe_doped.png,28,640.0,0.0,boundary_edge,122,0.29657094594594596,0.234745055437088,0.01568627543747425
nafnet,tate2-A_Fe_doped.png,28,0.0,274.0,boundary_edge,122,0.29657094594594596,0.3613626956939697,0.054901961237192154
nafnet,tate2-A_Fe_doped.png,28,645.0,98.0,invented_undamaged,122,0.29657094594594596,0.20762839913368225,0.0313725508749485
nafnet,tate2-A_Fe_doped.png,28,8.0,7.0,boundary_edge,122,0.29657094594594596,1.0,0.0470588244497776
nafnet,tate2-A_Fe_doped.png,28,0.0,181.0,boundary_edge,122,0.29657094594594596,0.29446905851364136,0.062745101749897
nafnet,vse2-A_Vacancy-Anion-06A.png,28,8.0,7.0,boundary_edge,84,0.3680718521444375,1.0,0.1411764770746231
nafnet,vse2-A_Vacancy-Anion-06A.png,28,0.0,144.0,boundary_edge,84,0.3680718521444375,0.2342403382062912,0.19607843458652496
nafnet,vse2-A_Vacancy-Anion-06A.png,28,668.0,144.0,boundary_edge,84,0.3680718521444375,0.23527291417121887,0.21176470816135406
nafnet,vse2-A_Vacancy-Anion-06A.png,28,668.0,288.0,boundary_edge,84,0.3680718521444375,0.23720411956310272,0.24705882370471954
nafnet,tas2-A_Doped-Li.png,28,0.0,376.0,boundary_edge,68,0.033449653567996764,0.541252076625824,0.027450980618596077
nafnet,tas2-A_Doped-Li.png,28,0.0,79.0,boundary_edge,68,0.033449653567996764,0.24866268038749695,0.0313725508749485
nafnet,tas2-A_Doped-Li.png,28,8.0,7.0,boundary_edge,68,0.033449653567996764,1.0,0.0313725508749485
nafnet,tase2-A_Vacancy-Anion-12B.png,28,301.0,0.0,boundary_edge,121,0.015954342198164273,0.3973979353904724,0.05098039284348488
nafnet,tase2-A_Vacancy-Anion-12B.png,28,8.0,7.0,boundary_edge,121,0.015954342198164273,1.0,0.027450980618596077
nafnet,tase2-A_Vacancy-Anion-12B.png,28,252.0,266.0,borderline_shifted,121,0.015954342198164273,0.23540517687797546,0.250980406999588
nafnet,tase2-A_Vacancy-Anion-12B.png,28,252.0,569.0,borderline_shifted,121,0.015954342198164273,0.23566877841949463,0.24705882370471954
nafnet,nbs2_Anti-Metal.png,28,50.0,437.0,invented_undamaged,106,0.1717925086033081,0.44989919662475586,0.019607843831181526
nafnet,nbs2_Anti-Metal.png,28,49.0,387.0,invented_damaged,106,0.1717925086033081,0.3158702254295349,0.13333334028720856
nafnet,nbs2_Anti-Metal.png,28,51.0,534.0,invented_undamaged,106,0.1717925086033081,0.3192700147628784,0.11372549086809158
nafnet,nbs2_Anti-Metal.png,28,8.0,7.0,boundary_edge,106,0.1717925086033081,1.0,0.062745101749897
nafnet,nbte2_Vacancy-Anion-12A.png,28,489.0,314.0,invented_damaged,170,0.4029216814931101,0.6276484727859497,0.09803921729326248
nafnet,nbte2_Vacancy-Anion-12A.png,28,362.0,289.0,invented_damaged,170,0.4029216814931101,0.7218595147132874,0.09019608050584793
nafnet,nbte2_Vacancy-Anion-12A.png,28,718.0,442.0,boundary_edge,170,0.4029216814931101,0.5554157495498657,0.019607843831181526
nafnet,nbte2_Vacancy-Anion-12A.png,28,578.0,153.0,invented_undamaged,170,0.4029216814931101,0.4881991744041443,0.05882352963089943
nafnet,nbte2_Vacancy-Anion-12A.png,28,398.0,156.0,boundary_edge,170,0.4029216814931101,0.6400952339172363,0.1411764770746231
nafnet,nbte2_Vacancy-Anion-12A.png,28,714.0,496.0,boundary_edge,170,0.4029216814931101,0.4339352548122406,0.04313725605607033
nafnet,nbte2_Vacancy-Anion-12A.png,28,8.0,7.0,boundary_edge,170,0.4029216814931101,1.0,0.01568627543747425
nafnet,tis2_Vacancy-Anion-12A.png,28,0.0,542.0,boundary_edge,118,0.3486501906539547,0.4200226068496704,0.062745101749897
nafnet,tis2_Vacancy-Anion-12A.png,28,319.0,280.0,boundary_edge,118,0.3486501906539547,0.39020365476608276,0.24313725531101227
nafnet,tis2_Vacancy-Anion-12A.png,28,357.0,279.0,borderline_shifted,118,0.3486501906539547,0.37378695607185364,0.27450981736183167
nafnet,tis2_Vacancy-Anion-12A.png,28,428.0,0.0,boundary_edge,118,0.3486501906539547,0.2696143090724945,0.07058823853731155
nafnet,tis2_Vacancy-Anion-12A.png,28,8.0,7.0,boundary_edge,118,0.3486501906539547,1.0,0.06666667014360428
nafnet,tise2_Adatom-Li.png,28,8.0,7.0,boundary_edge,157,0.7974295328692533,1.0,0.027450980618596077
nafnet,tite2-B_Cu_doped.png,28,281.0,0.0,boundary_edge,72,0.737464024050866,0.219481959939003,0.0235294122248888
nafnet,tite2-B_Cu_doped.png,28,8.0,7.0,boundary_edge,72,0.737464024050866,1.0,0.08627451211214066
nafnet,tite2-B_Cu_doped.png,28,139.0,82.0,borderline_shifted,72,0.737464024050866,0.18773116171360016,0.11764705926179886
nafnet,tite2-B_Cu_doped.png,28,376.0,164.0,borderline_shifted,72,0.737464024050866,0.19593995809555054,0.11372549086809158
nafnet,tite2-B_Cu_doped.png,28,187.0,163.0,borderline_shifted,72,0.737464024050866,0.18419413268566132,0.12941177189350128
nafnet,tite2-B_Cu_doped.png,28,561.0,162.0,borderline_shifted,72,0.737464024050866,0.18775632977485657,0.09803921729326248
nafnet,tite2-B_Cu_doped.png,28,511.0,82.0,borderline_shifted,72,0.737464024050866,0.18488140404224396,0.125490203499794
nafnet,tite2-B_Cu_doped.png,28,467.0,163.0,borderline_shifted,72,0.737464024050866,0.18630628287792206,0.12156862765550613
nafnet,vs2_Vacancy-Anion-06A.png,28,303.0,417.0,borderline_shifted,158,0.7803473442624806,0.7823988199234009,0.7411764860153198
nafnet,vs2_Vacancy-Anion-06A.png,28,8.0,7.0,boundary_edge,158,0.7803473442624806,1.0,0.04313725605607033
nafnet,vs2_Vacancy-Anion-06A.png,28,367.0,449.0,boundary_edge,158,0.7803473442624806,0.5472954511642456,0.5215686559677124
nafnet,vte2_Defect-Free.png,28,8.0,7.0,boundary_edge,119,0.15707037232756227,1.0,0.0313725508749485
nafnet,ws2-A_Vacancy-Metal.png,28,0.0,288.0,boundary_edge,59,0.15548711123245285,0.6479015350341797,0.0235294122248888
nafnet,ws2-A_Vacancy-Metal.png,28,8.0,7.0,boundary_edge,59,0.15548711123245285,1.0,0.027450980618596077
nafnet,ws2-A_Vacancy-Metal.png,28,0.0,542.0,boundary_edge,59,0.15548711123245285,0.2631226181983948,0.027450980618596077
nafnet,ws2-A_Vacancy-Metal.png,28,159.0,329.0,borderline_shifted,59,0.15548711123245285,0.2832406163215637,0.26274511218070984
nafnet,cose2_Fe_doped.png,28,533.0,46.0,invented_undamaged,96,0.14149323198243974,0.7176387310028076,0.0235294122248888
nafnet,cose2_Fe_doped.png,28,8.0,7.0,boundary_edge,96,0.14149323198243974,1.0,0.019607843831181526
nafnet,cose2_Fe_doped.png,28,8.0,391.0,boundary_edge,96,0.14149323198243974,1.0,0.13333334028720856
nafnet,cose2_Fe_doped.png,28,143.0,51.0,boundary_edge,96,0.14149323198243974,0.21616646647453308,0.05882352963089943
nafnet,cro2_Vacancy-Anion-03.png,28,341.0,0.0,boundary_edge,80,0.7167390725390326,0.730810284614563,0.0941176488995552
nafnet,cro2_Vacancy-Anion-03.png,28,335.0,236.0,borderline_shifted,80,0.7167390725390326,0.37355729937553406,0.10980392247438431
nafnet,cro2_Vacancy-Anion-03.png,28,269.0,197.0,borderline_shifted,80,0.7167390725390326,0.42157018184661865,0.4000000059604645
nafnet,vo2_Vacancy-Anion-03.png,36,0.0,240.0,boundary_edge,100,0.9097402597402597,0.7658955454826355,0.16470588743686676
nafnet,vo2_Vacancy-Anion-03.png,36,0.0,359.0,boundary_edge,100,0.9097402597402597,0.5865788459777832,0.11372549086809158
nafnet,vo2_Vacancy-Anion-03.png,36,293.0,123.0,borderline_shifted,100,0.9097402597402597,0.4788394570350647,0.46666666865348816
nafnet,vo2_Vacancy-Anion-03.png,36,516.0,138.0,boundary_edge,100,0.9097402597402597,0.5341600179672241,0.47058823704719543
nafnet,vo2_Vacancy-Anion-03.png,36,537.0,76.0,boundary_edge,100,0.9097402597402597,0.4797637462615967,0.3921568691730499
nafnet,vo2_Vacancy-Anion-03.png,36,172.0,258.0,boundary_edge,100,0.9097402597402597,0.506614625453949,0.5215686559677124
nafnet,vo2_Vacancy-Anion-03.png,36,242.0,138.0,boundary_edge,100,0.9097402597402597,0.5258563756942749,0.43921568989753723
nafnet,vo2_Vacancy-Anion-03.png,36,205.0,78.0,invented_damaged,100,0.9097402597402597,0.5209046602249146,0.529411792755127
nafnet,vo2_Vacancy-Anion-03.png,36,309.0,20.0,invented_damaged,100,0.9097402597402597,0.5080413222312927,0.45098039507865906
nafnet,vo2_Vacancy-Anion-03.png,36,480.0,78.0,invented_damaged,100,0.9097402597402597,0.50592041015625,0.5568627715110779
nafnet,vo2_Vacancy-Anion-03.png,36,33.0,18.0,boundary_edge,100,0.9097402597402597,0.5153447389602661,0.49803921580314636
nafnet,vo2_Vacancy-Anion-03.png,36,135.0,80.0,invented_damaged,100,0.9097402597402597,0.46245115995407104,0.43529412150382996
nafnet,vo2_Vacancy-Anion-03.png,36,69.0,317.0,boundary_edge,100,0.9097402597402597,0.4986582398414612,0.5411764979362488
nafnet,vo2_Vacancy-Anion-03.png,36,516.0,20.0,boundary_edge,100,0.9097402597402597,0.4971296191215515,0.45490196347236633
nafnet,vo2_Vacancy-Anion-03.png,36,549.0,318.0,boundary_edge,100,0.9097402597402597,0.47009003162384033,0.45098039507865906
nafnet,mno2_Defect-Free.png,36,250.0,0.0,boundary_edge,74,0.6046885813148789,0.7095878720283508,0.07450980693101883
nafnet,mos2-A_Adatom-Li.png,36,119.0,552.0,boundary_edge,84,0.4344463404901986,0.6973906755447388,0.062745101749897
nafnet,mos2-A_Adatom-Li.png,36,8.0,7.0,boundary_edge,84,0.4344463404901986,1.0,0.0235294122248888
nafnet,mos2-A_Adatom-Li.png,36,162.0,88.0,boundary_edge,84,0.4344463404901986,0.2787720859050751,0.2705882489681244
nafnet,mos2-A_Adatom-Li.png,36,439.0,88.0,boundary_edge,84,0.4344463404901986,0.28391414880752563,0.29411765933036804
nafnet,mos2-A_Adatom-Li.png,36,486.0,0.0,boundary_edge,84,0.4344463404901986,0.21403901278972626,0.20392157137393951
nafnet,mos2-A_Adatom-Li.png,36,90.0,290.0,boundary_edge,84,0.4344463404901986,0.285065233707428,0.3019607961177826
nafnet,mos2-A_Adatom-Li.png,36,367.0,290.0,boundary_edge,84,0.4344463404901986,0.28805840015411377,0.2823529541492462
nafnet,mose2-A_Doped-Na.png,36,506.0,32.0,borderline_shifted,105,0.17656102671555787,0.3663433790206909,0.10980392247438431
nafnet,mose2-A_Doped-Na.png,36,433.0,64.0,borderline_shifted,105,0.17656102671555787,0.33228257298469543,0.05882352963089943
nafnet,mose2-A_Doped-Na.png,36,599.0,518.0,invented_undamaged,105,0.17656102671555787,0.25684499740600586,0.03921568766236305
nafnet,mose2-A_Doped-Na.png,36,8.0,7.0,boundary_edge,105,0.17656102671555787,1.0,0.003921568859368563
nafnet,mose2-A_Doped-Na.png,36,574.0,67.0,invented_undamaged,105,0.17656102671555787,0.22472354769706726,0.027450980618596077
nafnet,mose2-A_Doped-Na.png,36,567.0,136.0,invented_undamaged,105,0.17656102671555787,0.231950044631958,0.019607843831181526
nafnet,mote2-A_Anti-2M.png,36,103.0,0.0,boundary_edge,189,0.23815861138080466,0.6116886138916016,0.12156862765550613
nafnet,mote2-A_Anti-2M.png,36,407.0,0.0,boundary_edge,189,0.23815861138080466,0.6356683969497681,0.12156862765550613
nafnet,mote2-A_Anti-2M.png,36,353.0,0.0,boundary_edge,189,0.23815861138080466,0.6242458820343018,0.14509804546833038
nafnet,mote2-A_Anti-2M.png,36,0.0,83.0,boundary_edge,189,0.23815861138080466,0.4477255642414093,0.0784313753247261
nafnet,mote2-A_Anti-2M.png,36,0.0,387.0,boundary_edge,189,0.23815861138080466,0.3579885959625244,0.0784313753247261
nafnet,mote2-A_Anti-2M.png,36,453.0,0.0,boundary_edge,189,0.23815861138080466,0.32545214891433716,0.125490203499794
nafnet,tate2-A_Fe_doped.png,36,321.0,276.0,invented_damaged,122,0.34993243243243244,0.4769795536994934,0.2078431397676468
nafnet,tate2-A_Fe_doped.png,36,320.0,597.0,invented_damaged,122,0.34993243243243244,0.465484082698822,0.20392157137393951
nafnet,tate2-A_Fe_doped.png,36,8.0,7.0,boundary_edge,122,0.34993243243243244,1.0,0.0470588244497776
nafnet,vse2-A_Vacancy-Anion-06A.png,36,421.0,0.0,boundary_edge,84,0.6393839179452228,0.31870603561401367,0.20392157137393951
nafnet,vse2-A_Vacancy-Anion-06A.png,36,85.0,0.0,boundary_edge,84,0.6393839179452228,0.2868821918964386,0.21568627655506134
nafnet,vse2-A_Vacancy-Anion-06A.png,36,8.0,7.0,boundary_edge,84,0.6393839179452228,1.0,0.1411764770746231
nafnet,vse2-A_Vacancy-Anion-06A.png,36,543.0,219.0,borderline_shifted,84,0.6393839179452228,0.22509682178497314,0.16078431904315948
nafnet,vse2-A_Vacancy-Anion-06A.png,36,208.0,218.0,borderline_shifted,84,0.6393839179452228,0.2198379635810852,0.14509804546833038
nafnet,vse2-A_Vacancy-Anion-06A.png,36,127.0,220.0,borderline_shifted,84,0.6393839179452228,0.23098742961883545,0.11764705926179886
nafnet,vse2-A_Vacancy-Anion-06A.png,36,462.0,221.0,borderline_shifted,84,0.6393839179452228,0.22706586122512817,0.12156862765550613
nafnet,vse2-A_Vacancy-Anion-06A.png,36,293.0,217.0,borderline_shifted,84,0.6393839179452228,0.24494265019893646,0.21176470816135406
nafnet,tas2-A_Doped-Li.png,36,511.0,42.0,invented_undamaged,68,0.33740201284579985,0.7819745540618896,0.03921568766236305
nafnet,tas2-A_Doped-Li.png,36,510.0,335.0,borderline_shifted,68,0.33740201284579985,0.7871191501617432,0.03529411926865578
nafnet,tas2-A_Doped-Li.png,36,675.0,88.0,boundary_edge,68,0.33740201284579985,0.5328418016433716,0.0313725508749485
nafnet,tas2-A_Doped-Li.png,36,578.0,544.0,borderline_shifted,68,0.33740201284579985,0.3822999894618988,0.07058823853731155
nafnet,tas2-A_Doped-Li.png,36,675.0,379.0,boundary_edge,68,0.33740201284579985,0.40165525674819946,0.03529411926865578
nafnet,tas2-A_Doped-Li.png,36,8.0,7.0,boundary_edge,68,0.33740201284579985,1.0,0.0313725508749485
nafnet,tase2-A_Vacancy-Anion-12B.png,36,159.0,0.0,boundary_edge,121,0.005267121675688397,0.3096434772014618,0.04313725605607033
nafnet,tase2-A_Vacancy-Anion-12B.png,36,301.0,0.0,boundary_edge,121,0.005267121675688397,0.3956630527973175,0.05098039284348488
nafnet,tase2-A_Vacancy-Anion-12B.png,36,8.0,7.0,boundary_edge,121,0.005267121675688397,1.0,0.027450980618596077
nafnet,nbs2_Anti-Metal.png,36,346.0,27.0,invented_damaged,106,0.43878549429328956,0.45439988374710083,0.29019609093666077
nafnet,nbs2_Anti-Metal.png,36,579.0,0.0,boundary_edge,106,0.43878549429328956,0.3523362874984741,0.054901961237192154
nafnet,nbs2_Anti-Metal.png,36,450.0,75.0,invented_damaged,106,0.43878549429328956,0.3789767324924469,0.2078431397676468
nafnet,nbs2_Anti-Metal.png,36,409.0,0.0,boundary_edge,106,0.43878549429328956,0.35833561420440674,0.14901961386203766
nafnet,nbs2_Anti-Metal.png,36,408.0,150.0,invented_damaged,106,0.43878549429328956,0.3658934235572815,0.22745098173618317
nafnet,nbs2_Anti-Metal.png,36,659.0,0.0,boundary_edge,106,0.43878549429328956,0.2438736855983734,0.11764705926179886
nafnet,nbs2_Anti-Metal.png,36,8.0,7.0,boundary_edge,106,0.43878549429328956,1.0,0.062745101749897
nafnet,nbs2_Anti-Metal.png,36,453.0,364.0,boundary_edge,106,0.43878549429328956,0.26920825242996216,0.250980406999588
nafnet,nbs2_Anti-Metal.png,36,493.0,434.0,boundary_edge,106,0.43878549429328956,0.25985923409461975,0.22745098173618317
nafnet,nbs2_Anti-Metal.png,36,450.0,0.0,boundary_edge,106,0.43878549429328956,0.23113425076007843,0.1725490242242813
nafnet,nbs2_Anti-Metal.png,36,493.0,293.0,boundary_edge,106,0.43878549429328956,0.25953564047813416,0.24313725531101227
nafnet,nbs2_Anti-Metal.png,36,574.0,293.0,boundary_edge,106,0.43878549429328956,0.2518116533756256,0.21960784494876862
nafnet,nbs2_Anti-Metal.png,36,615.0,364.0,boundary_edge,106,0.43878549429328956,0.24554257094860077,0.2078431397676468
nafnet,nbte2_Vacancy-Anion-12A.png,36,578.0,155.0,invented_undamaged,170,0.30871707657421943,0.5932572484016418,0.07450980693101883
nafnet,nbte2_Vacancy-Anion-12A.png,36,487.0,312.0,boundary_edge,170,0.30871707657421943,0.5823174118995667,0.09803921729326248
nafnet,nbte2_Vacancy-Anion-12A.png,36,280.0,131.0,boundary_edge,170,0.30871707657421943,0.5702646374702454,0.0784313753247261
nafnet,nbte2_Vacancy-Anion-12A.png,36,400.0,155.0,invented_damaged,170,0.30871707657421943,0.6230586171150208,0.13725490868091583
nafnet,nbte2_Vacancy-Anion-12A.png,36,362.0,289.0,invented_damaged,170,0.30871707657421943,0.6449775099754333,0.09019608050584793
nafnet,nbte2_Vacancy-Anion-12A.png,36,719.0,441.0,boundary_edge,170,0.30871707657421943,0.4840751886367798,0.0235294122248888
nafnet,nbte2_Vacancy-Anion-12A.png,36,189.0,287.0,invented_undamaged,170,0.30871707657421943,0.4517139792442322,0.08235294371843338
nafnet,nbte2_Vacancy-Anion-12A.png,36,722.0,496.0,boundary_edge,170,0.30871707657421943,0.3801567554473877,0.0313725508749485
nafnet,nbte2_Vacancy-Anion-12A.png,36,8.0,7.0,boundary_edge,170,0.30871707657421943,1.0,0.01568627543747425
nafnet,tis2_Vacancy-Anion-12A.png,36,318.0,280.0,invented_damaged,118,0.39352938291110645,0.4924739897251129,0.21176470816135406
nafnet,tis2_Vacancy-Anion-12A.png,36,359.0,281.0,borderline_shifted,118,0.39352938291110645,0.4281001091003418,0.3294117748737335
nafnet,tis2_Vacancy-Anion-12A.png,36,316.0,570.0,boundary_edge,118,0.39352938291110645,0.4134023189544678,0.24313725531101227
nafnet,tis2_Vacancy-Anion-12A.png,36,8.0,7.0,boundary_edge,118,0.39352938291110645,1.0,0.06666667014360428
nafnet,tis2_Vacancy-Anion-12A.png,36,359.0,570.0,boundary_edge,118,0.39352938291110645,0.3534929156303406,0.3019607961177826
nafnet,tise2_Adatom-Li.png,36,0.0,484.0,boundary_edge,157,0.32370274842610314,0.484502911567688,0.03529411926865578
nafnet,tise2_Adatom-Li.png,36,0.0,571.0,boundary_edge,157,0.32370274842610314,0.40052270889282227,0.04313725605607033
nafnet,tise2_Adatom-Li.png,36,0.0,226.0,boundary_edge,157,0.32370274842610314,0.3541521728038788,0.07058823853731155
nafnet,tise2_Adatom-Li.png,36,27.0,437.0,boundary_edge,157,0.32370274842610314,0.3053513467311859,0.062745101749897
nafnet,tise2_Adatom-Li.png,36,8.0,7.0,boundary_edge,157,0.32370274842610314,1.0,0.027450980618596077
nafnet,tise2_Adatom-Li.png,36,26.0,527.0,invented_undamaged,157,0.32370274842610314,0.31953924894332886,0.05882352963089943
nafnet,tise2_Adatom-Li.png,36,0.0,51.0,boundary_edge,157,0.32370274842610314,0.21675418317317963,0.0470588244497776
nafnet,tite2-B_Cu_doped.png,36,8.0,7.0,boundary_edge,72,0.020961744970608865,1.0,0.08627451211214066
nafnet,vs2_Vacancy-Anion-06A.png,36,288.0,412.0,invented_damaged,158,0.7356997116312503,0.5744335651397705,0.5372549295425415
nafnet,vs2_Vacancy-Anion-06A.png,36,49.0,464.0,boundary_edge,158,0.7356997116312503,0.3585369288921356,0.06666667014360428
nafnet,vs2_Vacancy-Anion-06A.png,36,250.0,388.0,boundary_edge,158,0.7356997116312503,0.38902756571769714,0.10980392247438431
nafnet,vs2_Vacancy-Anion-06A.png,36,8.0,7.0,boundary_edge,158,0.7356997116312503,1.0,0.04313725605607033
nafnet,vs2_Vacancy-Anion-06A.png,36,367.0,455.0,boundary_edge,158,0.7356997116312503,0.5451204776763916,0.5333333611488342
nafnet,vs2_Vacancy-Anion-06A.png,36,96.0,19.0,boundary_edge,158,0.7356997116312503,0.3462136387825012,0.3803921639919281
nafnet,vs2_Vacancy-Anion-06A.png,36,50.0,510.0,boundary_edge,158,0.7356997116312503,0.31339189410209656,0.0313725508749485
nafnet,vte2_Defect-Free.png,36,8.0,7.0,boundary_edge,119,0.18411494952932853,1.0,0.0313725508749485
nafnet,ws2-A_Vacancy-Metal.png,36,414.0,49.0,borderline_shifted,59,0.19601051122790253,0.6180425882339478,0.03529411926865578
nafnet,ws2-A_Vacancy-Metal.png,36,347.0,500.0,invented_undamaged,59,0.19601051122790253,0.607308030128479,0.0470588244497776
nafnet,ws2-A_Vacancy-Metal.png,36,280.0,48.0,borderline_shifted,59,0.19601051122790253,0.5465408563613892,0.03921568766236305
nafnet,ws2-A_Vacancy-Metal.png,36,345.0,4.0,boundary_edge,59,0.19601051122790253,0.5496313571929932,0.05098039284348488
nafnet,ws2-A_Vacancy-Metal.png,36,484.0,6.0,boundary_edge,59,0.19601051122790253,0.3312045931816101,0.03921568766236305
nafnet,ws2-A_Vacancy-Metal.png,36,8.0,7.0,boundary_edge,59,0.19601051122790253,1.0,0.027450980618596077
nafnet,ws2-A_Vacancy-Metal.png,36,545.0,459.0,borderline_shifted,59,0.19601051122790253,0.19854077696800232,0.019607843831181526
nafnet,cose2_Fe_doped.png,36,241.0,385.0,invented_damaged,96,0.22732053575057926,0.7486717700958252,0.10196078568696976
nafnet,cose2_Fe_doped.png,36,94.0,389.0,borderline_shifted,96,0.22732053575057926,0.7011468410491943,0.07450980693101883
nafnet,cose2_Fe_doped.png,36,172.0,422.0,invented_damaged,96,0.22732053575057926,0.41928842663764954,0.11372549086809158
nafnet,cose2_Fe_doped.png,36,8.0,7.0,boundary_edge,96,0.22732053575057926,1.0,0.019607843831181526
nafnet,cose2_Fe_doped.png,36,0.0,305.0,boundary_edge,96,0.22732053575057926,0.23794960975646973,0.21960784494876862
nafnet,cro2_Vacancy-Anion-03.png,36,338.0,0.0,boundary_edge,80,0.9045449249309231,0.7942460775375366,0.125490203499794
nafnet,cro2_Vacancy-Anion-03.png,36,100.0,256.0,borderline_shifted,80,0.9045449249309231,0.4319748878479004,0.4588235318660736
nafnet,cro2_Vacancy-Anion-03.png,36,94.0,32.0,borderline_shifted,80,0.9045449249309231,0.4735409617424011,0.47843137383461
nafnet,cro2_Vacancy-Anion-03.png,36,8.0,7.0,boundary_edge,80,0.9045449249309231,1.0,0.07450980693101883
nafnet,cro2_Vacancy-Anion-03.png,36,315.0,445.0,boundary_edge,80,0.9045449249309231,0.4030538499355316,0.35686275362968445
nafnet,cro2_Vacancy-Anion-03.png,36,156.0,129.0,borderline_shifted,80,0.9045449249309231,0.4883890151977539,0.4470588266849518
restormer,vo2_Vacancy-Anion-03.png,1,0.0,358.0,boundary_edge,100,0.8208365164247517,0.30565163493156433,0.0941176488995552
restormer,vo2_Vacancy-Anion-03.png,1,0.0,239.0,boundary_edge,100,0.8208365164247517,0.2755540609359741,0.08627451211214066
restormer,vo2_Vacancy-Anion-03.png,1,171.0,257.0,boundary_edge,100,0.8208365164247517,0.49079465866088867,0.529411792755127
restormer,vo2_Vacancy-Anion-03.png,1,380.0,257.0,boundary_edge,100,0.8208365164247517,0.48999541997909546,0.5529412031173706
restormer,mno2_Defect-Free.png,1,250.0,0.0,boundary_edge,74,0.5485121107266436,0.3627128601074219,0.07450980693101883
restormer,mos2-A_Adatom-Li.png,1,638.0,2.0,boundary_edge,84,0.1745861950889585,1.0,0.019607843831181526
restormer,mote2-A_Anti-2M.png,1,101.0,0.0,boundary_edge,189,0.2322716616543134,0.3199148178100586,0.13333334028720856
restormer,mote2-A_Anti-2M.png,1,452.0,0.0,boundary_edge,189,0.2322716616543134,0.26320621371269226,0.14509804546833038
restormer,tas2-A_Doped-Li.png,1,583.0,546.0,borderline_shifted,68,0.06500783897233602,0.5975327491760254,0.04313725605607033
restormer,nbs2_Anti-Metal.png,1,668.0,194.0,boundary_edge,106,0.046149358075750414,0.28443846106529236,0.01568627543747425
restormer,nbte2_Vacancy-Anion-12A.png,1,96.0,132.0,invented_undamaged,170,0.054897087039944184,0.34934648871421814,0.07058823853731155
restormer,nbte2_Vacancy-Anion-12A.png,1,716.0,444.0,boundary_edge,170,0.054897087039944184,0.4577004015445709,0.019607843831181526
restormer,nbte2_Vacancy-Anion-12A.png,1,532.0,27.0,invented_undamaged,170,0.054897087039944184,0.29233235120773315,0.062745101749897
restormer,nbte2_Vacancy-Anion-12A.png,1,461.0,0.0,boundary_edge,170,0.054897087039944184,0.34275537729263306,0.07058823853731155
restormer,nbte2_Vacancy-Anion-12A.png,1,721.0,136.0,boundary_edge,170,0.054897087039944184,0.2719450294971466,0.0235294122248888
restormer,nbte2_Vacancy-Anion-12A.png,1,727.0,390.0,boundary_edge,170,0.054897087039944184,0.2413802444934845,0.03921568766236305
restormer,nbte2_Vacancy-Anion-12A.png,1,629.0,27.0,invented_undamaged,170,0.054897087039944184,0.25854066014289856,0.062745101749897
restormer,nbte2_Vacancy-Anion-12A.png,1,714.0,186.0,boundary_edge,170,0.054897087039944184,0.2504471242427826,0.05098039284348488
restormer,nbte2_Vacancy-Anion-12A.png,1,714.0,500.0,boundary_edge,170,0.054897087039944184,0.2462751418352127,0.03529411926865578
restormer,tise2_Adatom-Li.png,1,658.0,305.0,invented_undamaged,157,0.21837645949468895,0.3548218309879303,0.03921568766236305
restormer,tise2_Adatom-Li.png,1,659.0,231.0,invented_undamaged,157,0.21837645949468895,0.2796439528465271,0.0313725508749485
restormer,tise2_Adatom-Li.png,1,636.0,267.0,invented_undamaged,157,0.21837645949468895,0.32009056210517883,0.03529411926865578
restormer,vs2_Vacancy-Anion-06A.png,1,638.0,2.0,boundary_edge,158,0.5798871994272244,1.0,0.03529411926865578
restormer,vs2_Vacancy-Anion-06A.png,1,94.0,114.0,boundary_edge,158,0.5798871994272244,0.2949272692203522,0.06666667014360428
restormer,vs2_Vacancy-Anion-06A.png,1,367.0,448.0,boundary_edge,158,0.5798871994272244,0.5217693448066711,0.5607843399047852
restormer,cro2_Vacancy-Anion-03.png,1,526.0,2.0,boundary_edge,80,0.6890084556742901,1.0,0.03529411926865578
restormer,vo2_Vacancy-Anion-03.png,2,0.0,358.0,boundary_edge,100,0.8481016042780749,0.3017241954803467,0.0941176488995552
restormer,vo2_Vacancy-Anion-03.png,2,172.0,257.0,boundary_edge,100,0.8481016042780749,0.4779353439807892,0.4745098054409027
restormer,mno2_Defect-Free.png,2,249.0,0.0,boundary_edge,74,0.5092214532871973,0.4147172272205353,0.0784313753247261
restormer,mos2-A_Adatom-Li.png,2,638.0,2.0,boundary_edge,84,0.20018564268876268,1.0,0.019607843831181526
restormer,mote2-A_Anti-2M.png,2,453.0,0.0,boundary_edge,189,0.22246323616472094,0.2787330150604248,0.125490203499794
restormer,mote2-A_Anti-2M.png,2,102.0,2.0,boundary_edge,189,0.22246323616472094,0.33942896127700806,0.09803921729326248
restormer,tas2-A_Doped-Li.png,2,512.0,44.0,invented_undamaged,68,0.050531027158246096,0.6530654430389404,0.03529411926865578
restormer,tas2-A_Doped-Li.png,2,511.0,339.0,borderline_shifted,68,0.050531027158246096,0.6487658619880676,0.0470588244497776
restormer,tas2-A_Doped-Li.png,2,0.0,382.0,boundary_edge,68,0.050531027158246096,0.2314218133687973,0.03921568766236305
restormer,tas2-A_Doped-Li.png,2,590.0,544.0,borderline_shifted,68,0.050531027158246096,0.21932600438594818,0.054901961237192154
restormer,nbs2_Anti-Metal.png,2,668.0,192.0,boundary_edge,106,0.05819269861185333,0.25268256664276123,0.019607843831181526
restormer,nbte2_Vacancy-Anion-12A.png,2,717.0,445.0,boundary_edge,170,0.05821123321123321,0.4416583478450775,0.027450980618596077
restormer,nbte2_Vacancy-Anion-12A.png,2,727.0,391.0,boundary_edge,170,0.05821123321123321,0.2713320255279541,0.027450980618596077
restormer,nbte2_Vacancy-Anion-12A.png,2,720.0,135.0,boundary_edge,170,0.05821123321123321,0.28406915068626404,0.027450980618596077
restormer,nbte2_Vacancy-Anion-12A.png,2,532.0,27.0,invented_undamaged,170,0.05821123321123321,0.2915823459625244,0.062745101749897
restormer,nbte2_Vacancy-Anion-12A.png,2,460.0,0.0,boundary_edge,170,0.05821123321123321,0.3371420204639435,0.0784313753247261
restormer,nbte2_Vacancy-Anion-12A.png,2,629.0,25.0,invented_undamaged,170,0.05821123321123321,0.2417220026254654,0.06666667014360428
restormer,nbte2_Vacancy-Anion-12A.png,2,497.0,0.0,boundary_edge,170,0.05821123321123321,0.27901020646095276,0.06666667014360428
restormer,nbte2_Vacancy-Anion-12A.png,2,714.0,186.0,boundary_edge,170,0.05821123321123321,0.2342579960823059,0.05098039284348488
restormer,tise2_Adatom-Li.png,2,660.0,229.0,invented_undamaged,157,0.2022861950060552,0.3257370889186859,0.01568627543747425
restormer,tise2_Adatom-Li.png,2,659.0,308.0,invented_undamaged,157,0.2022861950060552,0.357907235622406,0.0313725508749485
restormer,tise2_Adatom-Li.png,2,637.0,268.0,invented_undamaged,157,0.2022861950060552,0.3351469337940216,0.03529411926865578
restormer,tise2_Adatom-Li.png,2,702.0,2.0,boundary_edge,157,0.2022861950060552,0.8343825936317444,0.01568627543747425
restormer,tise2_Adatom-Li.png,2,706.0,539.0,boundary_edge,157,0.2022861950060552,0.12282201647758484,0.03921568766236305
restormer,tise2_Adatom-Li.png,2,669.0,276.0,invented_undamaged,157,0.2022861950060552,0.25822532176971436,0.0313725508749485
restormer,vs2_Vacancy-Anion-06A.png,2,638.0,2.0,boundary_edge,158,0.6361799488916622,1.0,0.03529411926865578
restormer,vs2_Vacancy-Anion-06A.png,2,94.0,112.0,invented_undamaged,158,0.6361799488916622,0.3012392520904541,0.0941176488995552
restormer,vs2_Vacancy-Anion-06A.png,2,86.0,14.0,boundary_edge,158,0.6361799488916622,0.3264785408973694,0.3294117748737335
restormer,vs2_Vacancy-Anion-06A.png,2,367.0,446.0,boundary_edge,158,0.6361799488916622,0.5317652821540833,0.545098066329956
restormer,ws2-A_Vacancy-Metal.png,2,344.0,499.0,invented_undamaged,59,0.01815006939230542,0.49131083488464355,0.0470588244497776
restormer,ws2-A_Vacancy-Metal.png,2,275.0,54.0,borderline_shifted,59,0.01815006939230542,0.26893097162246704,0.0235294122248888
restormer,ws2-A_Vacancy-Metal.png,2,0.0,132.0,boundary_edge,59,0.01815006939230542,0.2366994321346283,0.027450980618596077
restormer,cro2_Vacancy-Anion-03.png,2,526.0,2.0,boundary_edge,80,0.6971978095142981,1.0,0.03529411926865578
restormer,vo2_Vacancy-Anion-03.png,4,409.0,0.0,boundary_edge,100,0.8810847975553858,0.49594858288764954,0.08235294371843338
restormer,vo2_Vacancy-Anion-03.png,4,134.0,0.0,boundary_edge,100,0.8810847975553858,0.4875679910182953,0.12156862765550613
restormer,vo2_Vacancy-Anion-03.png,4,36.0,19.0,invented_damaged,100,0.8810847975553858,0.4603932499885559,0.4431372582912445
restormer,vo2_Vacancy-Anion-03.png,4,0.0,357.0,boundary_edge,100,0.8810847975553858,0.27729320526123047,0.11764705926179886
restormer,vo2_Vacancy-Anion-03.png,4,311.0,20.0,boundary_edge,100,0.8810847975553858,0.45370912551879883,0.5372549295425415
restormer,vo2_Vacancy-Anion-03.png,4,0.0,239.0,boundary_edge,100,0.8810847975553858,0.2710077464580536,0.08627451211214066
restormer,vo2_Vacancy-Anion-03.png,4,345.0,79.0,invented_damaged,100,0.8810847975553858,0.5016860961914062,0.5411764979362488
restormer,vo2_Vacancy-Anion-03.png,4,412.0,79.0,invented_damaged,100,0.8810847975553858,0.4859582781791687,0.48627451062202454
restormer,vo2_Vacancy-Anion-03.png,4,70.0,79.0,boundary_edge,100,0.8810847975553858,0.4909607768058777,0.501960813999176
restormer,vo2_Vacancy-Anion-03.png,4,137.0,80.0,boundary_edge,100,0.8810847975553858,0.4804970324039459,0.47843137383461
restormer,mno2_Defect-Free.png,4,249.0,0.0,boundary_edge,74,0.5623425605536332,0.3688383102416992,0.0784313753247261
restormer,mos2-A_Adatom-Li.png,4,638.0,2.0,boundary_edge,84,0.19147515189590425,1.0,0.019607843831181526
restormer,mos2-A_Adatom-Li.png,4,95.0,511.0,boundary_edge,84,0.19147515189590425,0.20834028720855713,0.21176470816135406
restormer,mote2-A_Anti-2M.png,4,103.0,8.0,boundary_edge,189,0.2722986573207985,0.36571431159973145,0.08627451211214066
restormer,mote2-A_Anti-2M.png,4,404.0,10.0,boundary_edge,189,0.2722986573207985,0.37138721346855164,0.10588235408067703
restormer,mote2-A_Anti-2M.png,4,152.0,0.0,boundary_edge,189,0.2722986573207985,0.2865692675113678,0.12941177189350128
restormer,mote2-A_Anti-2M.png,4,452.0,0.0,boundary_edge,189,0.2722986573207985,0.27951616048812866,0.14509804546833038
restormer,tate2-A_Fe_doped.png,4,643.0,93.0,invented_undamaged,122,0.0488133445945946,0.3707391023635864,0.03529411926865578
restormer,tate2-A_Fe_doped.png,4,642.0,414.0,invented_undamaged,122,0.0488133445945946,0.3679777979850769,0.03529411926865578
restormer,tate2-A_Fe_doped.png,4,626.0,372.0,invented_undamaged,122,0.0488133445945946,0.2508412003517151,0.03921568766236305
restormer,tate2-A_Fe_doped.png,4,634.0,32.0,invented_undamaged,122,0.0488133445945946,0.26718881726264954,0.019607843831181526
restormer,vse2-A_Vacancy-Anion-06A.png,4,628.0,217.0,borderline_shifted,84,0.05164308340497378,0.22864195704460144,0.21176470816135406
restormer,tas2-A_Doped-Li.png,4,583.0,546.0,borderline_shifted,68,0.07274566327820765,0.6157840490341187,0.04313725605607033
restormer,tas2-A_Doped-Li.png,4,587.0,467.0,invented_undamaged,68,0.07274566327820765,0.2839396893978119,0.03921568766236305
restormer,nbs2_Anti-Metal.png,4,366.0,412.0,borderline_shifted,106,0.06295582043159821,0.4914240837097168,0.5843137502670288
restormer,nbs2_Anti-Metal.png,4,668.0,193.0,boundary_edge,106,0.06295582043159821,0.2494918555021286,0.0235294122248888
restormer,nbte2_Vacancy-Anion-12A.png,4,579.0,471.0,invented_undamaged,170,0.08330716902145474,0.6110411882400513,0.06666667014360428
restormer,nbte2_Vacancy-Anion-12A.png,4,712.0,442.0,boundary_edge,170,0.08330716902145474,0.4539567232131958,0.027450980618596077
restormer,nbte2_Vacancy-Anion-12A.png,4,712.0,503.0,boundary_edge,170,0.08330716902145474,0.4119548201560974,0.03529411926865578
restormer,nbte2_Vacancy-Anion-12A.png,4,532.0,26.0,invented_undamaged,170,0.08330716902145474,0.33033227920532227,0.05882352963089943
restormer,nbte2_Vacancy-Anion-12A.png,4,721.0,135.0,boundary_edge,170,0.08330716902145474,0.2741842269897461,0.0235294122248888
restormer,nbte2_Vacancy-Anion-12A.png,4,628.0,25.0,invented_undamaged,170,0.08330716902145474,0.2872312366962433,0.062745101749897
restormer,nbte2_Vacancy-Anion-12A.png,4,462.0,0.0,boundary_edge,170,0.08330716902145474,0.31805419921875,0.06666667014360428
restormer,nbte2_Vacancy-Anion-12A.png,4,714.0,185.0,boundary_edge,170,0.08330716902145474,0.2802678346633911,0.04313725605607033
restormer,nbte2_Vacancy-Anion-12A.png,4,724.0,389.0,boundary_edge,170,0.08330716902145474,0.2715449333190918,0.027450980618596077
restormer,tis2_Vacancy-Anion-12A.png,4,146.0,0.0,boundary_edge,118,0.32701348389445234,0.28436604142189026,0.07058823853731155
restormer,tis2_Vacancy-Anion-12A.png,4,433.0,0.0,boundary_edge,118,0.32701348389445234,0.2687412202358246,0.10196078568696976
restormer,tise2_Adatom-Li.png,4,661.0,231.0,invented_undamaged,157,0.24425908977452368,0.3801734745502472,0.019607843831181526
restormer,tise2_Adatom-Li.png,4,659.0,306.0,invented_undamaged,157,0.24425908977452368,0.31670716404914856,0.054901961237192154
restormer,tise2_Adatom-Li.png,4,636.0,268.0,invented_undamaged,157,0.24425908977452368,0.3311101794242859,0.04313725605607033
restormer,tise2_Adatom-Li.png,4,610.0,224.0,invented_undamaged,157,0.24425908977452368,0.22233352065086365,0.06666667014360428
restormer,vs2_Vacancy-Anion-06A.png,4,638.0,2.0,boundary_edge,158,0.5639575851734882,1.0,0.03529411926865578
restormer,vs2_Vacancy-Anion-06A.png,4,93.0,113.0,boundary_edge,158,0.5639575851734882,0.34602394700050354,0.0470588244497776
restormer,vs2_Vacancy-Anion-06A.png,4,253.0,389.0,boundary_edge,158,0.5639575851734882,0.3876223564147949,0.09803921729326248
restormer,ws2-A_Vacancy-Metal.png,4,345.0,500.0,invented_undamaged,59,0.04382806634359429,0.5792460441589355,0.03921568766236305
restormer,ws2-A_Vacancy-Metal.png,4,273.0,52.0,borderline_shifted,59,0.04382806634359429,0.5344200134277344,0.03529411926865578
restormer,ws2-A_Vacancy-Metal.png,4,217.0,0.0,boundary_edge,59,0.04382806634359429,0.31876277923583984,0.05098039284348488
restormer,ws2-A_Vacancy-Metal.png,4,0.0,131.0,boundary_edge,59,0.04382806634359429,0.24036739766597748,0.027450980618596077
restormer,cro2_Vacancy-Anion-03.png,4,526.0,2.0,boundary_edge,80,0.678255767502247,1.0,0.03529411926865578
restormer,vo2_Vacancy-Anion-03.png,8,549.0,320.0,boundary_edge,100,0.8846180290297937,0.41754212975502014,0.40784314274787903
restormer,vo2_Vacancy-Anion-03.png,8,515.0,444.0,invented_damaged,100,0.8846180290297937,0.4918055534362793,0.22745098173618317
restormer,vo2_Vacancy-Anion-03.png,8,206.0,318.0,invented_damaged,100,0.8846180290297937,0.479046106338501,0.501960813999176
restormer,vo2_Vacancy-Anion-03.png,8,0.0,239.0,boundary_edge,100,0.8846180290297937,0.2646543085575104,0.08627451211214066
restormer,vo2_Vacancy-Anion-03.png,8,481.0,318.0,invented_damaged,100,0.8846180290297937,0.4803205132484436,0.5254902243614197
restormer,vo2_Vacancy-Anion-03.png,8,241.0,446.0,invented_damaged,100,0.8846180290297937,0.42261332273483276,0.2078431397676468
restormer,vo2_Vacancy-Anion-03.png,8,481.0,79.0,boundary_edge,100,0.8846180290297937,0.47570717334747314,0.5215686559677124
restormer,vo2_Vacancy-Anion-03.png,8,171.0,257.0,boundary_edge,100,0.8846180290297937,0.46270179748535156,0.529411792755127
restormer,mno2_Defect-Free.png,8,246.0,0.0,boundary_edge,74,0.567795847750865,0.4338247776031494,0.054901961237192154
restormer,mos2-A_Adatom-Li.png,8,0.0,129.0,boundary_edge,84,0.2219420602376566,0.36562174558639526,0.03529411926865578
restormer,mos2-A_Adatom-Li.png,8,638.0,2.0,boundary_edge,84,0.2219420602376566,1.0,0.019607843831181526
restormer,mote2-A_Anti-2M.png,8,101.0,8.0,boundary_edge,189,0.22890430746643303,0.32159310579299927,0.10980392247438431
restormer,mote2-A_Anti-2M.png,8,452.0,0.0,boundary_edge,189,0.22890430746643303,0.26773545145988464,0.14509804546833038
restormer,tas2-A_Doped-Li.png,8,583.0,543.0,borderline_shifted,68,0.13661811561219844,0.6124968528747559,0.05098039284348488
restormer,tas2-A_Doped-Li.png,8,584.0,466.0,invented_undamaged,68,0.13661811561219844,0.5400050282478333,0.0470588244497776
restormer,tas2-A_Doped-Li.png,8,583.0,174.0,invented_undamaged,68,0.13661811561219844,0.5265365839004517,0.03921568766236305
restormer,tas2-A_Doped-Li.png,8,0.0,89.0,boundary_edge,68,0.13661811561219844,0.2954736649990082,0.0313725508749485
restormer,tas2-A_Doped-Li.png,8,8.0,381.0,boundary_edge,68,0.13661811561219844,0.2642582058906555,0.0313725508749485
restormer,nbs2_Anti-Metal.png,8,668.0,194.0,boundary_edge,106,0.08944600633533926,0.3162502646446228,0.01568627543747425
restormer,nbte2_Vacancy-Anion-12A.png,8,717.0,442.0,boundary_edge,170,0.10455913134484562,0.4316655397415161,0.027450980618596077
restormer,nbte2_Vacancy-Anion-12A.png,8,495.0,0.0,boundary_edge,170,0.10455913134484562,0.352353572845459,0.054901961237192154
restormer,nbte2_Vacancy-Anion-12A.png,8,722.0,134.0,boundary_edge,170,0.10455913134484562,0.27125898003578186,0.019607843831181526
restormer,nbte2_Vacancy-Anion-12A.png,8,727.0,389.0,boundary_edge,170,0.10455913134484562,0.26085740327835083,0.03921568766236305
restormer,nbte2_Vacancy-Anion-12A.png,8,534.0,27.0,invented_undamaged,170,0.10455913134484562,0.26586946845054626,0.06666667014360428
restormer,nbte2_Vacancy-Anion-12A.png,8,628.0,27.0,invented_undamaged,170,0.10455913134484562,0.2381668984889984,0.05882352963089943
restormer,nbte2_Vacancy-Anion-12A.png,8,715.0,185.0,boundary_edge,170,0.10455913134484562,0.25139951705932617,0.03921568766236305
restormer,nbte2_Vacancy-Anion-12A.png,8,407.0,154.0,boundary_edge,170,0.10455913134484562,0.3418261706829071,0.125490203499794
restormer,nbte2_Vacancy-Anion-12A.png,8,715.0,500.0,boundary_edge,170,0.10455913134484562,0.24991057813167572,0.0313725508749485
restormer,tise2_Adatom-Li.png,8,661.0,230.0,invented_undamaged,157,0.2508921060173244,0.34477606415748596,0.019607843831181526
restormer,tise2_Adatom-Li.png,8,656.0,305.0,invented_undamaged,157,0.2508921060173244,0.33409345149993896,0.03529411926865578
restormer,tise2_Adatom-Li.png,8,636.0,268.0,invented_undamaged,157,0.2508921060173244,0.33020859956741333,0.04313725605607033
restormer,tise2_Adatom-Li.png,8,670.0,274.0,invented_undamaged,157,0.2508921060173244,0.2543962895870209,0.027450980618596077
restormer,tise2_Adatom-Li.png,8,610.0,224.0,invented_undamaged,157,0.2508921060173244,0.22105732560157776,0.06666667014360428
restormer,tite2-B_Cu_doped.png,8,50.0,622.0,borderline_shifted,72,0.6632568398271086,0.29021358489990234,0.03921568766236305
restormer,tite2-B_Cu_doped.png,8,421.0,619.0,borderline_shifted,72,0.6632568398271086,0.27422773838043213,0.03921568766236305
restormer,vs2_Vacancy-Anion-06A.png,8,638.0,2.0,boundary_edge,158,0.6853469622234107,1.0,0.03529411926865578
restormer,vs2_Vacancy-Anion-06A.png,8,88.0,110.0,boundary_edge,158,0.6853469622234107,0.4081437289714813,0.06666667014360428
restormer,vs2_Vacancy-Anion-06A.png,8,165.0,245.0,boundary_edge,158,0.6853469622234107,0.28493282198905945,0.0784313753247261
restormer,vs2_Vacancy-Anion-06A.png,8,367.0,447.0,boundary_edge,158,0.6853469622234107,0.5255835056304932,0.5098039507865906
restormer,ws2-A_Vacancy-Metal.png,8,348.0,500.0,invented_undamaged,59,0.049382294723909634,0.6105791926383972,0.03529411926865578
restormer,ws2-A_Vacancy-Metal.png,8,0.0,132.0,boundary_edge,59,0.049382294723909634,0.24497665464878082,0.027450980618596077
restormer,cro2_Vacancy-Anion-03.png,8,83.0,399.0,borderline_shifted,80,0.7192441492726123,0.48176875710487366,0.4431372582912445
restormer,cro2_Vacancy-Anion-03.png,8,81.0,172.0,borderline_shifted,80,0.7192441492726123,0.47976160049438477,0.4274509847164154
restormer,cro2_Vacancy-Anion-03.png,8,526.0,2.0,boundary_edge,80,0.7192441492726123,1.0,0.03529411926865578
restormer,vo2_Vacancy-Anion-03.png,12,0.0,357.0,boundary_edge,100,0.8351451489686784,0.313567191362381,0.11764705926179886
restormer,vo2_Vacancy-Anion-03.png,12,0.0,237.0,boundary_edge,100,0.8351451489686784,0.25843775272369385,0.11372549086809158
restormer,mos2-A_Adatom-Li.png,12,326.0,350.0,borderline_shifted,84,0.2720627562845427,0.6106226444244385,0.15294118225574493
restormer,mos2-A_Adatom-Li.png,12,638.0,2.0,boundary_edge,84,0.2720627562845427,1.0,0.019607843831181526
restormer,mose2-A_Doped-Na.png,12,240.0,52.0,invented_undamaged,105,0.06890518596123625,0.35172492265701294,0.03529411926865578
restormer,mote2-A_Anti-2M.png,12,406.0,11.0,boundary_edge,189,0.33133865353193304,0.34727394580841064,0.12156862765550613
restormer,mote2-A_Anti-2M.png,12,104.0,10.0,boundary_edge,189,0.33133865353193304,0.3866182267665863,0.10196078568696976
restormer,mote2-A_Anti-2M.png,12,276.0,538.0,borderline_shifted,189,0.33133865353193304,0.5052939057350159,0.2705882489681244
restormer,mote2-A_Anti-2M.png,12,277.0,236.0,borderline_shifted,189,0.33133865353193304,0.48834162950515747,0.26274511218070984
restormer,mote2-A_Anti-2M.png,12,453.0,3.0,boundary_edge,189,0.33133865353193304,0.3199441432952881,0.11764705926179886
restormer,mote2-A_Anti-2M.png,12,382.0,604.0,boundary_edge,189,0.33133865353193304,0.39281952381134033,0.11764705926179886
restormer,mote2-A_Anti-2M.png,12,303.0,273.0,borderline_shifted,189,0.33133865353193304,0.4681057631969452,0.2078431397676468
restormer,mote2-A_Anti-2M.png,12,149.0,0.0,boundary_edge,189,0.33133865353193304,0.26288604736328125,0.14901961386203766
restormer,vse2-A_Vacancy-Anion-06A.png,12,668.0,287.0,boundary_edge,84,0.06952867037906188,0.20482084155082703,0.24313725531101227
restormer,vse2-A_Vacancy-Anion-06A.png,12,294.0,218.0,borderline_shifted,84,0.06952867037906188,0.19793225824832916,0.23137255012989044
restormer,vse2-A_Vacancy-Anion-06A.png,12,629.0,218.0,borderline_shifted,84,0.06952867037906188,0.19886469841003418,0.23137255012989044
restormer,tas2-A_Doped-Li.png,12,583.0,542.0,borderline_shifted,68,0.15909826531128307,0.6362043619155884,0.062745101749897
restormer,tas2-A_Doped-Li.png,12,219.0,210.0,invented_undamaged,68,0.15909826531128307,0.6009102463722229,0.054901961237192154
restormer,tas2-A_Doped-Li.png,12,584.0,465.0,invented_undamaged,68,0.15909826531128307,0.5472918152809143,0.04313725605607033
restormer,tas2-A_Doped-Li.png,12,584.0,174.0,invented_undamaged,68,0.15909826531128307,0.5478780269622803,0.04313725605607033
restormer,tas2-A_Doped-Li.png,12,212.0,503.0,invented_undamaged,68,0.15909826531128307,0.3810848593711853,0.03921568766236305
restormer,tas2-A_Doped-Li.png,12,0.0,89.0,boundary_edge,68,0.15909826531128307,0.31071722507476807,0.0313725508749485
restormer,tas2-A_Doped-Li.png,12,0.0,382.0,boundary_edge,68,0.15909826531128307,0.2459203153848648,0.03921568766236305
restormer,tase2-A_Vacancy-Anion-12B.png,12,90.0,218.0,borderline_shifted,121,0.14422923040715463,0.38209283351898193,0.14901961386203766
restormer,tase2-A_Vacancy-Anion-12B.png,12,90.0,522.0,borderline_shifted,121,0.14422923040715463,0.38004064559936523,0.14901961386203766
restormer,tase2-A_Vacancy-Anion-12B.png,12,179.0,524.0,invented_undamaged,121,0.14422923040715463,0.2558278739452362,0.2549019753932953
restormer,tase2-A_Vacancy-Anion-12B.png,12,179.0,220.0,boundary_edge,121,0.14422923040715463,0.2537757158279419,0.250980406999588
restormer,nbs2_Anti-Metal.png,12,668.0,194.0,boundary_edge,106,0.10422071970899778,0.31451427936553955,0.01568627543747425
restormer,nbs2_Anti-Metal.png,12,579.0,293.0,invented_damaged,106,0.10422071970899778,0.35380250215530396,0.20392157137393951
restormer,nbs2_Anti-Metal.png,12,495.0,293.0,boundary_edge,106,0.10422071970899778,0.34616342186927795,0.23529411852359772
restormer,nbs2_Anti-Metal.png,12,668.0,42.0,boundary_edge,106,0.10422071970899778,0.21989797055721283,0.0117647061124444
restormer,nbte2_Vacancy-Anion-12A.png,12,188.0,595.0,invented_undamaged,170,0.18202729809872667,0.48536282777786255,0.07058823853731155
restormer,nbte2_Vacancy-Anion-12A.png,12,713.0,443.0,boundary_edge,170,0.18202729809872667,0.46687114238739014,0.0235294122248888
restormer,nbte2_Vacancy-Anion-12A.png,12,723.0,135.0,boundary_edge,170,0.18202729809872667,0.28345733880996704,0.0235294122248888
restormer,nbte2_Vacancy-Anion-12A.png,12,727.0,389.0,boundary_edge,170,0.18202729809872667,0.2877509593963623,0.03921568766236305
restormer,nbte2_Vacancy-Anion-12A.png,12,365.0,590.0,borderline_shifted,170,0.18202729809872667,0.3744125962257385,0.12941177189350128
restormer,nbte2_Vacancy-Anion-12A.png,12,533.0,26.0,invented_undamaged,170,0.18202729809872667,0.2673839330673218,0.06666667014360428
restormer,nbte2_Vacancy-Anion-12A.png,12,627.0,27.0,invented_undamaged,170,0.18202729809872667,0.23482319712638855,0.05882352963089943
restormer,nbte2_Vacancy-Anion-12A.png,12,714.0,185.0,boundary_edge,170,0.18202729809872667,0.2860046923160553,0.04313725605607033
restormer,nbte2_Vacancy-Anion-12A.png,12,490.0,0.0,boundary_edge,170,0.18202729809872667,0.2511396110057831,0.0470588244497776
restormer,tis2_Vacancy-Anion-12A.png,12,145.0,0.0,boundary_edge,118,0.3368495240750637,0.3142423629760742,0.062745101749897
restormer,tise2_Adatom-Li.png,12,635.0,184.0,invented_undamaged,157,0.28078459106414844,0.5016528964042664,0.027450980618596077
restormer,tise2_Adatom-Li.png,12,660.0,309.0,invented_undamaged,157,0.28078459106414844,0.3977086544036865,0.04313725605607033
restormer,tise2_Adatom-Li.png,12,636.0,267.0,invented_undamaged,157,0.28078459106414844,0.42163658142089844,0.03529411926865578
restormer,tise2_Adatom-Li.png,12,658.0,228.0,invented_undamaged,157,0.28078459106414844,0.3969297707080841,0.027450980618596077
restormer,tise2_Adatom-Li.png,12,676.0,271.0,invented_undamaged,157,0.28078459106414844,0.4014354944229126,0.03529411926865578
restormer,tise2_Adatom-Li.png,12,635.0,97.0,invented_undamaged,157,0.28078459106414844,0.3434882164001465,0.027450980618596077
restormer,tise2_Adatom-Li.png,12,0.0,398.0,boundary_edge,157,0.28078459106414844,0.22954082489013672,0.054901961237192154
restormer,tise2_Adatom-Li.png,12,660.0,140.0,invented_undamaged,157,0.28078459106414844,0.3404519259929657,0.027450980618596077
restormer,tise2_Adatom-Li.png,12,609.0,224.0,invented_undamaged,157,0.28078459106414844,0.2860186696052551,0.05098039284348488
restormer,tise2_Adatom-Li.png,12,611.0,139.0,invented_undamaged,157,0.28078459106414844,0.2995539605617523,0.0470588244497776
restormer,vs2_Vacancy-Anion-06A.png,12,638.0,2.0,boundary_edge,158,0.7171099734836587,1.0,0.03529411926865578
restormer,vs2_Vacancy-Anion-06A.png,12,93.0,113.0,boundary_edge,158,0.7171099734836587,0.37823382019996643,0.0470588244497776
restormer,vs2_Vacancy-Anion-06A.png,12,254.0,394.0,boundary_edge,158,0.7171099734836587,0.45869237184524536,0.08235294371843338
restormer,vs2_Vacancy-Anion-06A.png,12,171.0,249.0,invented_undamaged,158,0.7171099734836587,0.370963454246521,0.09803921729326248
restormer,vs2_Vacancy-Anion-06A.png,12,252.0,300.0,invented_damaged,158,0.7171099734836587,0.38642945885658264,0.33725491166114807
restormer,vs2_Vacancy-Anion-06A.png,12,367.0,447.0,boundary_edge,158,0.7171099734836587,0.5287590622901917,0.5098039507865906
restormer,vte2_Defect-Free.png,12,388.0,185.0,invented_damaged,119,0.09101514567976426,0.34102821350097656,0.1882352977991104
restormer,vte2_Defect-Free.png,12,390.0,94.0,invented_damaged,119,0.09101514567976426,0.27804091572761536,0.18431372940540314
restormer,vte2_Defect-Free.png,12,468.0,139.0,invented_damaged,119,0.09101514567976426,0.23064030706882477,0.18431372940540314
restormer,cro2_Vacancy-Anion-03.png,12,526.0,2.0,boundary_edge,80,0.7821207430340558,1.0,0.03529411926865578
restormer,vo2_Vacancy-Anion-03.png,16,0.0,358.0,boundary_edge,100,0.8327616501145912,0.3751142919063568,0.0941176488995552
restormer,vo2_Vacancy-Anion-03.png,16,521.0,136.0,invented_damaged,100,0.8327616501145912,0.5115998983383179,0.4941176474094391
restormer,vo2_Vacancy-Anion-03.png,16,549.0,81.0,boundary_edge,100,0.8327616501145912,0.4423089921474457,0.4627451002597809
restormer,vo2_Vacancy-Anion-03.png,16,275.0,79.0,boundary_edge,100,0.8327616501145912,0.4580709934234619,0.4745098054409027
restormer,vo2_Vacancy-Anion-03.png,16,242.0,140.0,invented_damaged,100,0.8327616501145912,0.43576061725616455,0.5098039507865906
restormer,vo2_Vacancy-Anion-03.png,16,549.0,317.0,boundary_edge,100,0.8327616501145912,0.4391309320926666,0.4431372582912445
restormer,vo2_Vacancy-Anion-03.png,16,206.0,79.0,boundary_edge,100,0.8327616501145912,0.4591626226902008,0.5411764979362488
restormer,vo2_Vacancy-Anion-03.png,16,172.0,257.0,boundary_edge,100,0.8327616501145912,0.4578257203102112,0.4745098054409027
restormer,vo2_Vacancy-Anion-03.png,16,524.0,206.0,borderline_shifted,100,0.8327616501145912,0.44052380323410034,0.27450981736183167
restormer,vo2_Vacancy-Anion-03.png,16,137.0,80.0,boundary_edge,100,0.8327616501145912,0.4456448554992676,0.47843137383461
restormer,vo2_Vacancy-Anion-03.png,16,380.0,257.0,boundary_edge,100,0.8327616501145912,0.45475563406944275,0.5529412031173706
restormer,vo2_Vacancy-Anion-03.png,16,343.0,317.0,boundary_edge,100,0.8327616501145912,0.46191179752349854,0.46666666865348816
restormer,vo2_Vacancy-Anion-03.png,16,172.0,139.0,boundary_edge,100,0.8327616501145912,0.46016380190849304,0.5137255191802979
restormer,vo2_Vacancy-Anion-03.png,16,481.0,79.0,boundary_edge,100,0.8327616501145912,0.45048314332962036,0.5215686559677124
restormer,vo2_Vacancy-Anion-03.png,16,104.0,139.0,boundary_edge,100,0.8327616501145912,0.45786476135253906,0.5529412031173706
restormer,vo2_Vacancy-Anion-03.png,16,447.0,139.0,boundary_edge,100,0.8327616501145912,0.4559021294116974,0.48235294222831726
restormer,vo2_Vacancy-Anion-03.png,16,378.0,139.0,boundary_edge,100,0.8327616501145912,0.45941054821014404,0.47058823704719543
restormer,vo2_Vacancy-Anion-03.png,16,206.0,317.0,boundary_edge,100,0.8327616501145912,0.4595767557621002,0.501960813999176
restormer,mno2_Defect-Free.png,16,172.0,325.0,borderline_shifted,74,0.6576332179930796,0.42348766326904297,0.18431372940540314
restormer,mos2-A_Adatom-Li.png,16,638.0,2.0,boundary_edge,84,0.29974502429485494,1.0,0.019607843831181526
restormer,mos2-A_Adatom-Li.png,16,489.0,390.0,invented_damaged,84,0.29974502429485494,0.4010230302810669,0.29019609093666077
restormer,mos2-A_Adatom-Li.png,16,564.0,415.0,invented_damaged,84,0.29974502429485494,0.3033430874347687,0.16470588743686676
restormer,mos2-A_Adatom-Li.png,16,581.0,464.0,invented_damaged,84,0.29974502429485494,0.30150288343429565,0.24313725531101227
restormer,mos2-A_Adatom-Li.png,16,513.0,425.0,invented_damaged,84,0.29974502429485494,0.3067726194858551,0.239215686917305
restormer,mose2-A_Doped-Na.png,16,574.0,129.0,invented_undamaged,105,0.07782870612886328,0.3264172077178955,0.019607843831181526
restormer,mose2-A_Doped-Na.png,16,619.0,310.0,invented_undamaged,105,0.07782870612886328,0.25855255126953125,0.01568627543747425
restormer,mose2-A_Doped-Na.png,16,648.0,516.0,boundary_edge,105,0.07782870612886328,0.177928626537323,0.007843137718737125
restormer,mose2-A_Doped-Na.png,16,20.0,436.0,invented_undamaged,105,0.07782870612886328,0.19163715839385986,0.0235294122248888
restormer,mote2-A_Anti-2M.png,16,250.0,167.0,invented_undamaged,189,0.4009661606952568,0.5174957513809204,0.12941177189350128
restormer,mote2-A_Anti-2M.png,16,250.0,469.0,invented_undamaged,189,0.4009661606952568,0.5317769646644592,0.13333334028720856
restormer,mote2-A_Anti-2M.png,16,406.0,11.0,boundary_edge,189,0.4009661606952568,0.2990283966064453,0.12156862765550613
restormer,mote2-A_Anti-2M.png,16,12.0,83.0,boundary_edge,189,0.4009661606952568,0.4427362382411957,0.09019608050584793
restormer,mote2-A_Anti-2M.png,16,12.0,386.0,boundary_edge,189,0.4009661606952568,0.4415122866630554,0.08235294371843338
restormer,mote2-A_Anti-2M.png,16,453.0,4.0,boundary_edge,189,0.4009661606952568,0.3209715485572815,0.09803921729326248
restormer,tate2-A_Fe_doped.png,16,663.0,50.0,invented_undamaged,122,0.17506756756756756,0.32767510414123535,0.0117647061124444
restormer,tate2-A_Fe_doped.png,16,20.0,21.0,borderline_shifted,122,0.17506756756756756,0.38399451971054077,0.13333334028720856
restormer,vse2-A_Vacancy-Anion-06A.png,16,326.0,436.0,borderline_shifted,84,0.7558829072340074,0.28249815106391907,0.1764705926179886
restormer,vse2-A_Vacancy-Anion-06A.png,16,250.0,435.0,borderline_shifted,84,0.7558829072340074,0.317291796207428,0.14901961386203766
restormer,vse2-A_Vacancy-Anion-06A.png,16,0.0,435.0,boundary_edge,84,0.7558829072340074,0.21344351768493652,0.20392157137393951
restormer,vse2-A_Vacancy-Anion-06A.png,16,668.0,436.0,boundary_edge,84,0.7558829072340074,0.17422327399253845,0.20000000298023224
restormer,vse2-A_Vacancy-Anion-06A.png,16,251.0,290.0,borderline_shifted,84,0.7558829072340074,0.1998089849948883,0.21176470816135406
restormer,vse2-A_Vacancy-Anion-06A.png,16,631.0,371.0,borderline_shifted,84,0.7558829072340074,0.223984032869339,0.11372549086809158
restormer,vse2-A_Vacancy-Anion-06A.png,16,585.0,290.0,borderline_shifted,84,0.7558829072340074,0.20072051882743835,0.2078431397676468
restormer,vse2-A_Vacancy-Anion-06A.png,16,377.0,362.0,borderline_shifted,84,0.7558829072340074,0.2301533967256546,0.22745098173618317
restormer,vse2-A_Vacancy-Anion-06A.png,16,210.0,72.0,borderline_shifted,84,0.7558829072340074,0.22537654638290405,0.21960784494876862
restormer,vse2-A_Vacancy-Anion-06A.png,16,293.0,217.0,borderline_shifted,84,0.7558829072340074,0.22146178781986237,0.21176470816135406
restormer,vse2-A_Vacancy-Anion-06A.png,16,628.0,217.0,borderline_shifted,84,0.7558829072340074,0.2192416936159134,0.21176470816135406
restormer,vse2-A_Vacancy-Anion-06A.png,16,544.0,506.0,borderline_shifted,84,0.7558829072340074,0.2286270558834076,0.23529411852359772
restormer,vse2-A_Vacancy-Anion-06A.png,16,210.0,506.0,borderline_shifted,84,0.7558829072340074,0.2257222980260849,0.239215686917305
restormer,vse2-A_Vacancy-Anion-06A.png,16,583.0,435.0,borderline_shifted,84,0.7558829072340074,0.21902525424957275,0.1411764770746231
restormer,vse2-A_Vacancy-Anion-06A.png,16,501.0,145.0,borderline_shifted,84,0.7558829072340074,0.208159402012825,0.19607843458652496
restormer,tas2-A_Doped-Li.png,16,583.0,546.0,borderline_shifted,68,0.029236838112577757,0.5944213271141052,0.04313725605607033
restormer,tas2-A_Doped-Li.png,16,5.0,380.0,boundary_edge,68,0.029236838112577757,0.2814697027206421,0.0313725508749485
restormer,tas2-A_Doped-Li.png,16,1.0,88.0,boundary_edge,68,0.029236838112577757,0.2417908012866974,0.03529411926865578
restormer,nbs2_Anti-Metal.png,16,668.0,194.0,boundary_edge,106,0.12205467392623227,0.3861343264579773,0.01568627543747425
restormer,nbs2_Anti-Metal.png,16,49.0,282.0,invented_undamaged,106,0.12205467392623227,0.31528815627098083,0.019607843831181526
restormer,nbs2_Anti-Metal.png,16,668.0,42.0,boundary_edge,106,0.12205467392623227,0.23659884929656982,0.0117647061124444
restormer,nbs2_Anti-Metal.png,16,50.0,240.0,invented_undamaged,106,0.12205467392623227,0.23153945803642273,0.12156862765550613
restormer,nbte2_Vacancy-Anion-12A.png,16,192.0,595.0,invented_undamaged,170,0.17893990929705214,0.574517011642456,0.07058823853731155
restormer,nbte2_Vacancy-Anion-12A.png,16,96.0,442.0,boundary_edge,170,0.17893990929705214,0.5266641974449158,0.05882352963089943
restormer,nbte2_Vacancy-Anion-12A.png,16,713.0,444.0,boundary_edge,170,0.17893990929705214,0.5258702039718628,0.0313725508749485
restormer,nbte2_Vacancy-Anion-12A.png,16,533.0,25.0,invented_undamaged,170,0.17893990929705214,0.2430458813905716,0.0784313753247261
restormer,nbte2_Vacancy-Anion-12A.png,16,713.0,389.0,boundary_edge,170,0.17893990929705214,0.31424251198768616,0.03529411926865578
restormer,nbte2_Vacancy-Anion-12A.png,16,279.0,451.0,invented_undamaged,170,0.17893990929705214,0.24960514903068542,0.09019608050584793
restormer,nbte2_Vacancy-Anion-12A.png,16,714.0,499.0,boundary_edge,170,0.17893990929705214,0.2976222634315491,0.0313725508749485
restormer,nbte2_Vacancy-Anion-12A.png,16,727.0,183.0,boundary_edge,170,0.17893990929705214,0.2526170313358307,0.019607843831181526
restormer,tis2_Vacancy-Anion-12A.png,16,148.0,0.0,boundary_edge,118,0.5267780385231999,0.28666913509368896,0.07058823853731155
restormer,tis2_Vacancy-Anion-12A.png,16,75.0,280.0,borderline_shifted,118,0.5267780385231999,0.3830193877220154,0.3333333432674408
restormer,tis2_Vacancy-Anion-12A.png,16,318.0,279.0,boundary_edge,118,0.5267780385231999,0.24975253641605377,0.239215686917305
restormer,tis2_Vacancy-Anion-12A.png,16,433.0,0.0,boundary_edge,118,0.5267780385231999,0.2857014834880829,0.10196078568696976
restormer,tise2_Adatom-Li.png,16,660.0,228.0,invented_undamaged,157,0.7827629401595622,0.4196380376815796,0.0235294122248888
restormer,tise2_Adatom-Li.png,16,639.0,269.0,invented_undamaged,157,0.7827629401595622,0.3345176577568054,0.03529411926865578
restormer,tise2_Adatom-Li.png,16,0.0,398.0,boundary_edge,157,0.7827629401595622,0.20768722891807556,0.054901961237192154
restormer,tise2_Adatom-Li.png,16,702.0,2.0,boundary_edge,157,0.7827629401595622,1.0,0.01568627543747425
restormer,tise2_Adatom-Li.png,16,688.0,20.0,invented_undamaged,157,0.7827629401595622,0.1503368467092514,0.0117647061124444
restormer,vs2_Vacancy-Anion-06A.png,16,248.0,388.0,boundary_edge,158,0.7963816655205495,0.4624726474285126,0.08627451211214066
restormer,vs2_Vacancy-Anion-06A.png,16,93.0,113.0,boundary_edge,158,0.7963816655205495,0.3709162473678589,0.0470588244497776
restormer,vs2_Vacancy-Anion-06A.png,16,638.0,2.0,boundary_edge,158,0.7963816655205495,1.0,0.03529411926865578
restormer,vs2_Vacancy-Anion-06A.png,16,168.0,246.0,boundary_edge,158,0.7963816655205495,0.35513508319854736,0.09019608050584793
restormer,vs2_Vacancy-Anion-06A.png,16,253.0,296.0,boundary_edge,158,0.7963816655205495,0.39417314529418945,0.3450980484485626
restormer,vs2_Vacancy-Anion-06A.png,16,367.0,448.0,boundary_edge,158,0.7963816655205495,0.5435903668403625,0.5607843399047852
restormer,cose2_Fe_doped.png,16,524.0,526.0,borderline_shifted,96,0.09939382545424982,0.48894208669662476,0.09803921729326248
restormer,cose2_Fe_doped.png,16,572.0,454.0,boundary_edge,96,0.09939382545424982,0.25188148021698,0.054901961237192154
restormer,cro2_Vacancy-Anion-03.png,16,485.0,362.0,boundary_edge,80,0.8467367422350944,0.35568541288375854,0.03921568766236305
restormer,cro2_Vacancy-Anion-03.png,16,526.0,2.0,boundary_edge,80,0.8467367422350944,1.0,0.03529411926865578
restormer,cro2_Vacancy-Anion-03.png,16,85.0,93.0,borderline_shifted,80,0.8467367422350944,0.5261500477790833,0.3686274588108063
restormer,cro2_Vacancy-Anion-03.png,16,26.0,279.0,borderline_shifted,80,0.8467367422350944,0.46010351181030273,0.27843138575553894
restormer,cro2_Vacancy-Anion-03.png,16,479.0,59.0,invented_undamaged,80,0.8467367422350944,0.2203741818666458,0.03921568766236305
restormer,cro2_Vacancy-Anion-03.png,16,85.0,320.0,borderline_shifted,80,0.8467367422350944,0.48690569400787354,0.40784314274787903
restormer,cro2_Vacancy-Anion-03.png,16,26.0,121.0,borderline_shifted,80,0.8467367422350944,0.45618194341659546,0.30588236451148987
restormer,cro2_Vacancy-Anion-03.png,16,29.0,50.0,borderline_shifted,80,0.8467367422350944,0.42901235818862915,0.27843138575553894
restormer,vo2_Vacancy-Anion-03.png,20,0.0,239.0,boundary_edge,100,0.846157372039725,0.3200311064720154,0.08627451211214066
restormer,vo2_Vacancy-Anion-03.png,20,549.0,319.0,boundary_edge,100,0.846157372039725,0.4626390337944031,0.4156862795352936
restormer,vo2_Vacancy-Anion-03.png,20,520.0,441.0,borderline_shifted,100,0.846157372039725,0.4291316270828247,0.20392157137393951
restormer,vo2_Vacancy-Anion-03.png,20,170.0,257.0,boundary_edge,100,0.846157372039725,0.4802737832069397,0.4745098054409027
restormer,vo2_Vacancy-Anion-03.png,20,379.0,257.0,boundary_edge,100,0.846157372039725,0.47416654229164124,0.5137255191802979
restormer,vo2_Vacancy-Anion-03.png,20,172.0,139.0,boundary_edge,100,0.846157372039725,0.47868892550468445,0.5137255191802979
restormer,vo2_Vacancy-Anion-03.png,20,171.0,377.0,boundary_edge,100,0.846157372039725,0.48370370268821716,0.49803921580314636
restormer,vo2_Vacancy-Anion-03.png,20,516.0,21.0,boundary_edge,100,0.846157372039725,0.464072048664093,0.4588235318660736
restormer,vo2_Vacancy-Anion-03.png,20,206.0,79.0,boundary_edge,100,0.846157372039725,0.48374637961387634,0.5411764979362488
restormer,vo2_Vacancy-Anion-03.png,20,481.0,317.0,boundary_edge,100,0.846157372039725,0.4737602472305298,0.5176470875740051
restormer,vo2_Vacancy-Anion-03.png,20,413.0,80.0,boundary_edge,100,0.846157372039725,0.4580293893814087,0.4941176474094391
restormer,mno2_Defect-Free.png,20,510.0,76.0,invented_undamaged,74,0.6847543252595155,0.20367807149887085,0.027450980618596077
restormer,mos2-A_Adatom-Li.png,20,325.0,350.0,borderline_shifted,84,0.303036220133742,0.6201431751251221,0.13725490868091583
restormer,mos2-A_Adatom-Li.png,20,344.0,306.0,borderline_shifted,84,0.303036220133742,0.3941965103149414,0.18431372940540314
restormer,mos2-A_Adatom-Li.png,20,638.0,2.0,boundary_edge,84,0.303036220133742,1.0,0.019607843831181526
restormer,mos2-A_Adatom-Li.png,20,387.0,318.0,invented_damaged,84,0.303036220133742,0.36639171838760376,0.21960784494876862
restormer,mos2-A_Adatom-Li.png,20,606.0,38.0,invented_undamaged,84,0.303036220133742,0.25875815749168396,0.007843137718737125
restormer,mose2-A_Doped-Na.png,20,569.0,135.0,invented_undamaged,105,0.09216605552645364,0.43515676259994507,0.01568627543747425
restormer,mose2-A_Doped-Na.png,20,593.0,179.0,invented_undamaged,105,0.09216605552645364,0.41737228631973267,0.007843137718737125
restormer,mose2-A_Doped-Na.png,20,597.0,92.0,invented_undamaged,105,0.09216605552645364,0.35181427001953125,0.0
restormer,mose2-A_Doped-Na.png,20,19.0,437.0,invented_undamaged,105,0.09216605552645364,0.24312356114387512,0.027450980618596077
restormer,mose2-A_Doped-Na.png,20,645.0,515.0,invented_undamaged,105,0.09216605552645364,0.22649812698364258,0.007843137718737125
restormer,mose2-A_Doped-Na.png,20,238.0,46.0,invented_undamaged,105,0.09216605552645364,0.23428627848625183,0.027450980618596077
restormer,mose2-A_Doped-Na.png,20,619.0,60.0,invented_undamaged,105,0.09216605552645364,0.24444755911827087,0.003921568859368563
restormer,mose2-A_Doped-Na.png,20,193.0,51.0,invented_undamaged,105,0.09216605552645364,0.20760953426361084,0.03529411926865578
restormer,mote2-A_Anti-2M.png,20,667.0,519.0,invented_undamaged,189,0.4209784745080395,0.5515564680099487,0.054901961237192154
restormer,mote2-A_Anti-2M.png,20,625.0,130.0,invented_undamaged,189,0.4209784745080395,0.35537445545196533,0.027450980618596077
restormer,mote2-A_Anti-2M.png,20,574.0,556.0,borderline_shifted,189,0.4209784745080395,0.4994319677352905,0.35686275362968445
restormer,mote2-A_Anti-2M.png,20,647.0,209.0,invented_undamaged,189,0.4209784745080395,0.3217412829399109,0.03921568766236305
restormer,mote2-A_Anti-2M.png,20,601.0,165.0,boundary_edge,189,0.4209784745080395,0.45235931873321533,0.062745101749897
restormer,mote2-A_Anti-2M.png,20,600.0,465.0,invented_damaged,189,0.4209784745080395,0.44058772921562195,0.0784313753247261
restormer,mote2-A_Anti-2M.png,20,626.0,214.0,invented_undamaged,189,0.4209784745080395,0.36883464455604553,0.05098039284348488
restormer,mote2-A_Anti-2M.png,20,633.0,169.0,invented_undamaged,189,0.4209784745080395,0.3217412829399109,0.03529411926865578
restormer,tate2-A_Fe_doped.png,20,320.0,277.0,invented_damaged,122,0.15879011824324324,0.5977458357810974,0.20000000298023224
restormer,tate2-A_Fe_doped.png,20,320.0,597.0,invented_damaged,122,0.15879011824324324,0.6016674041748047,0.20392157137393951
restormer,vse2-A_Vacancy-Anion-06A.png,20,628.0,217.0,borderline_shifted,84,0.057534380961969896,0.2243930697441101,0.21176470816135406
restormer,vse2-A_Vacancy-Anion-06A.png,20,377.0,362.0,borderline_shifted,84,0.057534380961969896,0.2249130755662918,0.22745098173618317
restormer,tas2-A_Doped-Li.png,20,582.0,461.0,invented_undamaged,68,0.27915086228695696,0.5704173445701599,0.019607843831181526
restormer,tas2-A_Doped-Li.png,20,583.0,540.0,borderline_shifted,68,0.27915086228695696,0.6072426438331604,0.05882352963089943
restormer,tas2-A_Doped-Li.png,20,582.0,171.0,invented_undamaged,68,0.27915086228695696,0.5227705836296082,0.03529411926865578
restormer,tas2-A_Doped-Li.png,20,0.0,92.0,boundary_edge,68,0.27915086228695696,0.23871511220932007,0.027450980618596077
restormer,tas2-A_Doped-Li.png,20,5.0,385.0,boundary_edge,68,0.27915086228695696,0.21369653940200806,0.03921568766236305
restormer,nbs2_Anti-Metal.png,20,668.0,192.0,boundary_edge,106,0.14268454192708938,0.3890518546104431,0.019607843831181526
restormer,nbs2_Anti-Metal.png,20,492.0,435.0,invented_damaged,106,0.14268454192708938,0.33409786224365234,0.23529411852359772
restormer,nbs2_Anti-Metal.png,20,494.0,292.0,invented_damaged,106,0.14268454192708938,0.3165057897567749,0.2235294133424759
restormer,nbs2_Anti-Metal.png,20,668.0,41.0,boundary_edge,106,0.14268454192708938,0.21125197410583496,0.0117647061124444
restormer,nbs2_Anti-Metal.png,20,579.0,290.0,invented_damaged,106,0.14268454192708938,0.27818214893341064,0.21176470816135406
restormer,nbse2_Cu_doped.png,20,661.0,564.0,borderline_shifted,145,0.8168230662632404,0.36367130279541016,0.04313725605607033
restormer,nbse2_Cu_doped.png,20,314.0,558.0,borderline_shifted,145,0.8168230662632404,0.3335203528404236,0.03921568766236305
restormer,nbse2_Cu_doped.png,20,307.0,576.0,boundary_edge,145,0.8168230662632404,0.2347511351108551,0.0470588244497776
restormer,nbse2_Cu_doped.png,20,330.0,401.0,borderline_shifted,145,0.8168230662632404,0.3655092120170593,0.3450980484485626
restormer,nbte2_Vacancy-Anion-12A.png,20,489.0,313.0,invented_undamaged,170,0.2220499738356881,0.5866459012031555,0.0784313753247261
restormer,nbte2_Vacancy-Anion-12A.png,20,580.0,157.0,boundary_edge,170,0.2220499738356881,0.5404829978942871,0.07058823853731155
restormer,nbte2_Vacancy-Anion-12A.png,20,717.0,443.0,boundary_edge,170,0.2220499738356881,0.4663282036781311,0.01568627543747425
restormer,nbte2_Vacancy-Anion-12A.png,20,368.0,281.0,boundary_edge,170,0.2220499738356881,0.41321808099746704,0.12156862765550613
restormer,nbte2_Vacancy-Anion-12A.png,20,727.0,388.0,boundary_edge,170,0.2220499738356881,0.24661915004253387,0.03529411926865578
restormer,nbte2_Vacancy-Anion-12A.png,20,716.0,185.0,boundary_edge,170,0.2220499738356881,0.2563638985157013,0.05098039284348488
restormer,tis2_Vacancy-Anion-12A.png,20,434.0,0.0,boundary_edge,118,0.3280229042909403,0.3277212083339691,0.06666667014360428
restormer,tise2_Adatom-Li.png,20,657.0,312.0,invented_undamaged,157,0.5786255096097845,0.40219783782958984,0.027450980618596077
restormer,tise2_Adatom-Li.png,20,606.0,226.0,boundary_edge,157,0.5786255096097845,0.3037293553352356,0.054901961237192154
restormer,tise2_Adatom-Li.png,20,628.0,272.0,invented_undamaged,157,0.5786255096097845,0.3277396261692047,0.03529411926865578
restormer,tite2-B_Cu_doped.png,20,720.0,105.0,borderline_shifted,72,0.5777090846642624,0.462390661239624,0.12156862765550613
restormer,tite2-B_Cu_doped.png,20,364.0,162.0,borderline_shifted,72,0.5777090846642624,0.23841342329978943,0.09019608050584793
restormer,vs2_Vacancy-Anion-06A.png,20,367.0,60.0,borderline_shifted,158,0.7683230182784471,0.6010240316390991,0.6431372761726379
restormer,vs2_Vacancy-Anion-06A.png,20,49.0,137.0,invented_undamaged,158,0.7683230182784471,0.3602192997932434,0.04313725605607033
restormer,vs2_Vacancy-Anion-06A.png,20,638.0,2.0,boundary_edge,158,0.7683230182784471,1.0,0.03529411926865578
restormer,vs2_Vacancy-Anion-06A.png,20,284.0,22.0,borderline_shifted,158,0.7683230182784471,0.46164649724960327,0.3921568691730499
restormer,vs2_Vacancy-Anion-06A.png,20,95.0,21.0,boundary_edge,158,0.7683230182784471,0.3882860243320465,0.40392157435417175
restormer,vs2_Vacancy-Anion-06A.png,20,367.0,447.0,invented_damaged,158,0.7683230182784471,0.543281078338623,0.5098039507865906
restormer,vs2_Vacancy-Anion-06A.png,20,94.0,110.0,boundary_edge,158,0.7683230182784471,0.3504374921321869,0.06666667014360428
restormer,vs2_Vacancy-Anion-06A.png,20,173.0,158.0,boundary_edge,158,0.7683230182784471,0.3771992027759552,0.3294117748737335
restormer,vte2_Defect-Free.png,20,390.0,551.0,invented_damaged,119,0.11809107112468539,0.3141779899597168,0.19607843458652496
restormer,vte2_Defect-Free.png,20,312.0,502.0,invented_damaged,119,0.11809107112468539,0.2884715497493744,0.18431372940540314
restormer,ws2-A_Vacancy-Metal.png,20,347.0,499.0,invented_undamaged,59,0.09741655859668281,0.5581855177879333,0.0470588244497776
restormer,ws2-A_Vacancy-Metal.png,20,413.0,51.0,borderline_shifted,59,0.09741655859668281,0.5265746116638184,0.03921568766236305
restormer,ws2-A_Vacancy-Metal.png,20,394.0,423.0,borderline_shifted,59,0.09741655859668281,0.3216959834098816,0.19607843458652496
restormer,ws2-A_Vacancy-Metal.png,20,602.0,469.0,invented_undamaged,59,0.09741655859668281,0.22531843185424805,0.003921568859368563
restormer,cro2_Vacancy-Anion-03.png,20,385.0,371.0,borderline_shifted,80,0.8332209793934552,0.4833984673023224,0.4627451002597809
restormer,cro2_Vacancy-Anion-03.png,20,526.0,2.0,boundary_edge,80,0.8332209793934552,1.0,0.03529411926865578
restormer,cro2_Vacancy-Anion-03.png,20,385.0,143.0,borderline_shifted,80,0.8332209793934552,0.48413628339767456,0.42352941632270813
restormer,cro2_Vacancy-Anion-03.png,20,440.0,188.0,borderline_shifted,80,0.8332209793934552,0.44340622425079346,0.12941177189350128
restormer,vo2_Vacancy-Anion-03.png,28,0.0,357.0,boundary_edge,100,0.8501107715813598,0.26546555757522583,0.11764705926179886
restormer,vo2_Vacancy-Anion-03.png,28,0.0,239.0,boundary_edge,100,0.8501107715813598,0.2929816246032715,0.08627451211214066
restormer,vo2_Vacancy-Anion-03.png,28,241.0,138.0,boundary_edge,100,0.8501107715813598,0.47146064043045044,0.5098039507865906
restormer,mos2-A_Adatom-Li.png,28,555.0,212.0,invented_undamaged,84,0.31663115118276464,0.5218905210494995,0.054901961237192154
restormer,mos2-A_Adatom-Li.png,28,84.0,204.0,borderline_shifted,84,0.31663115118276464,0.44915473461151123,0.23137255012989044
restormer,mos2-A_Adatom-Li.png,28,83.0,44.0,invented_damaged,84,0.31663115118276464,0.39876049757003784,0.1725490242242813
restormer,mos2-A_Adatom-Li.png,28,638.0,275.0,boundary_edge,84,0.31663115118276464,0.37890881299972534,0.0313725508749485
restormer,mos2-A_Adatom-Li.png,28,638.0,2.0,boundary_edge,84,0.31663115118276464,1.0,0.019607843831181526
restormer,mos2-A_Adatom-Li.png,28,122.0,0.0,boundary_edge,84,0.31663115118276464,0.30010390281677246,0.054901961237192154
restormer,mos2-A_Adatom-Li.png,28,555.0,45.0,invented_undamaged,84,0.31663115118276464,0.23309610784053802,0.03921568766236305
restormer,mos2-A_Adatom-Li.png,28,29.0,0.0,boundary_edge,84,0.31663115118276464,0.25999340415000916,0.0235294122248888
restormer,mos2-A_Adatom-Li.png,28,183.0,128.0,invented_damaged,84,0.31663115118276464,0.29553133249282837,0.2549019753932953
restormer,mos2-A_Adatom-Li.png,28,610.0,41.0,invented_undamaged,84,0.31663115118276464,0.25589287281036377,0.01568627543747425
restormer,mos2-A_Adatom-Li.png,28,90.0,290.0,boundary_edge,84,0.31663115118276464,0.2803756296634674,0.3019607961177826
restormer,mose2-A_Doped-Na.png,28,287.0,307.0,invented_damaged,105,0.27534311157674174,0.4318524897098541,0.10196078568696976
restormer,mose2-A_Doped-Na.png,28,642.0,521.0,invented_undamaged,105,0.27534311157674174,0.3782044053077698,0.0117647061124444
restormer,mose2-A_Doped-Na.png,28,18.0,436.0,invented_undamaged,105,0.27534311157674174,0.2463337779045105,0.0235294122248888
restormer,mose2-A_Doped-Na.png,28,525.0,0.0,boundary_edge,105,0.27534311157674174,0.19621942937374115,0.1725490242242813
restormer,mote2-A_Anti-2M.png,28,100.0,0.0,boundary_edge,189,0.2446209950507945,0.34334561228752136,0.10588235408067703
restormer,mote2-A_Anti-2M.png,28,453.0,0.0,boundary_edge,189,0.2446209950507945,0.28786662220954895,0.125490203499794
restormer,mote2-A_Anti-2M.png,28,151.0,0.0,boundary_edge,189,0.2446209950507945,0.3296431303024292,0.13725490868091583
restormer,tate2-A_Fe_doped.png,28,640.0,411.0,invented_undamaged,122,0.29657094594594596,0.2558097541332245,0.03529411926865578
restormer,tate2-A_Fe_doped.png,28,642.0,84.0,invented_undamaged,122,0.29657094594594596,0.2813572883605957,0.03921568766236305
restormer,tate2-A_Fe_doped.png,28,667.0,48.0,invented_undamaged,122,0.29657094594594596,0.2000097632408142,0.01568627543747425
restormer,tate2-A_Fe_doped.png,28,56.0,435.0,borderline_shifted,122,0.29657094594594596,0.29715827107429504,0.12156862765550613
restormer,vse2-A_Vacancy-Anion-06A.png,28,637.0,96.0,borderline_shifted,84,0.3680718521444375,0.30138373374938965,0.11764705926179886
restormer,vse2-A_Vacancy-Anion-06A.png,28,325.0,578.0,boundary_edge,84,0.3680718521444375,0.18443766236305237,0.10588235408067703
restormer,vse2-A_Vacancy-Anion-06A.png,28,642.0,244.0,borderline_shifted,84,0.3680718521444375,0.3142334520816803,0.15294118225574493
restormer,vse2-A_Vacancy-Anion-06A.png,28,668.0,578.0,boundary_edge,84,0.3680718521444375,0.11211801320314407,0.1411764770746231
restormer,vse2-A_Vacancy-Anion-06A.png,28,0.0,144.0,boundary_edge,84,0.3680718521444375,0.21157270669937134,0.19607843458652496
restormer,vse2-A_Vacancy-Anion-06A.png,28,668.0,288.0,boundary_edge,84,0.3680718521444375,0.21517501771450043,0.24705882370471954
restormer,vse2-A_Vacancy-Anion-06A.png,28,211.0,72.0,borderline_shifted,84,0.3680718521444375,0.2077951282262802,0.23529411852359772
restormer,vse2-A_Vacancy-Anion-06A.png,28,325.0,14.0,boundary_edge,84,0.3680718521444375,0.21490603685379028,0.15294118225574493
restormer,vse2-A_Vacancy-Anion-06A.png,28,588.0,0.0,boundary_edge,84,0.3680718521444375,0.21911399066448212,0.20000000298023224
restormer,vse2-A_Vacancy-Anion-06A.png,28,328.0,145.0,borderline_shifted,84,0.3680718521444375,0.20513615012168884,0.1725490242242813
restormer,vse2-A_Vacancy-Anion-06A.png,28,302.0,246.0,borderline_shifted,84,0.3680718521444375,0.24528396129608154,0.09019608050584793
restormer,tas2-A_Doped-Li.png,28,583.0,546.0,borderline_shifted,68,0.033449653567996764,0.5889276266098022,0.04313725605607033
restormer,tas2-A_Doped-Li.png,28,0.0,88.0,boundary_edge,68,0.033449653567996764,0.23556604981422424,0.0313725508749485
restormer,tase2-A_Vacancy-Anion-12B.png,28,252.0,266.0,borderline_shifted,121,0.015954342198164273,0.2290474772453308,0.250980406999588
restormer,tase2-A_Vacancy-Anion-12B.png,28,252.0,569.0,borderline_shifted,121,0.015954342198164273,0.2327536940574646,0.24705882370471954
restormer,nbs2_Anti-Metal.png,28,668.0,192.0,boundary_edge,106,0.1717925086033081,0.38004493713378906,0.019607843831181526
restormer,nbs2_Anti-Metal.png,28,31.0,414.0,invented_undamaged,106,0.1717925086033081,0.38079833984375,0.0117647061124444
restormer,nbs2_Anti-Metal.png,28,174.0,549.0,invented_undamaged,106,0.1717925086033081,0.29688048362731934,0.054901961237192154
restormer,nbs2_Anti-Metal.png,28,52.0,532.0,invented_undamaged,106,0.1717925086033081,0.23473405838012695,0.10980392247438431
restormer,nbte2_Vacancy-Anion-12A.png,28,488.0,315.0,invented_damaged,170,0.4029216814931101,0.5585178136825562,0.08627451211214066
restormer,nbte2_Vacancy-Anion-12A.png,28,714.0,442.0,boundary_edge,170,0.4029216814931101,0.5224922299385071,0.019607843831181526
restormer,nbte2_Vacancy-Anion-12A.png,28,727.0,388.0,boundary_edge,170,0.4029216814931101,0.27075302600860596,0.03529411926865578
restormer,nbte2_Vacancy-Anion-12A.png,28,717.0,185.0,boundary_edge,170,0.4029216814931101,0.2461511492729187,0.03529411926865578
restormer,tis2_Vacancy-Anion-12A.png,28,436.0,0.0,boundary_edge,118,0.3486501906539547,0.3274880051612854,0.0941176488995552
restormer,tise2_Adatom-Li.png,28,667.0,561.0,invented_undamaged,157,0.7974295328692533,0.2603505253791809,0.0235294122248888
restormer,tise2_Adatom-Li.png,28,628.0,315.0,borderline_shifted,157,0.7974295328692533,0.2918485403060913,0.07450980693101883
restormer,tise2_Adatom-Li.png,28,693.0,563.0,boundary_edge,157,0.7974295328692533,0.23362363874912262,0.01568627543747425
restormer,tise2_Adatom-Li.png,28,670.0,454.0,borderline_shifted,157,0.7974295328692533,0.2360217571258545,0.03921568766236305
restormer,tite2-B_Cu_doped.png,28,152.0,147.0,borderline_shifted,72,0.737464024050866,0.4324575364589691,0.0235294122248888
restormer,tite2-B_Cu_doped.png,28,525.0,147.0,borderline_shifted,72,0.737464024050866,0.4011101722717285,0.019607843831181526
restormer,vs2_Vacancy-Anion-06A.png,28,303.0,417.0,borderline_shifted,158,0.7803473442624806,0.7812089920043945,0.7411764860153198
restormer,vs2_Vacancy-Anion-06A.png,28,93.0,113.0,invented_undamaged,158,0.7803473442624806,0.38918495178222656,0.0470588244497776
restormer,vs2_Vacancy-Anion-06A.png,28,638.0,2.0,boundary_edge,158,0.7803473442624806,1.0,0.03529411926865578
restormer,vs2_Vacancy-Anion-06A.png,28,452.0,249.0,boundary_edge,158,0.7803473442624806,0.3372562527656555,0.09803921729326248
restormer,vs2_Vacancy-Anion-06A.png,28,561.0,118.0,borderline_shifted,158,0.7803473442624806,0.3965115547180176,0.2549019753932953
restormer,vs2_Vacancy-Anion-06A.png,28,463.0,151.0,borderline_shifted,158,0.7803473442624806,0.38621172308921814,0.30980393290519714
restormer,vs2_Vacancy-Anion-06A.png,28,622.0,2.0,boundary_edge,158,0.7803473442624806,1.0,0.0784313753247261
restormer,vs2_Vacancy-Anion-06A.png,28,368.0,450.0,boundary_edge,158,0.7803473442624806,0.547613799571991,0.5215686559677124
restormer,vte2_Defect-Free.png,28,309.0,414.0,invented_damaged,119,0.15707037232756227,0.3014063239097595,0.18431372940540314
restormer,ws2-A_Vacancy-Metal.png,28,555.0,460.0,borderline_shifted,59,0.15548711123245285,0.4444024860858917,0.019607843831181526
restormer,ws2-A_Vacancy-Metal.png,28,178.0,460.0,borderline_shifted,59,0.15548711123245285,0.4333411455154419,0.23529411852359772
restormer,ws2-A_Vacancy-Metal.png,28,45.0,538.0,boundary_edge,59,0.15548711123245285,0.19704225659370422,0.1882352977991104
restormer,ws2-A_Vacancy-Metal.png,28,0.0,293.0,boundary_edge,59,0.15548711123245285,0.2482936978340149,0.027450980618596077
restormer,ws2-A_Vacancy-Metal.png,28,252.0,499.0,borderline_shifted,59,0.15548711123245285,0.23805004358291626,0.22745098173618317
restormer,cro2_Vacancy-Anion-03.png,28,526.0,2.0,boundary_edge,80,0.7167390725390326,1.0,0.03529411926865578
restormer,vo2_Vacancy-Anion-03.png,36,31.0,127.0,invented_damaged,100,0.9097402597402597,0.7031919360160828,0.4745098054409027
restormer,vo2_Vacancy-Anion-03.png,36,391.0,129.0,borderline_shifted,100,0.9097402597402597,0.5668050050735474,0.4588235318660736
restormer,vo2_Vacancy-Anion-03.png,36,353.0,91.0,borderline_shifted,100,0.9097402597402597,0.5407165288925171,0.48235294222831726
restormer,vo2_Vacancy-Anion-03.png,36,400.0,16.0,borderline_shifted,100,0.9097402597402597,0.5105630159378052,0.21960784494876862
restormer,vo2_Vacancy-Anion-03.png,36,310.0,127.0,invented_damaged,100,0.9097402597402597,0.5258152484893799,0.4274509847164154
restormer,vo2_Vacancy-Anion-03.png,36,90.0,134.0,borderline_shifted,100,0.9097402597402597,0.5283328294754028,0.4941176474094391
restormer,vo2_Vacancy-Anion-03.png,36,126.0,16.0,borderline_shifted,100,0.9097402597402597,0.43551719188690186,0.21568627655506134
restormer,vo2_Vacancy-Anion-03.png,36,78.0,91.0,borderline_shifted,100,0.9097402597402597,0.4735138714313507,0.4156862795352936
restormer,vo2_Vacancy-Anion-03.png,36,171.0,258.0,boundary_edge,100,0.9097402597402597,0.5102342367172241,0.45098039507865906
restormer,vo2_Vacancy-Anion-03.png,36,416.0,180.0,invented_damaged,100,0.9097402597402597,0.4846595525741577,0.20000000298023224
restormer,vo2_Vacancy-Anion-03.png,36,537.0,76.0,boundary_edge,100,0.9097402597402597,0.48384004831314087,0.3921568691730499
restormer,vo2_Vacancy-Anion-03.png,36,515.0,138.0,boundary_edge,100,0.9097402597402597,0.5221537351608276,0.5529412031173706
restormer,vo2_Vacancy-Anion-03.png,36,264.0,77.0,borderline_shifted,100,0.9097402597402597,0.4802052974700928,0.4431372582912445
restormer,vo2_Vacancy-Anion-03.png,36,33.0,21.0,invented_damaged,100,0.9097402597402597,0.5018777847290039,0.48235294222831726
restormer,vo2_Vacancy-Anion-03.png,36,308.0,21.0,invented_damaged,100,0.9097402597402597,0.49865633249282837,0.5372549295425415
restormer,vo2_Vacancy-Anion-03.png,36,241.0,138.0,boundary_edge,100,0.9097402597402597,0.5160807371139526,0.5098039507865906
restormer,vo2_Vacancy-Anion-03.png,36,141.0,180.0,invented_damaged,100,0.9097402597402597,0.4663727283477783,0.16470588743686676
restormer,vo2_Vacancy-Anion-03.png,36,442.0,106.0,invented_damaged,100,0.9097402597402597,0.46967530250549316,0.1882352977991104
restormer,mno2_Defect-Free.png,36,253.0,0.0,boundary_edge,74,0.6046885813148789,0.4363650679588318,0.0470588244497776
restormer,mos2-A_Adatom-Li.png,36,308.0,398.0,invented_damaged,84,0.4344463404901986,0.5973448753356934,0.2235294133424759
restormer,mos2-A_Adatom-Li.png,36,143.0,371.0,borderline_shifted,84,0.4344463404901986,0.5347065925598145,0.0941176488995552
restormer,mos2-A_Adatom-Li.png,36,271.0,515.0,invented_damaged,84,0.4344463404901986,0.465026319026947,0.2235294133424759
restormer,mos2-A_Adatom-Li.png,36,638.0,2.0,boundary_edge,84,0.4344463404901986,1.0,0.019607843831181526
restormer,mos2-A_Adatom-Li.png,36,256.0,336.0,invented_damaged,84,0.4344463404901986,0.3946440815925598,0.26274511218070984
restormer,mos2-A_Adatom-Li.png,36,300.0,464.0,invented_damaged,84,0.4344463404901986,0.3850919008255005,0.2705882489681244
restormer,mos2-A_Adatom-Li.png,36,143.0,510.0,invented_damaged,84,0.4344463404901986,0.3180285096168518,0.250980406999588
restormer,mos2-A_Adatom-Li.png,36,230.0,445.0,invented_damaged,84,0.4344463404901986,0.382879376411438,0.1882352977991104
restormer,mos2-A_Adatom-Li.png,36,152.0,432.0,borderline_shifted,84,0.4344463404901986,0.32315555214881897,0.24313725531101227
restormer,mos2-A_Adatom-Li.png,36,94.0,510.0,invented_undamaged,84,0.4344463404901986,0.23033922910690308,0.18039216101169586
restormer,mos2-A_Adatom-Li.png,36,373.0,511.0,boundary_edge,84,0.4344463404901986,0.24775883555412292,0.27843138575553894
restormer,mose2-A_Doped-Na.png,36,646.0,519.0,invented_undamaged,105,0.17656102671555787,0.32593727111816406,0.007843137718737125
restormer,mose2-A_Doped-Na.png,36,615.0,137.0,invented_undamaged,105,0.17656102671555787,0.23080430924892426,0.0117647061124444
restormer,mote2-A_Anti-2M.png,36,102.0,8.0,boundary_edge,189,0.23815861138080466,0.34327033162117004,0.10196078568696976
restormer,tate2-A_Fe_doped.png,36,329.0,281.0,borderline_shifted,122,0.34993243243243244,0.28027790784835815,0.16470588743686676
restormer,vse2-A_Vacancy-Anion-06A.png,36,410.0,140.0,borderline_shifted,84,0.6393839179452228,0.549529492855072,0.0941176488995552
restormer,vse2-A_Vacancy-Anion-06A.png,36,79.0,136.0,borderline_shifted,84,0.6393839179452228,0.405103862285614,0.07058823853731155
restormer,vse2-A_Vacancy-Anion-06A.png,36,165.0,0.0,boundary_edge,84,0.6393839179452228,0.3210233449935913,0.23137255012989044
restormer,vse2-A_Vacancy-Anion-06A.png,36,500.0,0.0,boundary_edge,84,0.6393839179452228,0.31509584188461304,0.21960784494876862
restormer,vse2-A_Vacancy-Anion-06A.png,36,351.0,241.0,borderline_shifted,84,0.6393839179452228,0.31673696637153625,0.45490196347236633
restormer,tas2-A_Doped-Li.png,36,512.0,335.0,borderline_shifted,68,0.33740201284579985,0.589053213596344,0.03921568766236305
restormer,tas2-A_Doped-Li.png,36,511.0,44.0,boundary_edge,68,0.33740201284579985,0.6070591807365417,0.03529411926865578
restormer,tas2-A_Doped-Li.png,36,600.0,505.0,invented_undamaged,68,0.33740201284579985,0.531366229057312,0.0313725508749485
restormer,tas2-A_Doped-Li.png,36,600.0,212.0,invented_undamaged,68,0.33740201284579985,0.5428783893585205,0.0313725508749485
restormer,tas2-A_Doped-Li.png,36,583.0,252.0,borderline_shifted,68,0.33740201284579985,0.49033597111701965,0.05098039284348488
restormer,tas2-A_Doped-Li.png,36,594.0,421.0,borderline_shifted,68,0.33740201284579985,0.48101723194122314,0.03921568766236305
restormer,tas2-A_Doped-Li.png,36,629.0,94.0,borderline_shifted,68,0.33740201284579985,0.396258145570755,0.03921568766236305
restormer,tas2-A_Doped-Li.png,36,633.0,384.0,borderline_shifted,68,0.33740201284579985,0.34616172313690186,0.04313725605607033
restormer,tas2-A_Doped-Li.png,36,637.0,316.0,borderline_shifted,68,0.33740201284579985,0.29973429441452026,0.027450980618596077
restormer,tas2-A_Doped-Li.png,36,587.0,161.0,invented_undamaged,68,0.33740201284579985,0.3177403211593628,0.0235294122248888
restormer,tas2-A_Doped-Li.png,36,585.0,460.0,invented_undamaged,68,0.33740201284579985,0.28430062532424927,0.019607843831181526
restormer,tas2-A_Doped-Li.png,36,591.0,138.0,borderline_shifted,68,0.33740201284579985,0.26629459857940674,0.054901961237192154
restormer,nbs2_Anti-Metal.png,36,668.0,189.0,boundary_edge,106,0.43878549429328956,0.3772014379501343,0.019607843831181526
restormer,nbs2_Anti-Metal.png,36,388.0,156.0,invented_damaged,106,0.43878549429328956,0.42650938034057617,0.11764705926179886
restormer,nbs2_Anti-Metal.png,36,450.0,0.0,boundary_edge,106,0.43878549429328956,0.1971653252840042,0.1725490242242813
restormer,nbs2_Anti-Metal.png,36,453.0,364.0,boundary_edge,106,0.43878549429328956,0.2673002779483795,0.250980406999588
restormer,nbs2_Anti-Metal.png,36,494.0,293.0,boundary_edge,106,0.43878549429328956,0.25953227281570435,0.22745098173618317
restormer,nbs2_Anti-Metal.png,36,493.0,434.0,boundary_edge,106,0.43878549429328956,0.25652024149894714,0.22745098173618317
restormer,nbs2_Anti-Metal.png,36,619.0,0.0,boundary_edge,106,0.43878549429328956,0.18067149817943573,0.16078431904315948
restormer,nbte2_Vacancy-Anion-12A.png,36,277.0,130.0,invented_undamaged,170,0.30871707657421943,0.5561888813972473,0.07450980693101883
restormer,nbte2_Vacancy-Anion-12A.png,36,579.0,157.0,invented_undamaged,170,0.30871707657421943,0.5411638021469116,0.08627451211214066
restormer,nbte2_Vacancy-Anion-12A.png,36,395.0,153.0,invented_damaged,170,0.30871707657421943,0.4857250452041626,0.14509804546833038
restormer,nbte2_Vacancy-Anion-12A.png,36,490.0,311.0,boundary_edge,170,0.30871707657421943,0.476107656955719,0.07450980693101883
restormer,nbte2_Vacancy-Anion-12A.png,36,713.0,441.0,boundary_edge,170,0.30871707657421943,0.4917939305305481,0.019607843831181526
restormer,nbte2_Vacancy-Anion-12A.png,36,727.0,385.0,boundary_edge,170,0.30871707657421943,0.2551443874835968,0.0313725508749485
restormer,nbte2_Vacancy-Anion-12A.png,36,716.0,185.0,boundary_edge,170,0.30871707657421943,0.2617698013782501,0.05098039284348488
restormer,tis2_Vacancy-Anion-12A.png,36,434.0,0.0,boundary_edge,118,0.39352938291110645,0.26160311698913574,0.06666667014360428
restormer,tise2_Adatom-Li.png,36,642.0,275.0,invented_undamaged,157,0.32370274842610314,0.2878154516220093,0.0313725508749485
restormer,tise2_Adatom-Li.png,36,608.0,225.0,invented_undamaged,157,0.32370274842610314,0.2645083963871002,0.08235294371843338
restormer,tise2_Adatom-Li.png,36,612.0,312.0,invented_undamaged,157,0.32370274842610314,0.28319141268730164,0.07450980693101883
restormer,vs2_Vacancy-Anion-06A.png,36,282.0,415.0,invented_damaged,158,0.7356997116312503,0.5058866739273071,0.3764705955982208
restormer,vs2_Vacancy-Anion-06A.png,36,638.0,2.0,boundary_edge,158,0.7356997116312503,1.0,0.03529411926865578
restormer,vs2_Vacancy-Anion-06A.png,36,95.0,115.0,invented_undamaged,158,0.7356997116312503,0.3373040556907654,0.062745101749897
restormer,vs2_Vacancy-Anion-06A.png,36,96.0,19.0,boundary_edge,158,0.7356997116312503,0.34384241700172424,0.3803921639919281
restormer,vs2_Vacancy-Anion-06A.png,36,247.0,385.0,boundary_edge,158,0.7356997116312503,0.36980247497558594,0.07058823853731155
restormer,vte2_Defect-Free.png,36,233.0,275.0,invented_damaged,119,0.18411494952932853,0.33700716495513916,0.2235294133424759
restormer,vte2_Defect-Free.png,36,232.0,462.0,invented_damaged,119,0.18411494952932853,0.29677146673202515,0.18039216101169586
restormer,vte2_Defect-Free.png,36,158.0,413.0,invented_damaged,119,0.18411494952932853,0.25348252058029175,0.20000000298023224
restormer,ws2-A_Vacancy-Metal.png,36,274.0,53.0,borderline_shifted,59,0.19601051122790253,0.49551916122436523,0.0313725508749485
restormer,ws2-A_Vacancy-Metal.png,36,600.0,459.0,invented_undamaged,59,0.19601051122790253,0.2396588921546936,0.007843137718737125
restormer,cose2_Fe_doped.png,36,98.0,391.0,borderline_shifted,96,0.22732053575057926,0.639411211013794,0.07058823853731155
restormer,cose2_Fe_doped.png,36,242.0,390.0,borderline_shifted,96,0.22732053575057926,0.41928842663764954,0.11372549086809158
restormer,cose2_Fe_doped.png,36,190.0,410.0,borderline_shifted,96,0.22732053575057926,0.39748674631118774,0.11372549086809158
restormer,cose2_Fe_doped.png,36,221.0,348.0,invented_damaged,96,0.22732053575057926,0.2664245367050171,0.29019609093666077
restormer,cro2_Vacancy-Anion-03.png,36,109.0,33.0,borderline_shifted,80,0.9045449249309231,0.614949107170105,0.3921568691730499
restormer,cro2_Vacancy-Anion-03.png,36,255.0,127.0,borderline_shifted,80,0.9045449249309231,0.6360228061676025,0.4117647111415863
restormer,cro2_Vacancy-Anion-03.png,36,315.0,91.0,borderline_shifted,80,0.9045449249309231,0.5611296892166138,0.4000000059604645
restormer,cro2_Vacancy-Anion-03.png,36,255.0,357.0,borderline_shifted,80,0.9045449249309231,0.5789684057235718,0.4901960790157318
restormer,cro2_Vacancy-Anion-03.png,36,198.0,389.0,borderline_shifted,80,0.9045449249309231,0.5590699315071106,0.4274509847164154
restormer,cro2_Vacancy-Anion-03.png,36,315.0,319.0,borderline_shifted,80,0.9045449249309231,0.531130313873291,0.40392157435417175
restormer,cro2_Vacancy-Anion-03.png,36,526.0,2.0,boundary_edge,80,0.9045449249309231,1.0,0.03529411926865578
restormer,cro2_Vacancy-Anion-03.png,36,110.0,266.0,borderline_shifted,80,0.9045449249309231,0.40427958965301514,0.38823530077934265
restormer,cro2_Vacancy-Anion-03.png,36,252.0,315.0,borderline_shifted,80,0.9045449249309231,0.5249509811401367,0.24313725531101227
restormer,cro2_Vacancy-Anion-03.png,36,181.0,39.0,borderline_shifted,80,0.9045449249309231,0.46211326122283936,0.6352941393852234
restormer,cro2_Vacancy-Anion-03.png,36,164.0,357.0,borderline_shifted,80,0.9045449249309231,0.48819100856781006,0.3803921639919281
restormer,cro2_Vacancy-Anion-03.png,36,163.0,134.0,borderline_shifted,80,0.9045449249309231,0.4837808609008789,0.4470588266849518
restormer,cro2_Vacancy-Anion-03.png,36,189.0,89.0,borderline_shifted,80,0.9045449249309231,0.46603482961654663,0.47058823704719543
restormer,cro2_Vacancy-Anion-03.png,36,316.0,445.0,boundary_edge,80,0.9045449249309231,0.4141446053981781,0.37254902720451355
restormer,cro2_Vacancy-Anion-03.png,36,369.0,65.0,borderline_shifted,80,0.9045449249309231,0.33326172828674316,0.21568627655506134
