model,structure,level,y,x,cls,n_true_cols,frac_damaged,pred_val,tgt_val
gated_t0.9_d2_s400,vo2_Vacancy-Anion-03.png,1,379.0,258.0,boundary_edge,100,0.8208365164247517,0.5023812651634216,0.4588235318660736
gated_t0.9_d2_s400,vo2_Vacancy-Anion-03.png,1,171.0,257.0,boundary_edge,100,0.8208365164247517,0.5020426511764526,0.529411792755127
gated_t0.9_d2_s400,vo2_Vacancy-Anion-03.png,1,137.0,80.0,boundary_edge,100,0.8208365164247517,0.4888392686843872,0.47843137383461
gated_t0.9_d2_s400,vo2_Vacancy-Anion-03.png,1,378.0,139.0,boundary_edge,100,0.8208365164247517,0.5025593638420105,0.47058823704719543
gated_t0.9_d2_s400,vo2_Vacancy-Anion-03.png,1,413.0,80.0,boundary_edge,100,0.8208365164247517,0.48505523800849915,0.4941176474094391
gated_t0.9_d2_s400,vo2_Vacancy-Anion-03.png,1,103.0,139.0,invented_damaged,100,0.8208365164247517,0.49881231784820557,0.5372549295425415
gated_t0.9_d2_s400,vo2_Vacancy-Anion-03.png,1,206.0,79.0,invented_damaged,100,0.8208365164247517,0.5014719367027283,0.5411764979362488
gated_t0.9_d2_s400,vo2_Vacancy-Anion-03.png,1,481.0,79.0,boundary_edge,100,0.8208365164247517,0.5000576972961426,0.5215686559677124
gated_t0.9_d2_s400,vo2_Vacancy-Anion-03.png,1,309.0,139.0,boundary_edge,100,0.8208365164247517,0.5051314830780029,0.47058823704719543
gated_t0.9_d2_s400,vo2_Vacancy-Anion-03.png,1,516.0,139.0,boundary_edge,100,0.8208365164247517,0.50590980052948,0.49803921580314636
gated_t0.9_d2_s400,vo2_Vacancy-Anion-03.png,1,378.0,377.0,boundary_edge,100,0.8208365164247517,0.5053508877754211,0.5176470875740051
gated_t0.9_d2_s400,vo2_Vacancy-Anion-03.png,1,446.0,139.0,invented_damaged,100,0.8208365164247517,0.49653005599975586,0.49803921580314636
gated_t0.9_d2_s400,vo2_Vacancy-Anion-03.png,1,104.0,377.0,boundary_edge,100,0.8208365164247517,0.4993215799331665,0.48627451062202454
gated_t0.9_d2_s400,vo2_Vacancy-Anion-03.png,1,172.0,377.0,boundary_edge,100,0.8208365164247517,0.5003476142883301,0.45098039507865906
gated_t0.9_d2_s400,vo2_Vacancy-Anion-03.png,1,344.0,80.0,boundary_edge,100,0.8208365164247517,0.5003828406333923,0.40784314274787903
gated_t0.9_d2_s400,vo2_Vacancy-Anion-03.png,1,69.0,317.0,boundary_edge,100,0.8208365164247517,0.49479997158050537,0.5411764979362488
gated_t0.9_d2_s400,vo2_Vacancy-Anion-03.png,1,344.0,317.0,boundary_edge,100,0.8208365164247517,0.4931604266166687,0.4431372582912445
gated_t0.9_d2_s400,vo2_Vacancy-Anion-03.png,1,34.0,139.0,boundary_edge,100,0.8208365164247517,0.5011476278305054,0.48627451062202454
gated_t0.9_d2_s400,vo2_Vacancy-Anion-03.png,1,308.0,20.0,boundary_edge,100,0.8208365164247517,0.49594414234161377,0.5333333611488342
gated_t0.9_d2_s400,vo2_Vacancy-Anion-03.png,1,241.0,20.0,boundary_edge,100,0.8208365164247517,0.49552279710769653,0.5098039507865906
gated_t0.9_d2_s400,vo2_Vacancy-Anion-03.png,1,482.0,317.0,boundary_edge,100,0.8208365164247517,0.4979288876056671,0.4274509847164154
gated_t0.9_d2_s400,vo2_Vacancy-Anion-03.png,1,172.0,140.0,boundary_edge,100,0.8208365164247517,0.49331843852996826,0.49803921580314636
gated_t0.9_d2_s400,vo2_Vacancy-Anion-03.png,1,241.0,139.0,boundary_edge,100,0.8208365164247517,0.5015751123428345,0.5254902243614197
gated_t0.9_d2_s400,vo2_Vacancy-Anion-03.png,1,138.0,318.0,boundary_edge,100,0.8208365164247517,0.4948136806488037,0.5647059082984924
gated_t0.9_d2_s400,vse2-A_Vacancy-Anion-06A.png,1,628.0,217.0,borderline_shifted,84,0.04060658162751613,0.23137255012989044,0.21176470816135406
gated_t0.9_d2_s400,tas2-A_Doped-Li.png,1,0.0,90.0,boundary_edge,68,0.06500783897233602,0.7059648036956787,0.03529411926865578
gated_t0.9_d2_s400,tas2-A_Doped-Li.png,1,18.0,97.0,invented_undamaged,68,0.06500783897233602,0.2561647295951843,0.04313725605607033
gated_t0.9_d2_s400,nbte2_Vacancy-Anion-12A.png,1,96.0,445.0,invented_undamaged,170,0.054897087039944184,0.6094985008239746,0.06666667014360428
gated_t0.9_d2_s400,nbte2_Vacancy-Anion-12A.png,1,673.0,314.0,invented_undamaged,170,0.054897087039944184,0.5904197692871094,0.062745101749897
gated_t0.9_d2_s400,nbte2_Vacancy-Anion-12A.png,1,96.0,131.0,invented_undamaged,170,0.054897087039944184,0.5811024904251099,0.06666667014360428
gated_t0.9_d2_s400,nbte2_Vacancy-Anion-12A.png,1,720.0,392.0,boundary_edge,170,0.054897087039944184,0.6104435920715332,0.03529411926865578
gated_t0.9_d2_s400,nbte2_Vacancy-Anion-12A.png,1,716.0,496.0,boundary_edge,170,0.054897087039944184,0.43764835596084595,0.0313725508749485
gated_t0.9_d2_s400,nbte2_Vacancy-Anion-12A.png,1,727.0,453.0,boundary_edge,170,0.054897087039944184,0.019607843831181526,0.019607843831181526
gated_t0.9_d2_s400,nbte2_Vacancy-Anion-12A.png,1,713.0,425.0,boundary_edge,170,0.054897087039944184,0.2871305048465729,0.0235294122248888
gated_t0.9_d2_s400,nbte2_Vacancy-Anion-12A.png,1,711.0,463.0,invented_undamaged,170,0.054897087039944184,0.2464972734451294,0.01568627543747425
gated_t0.9_d2_s400,nbte2_Vacancy-Anion-12A.png,1,671.0,296.0,borderline_shifted,170,0.054897087039944184,0.31338605284690857,0.07058823853731155
gated_t0.9_d2_s400,nbte2_Vacancy-Anion-12A.png,1,656.0,303.0,borderline_shifted,170,0.054897087039944184,0.28351590037345886,0.07058823853731155
gated_t0.9_d2_s400,vs2_Vacancy-Anion-06A.png,1,304.0,417.0,borderline_shifted,158,0.5798871994272244,0.7952746152877808,0.7647058963775635
gated_t0.9_d2_s400,vs2_Vacancy-Anion-06A.png,1,142.0,176.0,borderline_shifted,158,0.5798871994272244,0.2828783392906189,0.30588236451148987
gated_t0.9_d2_s400,vs2_Vacancy-Anion-06A.png,1,367.0,448.0,boundary_edge,158,0.5798871994272244,0.5403028726577759,0.5607843399047852
gated_t0.9_d2_s400,vs2_Vacancy-Anion-06A.png,1,138.0,167.0,borderline_shifted,158,0.5798871994272244,0.287081241607666,0.2666666805744171
gated_t0.9_d2_s400,vs2_Vacancy-Anion-06A.png,1,404.0,507.0,boundary_edge,158,0.5798871994272244,0.4105374217033386,0.4274509847164154
gated_t0.9_d2_s400,cose2_Fe_doped.png,1,553.0,62.0,borderline_shifted,96,0.03038748424860778,0.1809765100479126,0.04313725605607033
gated_t0.9_d2_s400,cro2_Vacancy-Anion-03.png,1,370.0,66.0,borderline_shifted,80,0.6890084556742901,0.44420406222343445,0.239215686917305
gated_t0.9_d2_s400,cro2_Vacancy-Anion-03.png,1,385.0,57.0,borderline_shifted,80,0.6890084556742901,0.39699283242225647,0.1764705926179886
gated_t0.9_d2_s400,cro2_Vacancy-Anion-03.png,1,366.0,295.0,borderline_shifted,80,0.6890084556742901,0.42537921667099,0.27450981736183167
gated_t0.9_d2_s400,cro2_Vacancy-Anion-03.png,1,388.0,280.0,borderline_shifted,80,0.6890084556742901,0.43173736333847046,0.30980393290519714
gated_t0.9_d2_s400,cro2_Vacancy-Anion-03.png,1,153.0,417.0,borderline_shifted,80,0.6890084556742901,0.4414464831352234,0.19607843458652496
gated_t0.9_d2_s400,cro2_Vacancy-Anion-03.png,1,370.0,73.0,borderline_shifted,80,0.6890084556742901,0.39768344163894653,0.1764705926179886
gated_t0.9_d2_s400,cro2_Vacancy-Anion-03.png,1,385.0,81.0,borderline_shifted,80,0.6890084556742901,0.4201412498950958,0.29019609093666077
gated_t0.9_d2_s400,cro2_Vacancy-Anion-03.png,1,379.0,54.0,borderline_shifted,80,0.6890084556742901,0.37355583906173706,0.2078431397676468
gated_t0.9_d2_s400,cro2_Vacancy-Anion-03.png,1,160.0,193.0,borderline_shifted,80,0.6890084556742901,0.39543166756629944,0.239215686917305
gated_t0.9_d2_s400,cro2_Vacancy-Anion-03.png,1,162.0,426.0,borderline_shifted,80,0.6890084556742901,0.4127714931964874,0.21176470816135406
gated_t0.9_d2_s400,cro2_Vacancy-Anion-03.png,1,143.0,428.0,borderline_shifted,80,0.6890084556742901,0.4040091633796692,0.23529411852359772
gated_t0.9_d2_s400,cro2_Vacancy-Anion-03.png,1,143.0,419.0,borderline_shifted,80,0.6890084556742901,0.4195268452167511,0.23137255012989044
gated_t0.9_d2_s400,cro2_Vacancy-Anion-03.png,1,392.0,304.0,borderline_shifted,80,0.6890084556742901,0.4002724289894104,0.2549019753932953
gated_t0.9_d2_s400,cro2_Vacancy-Anion-03.png,1,155.0,201.0,borderline_shifted,80,0.6890084556742901,0.3679644465446472,0.2235294133424759
gated_t0.9_d2_s400,vo2_Vacancy-Anion-03.png,2,287.0,240.0,borderline_shifted,100,0.8481016042780749,0.6036007404327393,0.21568627655506134
gated_t0.9_d2_s400,vo2_Vacancy-Anion-03.png,2,275.0,223.0,borderline_shifted,100,0.8481016042780749,0.5220698118209839,0.20392157137393951
gated_t0.9_d2_s400,vo2_Vacancy-Anion-03.png,2,284.0,252.0,borderline_shifted,100,0.8481016042780749,0.511215329170227,0.16078431904315948
gated_t0.9_d2_s400,vo2_Vacancy-Anion-03.png,2,281.0,256.0,borderline_shifted,100,0.8481016042780749,0.4316672682762146,0.1568627506494522
gated_t0.9_d2_s400,vo2_Vacancy-Anion-03.png,2,172.0,258.0,boundary_edge,100,0.8481016042780749,0.4832040071487427,0.5215686559677124
gated_t0.9_d2_s400,vo2_Vacancy-Anion-03.png,2,378.0,140.0,boundary_edge,100,0.8481016042780749,0.4847688376903534,0.5215686559677124
gated_t0.9_d2_s400,vo2_Vacancy-Anion-03.png,2,138.0,80.0,boundary_edge,100,0.8481016042780749,0.4677014946937561,0.48627451062202454
gated_t0.9_d2_s400,vo2_Vacancy-Anion-03.png,2,69.0,318.0,invented_damaged,100,0.8481016042780749,0.4787461459636688,0.5176470875740051
gated_t0.9_d2_s400,vo2_Vacancy-Anion-03.png,2,103.0,140.0,boundary_edge,100,0.8481016042780749,0.4869707226753235,0.45490196347236633
gated_t0.9_d2_s400,vo2_Vacancy-Anion-03.png,2,378.0,257.0,invented_damaged,100,0.8481016042780749,0.4773550033569336,0.4745098054409027
gated_t0.9_d2_s400,vo2_Vacancy-Anion-03.png,2,412.0,80.0,boundary_edge,100,0.8481016042780749,0.46512195467948914,0.5176470875740051
gated_t0.9_d2_s400,vo2_Vacancy-Anion-03.png,2,103.0,377.0,invented_damaged,100,0.8481016042780749,0.4861108660697937,0.5176470875740051
gated_t0.9_d2_s400,vo2_Vacancy-Anion-03.png,2,241.0,139.0,boundary_edge,100,0.8481016042780749,0.48455482721328735,0.5254902243614197
gated_t0.9_d2_s400,vo2_Vacancy-Anion-03.png,2,481.0,79.0,boundary_edge,100,0.8481016042780749,0.48218804597854614,0.5215686559677124
gated_t0.9_d2_s400,vo2_Vacancy-Anion-03.png,2,206.0,80.0,boundary_edge,100,0.8481016042780749,0.48234665393829346,0.4588235318660736
gated_t0.9_d2_s400,vo2_Vacancy-Anion-03.png,2,206.0,317.0,boundary_edge,100,0.8481016042780749,0.48068487644195557,0.501960813999176
gated_t0.9_d2_s400,vo2_Vacancy-Anion-03.png,2,171.0,377.0,invented_damaged,100,0.8481016042780749,0.48277974128723145,0.49803921580314636
gated_t0.9_d2_s400,vo2_Vacancy-Anion-03.png,2,34.0,20.0,invented_damaged,100,0.8481016042780749,0.47531425952911377,0.46666666865348816
gated_t0.9_d2_s400,vo2_Vacancy-Anion-03.png,2,343.0,317.0,invented_damaged,100,0.8481016042780749,0.47523370385169983,0.46666666865348816
gated_t0.9_d2_s400,vo2_Vacancy-Anion-03.png,2,446.0,377.0,boundary_edge,100,0.8481016042780749,0.479963481426239,0.5254902243614197
gated_t0.9_d2_s400,vo2_Vacancy-Anion-03.png,2,516.0,139.0,boundary_edge,100,0.8481016042780749,0.4840739369392395,0.49803921580314636
gated_t0.9_d2_s400,vo2_Vacancy-Anion-03.png,2,344.0,79.0,invented_damaged,100,0.8481016042780749,0.4830113649368286,0.48627451062202454
gated_t0.9_d2_s400,vo2_Vacancy-Anion-03.png,2,482.0,317.0,boundary_edge,100,0.8481016042780749,0.47568565607070923,0.4274509847164154
gated_t0.9_d2_s400,vo2_Vacancy-Anion-03.png,2,379.0,377.0,boundary_edge,100,0.8481016042780749,0.4820973873138428,0.46666666865348816
gated_t0.9_d2_s400,vo2_Vacancy-Anion-03.png,2,309.0,138.0,invented_damaged,100,0.8481016042780749,0.4836408197879791,0.5254902243614197
gated_t0.9_d2_s400,vo2_Vacancy-Anion-03.png,2,241.0,20.0,boundary_edge,100,0.8481016042780749,0.47615018486976624,0.5098039507865906
gated_t0.9_d2_s400,vo2_Vacancy-Anion-03.png,2,35.0,139.0,boundary_edge,100,0.8481016042780749,0.4834834933280945,0.501960813999176
gated_t0.9_d2_s400,vo2_Vacancy-Anion-03.png,2,447.0,140.0,boundary_edge,100,0.8481016042780749,0.4767645597457886,0.4588235318660736
gated_t0.9_d2_s400,mno2_Defect-Free.png,2,197.0,190.0,borderline_shifted,74,0.5092214532871973,0.5181403160095215,0.529411792755127
gated_t0.9_d2_s400,mno2_Defect-Free.png,2,183.0,444.0,borderline_shifted,74,0.5092214532871973,0.4938797354698181,0.4745098054409027
gated_t0.9_d2_s400,mno2_Defect-Free.png,2,182.0,191.0,borderline_shifted,74,0.5092214532871973,0.5344702005386353,0.5882353186607361
gated_t0.9_d2_s400,mno2_Defect-Free.png,2,190.0,412.0,borderline_shifted,74,0.5092214532871973,0.3702051341533661,0.43529412150382996
gated_t0.9_d2_s400,mno2_Defect-Free.png,2,173.0,189.0,borderline_shifted,74,0.5092214532871973,0.38613981008529663,0.38823530077934265
gated_t0.9_d2_s400,mno2_Defect-Free.png,2,171.0,441.0,borderline_shifted,74,0.5092214532871973,0.3336971402168274,0.3294117748737335
gated_t0.9_d2_s400,mno2_Defect-Free.png,2,204.0,166.0,borderline_shifted,74,0.5092214532871973,0.3057633936405182,0.34117648005485535
gated_t0.9_d2_s400,mote2-A_Anti-2M.png,2,6.0,604.0,boundary_edge,189,0.22246323616472094,0.501960813999176,0.5215686559677124
gated_t0.9_d2_s400,vse2-A_Vacancy-Anion-06A.png,2,55.0,463.0,borderline_shifted,84,0.06335339265937096,0.5490204095840454,0.4901960790157318
gated_t0.9_d2_s400,vse2-A_Vacancy-Anion-06A.png,2,0.0,436.0,boundary_edge,84,0.06335339265937096,0.18431372940540314,0.1921568661928177
gated_t0.9_d2_s400,nbte2_Vacancy-Anion-12A.png,2,96.0,445.0,invented_undamaged,170,0.05821123321123321,0.6207336187362671,0.06666667014360428
gated_t0.9_d2_s400,nbte2_Vacancy-Anion-12A.png,2,96.0,130.0,invented_undamaged,170,0.05821123321123321,0.5970392823219299,0.06666667014360428
gated_t0.9_d2_s400,nbte2_Vacancy-Anion-12A.png,2,721.0,392.0,boundary_edge,170,0.05821123321123321,0.6121988296508789,0.0313725508749485
gated_t0.9_d2_s400,nbte2_Vacancy-Anion-12A.png,2,727.0,449.0,boundary_edge,170,0.05821123321123321,0.0313725508749485,0.027450980618596077
gated_t0.9_d2_s400,nbte2_Vacancy-Anion-12A.png,2,674.0,314.0,invented_undamaged,170,0.05821123321123321,0.5881744623184204,0.07450980693101883
gated_t0.9_d2_s400,nbte2_Vacancy-Anion-12A.png,2,402.0,470.0,invented_undamaged,170,0.05821123321123321,0.6170754432678223,0.13333334028720856
gated_t0.9_d2_s400,nbte2_Vacancy-Anion-12A.png,2,454.0,449.0,borderline_shifted,170,0.05821123321123321,0.4390217661857605,0.41960784792900085
gated_t0.9_d2_s400,nbte2_Vacancy-Anion-12A.png,2,661.0,306.0,invented_undamaged,170,0.05821123321123321,0.4196772873401642,0.06666667014360428
gated_t0.9_d2_s400,nbte2_Vacancy-Anion-12A.png,2,716.0,496.0,boundary_edge,170,0.05821123321123321,0.4426799714565277,0.0313725508749485
gated_t0.9_d2_s400,nbte2_Vacancy-Anion-12A.png,2,452.0,436.0,borderline_shifted,170,0.05821123321123321,0.4438000023365021,0.4274509847164154
gated_t0.9_d2_s400,nbte2_Vacancy-Anion-12A.png,2,708.0,427.0,borderline_shifted,170,0.05821123321123321,0.2945980727672577,0.027450980618596077
gated_t0.9_d2_s400,nbte2_Vacancy-Anion-12A.png,2,711.0,459.0,invented_undamaged,170,0.05821123321123321,0.3326937258243561,0.01568627543747425
gated_t0.9_d2_s400,nbte2_Vacancy-Anion-12A.png,2,715.0,429.0,boundary_edge,170,0.05821123321123321,0.38293319940567017,0.027450980618596077
gated_t0.9_d2_s400,nbte2_Vacancy-Anion-12A.png,2,397.0,482.0,borderline_shifted,170,0.05821123321123321,0.44824832677841187,0.1568627506494522
gated_t0.9_d2_s400,nbte2_Vacancy-Anion-12A.png,2,451.0,456.0,borderline_shifted,170,0.05821123321123321,0.3898531198501587,0.3529411852359772
gated_t0.9_d2_s400,nbte2_Vacancy-Anion-12A.png,2,111.0,139.0,borderline_shifted,170,0.05821123321123321,0.29673972725868225,0.07450980693101883
gated_t0.9_d2_s400,nbte2_Vacancy-Anion-12A.png,2,460.0,435.0,borderline_shifted,170,0.05821123321123321,0.2851892113685608,0.2705882489681244
gated_t0.9_d2_s400,nbte2_Vacancy-Anion-12A.png,2,462.0,446.0,borderline_shifted,170,0.05821123321123321,0.2876608073711395,0.2862745225429535
gated_t0.9_d2_s400,nbte2_Vacancy-Anion-12A.png,2,673.0,299.0,borderline_shifted,170,0.05821123321123321,0.3741668462753296,0.05098039284348488
gated_t0.9_d2_s400,nbte2_Vacancy-Anion-12A.png,2,463.0,457.0,borderline_shifted,170,0.05821123321123321,0.24842774868011475,0.23137255012989044
gated_t0.9_d2_s400,nbte2_Vacancy-Anion-12A.png,2,388.0,458.0,borderline_shifted,170,0.05821123321123321,0.45263007283210754,0.2549019753932953
gated_t0.9_d2_s400,vs2_Vacancy-Anion-06A.png,2,91.0,21.0,invented_damaged,158,0.6361799488916622,0.35792094469070435,0.32549020648002625
gated_t0.9_d2_s400,vs2_Vacancy-Anion-06A.png,2,95.0,5.0,boundary_edge,158,0.6361799488916622,0.2814192473888397,0.239215686917305
gated_t0.9_d2_s400,vs2_Vacancy-Anion-06A.png,2,97.0,13.0,boundary_edge,158,0.6361799488916622,0.3304699957370758,0.3333333432674408
gated_t0.9_d2_s400,vs2_Vacancy-Anion-06A.png,2,98.0,30.0,borderline_shifted,158,0.6361799488916622,0.31407487392425537,0.32156863808631897
gated_t0.9_d2_s400,vs2_Vacancy-Anion-06A.png,2,367.0,447.0,boundary_edge,158,0.6361799488916622,0.5500181317329407,0.5098039507865906
gated_t0.9_d2_s400,vs2_Vacancy-Anion-06A.png,2,78.0,16.0,borderline_shifted,158,0.6361799488916622,0.2646620571613312,0.3490196168422699
gated_t0.9_d2_s400,vs2_Vacancy-Anion-06A.png,2,404.0,507.0,boundary_edge,158,0.6361799488916622,0.41910606622695923,0.4274509847164154
gated_t0.9_d2_s400,vs2_Vacancy-Anion-06A.png,2,105.0,20.0,invented_damaged,158,0.6361799488916622,0.2884785830974579,0.30980393290519714
gated_t0.9_d2_s400,ws2-A_Vacancy-Metal.png,2,345.0,498.0,invented_undamaged,59,0.01815006939230542,0.6529817581176758,0.03529411926865578
gated_t0.9_d2_s400,ws2-A_Vacancy-Metal.png,2,255.0,497.0,borderline_shifted,59,0.01815006939230542,0.21960784494876862,0.239215686917305
gated_t0.9_d2_s400,ws2-A_Vacancy-Metal.png,2,322.0,466.0,borderline_shifted,59,0.01815006939230542,0.19797486066818237,0.18039216101169586
gated_t0.9_d2_s400,cose2_Fe_doped.png,2,546.0,50.0,borderline_shifted,96,0.060856266005446934,0.4107035994529724,0.0235294122248888
gated_t0.9_d2_s400,cose2_Fe_doped.png,2,533.0,65.0,borderline_shifted,96,0.060856266005446934,0.39885443449020386,0.03921568766236305
gated_t0.9_d2_s400,cose2_Fe_doped.png,2,524.0,64.0,borderline_shifted,96,0.060856266005446934,0.38427820801734924,0.0470588244497776
gated_t0.9_d2_s400,cose2_Fe_doped.png,2,551.0,43.0,borderline_shifted,96,0.060856266005446934,0.24281790852546692,0.03921568766236305
gated_t0.9_d2_s400,cose2_Fe_doped.png,2,520.0,70.0,borderline_shifted,96,0.060856266005446934,0.2270471453666687,0.09019608050584793
gated_t0.9_d2_s400,cro2_Vacancy-Anion-03.png,2,17.0,295.0,borderline_shifted,80,0.6971978095142981,0.5099782347679138,0.5058823823928833
gated_t0.9_d2_s400,cro2_Vacancy-Anion-03.png,2,16.0,80.0,borderline_shifted,80,0.6971978095142981,0.3612915873527527,0.32549020648002625
gated_t0.9_d2_s400,cro2_Vacancy-Anion-03.png,2,368.0,64.0,borderline_shifted,80,0.6971978095142981,0.4411936402320862,0.21568627655506134
gated_t0.9_d2_s400,cro2_Vacancy-Anion-03.png,2,27.0,77.0,borderline_shifted,80,0.6971978095142981,0.35099753737449646,0.29019609093666077
gated_t0.9_d2_s400,cro2_Vacancy-Anion-03.png,2,386.0,56.0,borderline_shifted,80,0.6971978095142981,0.40549683570861816,0.2078431397676468
gated_t0.9_d2_s400,cro2_Vacancy-Anion-03.png,2,389.0,283.0,borderline_shifted,80,0.6971978095142981,0.42555123567581177,0.24705882370471954
gated_t0.9_d2_s400,cro2_Vacancy-Anion-03.png,2,389.0,77.0,borderline_shifted,80,0.6971978095142981,0.4237217605113983,0.22745098173618317
gated_t0.9_d2_s400,cro2_Vacancy-Anion-03.png,2,364.0,293.0,borderline_shifted,80,0.6971978095142981,0.44284820556640625,0.3333333432674408
gated_t0.9_d2_s400,cro2_Vacancy-Anion-03.png,2,29.0,292.0,borderline_shifted,80,0.6971978095142981,0.4224259853363037,0.3843137323856354
gated_t0.9_d2_s400,cro2_Vacancy-Anion-03.png,2,368.0,285.0,borderline_shifted,80,0.6971978095142981,0.3735467195510864,0.2235294133424759
gated_t0.9_d2_s400,cro2_Vacancy-Anion-03.png,2,41.0,64.0,borderline_shifted,80,0.6971978095142981,0.44754865765571594,0.4470588266849518
gated_t0.9_d2_s400,cro2_Vacancy-Anion-03.png,2,34.0,55.0,borderline_shifted,80,0.6971978095142981,0.38981056213378906,0.40392157435417175
gated_t0.9_d2_s400,cro2_Vacancy-Anion-03.png,2,157.0,412.0,borderline_shifted,80,0.6971978095142981,0.4266979396343231,0.27843138575553894
gated_t0.9_d2_s400,cro2_Vacancy-Anion-03.png,2,38.0,73.0,borderline_shifted,80,0.6971978095142981,0.4366067349910736,0.4588235318660736
gated_t0.9_d2_s400,cro2_Vacancy-Anion-03.png,2,376.0,83.0,borderline_shifted,80,0.6971978095142981,0.3272932171821594,0.2549019753932953
gated_t0.9_d2_s400,cro2_Vacancy-Anion-03.png,2,385.0,308.0,borderline_shifted,80,0.6971978095142981,0.4222949743270874,0.2980392277240753
gated_t0.9_d2_s400,cro2_Vacancy-Anion-03.png,2,378.0,279.0,borderline_shifted,80,0.6971978095142981,0.3544990122318268,0.21568627655506134
gated_t0.9_d2_s400,vo2_Vacancy-Anion-03.png,4,138.0,0.0,boundary_edge,100,0.8810847975553858,0.8371579051017761,0.10196078568696976
gated_t0.9_d2_s400,vo2_Vacancy-Anion-03.png,4,413.0,0.0,boundary_edge,100,0.8810847975553858,0.840369462966919,0.11372549086809158
gated_t0.9_d2_s400,vo2_Vacancy-Anion-03.png,4,344.0,79.0,invented_damaged,100,0.8810847975553858,0.49318698048591614,0.48627451062202454
gated_t0.9_d2_s400,vo2_Vacancy-Anion-03.png,4,413.0,80.0,invented_damaged,100,0.8810847975553858,0.48570212721824646,0.4941176474094391
gated_t0.9_d2_s400,vo2_Vacancy-Anion-03.png,4,34.0,20.0,boundary_edge,100,0.8810847975553858,0.48664483428001404,0.46666666865348816
gated_t0.9_d2_s400,vo2_Vacancy-Anion-03.png,4,310.0,138.0,boundary_edge,100,0.8810847975553858,0.49180787801742554,0.47843137383461
gated_t0.9_d2_s400,vo2_Vacancy-Anion-03.png,4,549.0,318.0,boundary_edge,100,0.8810847975553858,0.4603637754917145,0.45098039507865906
gated_t0.9_d2_s400,vo2_Vacancy-Anion-03.png,4,378.0,140.0,boundary_edge,100,0.8810847975553858,0.4860418438911438,0.5215686559677124
gated_t0.9_d2_s400,vo2_Vacancy-Anion-03.png,4,379.0,258.0,boundary_edge,100,0.8810847975553858,0.48013219237327576,0.4588235318660736
gated_t0.9_d2_s400,vo2_Vacancy-Anion-03.png,4,103.0,377.0,boundary_edge,100,0.8810847975553858,0.487307071685791,0.5176470875740051
gated_t0.9_d2_s400,vo2_Vacancy-Anion-03.png,4,172.0,140.0,boundary_edge,100,0.8810847975553858,0.48546290397644043,0.49803921580314636
gated_t0.9_d2_s400,vo2_Vacancy-Anion-03.png,4,171.0,257.0,boundary_edge,100,0.8810847975553858,0.4789447784423828,0.529411792755127
gated_t0.9_d2_s400,vo2_Vacancy-Anion-03.png,4,138.0,80.0,invented_damaged,100,0.8810847975553858,0.48128145933151245,0.48627451062202454
gated_t0.9_d2_s400,vo2_Vacancy-Anion-03.png,4,34.0,138.0,boundary_edge,100,0.8810847975553858,0.48579171299934387,0.45098039507865906
gated_t0.9_d2_s400,vo2_Vacancy-Anion-03.png,4,241.0,139.0,invented_damaged,100,0.8810847975553858,0.4903872609138489,0.5254902243614197
gated_t0.9_d2_s400,vo2_Vacancy-Anion-03.png,4,344.0,317.0,boundary_edge,100,0.8810847975553858,0.48089683055877686,0.4431372582912445
gated_t0.9_d2_s400,vo2_Vacancy-Anion-03.png,4,447.0,140.0,invented_damaged,100,0.8810847975553858,0.4801071286201477,0.4588235318660736
gated_t0.9_d2_s400,vo2_Vacancy-Anion-03.png,4,171.0,377.0,boundary_edge,100,0.8810847975553858,0.48580917716026306,0.49803921580314636
gated_t0.9_d2_s400,vo2_Vacancy-Anion-03.png,4,69.0,318.0,invented_damaged,100,0.8810847975553858,0.47937464714050293,0.5176470875740051
gated_t0.9_d2_s400,vo2_Vacancy-Anion-03.png,4,69.0,80.0,boundary_edge,100,0.8810847975553858,0.486508309841156,0.5137255191802979
gated_t0.9_d2_s400,vo2_Vacancy-Anion-03.png,4,482.0,317.0,boundary_edge,100,0.8810847975553858,0.48605385422706604,0.4274509847164154
gated_t0.9_d2_s400,vo2_Vacancy-Anion-03.png,4,309.0,21.0,boundary_edge,100,0.8810847975553858,0.4828488826751709,0.49803921580314636
gated_t0.9_d2_s400,vo2_Vacancy-Anion-03.png,4,446.0,377.0,invented_damaged,100,0.8810847975553858,0.48540937900543213,0.5254902243614197
gated_t0.9_d2_s400,vo2_Vacancy-Anion-03.png,4,103.0,140.0,boundary_edge,100,0.8810847975553858,0.4812966287136078,0.45490196347236633
gated_t0.9_d2_s400,vo2_Vacancy-Anion-03.png,4,412.0,317.0,boundary_edge,100,0.8810847975553858,0.4822874069213867,0.529411792755127
gated_t0.9_d2_s400,mos2-A_Adatom-Li.png,4,65.0,436.0,borderline_shifted,84,0.19147515189590425,0.5014183521270752,0.6627451181411743
gated_t0.9_d2_s400,mos2-A_Adatom-Li.png,4,80.0,446.0,borderline_shifted,84,0.19147515189590425,0.17971372604370117,0.24705882370471954
gated_t0.9_d2_s400,mote2-A_Anti-2M.png,4,160.0,553.0,borderline_shifted,189,0.2722986573207985,0.43137186765670776,0.29411765933036804
gated_t0.9_d2_s400,mote2-A_Anti-2M.png,4,161.0,252.0,borderline_shifted,189,0.2722986573207985,0.4344177842140198,0.3137255012989044
gated_t0.9_d2_s400,mote2-A_Anti-2M.png,4,213.0,210.0,borderline_shifted,189,0.2722986573207985,0.38876771926879883,0.25882354378700256
gated_t0.9_d2_s400,mote2-A_Anti-2M.png,4,238.0,525.0,borderline_shifted,189,0.2722986573207985,0.4304962158203125,0.47058823704719543
gated_t0.9_d2_s400,mote2-A_Anti-2M.png,4,6.0,604.0,boundary_edge,189,0.2722986573207985,0.5098039507865906,0.5215686559677124
gated_t0.9_d2_s400,mote2-A_Anti-2M.png,4,165.0,485.0,borderline_shifted,189,0.2722986573207985,0.31597140431404114,0.24313725531101227
gated_t0.9_d2_s400,mote2-A_Anti-2M.png,4,239.0,223.0,borderline_shifted,189,0.2722986573207985,0.40521547198295593,0.4588235318660736
gated_t0.9_d2_s400,mote2-A_Anti-2M.png,4,166.0,183.0,borderline_shifted,189,0.2722986573207985,0.30502527952194214,0.21176470816135406
gated_t0.9_d2_s400,mote2-A_Anti-2M.png,4,213.0,512.0,borderline_shifted,189,0.2722986573207985,0.38560763001441956,0.21960784494876862
gated_t0.9_d2_s400,mote2-A_Anti-2M.png,4,234.0,513.0,borderline_shifted,189,0.2722986573207985,0.4383964538574219,0.3294117748737335
gated_t0.9_d2_s400,mote2-A_Anti-2M.png,4,220.0,205.0,borderline_shifted,189,0.2722986573207985,0.3783546984195709,0.239215686917305
gated_t0.9_d2_s400,mote2-A_Anti-2M.png,4,202.0,209.0,borderline_shifted,189,0.2722986573207985,0.3286117911338806,0.2078431397676468
gated_t0.9_d2_s400,mote2-A_Anti-2M.png,4,234.0,492.0,boundary_edge,189,0.2722986573207985,0.2922707200050354,0.13333334028720856
gated_t0.9_d2_s400,mote2-A_Anti-2M.png,4,238.0,507.0,borderline_shifted,189,0.2722986573207985,0.3404335677623749,0.2235294133424759
gated_t0.9_d2_s400,mote2-A_Anti-2M.png,4,158.0,189.0,borderline_shifted,189,0.2722986573207985,0.3193027675151825,0.22745098173618317
gated_t0.9_d2_s400,mote2-A_Anti-2M.png,4,239.0,203.0,borderline_shifted,189,0.2722986573207985,0.32674628496170044,0.2235294133424759
gated_t0.9_d2_s400,mote2-A_Anti-2M.png,4,175.0,567.0,borderline_shifted,189,0.2722986573207985,0.3156574070453644,0.30980393290519714
gated_t0.9_d2_s400,mote2-A_Anti-2M.png,4,210.0,500.0,borderline_shifted,189,0.2722986573207985,0.3560534715652466,0.30588236451148987
gated_t0.9_d2_s400,mote2-A_Anti-2M.png,4,233.0,189.0,boundary_edge,189,0.2722986573207985,0.2900148332118988,0.12156862765550613
gated_t0.9_d2_s400,mote2-A_Anti-2M.png,4,204.0,510.0,borderline_shifted,189,0.2722986573207985,0.3223486840724945,0.21960784494876862
gated_t0.9_d2_s400,mote2-A_Anti-2M.png,4,229.0,186.0,borderline_shifted,189,0.2722986573207985,0.29122376441955566,0.1725490242242813
gated_t0.9_d2_s400,tate2-A_Fe_doped.png,4,550.0,351.0,borderline_shifted,122,0.0488133445945946,0.25509923696517944,0.2666666805744171
gated_t0.9_d2_s400,tate2-A_Fe_doped.png,4,550.0,32.0,borderline_shifted,122,0.0488133445945946,0.27486950159072876,0.2862745225429535
gated_t0.9_d2_s400,vse2-A_Vacancy-Anion-06A.png,4,628.0,217.0,borderline_shifted,84,0.05164308340497378,0.239215686917305,0.21176470816135406
gated_t0.9_d2_s400,vse2-A_Vacancy-Anion-06A.png,4,126.0,578.0,boundary_edge,84,0.05164308340497378,0.1921568661928177,0.18039216101169586
gated_t0.9_d2_s400,vse2-A_Vacancy-Anion-06A.png,4,294.0,217.0,borderline_shifted,84,0.05164308340497378,0.23529411852359772,0.239215686917305
gated_t0.9_d2_s400,vse2-A_Vacancy-Anion-06A.png,4,668.0,288.0,boundary_edge,84,0.05164308340497378,0.21960784494876862,0.24705882370471954
gated_t0.9_d2_s400,vse2-A_Vacancy-Anion-06A.png,4,210.0,72.0,borderline_shifted,84,0.05164308340497378,0.23529411852359772,0.21960784494876862
gated_t0.9_d2_s400,vse2-A_Vacancy-Anion-06A.png,4,0.0,435.0,boundary_edge,84,0.05164308340497378,0.19607843458652496,0.20392157137393951
gated_t0.9_d2_s400,tas2-A_Doped-Li.png,4,0.0,89.0,boundary_edge,68,0.07274566327820765,0.561633288860321,0.0313725508749485
gated_t0.9_d2_s400,tas2-A_Doped-Li.png,4,0.0,382.0,boundary_edge,68,0.07274566327820765,0.4874517321586609,0.03921568766236305
gated_t0.9_d2_s400,tase2-A_Vacancy-Anion-12B.png,4,510.0,88.0,invented_damaged,121,0.041567427630030594,0.23370134830474854,0.24313725531101227
gated_t0.9_d2_s400,tase2-A_Vacancy-Anion-12B.png,4,483.0,45.0,invented_damaged,121,0.041567427630030594,0.2391195148229599,0.250980406999588
gated_t0.9_d2_s400,tase2-A_Vacancy-Anion-12B.png,4,121.0,595.0,boundary_edge,121,0.041567427630030594,0.16470588743686676,0.16470588743686676
gated_t0.9_d2_s400,nbs2_Anti-Metal.png,4,366.0,412.0,borderline_shifted,106,0.06295582043159821,0.48235294222831726,0.5843137502670288
gated_t0.9_d2_s400,nbse2_Cu_doped.png,4,337.0,146.0,borderline_shifted,145,0.8245839067452421,0.23523154854774475,0.30588236451148987
gated_t0.9_d2_s400,nbte2_Vacancy-Anion-12A.png,4,97.0,445.0,invented_undamaged,170,0.08330716902145474,0.6039307117462158,0.06666667014360428
gated_t0.9_d2_s400,nbte2_Vacancy-Anion-12A.png,4,579.0,469.0,invented_undamaged,170,0.08330716902145474,0.6199472546577454,0.08235294371843338
gated_t0.9_d2_s400,nbte2_Vacancy-Anion-12A.png,4,93.0,133.0,invented_undamaged,170,0.08330716902145474,0.5583735704421997,0.0784313753247261
gated_t0.9_d2_s400,nbte2_Vacancy-Anion-12A.png,4,676.0,316.0,invented_undamaged,170,0.08330716902145474,0.5619288086891174,0.08235294371843338
gated_t0.9_d2_s400,nbte2_Vacancy-Anion-12A.png,4,714.0,443.0,boundary_edge,170,0.08330716902145474,0.6273516416549683,0.01568627543747425
gated_t0.9_d2_s400,nbte2_Vacancy-Anion-12A.png,4,719.0,391.0,boundary_edge,170,0.08330716902145474,0.6159895062446594,0.027450980618596077
gated_t0.9_d2_s400,nbte2_Vacancy-Anion-12A.png,4,659.0,306.0,invented_undamaged,170,0.08330716902145474,0.3846123516559601,0.05098039284348488
gated_t0.9_d2_s400,nbte2_Vacancy-Anion-12A.png,4,110.0,128.0,invented_undamaged,170,0.08330716902145474,0.35133326053619385,0.062745101749897
gated_t0.9_d2_s400,nbte2_Vacancy-Anion-12A.png,4,659.0,316.0,invented_undamaged,170,0.08330716902145474,0.42199617624282837,0.05882352963089943
gated_t0.9_d2_s400,nbte2_Vacancy-Anion-12A.png,4,84.0,123.0,invented_undamaged,170,0.08330716902145474,0.36130228638648987,0.04313725605607033
gated_t0.9_d2_s400,nbte2_Vacancy-Anion-12A.png,4,110.0,143.0,borderline_shifted,170,0.08330716902145474,0.27781176567077637,0.0784313753247261
gated_t0.9_d2_s400,nbte2_Vacancy-Anion-12A.png,4,685.0,303.0,borderline_shifted,170,0.08330716902145474,0.31768783926963806,0.054901961237192154
gated_t0.9_d2_s400,nbte2_Vacancy-Anion-12A.png,4,707.0,497.0,invented_undamaged,170,0.08330716902145474,0.29980334639549255,0.03529411926865578
gated_t0.9_d2_s400,tise2_Adatom-Li.png,4,268.0,518.0,borderline_shifted,157,0.24425908977452368,0.3311663866043091,0.40784314274787903
gated_t0.9_d2_s400,tise2_Adatom-Li.png,4,279.0,543.0,borderline_shifted,157,0.24425908977452368,0.3339732885360718,0.3176470696926117
gated_t0.9_d2_s400,tise2_Adatom-Li.png,4,287.0,542.0,borderline_shifted,157,0.24425908977452368,0.3234918713569641,0.33725491166114807
gated_t0.9_d2_s400,tise2_Adatom-Li.png,4,271.0,538.0,borderline_shifted,157,0.24425908977452368,0.3624265193939209,0.3921568691730499
gated_t0.9_d2_s400,tise2_Adatom-Li.png,4,273.0,455.0,borderline_shifted,157,0.24425908977452368,0.2922317087650299,0.2980392277240753
gated_t0.9_d2_s400,vs2_Vacancy-Anion-06A.png,4,303.0,417.0,borderline_shifted,158,0.5639575851734882,0.7772507667541504,0.7411764860153198
gated_t0.9_d2_s400,ws2-A_Vacancy-Metal.png,4,277.0,551.0,boundary_edge,59,0.04382806634359429,0.5226553082466125,0.4588235318660736
gated_t0.9_d2_s400,ws2-A_Vacancy-Metal.png,4,266.0,529.0,borderline_shifted,59,0.04382806634359429,0.36995774507522583,0.3607843220233917
gated_t0.9_d2_s400,cose2_Fe_doped.png,4,556.0,50.0,borderline_shifted,96,0.04902493801064997,0.21341335773468018,0.054901961237192154
gated_t0.9_d2_s400,cose2_Fe_doped.png,4,553.0,60.0,borderline_shifted,96,0.04902493801064997,0.19840022921562195,0.0470588244497776
gated_t0.9_d2_s400,cose2_Fe_doped.png,4,552.0,63.0,borderline_shifted,96,0.04902493801064997,0.17170889675617218,0.03921568766236305
gated_t0.9_d2_s400,cro2_Vacancy-Anion-03.png,4,347.0,227.0,borderline_shifted,80,0.678255767502247,0.5248262286186218,0.12941177189350128
gated_t0.9_d2_s400,cro2_Vacancy-Anion-03.png,4,336.0,227.0,borderline_shifted,80,0.678255767502247,0.5837694406509399,0.12156862765550613
gated_t0.9_d2_s400,cro2_Vacancy-Anion-03.png,4,327.0,237.0,borderline_shifted,80,0.678255767502247,0.40029287338256836,0.1725490242242813
gated_t0.9_d2_s400,cro2_Vacancy-Anion-03.png,4,327.0,230.0,borderline_shifted,80,0.678255767502247,0.48199462890625,0.125490203499794
gated_t0.9_d2_s400,cro2_Vacancy-Anion-03.png,4,386.0,78.0,borderline_shifted,80,0.678255767502247,0.43958160281181335,0.24705882370471954
gated_t0.9_d2_s400,cro2_Vacancy-Anion-03.png,4,367.0,65.0,borderline_shifted,80,0.678255767502247,0.45604556798934937,0.24313725531101227
gated_t0.9_d2_s400,cro2_Vacancy-Anion-03.png,4,379.0,53.0,borderline_shifted,80,0.678255767502247,0.37085437774658203,0.1882352977991104
gated_t0.9_d2_s400,cro2_Vacancy-Anion-03.png,4,365.0,294.0,borderline_shifted,80,0.678255767502247,0.4446263909339905,0.2862745225429535
gated_t0.9_d2_s400,cro2_Vacancy-Anion-03.png,4,389.0,281.0,borderline_shifted,80,0.678255767502247,0.43134623765945435,0.2666666805744171
gated_t0.9_d2_s400,cro2_Vacancy-Anion-03.png,4,365.0,236.0,borderline_shifted,80,0.678255767502247,0.29141268134117126,0.1568627506494522
gated_t0.9_d2_s400,cro2_Vacancy-Anion-03.png,4,371.0,75.0,borderline_shifted,80,0.678255767502247,0.3957863450050354,0.20392157137393951
gated_t0.9_d2_s400,cro2_Vacancy-Anion-03.png,4,389.0,56.0,borderline_shifted,80,0.678255767502247,0.4005187153816223,0.2705882489681244
gated_t0.9_d2_s400,cro2_Vacancy-Anion-03.png,4,390.0,307.0,borderline_shifted,80,0.678255767502247,0.43092086911201477,0.3176470696926117
gated_t0.9_d2_s400,cro2_Vacancy-Anion-03.png,4,369.0,232.0,borderline_shifted,80,0.678255767502247,0.3066736161708832,0.15294118225574493
gated_t0.9_d2_s400,cro2_Vacancy-Anion-03.png,4,370.0,303.0,borderline_shifted,80,0.678255767502247,0.3776473104953766,0.20392157137393951
gated_t0.9_d2_s400,cro2_Vacancy-Anion-03.png,4,382.0,229.0,borderline_shifted,80,0.678255767502247,0.42964479327201843,0.24313725531101227
gated_t0.9_d2_s400,vo2_Vacancy-Anion-03.png,8,278.0,437.0,boundary_edge,100,0.8846180290297937,0.49717971682548523,0.2823529541492462
gated_t0.9_d2_s400,vo2_Vacancy-Anion-03.png,8,549.0,439.0,boundary_edge,100,0.8846180290297937,0.4726940989494324,0.23137255012989044
gated_t0.9_d2_s400,vo2_Vacancy-Anion-03.png,8,207.0,317.0,invented_damaged,100,0.8846180290297937,0.4981591999530792,0.545098066329956
gated_t0.9_d2_s400,vo2_Vacancy-Anion-03.png,8,549.0,321.0,boundary_edge,100,0.8846180290297937,0.36406946182250977,0.43921568989753723
gated_t0.9_d2_s400,vo2_Vacancy-Anion-03.png,8,482.0,317.0,invented_damaged,100,0.8846180290297937,0.4967198669910431,0.4274509847164154
gated_t0.9_d2_s400,vo2_Vacancy-Anion-03.png,8,412.0,80.0,boundary_edge,100,0.8846180290297937,0.47589415311813354,0.5176470875740051
gated_t0.9_d2_s400,vo2_Vacancy-Anion-03.png,8,241.0,20.0,boundary_edge,100,0.8846180290297937,0.479408860206604,0.5098039507865906
gated_t0.9_d2_s400,vo2_Vacancy-Anion-03.png,8,172.0,258.0,boundary_edge,100,0.8846180290297937,0.48321008682250977,0.5215686559677124
gated_t0.9_d2_s400,vo2_Vacancy-Anion-03.png,8,481.0,79.0,boundary_edge,100,0.8846180290297937,0.4906463027000427,0.5215686559677124
gated_t0.9_d2_s400,vo2_Vacancy-Anion-03.png,8,344.0,317.0,boundary_edge,100,0.8846180290297937,0.48821863532066345,0.4431372582912445
gated_t0.9_d2_s400,vo2_Vacancy-Anion-03.png,8,378.0,377.0,boundary_edge,100,0.8846180290297937,0.49014121294021606,0.5176470875740051
gated_t0.9_d2_s400,vo2_Vacancy-Anion-03.png,8,69.0,318.0,boundary_edge,100,0.8846180290297937,0.4870983064174652,0.5176470875740051
gated_t0.9_d2_s400,vo2_Vacancy-Anion-03.png,8,103.0,139.0,boundary_edge,100,0.8846180290297937,0.4855048656463623,0.5372549295425415
gated_t0.9_d2_s400,vo2_Vacancy-Anion-03.png,8,137.0,79.0,invented_damaged,100,0.8846180290297937,0.47427988052368164,0.5058823823928833
gated_t0.9_d2_s400,vo2_Vacancy-Anion-03.png,8,378.0,140.0,boundary_edge,100,0.8846180290297937,0.4878894090652466,0.5215686559677124
gated_t0.9_d2_s400,vo2_Vacancy-Anion-03.png,8,309.0,21.0,boundary_edge,100,0.8846180290297937,0.4892840087413788,0.49803921580314636
gated_t0.9_d2_s400,vo2_Vacancy-Anion-03.png,8,34.0,20.0,boundary_edge,100,0.8846180290297937,0.4814733862876892,0.46666666865348816
gated_t0.9_d2_s400,vo2_Vacancy-Anion-03.png,8,446.0,377.0,invented_damaged,100,0.8846180290297937,0.47114479541778564,0.5254902243614197
gated_t0.9_d2_s400,vo2_Vacancy-Anion-03.png,8,379.0,257.0,boundary_edge,100,0.8846180290297937,0.4832429885864258,0.5137255191802979
gated_t0.9_d2_s400,vo2_Vacancy-Anion-03.png,8,240.0,139.0,boundary_edge,100,0.8846180290297937,0.4940955638885498,0.5529412031173706
gated_t0.9_d2_s400,vo2_Vacancy-Anion-03.png,8,447.0,140.0,boundary_edge,100,0.8846180290297937,0.4865269064903259,0.4588235318660736
gated_t0.9_d2_s400,vo2_Vacancy-Anion-03.png,8,345.0,79.0,boundary_edge,100,0.8846180290297937,0.4885813891887665,0.5411764979362488
gated_t0.9_d2_s400,vo2_Vacancy-Anion-03.png,8,172.0,140.0,boundary_edge,100,0.8846180290297937,0.4861762225627899,0.49803921580314636
gated_t0.9_d2_s400,vo2_Vacancy-Anion-03.png,8,206.0,79.0,boundary_edge,100,0.8846180290297937,0.48594504594802856,0.5411764979362488
gated_t0.9_d2_s400,vo2_Vacancy-Anion-03.png,8,549.0,80.0,boundary_edge,100,0.8846180290297937,0.481781929731369,0.4745098054409027
gated_t0.9_d2_s400,vo2_Vacancy-Anion-03.png,8,104.0,377.0,boundary_edge,100,0.8846180290297937,0.48358243703842163,0.48627451062202454
gated_t0.9_d2_s400,vo2_Vacancy-Anion-03.png,8,413.0,318.0,boundary_edge,100,0.8846180290297937,0.4823862910270691,0.43529412150382996
gated_t0.9_d2_s400,vo2_Vacancy-Anion-03.png,8,309.0,139.0,boundary_edge,100,0.8846180290297937,0.49152466654777527,0.47058823704719543
gated_t0.9_d2_s400,vo2_Vacancy-Anion-03.png,8,516.0,20.0,boundary_edge,100,0.8846180290297937,0.47147825360298157,0.45490196347236633
gated_t0.9_d2_s400,vo2_Vacancy-Anion-03.png,8,516.0,138.0,boundary_edge,100,0.8846180290297937,0.4915587902069092,0.47058823704719543
gated_t0.9_d2_s400,vo2_Vacancy-Anion-03.png,8,69.0,80.0,boundary_edge,100,0.8846180290297937,0.48645108938217163,0.5137255191802979
gated_t0.9_d2_s400,vo2_Vacancy-Anion-03.png,8,35.0,139.0,boundary_edge,100,0.8846180290297937,0.4876255691051483,0.501960813999176
gated_t0.9_d2_s400,vo2_Vacancy-Anion-03.png,8,171.0,377.0,invented_damaged,100,0.8846180290297937,0.4675197899341583,0.49803921580314636
gated_t0.9_d2_s400,mos2-A_Adatom-Li.png,8,0.0,131.0,boundary_edge,84,0.2219420602376566,0.7419705390930176,0.027450980618596077
gated_t0.9_d2_s400,mos2-A_Adatom-Li.png,8,8.0,7.0,boundary_edge,84,0.2219420602376566,1.0,0.0235294122248888
gated_t0.9_d2_s400,mos2-A_Adatom-Li.png,8,44.0,210.0,invented_damaged,84,0.2219420602376566,0.25271856784820557,0.24705882370471954
gated_t0.9_d2_s400,mos2-A_Adatom-Li.png,8,112.0,91.0,invented_damaged,84,0.2219420602376566,0.2592814564704895,0.2235294133424759
gated_t0.9_d2_s400,mose2-A_Doped-Na.png,8,298.0,402.0,borderline_shifted,105,0.05399423782084861,0.44138771295547485,0.3450980484485626
gated_t0.9_d2_s400,mose2-A_Doped-Na.png,8,286.0,369.0,borderline_shifted,105,0.05399423782084861,0.2964777946472168,0.22745098173618317
gated_t0.9_d2_s400,mose2-A_Doped-Na.png,8,205.0,418.0,borderline_shifted,105,0.05399423782084861,0.22822925448417664,0.22745098173618317
gated_t0.9_d2_s400,mose2-A_Doped-Na.png,8,286.0,408.0,borderline_shifted,105,0.05399423782084861,0.3932454586029053,0.3019607961177826
gated_t0.9_d2_s400,mose2-A_Doped-Na.png,8,294.0,372.0,borderline_shifted,105,0.05399423782084861,0.3687496483325958,0.29411765933036804
gated_t0.9_d2_s400,mose2-A_Doped-Na.png,8,287.0,414.0,borderline_shifted,105,0.05399423782084861,0.2606852054595947,0.20392157137393951
gated_t0.9_d2_s400,mose2-A_Doped-Na.png,8,257.0,400.0,borderline_shifted,105,0.05399423782084861,0.20650041103363037,0.2862745225429535
gated_t0.9_d2_s400,mote2-A_Anti-2M.png,8,6.0,604.0,boundary_edge,189,0.22890430746643303,0.4901960790157318,0.5215686559677124
gated_t0.9_d2_s400,mote2-A_Anti-2M.png,8,381.0,292.0,boundary_edge,189,0.22890430746643303,0.25882354378700256,0.29019609093666077
gated_t0.9_d2_s400,tate2-A_Fe_doped.png,8,183.0,349.0,borderline_shifted,122,0.13390625,0.40428441762924194,0.38823530077934265
gated_t0.9_d2_s400,vse2-A_Vacancy-Anion-06A.png,8,123.0,10.0,boundary_edge,84,0.502884980289195,0.5531133413314819,0.529411792755127
gated_t0.9_d2_s400,vse2-A_Vacancy-Anion-06A.png,8,454.0,10.0,boundary_edge,84,0.502884980289195,0.5194889307022095,0.4431372582912445
gated_t0.9_d2_s400,vse2-A_Vacancy-Anion-06A.png,8,468.0,38.0,borderline_shifted,84,0.502884980289195,0.42141786217689514,0.3764705955982208
gated_t0.9_d2_s400,vse2-A_Vacancy-Anion-06A.png,8,132.0,37.0,borderline_shifted,84,0.502884980289195,0.48418208956718445,0.47058823704719543
gated_t0.9_d2_s400,vse2-A_Vacancy-Anion-06A.png,8,137.0,39.0,borderline_shifted,84,0.502884980289195,0.32670536637306213,0.29411765933036804
gated_t0.9_d2_s400,vse2-A_Vacancy-Anion-06A.png,8,128.0,70.0,borderline_shifted,84,0.502884980289195,0.19347134232521057,0.18039216101169586
gated_t0.9_d2_s400,vse2-A_Vacancy-Anion-06A.png,8,462.0,69.0,borderline_shifted,84,0.502884980289195,0.18800482153892517,0.1882352977991104
gated_t0.9_d2_s400,vse2-A_Vacancy-Anion-06A.png,8,165.0,0.0,boundary_edge,84,0.502884980289195,0.21960784494876862,0.23137255012989044
gated_t0.9_d2_s400,vse2-A_Vacancy-Anion-06A.png,8,499.0,0.0,boundary_edge,84,0.502884980289195,0.2235294133424759,0.2078431397676468
gated_t0.9_d2_s400,vse2-A_Vacancy-Anion-06A.png,8,629.0,72.0,borderline_shifted,84,0.502884980289195,0.27450981736183167,0.23137255012989044
gated_t0.9_d2_s400,vse2-A_Vacancy-Anion-06A.png,8,335.0,144.0,borderline_shifted,84,0.502884980289195,0.26274511218070984,0.2235294133424759
gated_t0.9_d2_s400,vse2-A_Vacancy-Anion-06A.png,8,295.0,72.0,borderline_shifted,84,0.502884980289195,0.26274511218070984,0.21176470816135406
gated_t0.9_d2_s400,vse2-A_Vacancy-Anion-06A.png,8,210.0,73.0,borderline_shifted,84,0.502884980289195,0.26274511218070984,0.239215686917305
gated_t0.9_d2_s400,vse2-A_Vacancy-Anion-06A.png,8,251.0,290.0,borderline_shifted,84,0.502884980289195,0.24313725531101227,0.21176470816135406
gated_t0.9_d2_s400,vse2-A_Vacancy-Anion-06A.png,8,628.0,217.0,borderline_shifted,84,0.502884980289195,0.23319880664348602,0.21176470816135406
gated_t0.9_d2_s400,vse2-A_Vacancy-Anion-06A.png,8,374.0,69.0,borderline_shifted,84,0.502884980289195,0.16475051641464233,0.1725490242242813
gated_t0.9_d2_s400,vse2-A_Vacancy-Anion-06A.png,8,294.0,217.0,borderline_shifted,84,0.502884980289195,0.23423698544502258,0.239215686917305
gated_t0.9_d2_s400,vse2-A_Vacancy-Anion-06A.png,8,0.0,435.0,boundary_edge,84,0.502884980289195,0.250980406999588,0.20392157137393951
gated_t0.9_d2_s400,vse2-A_Vacancy-Anion-06A.png,8,584.0,290.0,borderline_shifted,84,0.502884980289195,0.24705882370471954,0.20392157137393951
gated_t0.9_d2_s400,tas2-A_Doped-Li.png,8,385.0,336.0,borderline_shifted,68,0.13661811561219844,0.37481868267059326,0.34117648005485535
gated_t0.9_d2_s400,tas2-A_Doped-Li.png,8,379.0,322.0,borderline_shifted,68,0.13661811561219844,0.40678611397743225,0.3843137323856354
gated_t0.9_d2_s400,tas2-A_Doped-Li.png,8,384.0,342.0,borderline_shifted,68,0.13661811561219844,0.37862128019332886,0.3686274588108063
gated_t0.9_d2_s400,nbs2_Anti-Metal.png,8,371.0,272.0,borderline_shifted,106,0.08944600633533926,0.5538895130157471,0.572549045085907
gated_t0.9_d2_s400,nbs2_Anti-Metal.png,8,336.0,377.0,borderline_shifted,106,0.08944600633533926,0.2827552855014801,0.3019607961177826
gated_t0.9_d2_s400,nbs2_Anti-Metal.png,8,399.0,304.0,borderline_shifted,106,0.08944600633533926,0.25911808013916016,0.33725491166114807
gated_t0.9_d2_s400,nbs2_Anti-Metal.png,8,280.0,288.0,borderline_shifted,106,0.08944600633533926,0.2513396143913269,0.2666666805744171
gated_t0.9_d2_s400,nbse2_Cu_doped.png,8,331.0,106.0,borderline_shifted,145,0.20733216013656394,0.3622618019580841,0.3764705955982208
gated_t0.9_d2_s400,nbse2_Cu_doped.png,8,329.0,113.0,borderline_shifted,145,0.20733216013656394,0.21092352271080017,0.2549019753932953
gated_t0.9_d2_s400,nbte2_Vacancy-Anion-12A.png,8,671.0,313.0,invented_undamaged,170,0.10455913134484562,0.6117219924926758,0.06666667014360428
gated_t0.9_d2_s400,nbte2_Vacancy-Anion-12A.png,8,96.0,445.0,invented_undamaged,170,0.10455913134484562,0.6271146535873413,0.06666667014360428
gated_t0.9_d2_s400,nbte2_Vacancy-Anion-12A.png,8,97.0,132.0,invented_undamaged,170,0.10455913134484562,0.5887378454208374,0.06666667014360428
gated_t0.9_d2_s400,nbte2_Vacancy-Anion-12A.png,8,288.0,128.0,invented_undamaged,170,0.10455913134484562,0.48751121759414673,0.09019608050584793
gated_t0.9_d2_s400,nbte2_Vacancy-Anion-12A.png,8,723.0,392.0,boundary_edge,170,0.10455913134484562,0.5291174650192261,0.0313725508749485
gated_t0.9_d2_s400,nbte2_Vacancy-Anion-12A.png,8,404.0,158.0,boundary_edge,170,0.10455913134484562,0.599957287311554,0.12156862765550613
gated_t0.9_d2_s400,nbte2_Vacancy-Anion-12A.png,8,288.0,142.0,borderline_shifted,170,0.10455913134484562,0.39020609855651855,0.08627451211214066
gated_t0.9_d2_s400,nbte2_Vacancy-Anion-12A.png,8,453.0,70.0,borderline_shifted,170,0.10455913134484562,0.5218195915222168,0.3450980484485626
gated_t0.9_d2_s400,nbte2_Vacancy-Anion-12A.png,8,447.0,25.0,invented_undamaged,170,0.10455913134484562,0.5360169410705566,0.07058823853731155
gated_t0.9_d2_s400,nbte2_Vacancy-Anion-12A.png,8,727.0,458.0,boundary_edge,170,0.10455913134484562,0.027450980618596077,0.01568627543747425
gated_t0.9_d2_s400,nbte2_Vacancy-Anion-12A.png,8,462.0,80.0,borderline_shifted,170,0.10455913134484562,0.3870813846588135,0.21176470816135406
gated_t0.9_d2_s400,nbte2_Vacancy-Anion-12A.png,8,289.0,136.0,borderline_shifted,170,0.10455913134484562,0.4568307399749756,0.08627451211214066
gated_t0.9_d2_s400,nbte2_Vacancy-Anion-12A.png,8,713.0,424.0,boundary_edge,170,0.10455913134484562,0.2844915986061096,0.027450980618596077
gated_t0.9_d2_s400,nbte2_Vacancy-Anion-12A.png,8,460.0,89.0,borderline_shifted,170,0.10455913134484562,0.3553314507007599,0.239215686917305
gated_t0.9_d2_s400,nbte2_Vacancy-Anion-12A.png,8,97.0,114.0,borderline_shifted,170,0.10455913134484562,0.3184435963630676,0.07058823853731155
gated_t0.9_d2_s400,nbte2_Vacancy-Anion-12A.png,8,289.0,118.0,borderline_shifted,170,0.10455913134484562,0.322763592004776,0.09019608050584793
gated_t0.9_d2_s400,nbte2_Vacancy-Anion-12A.png,8,461.0,70.0,borderline_shifted,170,0.10455913134484562,0.3696545660495758,0.22745098173618317
gated_t0.9_d2_s400,nbte2_Vacancy-Anion-12A.png,8,84.0,121.0,borderline_shifted,170,0.10455913134484562,0.3346541225910187,0.05882352963089943
gated_t0.9_d2_s400,nbte2_Vacancy-Anion-12A.png,8,289.0,114.0,borderline_shifted,170,0.10455913134484562,0.26844891905784607,0.10196078568696976
gated_t0.9_d2_s400,nbte2_Vacancy-Anion-12A.png,8,708.0,462.0,borderline_shifted,170,0.10455913134484562,0.24517112970352173,0.027450980618596077
gated_t0.9_d2_s400,nbte2_Vacancy-Anion-12A.png,8,381.0,58.0,borderline_shifted,170,0.10455913134484562,0.5066158175468445,0.43529412150382996
gated_t0.9_d2_s400,nbte2_Vacancy-Anion-12A.png,8,378.0,66.0,borderline_shifted,170,0.10455913134484562,0.4924815595149994,0.47058823704719543
gated_t0.9_d2_s400,nbte2_Vacancy-Anion-12A.png,8,675.0,296.0,borderline_shifted,170,0.10455913134484562,0.31710147857666016,0.07450980693101883
gated_t0.9_d2_s400,nbte2_Vacancy-Anion-12A.png,8,382.0,51.0,borderline_shifted,170,0.10455913134484562,0.554471492767334,0.5372549295425415
gated_t0.9_d2_s400,nbte2_Vacancy-Anion-12A.png,8,469.0,11.0,boundary_edge,170,0.10455913134484562,0.267756849527359,0.04313725605607033
gated_t0.9_d2_s400,nbte2_Vacancy-Anion-12A.png,8,112.0,130.0,borderline_shifted,170,0.10455913134484562,0.32142147421836853,0.0470588244497776
gated_t0.9_d2_s400,tise2_Adatom-Li.png,8,348.0,353.0,borderline_shifted,157,0.2508921060173244,0.3522632122039795,0.364705890417099
gated_t0.9_d2_s400,tise2_Adatom-Li.png,8,289.0,347.0,borderline_shifted,157,0.2508921060173244,0.3983501195907593,0.4117647111415863
gated_t0.9_d2_s400,tise2_Adatom-Li.png,8,286.0,369.0,borderline_shifted,157,0.2508921060173244,0.43434494733810425,0.5411764979362488
gated_t0.9_d2_s400,tise2_Adatom-Li.png,8,393.0,304.0,borderline_shifted,157,0.2508921060173244,0.2739674150943756,0.32156863808631897
gated_t0.9_d2_s400,tise2_Adatom-Li.png,8,348.0,279.0,borderline_shifted,157,0.2508921060173244,0.2968696057796478,0.3176470696926117
gated_t0.9_d2_s400,tise2_Adatom-Li.png,8,294.0,367.0,borderline_shifted,157,0.2508921060173244,0.35639381408691406,0.4156862795352936
gated_t0.9_d2_s400,tise2_Adatom-Li.png,8,395.0,332.0,borderline_shifted,157,0.2508921060173244,0.3746624290943146,0.38823530077934265
gated_t0.9_d2_s400,tise2_Adatom-Li.png,8,349.0,269.0,borderline_shifted,157,0.2508921060173244,0.3040120601654053,0.35686275362968445
gated_t0.9_d2_s400,tise2_Adatom-Li.png,8,343.0,263.0,borderline_shifted,157,0.2508921060173244,0.3825904130935669,0.41960784792900085
gated_t0.9_d2_s400,tise2_Adatom-Li.png,8,369.0,304.0,borderline_shifted,157,0.2508921060173244,0.3213822543621063,0.3450980484485626
gated_t0.9_d2_s400,tise2_Adatom-Li.png,8,288.0,339.0,borderline_shifted,157,0.2508921060173244,0.2832486629486084,0.27450981736183167
gated_t0.9_d2_s400,tise2_Adatom-Li.png,8,351.0,334.0,borderline_shifted,157,0.2508921060173244,0.30772459506988525,0.32549020648002625
gated_t0.9_d2_s400,tise2_Adatom-Li.png,8,350.0,337.0,borderline_shifted,157,0.2508921060173244,0.2802368402481079,0.2666666805744171
gated_t0.9_d2_s400,tise2_Adatom-Li.png,8,239.0,315.0,borderline_shifted,157,0.2508921060173244,0.34487491846084595,0.40392157435417175
gated_t0.9_d2_s400,tite2-B_Cu_doped.png,8,479.0,597.0,borderline_shifted,72,0.6632568398271086,0.5155267715454102,0.5882353186607361
gated_t0.9_d2_s400,tite2-B_Cu_doped.png,8,81.0,600.0,borderline_shifted,72,0.6632568398271086,0.5265133380889893,0.529411792755127
gated_t0.9_d2_s400,tite2-B_Cu_doped.png,8,448.0,598.0,borderline_shifted,72,0.6632568398271086,0.32282912731170654,0.3294117748737335
gated_t0.9_d2_s400,tite2-B_Cu_doped.png,8,0.0,610.0,boundary_edge,72,0.6632568398271086,0.3886418342590332,0.41960784792900085
gated_t0.9_d2_s400,tite2-B_Cu_doped.png,8,112.0,598.0,borderline_shifted,72,0.6632568398271086,0.27129435539245605,0.30980393290519714
gated_t0.9_d2_s400,tite2-B_Cu_doped.png,8,9.0,607.0,boundary_edge,72,0.6632568398271086,0.393985390663147,0.43529412150382996
gated_t0.9_d2_s400,tite2-B_Cu_doped.png,8,8.0,7.0,boundary_edge,72,0.6632568398271086,1.0,0.08627451211214066
gated_t0.9_d2_s400,tite2-B_Cu_doped.png,8,73.0,597.0,borderline_shifted,72,0.6632568398271086,0.2983115315437317,0.2666666805744171
gated_t0.9_d2_s400,tite2-B_Cu_doped.png,8,379.0,610.0,borderline_shifted,72,0.6632568398271086,0.4077264070510864,0.3764705955982208
gated_t0.9_d2_s400,vs2_Vacancy-Anion-06A.png,8,367.0,447.0,boundary_edge,158,0.6853469622234107,0.5344891548156738,0.5098039507865906
gated_t0.9_d2_s400,vs2_Vacancy-Anion-06A.png,8,174.0,158.0,boundary_edge,158,0.6853469622234107,0.38271263241767883,0.364705890417099
gated_t0.9_d2_s400,vte2_Defect-Free.png,8,186.0,388.0,borderline_shifted,119,0.05976542557479243,0.3528175950050354,0.2862745225429535
gated_t0.9_d2_s400,vte2_Defect-Free.png,8,295.0,352.0,borderline_shifted,119,0.05976542557479243,0.3991427421569824,0.4431372582912445
gated_t0.9_d2_s400,vte2_Defect-Free.png,8,232.0,310.0,borderline_shifted,119,0.05976542557479243,0.25343456864356995,0.21960784494876862
gated_t0.9_d2_s400,vte2_Defect-Free.png,8,285.0,346.0,borderline_shifted,119,0.05976542557479243,0.3310655355453491,0.3764705955982208
gated_t0.9_d2_s400,vte2_Defect-Free.png,8,301.0,353.0,borderline_shifted,119,0.05976542557479243,0.32640540599823,0.3607843220233917
gated_t0.9_d2_s400,vte2_Defect-Free.png,8,204.0,379.0,borderline_shifted,119,0.05976542557479243,0.22826120257377625,0.21960784494876862
gated_t0.9_d2_s400,vte2_Defect-Free.png,8,194.0,386.0,borderline_shifted,119,0.05976542557479243,0.3080363869667053,0.26274511218070984
gated_t0.9_d2_s400,vte2_Defect-Free.png,8,273.0,345.0,borderline_shifted,119,0.05976542557479243,0.31373530626296997,0.34117648005485535
gated_t0.9_d2_s400,vte2_Defect-Free.png,8,226.0,324.0,borderline_shifted,119,0.05976542557479243,0.3659594655036926,0.25882354378700256
gated_t0.9_d2_s400,vte2_Defect-Free.png,8,279.0,346.0,borderline_shifted,119,0.05976542557479243,0.33099883794784546,0.3607843220233917
gated_t0.9_d2_s400,ws2-A_Vacancy-Metal.png,8,344.0,499.0,invented_undamaged,59,0.049382294723909634,0.6604201793670654,0.0470588244497776
gated_t0.9_d2_s400,ws2-A_Vacancy-Metal.png,8,391.0,501.0,borderline_shifted,59,0.049382294723909634,0.21303823590278625,0.20392157137393951
gated_t0.9_d2_s400,ws2-A_Vacancy-Metal.png,8,389.0,419.0,borderline_shifted,59,0.049382294723909634,0.24402949213981628,0.250980406999588
gated_t0.9_d2_s400,ws2-A_Vacancy-Metal.png,8,330.0,489.0,invented_undamaged,59,0.049382294723909634,0.3101423978805542,0.05098039284348488
gated_t0.9_d2_s400,cose2_Fe_doped.png,8,542.0,64.0,borderline_shifted,96,0.08137118409820739,0.32481497526168823,0.01568627543747425
gated_t0.9_d2_s400,cose2_Fe_doped.png,8,86.0,64.0,borderline_shifted,96,0.08137118409820739,0.4052209258079529,0.40392157435417175
gated_t0.9_d2_s400,cose2_Fe_doped.png,8,549.0,57.0,borderline_shifted,96,0.08137118409820739,0.33109498023986816,0.03529411926865578
gated_t0.9_d2_s400,cose2_Fe_doped.png,8,109.0,49.0,borderline_shifted,96,0.08137118409820739,0.44638359546661377,0.4745098054409027
gated_t0.9_d2_s400,cose2_Fe_doped.png,8,141.0,57.0,boundary_edge,96,0.08137118409820739,0.21301481127738953,0.06666667014360428
gated_t0.9_d2_s400,cose2_Fe_doped.png,8,555.0,51.0,borderline_shifted,96,0.08137118409820739,0.2481553852558136,0.05882352963089943
gated_t0.9_d2_s400,cose2_Fe_doped.png,8,114.0,46.0,borderline_shifted,96,0.08137118409820739,0.29167652130126953,0.29411765933036804
gated_t0.9_d2_s400,cose2_Fe_doped.png,8,252.0,37.0,borderline_shifted,96,0.08137118409820739,0.2847822904586792,0.2823529541492462
gated_t0.9_d2_s400,cro2_Vacancy-Anion-03.png,8,381.0,76.0,borderline_shifted,80,0.7192441492726123,0.41673728823661804,0.19607843458652496
gated_t0.9_d2_s400,cro2_Vacancy-Anion-03.png,8,368.0,292.0,borderline_shifted,80,0.7192441492726123,0.42448773980140686,0.21960784494876862
gated_t0.9_d2_s400,cro2_Vacancy-Anion-03.png,8,378.0,56.0,borderline_shifted,80,0.7192441492726123,0.3686285614967346,0.18431372940540314
gated_t0.9_d2_s400,cro2_Vacancy-Anion-03.png,8,394.0,70.0,borderline_shifted,80,0.7192441492726123,0.33435308933258057,0.16862745583057404
gated_t0.9_d2_s400,cro2_Vacancy-Anion-03.png,8,365.0,67.0,borderline_shifted,80,0.7192441492726123,0.42844003438949585,0.21568627655506134
gated_t0.9_d2_s400,cro2_Vacancy-Anion-03.png,8,390.0,303.0,borderline_shifted,80,0.7192441492726123,0.4029961824417114,0.2705882489681244
gated_t0.9_d2_s400,cro2_Vacancy-Anion-03.png,8,79.0,153.0,borderline_shifted,80,0.7192441492726123,0.3536839187145233,0.4156862795352936
gated_t0.9_d2_s400,cro2_Vacancy-Anion-03.png,8,77.0,148.0,borderline_shifted,80,0.7192441492726123,0.2861829102039337,0.2823529541492462
gated_t0.9_d2_s400,cro2_Vacancy-Anion-03.png,8,367.0,285.0,borderline_shifted,80,0.7192441492726123,0.3627925515174866,0.21568627655506134
gated_t0.9_d2_s400,cro2_Vacancy-Anion-03.png,8,388.0,279.0,borderline_shifted,80,0.7192441492726123,0.41738513112068176,0.27843138575553894
gated_t0.9_d2_s400,cro2_Vacancy-Anion-03.png,8,384.0,308.0,borderline_shifted,80,0.7192441492726123,0.39836424589157104,0.2666666805744171
gated_t0.9_d2_s400,cro2_Vacancy-Anion-03.png,8,37.0,201.0,borderline_shifted,80,0.7192441492726123,0.39117059111595154,0.37254902720451355
gated_t0.9_d2_s400,cro2_Vacancy-Anion-03.png,8,386.0,53.0,borderline_shifted,80,0.7192441492726123,0.373259961605072,0.27450981736183167
gated_t0.9_d2_s400,vo2_Vacancy-Anion-03.png,12,309.0,139.0,boundary_edge,100,0.8351451489686784,0.4960815906524658,0.47058823704719543
gated_t0.9_d2_s400,vo2_Vacancy-Anion-03.png,12,241.0,139.0,boundary_edge,100,0.8351451489686784,0.48844224214553833,0.5254902243614197
gated_t0.9_d2_s400,vo2_Vacancy-Anion-03.png,12,378.0,377.0,boundary_edge,100,0.8351451489686784,0.4913715422153473,0.5176470875740051
gated_t0.9_d2_s400,vo2_Vacancy-Anion-03.png,12,241.0,20.0,boundary_edge,100,0.8351451489686784,0.470167875289917,0.5098039507865906
gated_t0.9_d2_s400,vo2_Vacancy-Anion-03.png,12,206.0,79.0,invented_damaged,100,0.8351451489686784,0.48670750856399536,0.5411764979362488
gated_t0.9_d2_s400,vo2_Vacancy-Anion-03.png,12,378.0,258.0,boundary_edge,100,0.8351451489686784,0.48130059242248535,0.40392157435417175
gated_t0.9_d2_s400,vo2_Vacancy-Anion-03.png,12,171.0,376.0,invented_damaged,100,0.8351451489686784,0.4893935024738312,0.501960813999176
gated_t0.9_d2_s400,vo2_Vacancy-Anion-03.png,12,516.0,21.0,boundary_edge,100,0.8351451489686784,0.46807605028152466,0.4588235318660736
gated_t0.9_d2_s400,vo2_Vacancy-Anion-03.png,12,309.0,20.0,boundary_edge,100,0.8351451489686784,0.4890490770339966,0.45098039507865906
gated_t0.9_d2_s400,vo2_Vacancy-Anion-03.png,12,344.0,79.0,boundary_edge,100,0.8351451489686784,0.4911330044269562,0.48627451062202454
gated_t0.9_d2_s400,vo2_Vacancy-Anion-03.png,12,171.0,257.0,boundary_edge,100,0.8351451489686784,0.4837055206298828,0.529411792755127
gated_t0.9_d2_s400,vo2_Vacancy-Anion-03.png,12,69.0,317.0,boundary_edge,100,0.8351451489686784,0.4835694432258606,0.5411764979362488
gated_t0.9_d2_s400,vo2_Vacancy-Anion-03.png,12,137.0,80.0,boundary_edge,100,0.8351451489686784,0.46938586235046387,0.47843137383461
gated_t0.9_d2_s400,vo2_Vacancy-Anion-03.png,12,378.0,139.0,boundary_edge,100,0.8351451489686784,0.48848652839660645,0.47058823704719543
gated_t0.9_d2_s400,vo2_Vacancy-Anion-03.png,12,103.0,140.0,boundary_edge,100,0.8351451489686784,0.48648616671562195,0.45490196347236633
gated_t0.9_d2_s400,vo2_Vacancy-Anion-03.png,12,276.0,80.0,boundary_edge,100,0.8351451489686784,0.474737286567688,0.48627451062202454
gated_t0.9_d2_s400,vo2_Vacancy-Anion-03.png,12,34.0,139.0,invented_damaged,100,0.8351451489686784,0.48940932750701904,0.48627451062202454
gated_t0.9_d2_s400,vo2_Vacancy-Anion-03.png,12,413.0,80.0,boundary_edge,100,0.8351451489686784,0.466151624917984,0.4941176474094391
gated_t0.9_d2_s400,vo2_Vacancy-Anion-03.png,12,549.0,79.0,boundary_edge,100,0.8351451489686784,0.465361624956131,0.5568627715110779
gated_t0.9_d2_s400,mose2-A_Doped-Na.png,12,314.0,504.0,borderline_shifted,105,0.06890518596123625,0.19740177690982819,0.1921568661928177
gated_t0.9_d2_s400,mose2-A_Doped-Na.png,12,173.0,526.0,borderline_shifted,105,0.06890518596123625,0.21304410696029663,0.239215686917305
gated_t0.9_d2_s400,mose2-A_Doped-Na.png,12,187.0,512.0,borderline_shifted,105,0.06890518596123625,0.15048949420452118,0.16078431904315948
gated_t0.9_d2_s400,mose2-A_Doped-Na.png,12,299.0,515.0,borderline_shifted,105,0.06890518596123625,0.20617768168449402,0.19607843458652496
gated_t0.9_d2_s400,mose2-A_Doped-Na.png,12,0.0,482.0,boundary_edge,105,0.06890518596123625,0.1650964766740799,0.0117647061124444
gated_t0.9_d2_s400,mote2-A_Anti-2M.png,12,261.0,492.0,borderline_shifted,189,0.33133865353193304,0.647721529006958,0.4117647111415863
gated_t0.9_d2_s400,mote2-A_Anti-2M.png,12,264.0,191.0,borderline_shifted,189,0.33133865353193304,0.6408822536468506,0.45490196347236633
gated_t0.9_d2_s400,mote2-A_Anti-2M.png,12,254.0,195.0,borderline_shifted,189,0.33133865353193304,0.54790198802948,0.38823530077934265
gated_t0.9_d2_s400,mote2-A_Anti-2M.png,12,418.0,257.0,borderline_shifted,189,0.33133865353193304,0.47037559747695923,0.49803921580314636
gated_t0.9_d2_s400,mote2-A_Anti-2M.png,12,6.0,604.0,boundary_edge,189,0.33133865353193304,0.48627451062202454,0.5215686559677124
gated_t0.9_d2_s400,mote2-A_Anti-2M.png,12,378.0,291.0,invented_damaged,189,0.33133865353193304,0.36005738377571106,0.2823529541492462
gated_t0.9_d2_s400,mote2-A_Anti-2M.png,12,274.0,185.0,borderline_shifted,189,0.33133865353193304,0.43910443782806396,0.3333333432674408
gated_t0.9_d2_s400,mote2-A_Anti-2M.png,12,415.0,546.0,borderline_shifted,189,0.33133865353193304,0.36561086773872375,0.3607843220233917
gated_t0.9_d2_s400,mote2-A_Anti-2M.png,12,429.0,270.0,borderline_shifted,189,0.33133865353193304,0.30943799018859863,0.2823529541492462
gated_t0.9_d2_s400,vse2-A_Vacancy-Anion-06A.png,12,668.0,288.0,boundary_edge,84,0.06952867037906188,0.21960784494876862,0.24705882370471954
gated_t0.9_d2_s400,vse2-A_Vacancy-Anion-06A.png,12,294.0,218.0,borderline_shifted,84,0.06952867037906188,0.20000000298023224,0.23137255012989044
gated_t0.9_d2_s400,vse2-A_Vacancy-Anion-06A.png,12,629.0,218.0,borderline_shifted,84,0.06952867037906188,0.20392157137393951,0.23137255012989044
gated_t0.9_d2_s400,tas2-A_Doped-Li.png,12,320.0,47.0,borderline_shifted,68,0.15909826531128307,0.1875009834766388,0.16862745583057404
gated_t0.9_d2_s400,tase2-A_Vacancy-Anion-12B.png,12,0.0,90.0,boundary_edge,121,0.14422923040715463,0.4527653455734253,0.0313725508749485
gated_t0.9_d2_s400,tase2-A_Vacancy-Anion-12B.png,12,0.0,394.0,boundary_edge,121,0.14422923040715463,0.35368603467941284,0.03529411926865578
gated_t0.9_d2_s400,tase2-A_Vacancy-Anion-12B.png,12,120.0,595.0,boundary_edge,121,0.14422923040715463,0.16862745583057404,0.16470588743686676
gated_t0.9_d2_s400,nbs2_Anti-Metal.png,12,51.0,289.0,invented_undamaged,106,0.10422071970899778,0.4004034399986267,0.0235294122248888
gated_t0.9_d2_s400,nbs2_Anti-Metal.png,12,49.0,240.0,invented_undamaged,106,0.10422071970899778,0.27713021636009216,0.11764705926179886
gated_t0.9_d2_s400,nbs2_Anti-Metal.png,12,618.0,363.0,invented_damaged,106,0.10422071970899778,0.3018972873687744,0.20392157137393951
gated_t0.9_d2_s400,nbs2_Anti-Metal.png,12,576.0,291.0,invented_damaged,106,0.10422071970899778,0.2841300666332245,0.21176470816135406
gated_t0.9_d2_s400,nbs2_Anti-Metal.png,12,668.0,204.0,boundary_edge,106,0.10422071970899778,0.23187574744224548,0.0235294122248888
gated_t0.9_d2_s400,nbs2_Anti-Metal.png,12,664.0,151.0,boundary_edge,106,0.10422071970899778,0.23310889303684235,0.125490203499794
gated_t0.9_d2_s400,nbs2_Anti-Metal.png,12,657.0,291.0,boundary_edge,106,0.10422071970899778,0.2516966760158539,0.13333334028720856
gated_t0.9_d2_s400,nbte2_Vacancy-Anion-12A.png,12,280.0,446.0,invented_undamaged,170,0.18202729809872667,0.6324082612991333,0.09803921729326248
gated_t0.9_d2_s400,nbte2_Vacancy-Anion-12A.png,12,677.0,314.0,invented_undamaged,170,0.18202729809872667,0.5270688533782959,0.06666667014360428
gated_t0.9_d2_s400,nbte2_Vacancy-Anion-12A.png,12,188.0,602.0,invented_undamaged,170,0.18202729809872667,0.631607174873352,0.07058823853731155
gated_t0.9_d2_s400,nbte2_Vacancy-Anion-12A.png,12,366.0,602.0,boundary_edge,170,0.18202729809872667,0.7074342966079712,0.12941177189350128
gated_t0.9_d2_s400,nbte2_Vacancy-Anion-12A.png,12,89.0,133.0,invented_undamaged,170,0.18202729809872667,0.4733400344848633,0.062745101749897
gated_t0.9_d2_s400,nbte2_Vacancy-Anion-12A.png,12,669.0,322.0,invented_undamaged,170,0.18202729809872667,0.474399209022522,0.06666667014360428
gated_t0.9_d2_s400,nbte2_Vacancy-Anion-12A.png,12,100.0,142.0,boundary_edge,170,0.18202729809872667,0.3959527611732483,0.05882352963089943
gated_t0.9_d2_s400,nbte2_Vacancy-Anion-12A.png,12,727.0,398.0,boundary_edge,170,0.18202729809872667,0.29808446764945984,0.027450980618596077
gated_t0.9_d2_s400,nbte2_Vacancy-Anion-12A.png,12,85.0,124.0,invented_undamaged,170,0.18202729809872667,0.3762158751487732,0.03921568766236305
gated_t0.9_d2_s400,nbte2_Vacancy-Anion-12A.png,12,663.0,328.0,borderline_shifted,170,0.18202729809872667,0.31451481580734253,0.06666667014360428
gated_t0.9_d2_s400,nbte2_Vacancy-Anion-12A.png,12,89.0,449.0,invented_undamaged,170,0.18202729809872667,0.3235461711883545,0.062745101749897
gated_t0.9_d2_s400,nbte2_Vacancy-Anion-12A.png,12,716.0,406.0,boundary_edge,170,0.18202729809872667,0.2728087902069092,0.019607843831181526
gated_t0.9_d2_s400,nbte2_Vacancy-Anion-12A.png,12,263.0,447.0,borderline_shifted,170,0.18202729809872667,0.3591553568840027,0.0941176488995552
gated_t0.9_d2_s400,nbte2_Vacancy-Anion-12A.png,12,286.0,431.0,borderline_shifted,170,0.18202729809872667,0.36077257990837097,0.09019608050584793
gated_t0.9_d2_s400,tis2_Vacancy-Anion-12A.png,12,231.0,275.0,borderline_shifted,118,0.3368495240750637,0.3442341089248657,0.29411765933036804
gated_t0.9_d2_s400,tise2_Adatom-Li.png,12,0.0,228.0,boundary_edge,157,0.28078459106414844,0.3409387469291687,0.054901961237192154
gated_t0.9_d2_s400,tise2_Adatom-Li.png,12,8.0,7.0,boundary_edge,157,0.28078459106414844,1.0,0.027450980618596077
gated_t0.9_d2_s400,tite2-B_Cu_doped.png,12,746.0,0.0,boundary_edge,72,0.6634285726108969,0.16862745583057404,0.11764705926179886
gated_t0.9_d2_s400,tite2-B_Cu_doped.png,12,97.0,0.0,boundary_edge,72,0.6634285726108969,0.16470588743686676,0.11764705926179886
gated_t0.9_d2_s400,tite2-B_Cu_doped.png,12,0.0,320.0,boundary_edge,72,0.6634285726108969,0.16470588743686676,0.10588235408067703
gated_t0.9_d2_s400,vs2_Vacancy-Anion-06A.png,12,251.0,392.0,boundary_edge,158,0.7171099734836587,0.39894330501556396,0.0941176488995552
gated_t0.9_d2_s400,vs2_Vacancy-Anion-06A.png,12,252.0,302.0,invented_damaged,158,0.7171099734836587,0.4083286225795746,0.3450980484485626
gated_t0.9_d2_s400,vs2_Vacancy-Anion-06A.png,12,367.0,447.0,boundary_edge,158,0.7171099734836587,0.5398845672607422,0.5098039507865906
gated_t0.9_d2_s400,vte2_Defect-Free.png,12,407.0,136.0,borderline_shifted,119,0.09101514567976426,0.36139774322509766,0.41960784792900085
gated_t0.9_d2_s400,vte2_Defect-Free.png,12,404.0,131.0,borderline_shifted,119,0.09101514567976426,0.2726390063762665,0.3137255012989044
gated_t0.9_d2_s400,vte2_Defect-Free.png,12,427.0,161.0,borderline_shifted,119,0.09101514567976426,0.16691283881664276,0.14901961386203766
gated_t0.9_d2_s400,vte2_Defect-Free.png,12,425.0,75.0,borderline_shifted,119,0.09101514567976426,0.14962510764598846,0.1568627506494522
gated_t0.9_d2_s400,vte2_Defect-Free.png,12,504.0,79.0,borderline_shifted,119,0.09101514567976426,0.19626404345035553,0.2078431397676468
gated_t0.9_d2_s400,vte2_Defect-Free.png,12,392.0,95.0,invented_damaged,119,0.09101514567976426,0.1627705693244934,0.18431372940540314
gated_t0.9_d2_s400,ws2-A_Vacancy-Metal.png,12,298.0,245.0,borderline_shifted,59,0.08480934179691944,0.22603186964988708,0.2235294133424759
gated_t0.9_d2_s400,ws2-A_Vacancy-Metal.png,12,299.0,169.0,borderline_shifted,59,0.08480934179691944,0.22134613990783691,0.2078431397676468
gated_t0.9_d2_s400,ws2-A_Vacancy-Metal.png,12,335.0,154.0,borderline_shifted,59,0.08480934179691944,0.27146580815315247,0.3294117748737335
gated_t0.9_d2_s400,cose2_Fe_doped.png,12,552.0,51.0,borderline_shifted,96,0.09612414129506931,0.2095891833305359,0.03921568766236305
gated_t0.9_d2_s400,cose2_Fe_doped.png,12,545.0,63.0,borderline_shifted,96,0.09612414129506931,0.17222514748573303,0.027450980618596077
gated_t0.9_d2_s400,cro2_Vacancy-Anion-03.png,12,364.0,293.0,borderline_shifted,80,0.7821207430340558,0.4782980680465698,0.3333333432674408
gated_t0.9_d2_s400,cro2_Vacancy-Anion-03.png,12,146.0,419.0,borderline_shifted,80,0.7821207430340558,0.42544788122177124,0.2235294133424759
gated_t0.9_d2_s400,cro2_Vacancy-Anion-03.png,12,387.0,281.0,borderline_shifted,80,0.7821207430340558,0.45570826530456543,0.25882354378700256
gated_t0.9_d2_s400,cro2_Vacancy-Anion-03.png,12,340.0,228.0,borderline_shifted,80,0.7821207430340558,0.4992879331111908,0.10588235408067703
gated_t0.9_d2_s400,cro2_Vacancy-Anion-03.png,12,389.0,79.0,borderline_shifted,80,0.7821207430340558,0.4719122052192688,0.2823529541492462
gated_t0.9_d2_s400,cro2_Vacancy-Anion-03.png,12,391.0,12.0,boundary_edge,80,0.7821207430340558,0.460252583026886,0.3803921639919281
gated_t0.9_d2_s400,cro2_Vacancy-Anion-03.png,12,384.0,56.0,borderline_shifted,80,0.7821207430340558,0.42910122871398926,0.2235294133424759
gated_t0.9_d2_s400,cro2_Vacancy-Anion-03.png,12,386.0,309.0,borderline_shifted,80,0.7821207430340558,0.4577600359916687,0.3137255012989044
gated_t0.9_d2_s400,cro2_Vacancy-Anion-03.png,12,370.0,75.0,borderline_shifted,80,0.7821207430340558,0.40702906250953674,0.16862745583057404
gated_t0.9_d2_s400,cro2_Vacancy-Anion-03.png,12,380.0,228.0,borderline_shifted,80,0.7821207430340558,0.5117522478103638,0.23137255012989044
gated_t0.9_d2_s400,cro2_Vacancy-Anion-03.png,12,159.0,418.0,borderline_shifted,80,0.7821207430340558,0.4474431872367859,0.22745098173618317
gated_t0.9_d2_s400,cro2_Vacancy-Anion-03.png,12,395.0,302.0,borderline_shifted,80,0.7821207430340558,0.388887882232666,0.250980406999588
gated_t0.9_d2_s400,cro2_Vacancy-Anion-03.png,12,382.0,6.0,boundary_edge,80,0.7821207430340558,0.3563074767589569,0.2235294133424759
gated_t0.9_d2_s400,cro2_Vacancy-Anion-03.png,12,367.0,66.0,borderline_shifted,80,0.7821207430340558,0.47461652755737305,0.2980392277240753
gated_t0.9_d2_s400,cro2_Vacancy-Anion-03.png,12,365.0,8.0,boundary_edge,80,0.7821207430340558,0.2465129792690277,0.14901961386203766
gated_t0.9_d2_s400,cro2_Vacancy-Anion-03.png,12,144.0,430.0,borderline_shifted,80,0.7821207430340558,0.38980865478515625,0.27450981736183167
gated_t0.9_d2_s400,vo2_Vacancy-Anion-03.png,16,205.0,79.0,boundary_edge,100,0.8327616501145912,0.49478375911712646,0.4431372582912445
gated_t0.9_d2_s400,vo2_Vacancy-Anion-03.png,16,137.0,80.0,boundary_edge,100,0.8327616501145912,0.476764440536499,0.47843137383461
gated_t0.9_d2_s400,vo2_Vacancy-Anion-03.png,16,549.0,318.0,boundary_edge,100,0.8327616501145912,0.4675820767879486,0.45098039507865906
gated_t0.9_d2_s400,vo2_Vacancy-Anion-03.png,16,379.0,139.0,boundary_edge,100,0.8327616501145912,0.4892016351222992,0.4745098054409027
gated_t0.9_d2_s400,vo2_Vacancy-Anion-03.png,16,172.0,140.0,boundary_edge,100,0.8327616501145912,0.48719191551208496,0.49803921580314636
gated_t0.9_d2_s400,vo2_Vacancy-Anion-03.png,16,447.0,140.0,boundary_edge,100,0.8327616501145912,0.48477375507354736,0.4588235318660736
gated_t0.9_d2_s400,vo2_Vacancy-Anion-03.png,16,171.0,377.0,boundary_edge,100,0.8327616501145912,0.4925388693809509,0.49803921580314636
gated_t0.9_d2_s400,vo2_Vacancy-Anion-03.png,16,343.0,318.0,boundary_edge,100,0.8327616501145912,0.48394250869750977,0.4941176474094391
gated_t0.9_d2_s400,vo2_Vacancy-Anion-03.png,16,172.0,258.0,boundary_edge,100,0.8327616501145912,0.4782645106315613,0.5215686559677124
gated_t0.9_d2_s400,vo2_Vacancy-Anion-03.png,16,412.0,80.0,boundary_edge,100,0.8327616501145912,0.47116991877555847,0.5176470875740051
gated_t0.9_d2_s400,vo2_Vacancy-Anion-03.png,16,104.0,140.0,boundary_edge,100,0.8327616501145912,0.48618873953819275,0.48627451062202454
gated_t0.9_d2_s400,vo2_Vacancy-Anion-03.png,16,69.0,317.0,boundary_edge,100,0.8327616501145912,0.48619344830513,0.5411764979362488
gated_t0.9_d2_s400,vo2_Vacancy-Anion-03.png,16,378.0,377.0,boundary_edge,100,0.8327616501145912,0.4864423871040344,0.5176470875740051
gated_t0.9_d2_s400,vo2_Vacancy-Anion-03.png,16,104.0,377.0,boundary_edge,100,0.8327616501145912,0.4865456819534302,0.48627451062202454
gated_t0.9_d2_s400,vo2_Vacancy-Anion-03.png,16,481.0,80.0,boundary_edge,100,0.8327616501145912,0.4875676929950714,0.48627451062202454
gated_t0.9_d2_s400,vo2_Vacancy-Anion-03.png,16,380.0,257.0,boundary_edge,100,0.8327616501145912,0.4801810681819916,0.5529412031173706
gated_t0.9_d2_s400,vo2_Vacancy-Anion-03.png,16,206.0,317.0,boundary_edge,100,0.8327616501145912,0.48604506254196167,0.501960813999176
gated_t0.9_d2_s400,vo2_Vacancy-Anion-03.png,16,517.0,20.0,boundary_edge,100,0.8327616501145912,0.4824373722076416,0.47843137383461
gated_t0.9_d2_s400,vo2_Vacancy-Anion-03.png,16,69.0,79.0,invented_damaged,100,0.8327616501145912,0.48310214281082153,0.4274509847164154
gated_t0.9_d2_s400,vo2_Vacancy-Anion-03.png,16,34.0,20.0,boundary_edge,100,0.8327616501145912,0.47584807872772217,0.46666666865348816
gated_t0.9_d2_s400,vo2_Vacancy-Anion-03.png,16,412.0,318.0,boundary_edge,100,0.8327616501145912,0.4866953492164612,0.5098039507865906
gated_t0.9_d2_s400,vo2_Vacancy-Anion-03.png,16,447.0,377.0,boundary_edge,100,0.8327616501145912,0.4818527102470398,0.4745098054409027
gated_t0.9_d2_s400,vo2_Vacancy-Anion-03.png,16,241.0,20.0,boundary_edge,100,0.8327616501145912,0.4771694839000702,0.5098039507865906
gated_t0.9_d2_s400,vo2_Vacancy-Anion-03.png,16,481.0,317.0,boundary_edge,100,0.8327616501145912,0.48435327410697937,0.5176470875740051
gated_t0.9_d2_s400,vo2_Vacancy-Anion-03.png,16,273.0,79.0,boundary_edge,100,0.8327616501145912,0.4865456819534302,0.49803921580314636
gated_t0.9_d2_s400,vo2_Vacancy-Anion-03.png,16,310.0,20.0,boundary_edge,100,0.8327616501145912,0.4787684679031372,0.49803921580314636
gated_t0.9_d2_s400,mno2_Defect-Free.png,16,250.0,0.0,boundary_edge,74,0.6576332179930796,0.6854438185691833,0.07450980693101883
gated_t0.9_d2_s400,mno2_Defect-Free.png,16,252.0,256.0,borderline_shifted,74,0.6576332179930796,0.6862884759902954,0.03921568766236305
gated_t0.9_d2_s400,mos2-A_Adatom-Li.png,16,531.0,249.0,invented_damaged,84,0.29974502429485494,0.2306588888168335,0.21176470816135406
gated_t0.9_d2_s400,mos2-A_Adatom-Li.png,16,552.0,272.0,borderline_shifted,84,0.29974502429485494,0.355430543422699,0.35686275362968445
gated_t0.9_d2_s400,mos2-A_Adatom-Li.png,16,584.0,552.0,boundary_edge,84,0.29974502429485494,0.1764705926179886,0.2078431397676468
gated_t0.9_d2_s400,mos2-A_Adatom-Li.png,16,560.0,430.0,invented_damaged,84,0.29974502429485494,0.23703569173812866,0.21960784494876862
gated_t0.9_d2_s400,mos2-A_Adatom-Li.png,16,90.0,289.0,boundary_edge,84,0.29974502429485494,0.2862745225429535,0.26274511218070984
gated_t0.9_d2_s400,mose2-A_Doped-Na.png,16,508.0,127.0,borderline_shifted,105,0.07782870612886328,0.25361382961273193,0.2862745225429535
gated_t0.9_d2_s400,mose2-A_Doped-Na.png,16,512.0,119.0,borderline_shifted,105,0.07782870612886328,0.22210562229156494,0.24313725531101227
gated_t0.9_d2_s400,mote2-A_Anti-2M.png,16,100.0,306.0,borderline_shifted,189,0.4009661606952568,0.7766427993774414,0.08627451211214066
gated_t0.9_d2_s400,mote2-A_Anti-2M.png,16,241.0,175.0,boundary_edge,189,0.4009661606952568,0.6691250205039978,0.12941177189350128
gated_t0.9_d2_s400,mote2-A_Anti-2M.png,16,256.0,163.0,invented_undamaged,189,0.4009661606952568,0.5933667421340942,0.1411764770746231
gated_t0.9_d2_s400,mote2-A_Anti-2M.png,16,247.0,470.0,invented_undamaged,189,0.4009661606952568,0.09803921729326248,0.12941177189350128
gated_t0.9_d2_s400,mote2-A_Anti-2M.png,16,249.0,164.0,invented_undamaged,189,0.4009661606952568,0.6902065277099609,0.125490203499794
gated_t0.9_d2_s400,mote2-A_Anti-2M.png,16,242.0,491.0,borderline_shifted,189,0.4009661606952568,0.4373164176940918,0.16470588743686676
gated_t0.9_d2_s400,mote2-A_Anti-2M.png,16,0.0,385.0,boundary_edge,189,0.4009661606952568,0.45327699184417725,0.08627451211214066
gated_t0.9_d2_s400,mote2-A_Anti-2M.png,16,0.0,82.0,boundary_edge,189,0.4009661606952568,0.4117259383201599,0.062745101749897
gated_t0.9_d2_s400,mote2-A_Anti-2M.png,16,257.0,457.0,borderline_shifted,189,0.4009661606952568,0.4104773998260498,0.1411764770746231
gated_t0.9_d2_s400,tate2-A_Fe_doped.png,16,0.0,183.0,boundary_edge,122,0.17506756756756756,0.5936936736106873,0.06666667014360428
gated_t0.9_d2_s400,tate2-A_Fe_doped.png,16,0.0,503.0,boundary_edge,122,0.17506756756756756,0.5921685099601746,0.06666667014360428
gated_t0.9_d2_s400,tate2-A_Fe_doped.png,16,0.0,92.0,boundary_edge,122,0.17506756756756756,0.583998441696167,0.15294118225574493
gated_t0.9_d2_s400,tate2-A_Fe_doped.png,16,0.0,412.0,boundary_edge,122,0.17506756756756756,0.5851966142654419,0.16078431904315948
gated_t0.9_d2_s400,tate2-A_Fe_doped.png,16,0.0,597.0,boundary_edge,122,0.17506756756756756,0.5037130117416382,0.054901961237192154
gated_t0.9_d2_s400,tate2-A_Fe_doped.png,16,0.0,277.0,boundary_edge,122,0.17506756756756756,0.49859321117401123,0.05882352963089943
gated_t0.9_d2_s400,tate2-A_Fe_doped.png,16,0.0,612.0,boundary_edge,122,0.17506756756756756,0.26694366335868835,0.05098039284348488
gated_t0.9_d2_s400,tate2-A_Fe_doped.png,16,8.0,7.0,boundary_edge,122,0.17506756756756756,1.0,0.0470588244497776
gated_t0.9_d2_s400,tate2-A_Fe_doped.png,16,9.0,612.0,boundary_edge,122,0.17506756756756756,0.2348075658082962,0.06666667014360428
gated_t0.9_d2_s400,vse2-A_Vacancy-Anion-06A.png,16,293.0,73.0,borderline_shifted,84,0.7558829072340074,0.2666666805744171,0.21176470816135406
gated_t0.9_d2_s400,vse2-A_Vacancy-Anion-06A.png,16,278.0,469.0,borderline_shifted,84,0.7558829072340074,0.3835945725440979,0.3333333432674408
gated_t0.9_d2_s400,vse2-A_Vacancy-Anion-06A.png,16,294.0,361.0,borderline_shifted,84,0.7558829072340074,0.21016305685043335,0.1764705926179886
gated_t0.9_d2_s400,vse2-A_Vacancy-Anion-06A.png,16,628.0,71.0,borderline_shifted,84,0.7558829072340074,0.22795143723487854,0.2235294133424759
gated_t0.9_d2_s400,vse2-A_Vacancy-Anion-06A.png,16,0.0,435.0,boundary_edge,84,0.7558829072340074,0.23374509811401367,0.20392157137393951
gated_t0.9_d2_s400,vse2-A_Vacancy-Anion-06A.png,16,86.0,290.0,borderline_shifted,84,0.7558829072340074,0.2549019753932953,0.20392157137393951
gated_t0.9_d2_s400,vse2-A_Vacancy-Anion-06A.png,16,544.0,506.0,borderline_shifted,84,0.7558829072340074,0.25882354378700256,0.23529411852359772
gated_t0.9_d2_s400,vse2-A_Vacancy-Anion-06A.png,16,337.0,145.0,borderline_shifted,84,0.7558829072340074,0.21720129251480103,0.2078431397676468
gated_t0.9_d2_s400,vse2-A_Vacancy-Anion-06A.png,16,419.0,290.0,borderline_shifted,84,0.7558829072340074,0.25882354378700256,0.21960784494876862
gated_t0.9_d2_s400,vse2-A_Vacancy-Anion-06A.png,16,628.0,359.0,borderline_shifted,84,0.7558829072340074,0.20197418332099915,0.1725490242242813
gated_t0.9_d2_s400,vse2-A_Vacancy-Anion-06A.png,16,668.0,287.0,boundary_edge,84,0.7558829072340074,0.23605501651763916,0.24313725531101227
gated_t0.9_d2_s400,tas2-A_Doped-Li.png,16,0.0,381.0,boundary_edge,68,0.029236838112577757,0.6530003547668457,0.027450980618596077
gated_t0.9_d2_s400,tas2-A_Doped-Li.png,16,20.0,384.0,invented_undamaged,68,0.029236838112577757,0.21553094685077667,0.03529411926865578
gated_t0.9_d2_s400,tase2-A_Vacancy-Anion-12B.png,16,397.0,606.0,boundary_edge,121,0.0407837138150153,0.22030051052570343,0.18039216101169586
gated_t0.9_d2_s400,tase2-A_Vacancy-Anion-12B.png,16,438.0,564.0,borderline_shifted,121,0.0407837138150153,0.31368714570999146,0.12941177189350128
gated_t0.9_d2_s400,tase2-A_Vacancy-Anion-12B.png,16,438.0,260.0,borderline_shifted,121,0.0407837138150153,0.28293097019195557,0.13725490868091583
gated_t0.9_d2_s400,tase2-A_Vacancy-Anion-12B.png,16,463.0,554.0,borderline_shifted,121,0.0407837138150153,0.20600497722625732,0.1882352977991104
gated_t0.9_d2_s400,nbs2_Anti-Metal.png,16,8.0,7.0,boundary_edge,106,0.12205467392623227,1.0,0.062745101749897
gated_t0.9_d2_s400,nbte2_Vacancy-Anion-12A.png,16,96.0,444.0,boundary_edge,170,0.17893990929705214,0.5509876012802124,0.06666667014360428
gated_t0.9_d2_s400,nbte2_Vacancy-Anion-12A.png,16,721.0,393.0,boundary_edge,170,0.17893990929705214,0.5311455726623535,0.03921568766236305
gated_t0.9_d2_s400,nbte2_Vacancy-Anion-12A.png,16,270.0,450.0,invented_undamaged,170,0.17893990929705214,0.4741414189338684,0.06666667014360428
gated_t0.9_d2_s400,nbte2_Vacancy-Anion-12A.png,16,280.0,456.0,invented_undamaged,170,0.17893990929705214,0.4653643071651459,0.08235294371843338
gated_t0.9_d2_s400,nbte2_Vacancy-Anion-12A.png,16,182.0,603.0,invented_undamaged,170,0.17893990929705214,0.4615370035171509,0.07058823853731155
gated_t0.9_d2_s400,nbte2_Vacancy-Anion-12A.png,16,719.0,425.0,boundary_edge,170,0.17893990929705214,0.2792982757091522,0.0313725508749485
gated_t0.9_d2_s400,nbte2_Vacancy-Anion-12A.png,16,720.0,495.0,boundary_edge,170,0.17893990929705214,0.41695165634155273,0.03529411926865578
gated_t0.9_d2_s400,nbte2_Vacancy-Anion-12A.png,16,93.0,142.0,invented_undamaged,170,0.17893990929705214,0.33798184990882874,0.05882352963089943
gated_t0.9_d2_s400,nbte2_Vacancy-Anion-12A.png,16,702.0,428.0,borderline_shifted,170,0.17893990929705214,0.23863448202610016,0.04313725605607033
gated_t0.9_d2_s400,nbte2_Vacancy-Anion-12A.png,16,89.0,129.0,invented_undamaged,170,0.17893990929705214,0.3238593339920044,0.054901961237192154
gated_t0.9_d2_s400,nbte2_Vacancy-Anion-12A.png,16,719.0,466.0,boundary_edge,170,0.17893990929705214,0.23436303436756134,0.0313725508749485
gated_t0.9_d2_s400,nbte2_Vacancy-Anion-12A.png,16,287.0,463.0,borderline_shifted,170,0.17893990929705214,0.2806278169155121,0.0941176488995552
gated_t0.9_d2_s400,nbte2_Vacancy-Anion-12A.png,16,261.0,440.0,borderline_shifted,170,0.17893990929705214,0.2916927635669708,0.06666667014360428
gated_t0.9_d2_s400,nbte2_Vacancy-Anion-12A.png,16,83.0,125.0,invented_undamaged,170,0.17893990929705214,0.26587551832199097,0.05098039284348488
gated_t0.9_d2_s400,nbte2_Vacancy-Anion-12A.png,16,710.0,464.0,invented_undamaged,170,0.17893990929705214,0.23578685522079468,0.027450980618596077
gated_t0.9_d2_s400,nbte2_Vacancy-Anion-12A.png,16,98.0,629.0,boundary_edge,170,0.17893990929705214,0.131921648979187,0.16862745583057404
gated_t0.9_d2_s400,tis2_Vacancy-Anion-12A.png,16,216.0,12.0,boundary_edge,118,0.5267780385231999,0.20601600408554077,0.12156862765550613
gated_t0.9_d2_s400,tis2_Vacancy-Anion-12A.png,16,318.0,279.0,boundary_edge,118,0.5267780385231999,0.2666666805744171,0.239215686917305
gated_t0.9_d2_s400,tis2_Vacancy-Anion-12A.png,16,228.0,20.0,borderline_shifted,118,0.5267780385231999,0.3152533173561096,0.18039216101169586
gated_t0.9_d2_s400,tis2_Vacancy-Anion-12A.png,16,235.0,22.0,borderline_shifted,118,0.5267780385231999,0.3138018250465393,0.19607843458652496
gated_t0.9_d2_s400,tis2_Vacancy-Anion-12A.png,16,75.0,280.0,borderline_shifted,118,0.5267780385231999,0.3860986530780792,0.3333333432674408
gated_t0.9_d2_s400,tise2_Adatom-Li.png,16,473.0,410.0,borderline_shifted,157,0.7827629401595622,0.31400102376937866,0.2862745225429535
gated_t0.9_d2_s400,vs2_Vacancy-Anion-06A.png,16,52.0,278.0,boundary_edge,158,0.7963816655205495,0.5539766550064087,0.01568627543747425
gated_t0.9_d2_s400,vs2_Vacancy-Anion-06A.png,16,49.0,323.0,invented_undamaged,158,0.7963816655205495,0.33977580070495605,0.04313725605607033
gated_t0.9_d2_s400,vs2_Vacancy-Anion-06A.png,16,48.0,369.0,boundary_edge,158,0.7963816655205495,0.3053354024887085,0.05098039284348488
gated_t0.9_d2_s400,vs2_Vacancy-Anion-06A.png,16,367.0,448.0,boundary_edge,158,0.7963816655205495,0.5423147678375244,0.5607843399047852
gated_t0.9_d2_s400,vs2_Vacancy-Anion-06A.png,16,254.0,297.0,boundary_edge,158,0.7963816655205495,0.3914194405078888,0.38823530077934265
gated_t0.9_d2_s400,vs2_Vacancy-Anion-06A.png,16,404.0,507.0,boundary_edge,158,0.7963816655205495,0.4155460000038147,0.4274509847164154
gated_t0.9_d2_s400,ws2-A_Vacancy-Metal.png,16,157.0,278.0,borderline_shifted,59,0.09985666507405638,0.26248759031295776,0.250980406999588
gated_t0.9_d2_s400,ws2-A_Vacancy-Metal.png,16,136.0,269.0,borderline_shifted,59,0.09985666507405638,0.2633817493915558,0.25882354378700256
gated_t0.9_d2_s400,ws2-A_Vacancy-Metal.png,16,230.0,208.0,borderline_shifted,59,0.09985666507405638,0.2211855798959732,0.22745098173618317
gated_t0.9_d2_s400,ws2-A_Vacancy-Metal.png,16,225.0,174.0,borderline_shifted,59,0.09985666507405638,0.2930535078048706,0.2823529541492462
gated_t0.9_d2_s400,ws2-A_Vacancy-Metal.png,16,93.0,284.0,borderline_shifted,59,0.09985666507405638,0.22785110771656036,0.20392157137393951
gated_t0.9_d2_s400,ws2-A_Vacancy-Metal.png,16,152.0,274.0,borderline_shifted,59,0.09985666507405638,0.2741178572177887,0.25882354378700256
gated_t0.9_d2_s400,ws2-A_Vacancy-Metal.png,16,160.0,169.0,borderline_shifted,59,0.09985666507405638,0.2150723934173584,0.22745098173618317
gated_t0.9_d2_s400,ws2-A_Vacancy-Metal.png,16,90.0,209.0,borderline_shifted,59,0.09985666507405638,0.21047861874103546,0.21568627655506134
gated_t0.9_d2_s400,cose2_Fe_doped.png,16,557.0,583.0,boundary_edge,96,0.09939382545424982,0.7108503580093384,0.007843137718737125
gated_t0.9_d2_s400,cose2_Fe_doped.png,16,534.0,54.0,invented_undamaged,96,0.09939382545424982,0.6786863803863525,0.019607843831181526
gated_t0.9_d2_s400,cose2_Fe_doped.png,16,543.0,41.0,borderline_shifted,96,0.09939382545424982,0.4882793426513672,0.0117647061124444
gated_t0.9_d2_s400,cose2_Fe_doped.png,16,522.0,55.0,borderline_shifted,96,0.09939382545424982,0.4755205512046814,0.03529411926865578
gated_t0.9_d2_s400,cose2_Fe_doped.png,16,533.0,30.0,invented_undamaged,96,0.09939382545424982,0.32512062788009644,0.01568627543747425
gated_t0.9_d2_s400,cose2_Fe_doped.png,16,514.0,52.0,borderline_shifted,96,0.09939382545424982,0.26996123790740967,0.0235294122248888
gated_t0.9_d2_s400,cose2_Fe_doped.png,16,541.0,36.0,invented_undamaged,96,0.09939382545424982,0.41623687744140625,0.019607843831181526
gated_t0.9_d2_s400,cose2_Fe_doped.png,16,525.0,32.0,invented_undamaged,96,0.09939382545424982,0.32495495676994324,0.01568627543747425
gated_t0.9_d2_s400,cose2_Fe_doped.png,16,573.0,407.0,borderline_shifted,96,0.09939382545424982,0.3155837059020996,0.16862745583057404
gated_t0.9_d2_s400,cose2_Fe_doped.png,16,512.0,36.0,invented_undamaged,96,0.09939382545424982,0.16402405500411987,0.0235294122248888
gated_t0.9_d2_s400,cro2_Vacancy-Anion-03.png,16,0.0,0.0,boundary_edge,80,0.8467367422350944,0.524852454662323,0.07450980693101883
gated_t0.9_d2_s400,cro2_Vacancy-Anion-03.png,16,0.0,231.0,boundary_edge,80,0.8467367422350944,0.5504430532455444,0.027450980618596077
gated_t0.9_d2_s400,cro2_Vacancy-Anion-03.png,16,372.0,291.0,borderline_shifted,80,0.8467367422350944,0.4245484471321106,0.24313725531101227
gated_t0.9_d2_s400,cro2_Vacancy-Anion-03.png,16,365.0,66.0,borderline_shifted,80,0.8467367422350944,0.4478797912597656,0.2823529541492462
gated_t0.9_d2_s400,cro2_Vacancy-Anion-03.png,16,388.0,301.0,borderline_shifted,80,0.8467367422350944,0.4028821587562561,0.23137255012989044
gated_t0.9_d2_s400,cro2_Vacancy-Anion-03.png,16,382.0,280.0,borderline_shifted,80,0.8467367422350944,0.4008209705352783,0.23137255012989044
gated_t0.9_d2_s400,cro2_Vacancy-Anion-03.png,16,369.0,283.0,borderline_shifted,80,0.8467367422350944,0.3395715355873108,0.1725490242242813
gated_t0.9_d2_s400,cro2_Vacancy-Anion-03.png,16,390.0,282.0,borderline_shifted,80,0.8467367422350944,0.4289207458496094,0.250980406999588
gated_t0.9_d2_s400,vo2_Vacancy-Anion-03.png,20,549.0,438.0,boundary_edge,100,0.846157372039725,0.42535531520843506,0.21176470816135406
gated_t0.9_d2_s400,vo2_Vacancy-Anion-03.png,20,549.0,318.0,boundary_edge,100,0.846157372039725,0.5000756978988647,0.45098039507865906
gated_t0.9_d2_s400,vo2_Vacancy-Anion-03.png,20,171.0,377.0,boundary_edge,100,0.846157372039725,0.5035906434059143,0.49803921580314636
gated_t0.9_d2_s400,vo2_Vacancy-Anion-03.png,20,242.0,20.0,boundary_edge,100,0.846157372039725,0.4864036738872528,0.5254902243614197
gated_t0.9_d2_s400,vo2_Vacancy-Anion-03.png,20,378.0,258.0,boundary_edge,100,0.846157372039725,0.49287527799606323,0.40392157435417175
gated_t0.9_d2_s400,vo2_Vacancy-Anion-03.png,20,171.0,257.0,boundary_edge,100,0.846157372039725,0.49649590253829956,0.529411792755127
gated_t0.9_d2_s400,vo2_Vacancy-Anion-03.png,20,172.0,140.0,boundary_edge,100,0.846157372039725,0.49947476387023926,0.49803921580314636
gated_t0.9_d2_s400,vo2_Vacancy-Anion-03.png,20,516.0,20.0,boundary_edge,100,0.846157372039725,0.4843248724937439,0.45490196347236633
gated_t0.9_d2_s400,vo2_Vacancy-Anion-03.png,20,412.0,80.0,boundary_edge,100,0.846157372039725,0.47898799180984497,0.5176470875740051
gated_t0.9_d2_s400,vo2_Vacancy-Anion-03.png,20,447.0,377.0,boundary_edge,100,0.846157372039725,0.4988326132297516,0.4745098054409027
gated_t0.9_d2_s400,vo2_Vacancy-Anion-03.png,20,481.0,318.0,boundary_edge,100,0.846157372039725,0.5005673766136169,0.5254902243614197
gated_t0.9_d2_s400,vo2_Vacancy-Anion-03.png,20,104.0,377.0,boundary_edge,100,0.846157372039725,0.500932514667511,0.48627451062202454
gated_t0.9_d2_s400,vo2_Vacancy-Anion-03.png,20,206.0,79.0,boundary_edge,100,0.846157372039725,0.4965185821056366,0.5411764979362488
gated_t0.9_d2_s400,vo2_Vacancy-Anion-03.png,20,345.0,79.0,boundary_edge,100,0.846157372039725,0.49731194972991943,0.5411764979362488
gated_t0.9_d2_s400,vo2_Vacancy-Anion-03.png,20,447.0,139.0,boundary_edge,100,0.846157372039725,0.4924255609512329,0.48235294222831726
gated_t0.9_d2_s400,vo2_Vacancy-Anion-03.png,20,33.0,20.0,boundary_edge,100,0.846157372039725,0.4913958013057709,0.4745098054409027
gated_t0.9_d2_s400,vo2_Vacancy-Anion-03.png,20,206.0,318.0,invented_damaged,100,0.846157372039725,0.496946781873703,0.501960813999176
gated_t0.9_d2_s400,vo2_Vacancy-Anion-03.png,20,34.0,138.0,boundary_edge,100,0.846157372039725,0.49986201524734497,0.45098039507865906
gated_t0.9_d2_s400,vo2_Vacancy-Anion-03.png,20,309.0,139.0,boundary_edge,100,0.846157372039725,0.49656161665916443,0.47058823704719543
gated_t0.9_d2_s400,vo2_Vacancy-Anion-03.png,20,69.0,318.0,boundary_edge,100,0.846157372039725,0.4912673830986023,0.5176470875740051
gated_t0.9_d2_s400,vo2_Vacancy-Anion-03.png,20,378.0,377.0,boundary_edge,100,0.846157372039725,0.49780476093292236,0.5176470875740051
gated_t0.9_d2_s400,vo2_Vacancy-Anion-03.png,20,241.0,139.0,invented_damaged,100,0.846157372039725,0.49671152234077454,0.5254902243614197
gated_t0.9_d2_s400,vo2_Vacancy-Anion-03.png,20,69.0,79.0,boundary_edge,100,0.846157372039725,0.49369022250175476,0.4274509847164154
gated_t0.9_d2_s400,vo2_Vacancy-Anion-03.png,20,344.0,318.0,boundary_edge,100,0.846157372039725,0.4945451021194458,0.5372549295425415
gated_t0.9_d2_s400,vo2_Vacancy-Anion-03.png,20,137.0,80.0,boundary_edge,100,0.846157372039725,0.47508949041366577,0.47843137383461
gated_t0.9_d2_s400,vo2_Vacancy-Anion-03.png,20,481.0,79.0,invented_damaged,100,0.846157372039725,0.49323856830596924,0.5215686559677124
gated_t0.9_d2_s400,vo2_Vacancy-Anion-03.png,20,309.0,20.0,boundary_edge,100,0.846157372039725,0.48792511224746704,0.45098039507865906
gated_t0.9_d2_s400,vo2_Vacancy-Anion-03.png,20,103.0,140.0,boundary_edge,100,0.846157372039725,0.4920819103717804,0.45490196347236633
gated_t0.9_d2_s400,vo2_Vacancy-Anion-03.png,20,516.0,139.0,boundary_edge,100,0.846157372039725,0.4978255033493042,0.49803921580314636
gated_t0.9_d2_s400,vo2_Vacancy-Anion-03.png,20,378.0,140.0,boundary_edge,100,0.846157372039725,0.4890183210372925,0.5215686559677124
gated_t0.9_d2_s400,mose2-A_Doped-Na.png,20,8.0,7.0,boundary_edge,105,0.09216605552645364,1.0,0.003921568859368563
gated_t0.9_d2_s400,mote2-A_Anti-2M.png,20,537.0,353.0,borderline_shifted,189,0.4209784745080395,0.3884148597717285,0.5686274766921997
gated_t0.9_d2_s400,mote2-A_Anti-2M.png,20,522.0,342.0,borderline_shifted,189,0.4209784745080395,0.39175745844841003,0.3450980484485626
gated_t0.9_d2_s400,mote2-A_Anti-2M.png,20,369.0,141.0,borderline_shifted,189,0.4209784745080395,0.41642409563064575,0.3607843220233917
gated_t0.9_d2_s400,mote2-A_Anti-2M.png,20,538.0,49.0,borderline_shifted,189,0.4209784745080395,0.37383127212524414,0.5529412031173706
gated_t0.9_d2_s400,mote2-A_Anti-2M.png,20,6.0,604.0,boundary_edge,189,0.4209784745080395,0.4745098054409027,0.5215686559677124
gated_t0.9_d2_s400,mote2-A_Anti-2M.png,20,527.0,334.0,borderline_shifted,189,0.4209784745080395,0.2695614993572235,0.25882354378700256
gated_t0.9_d2_s400,mote2-A_Anti-2M.png,20,368.0,445.0,borderline_shifted,189,0.4209784745080395,0.3844587802886963,0.3490196168422699
gated_t0.9_d2_s400,tate2-A_Fe_doped.png,20,321.0,277.0,invented_damaged,122,0.15879011824324324,0.5389523506164551,0.19607843458652496
gated_t0.9_d2_s400,tate2-A_Fe_doped.png,20,321.0,597.0,invented_damaged,122,0.15879011824324324,0.5460051894187927,0.21176470816135406
gated_t0.9_d2_s400,vse2-A_Vacancy-Anion-06A.png,20,628.0,217.0,borderline_shifted,84,0.057534380961969896,0.24705882370471954,0.21176470816135406
gated_t0.9_d2_s400,vse2-A_Vacancy-Anion-06A.png,20,377.0,362.0,borderline_shifted,84,0.057534380961969896,0.21960784494876862,0.22745098173618317
gated_t0.9_d2_s400,vse2-A_Vacancy-Anion-06A.png,20,294.0,217.0,borderline_shifted,84,0.057534380961969896,0.2235294133424759,0.239215686917305
gated_t0.9_d2_s400,vse2-A_Vacancy-Anion-06A.png,20,210.0,72.0,borderline_shifted,84,0.057534380961969896,0.23137255012989044,0.21960784494876862
gated_t0.9_d2_s400,tase2-A_Vacancy-Anion-12B.png,20,179.0,524.0,invented_undamaged,121,0.0021463873852671216,0.26274511218070984,0.2549019753932953
gated_t0.9_d2_s400,nbs2_Anti-Metal.png,20,48.0,386.0,invented_undamaged,106,0.14268454192708938,0.24393366277217865,0.12156862765550613
gated_t0.9_d2_s400,nbs2_Anti-Metal.png,20,617.0,363.0,invented_damaged,106,0.14268454192708938,0.2948184013366699,0.2078431397676468
gated_t0.9_d2_s400,nbs2_Anti-Metal.png,20,576.0,292.0,invented_damaged,106,0.14268454192708938,0.2906593382358551,0.19607843458652496
gated_t0.9_d2_s400,nbs2_Anti-Metal.png,20,668.0,290.0,boundary_edge,106,0.14268454192708938,0.24722667038440704,0.11372549086809158
gated_t0.9_d2_s400,nbs2_Anti-Metal.png,20,492.0,292.0,invented_damaged,106,0.14268454192708938,0.28531280159950256,0.239215686917305
gated_t0.9_d2_s400,nbs2_Anti-Metal.png,20,663.0,434.0,boundary_edge,106,0.14268454192708938,0.26817554235458374,0.1411764770746231
gated_t0.9_d2_s400,nbs2_Anti-Metal.png,20,48.0,250.0,invented_undamaged,106,0.14268454192708938,0.17346711456775665,0.08235294371843338
gated_t0.9_d2_s400,nbse2_Cu_doped.png,20,297.0,516.0,borderline_shifted,145,0.8168230662632404,0.2815128266811371,0.2666666805744171
gated_t0.9_d2_s400,nbse2_Cu_doped.png,20,653.0,538.0,borderline_shifted,145,0.8168230662632404,0.2339862734079361,0.26274511218070984
gated_t0.9_d2_s400,nbse2_Cu_doped.png,20,655.0,534.0,borderline_shifted,145,0.8168230662632404,0.2933288812637329,0.32549020648002625
gated_t0.9_d2_s400,nbte2_Vacancy-Anion-12A.png,20,361.0,288.0,boundary_edge,170,0.2220499738356881,0.8356314897537231,0.10588235408067703
gated_t0.9_d2_s400,nbte2_Vacancy-Anion-12A.png,20,488.0,312.0,invented_undamaged,170,0.2220499738356881,0.6150264739990234,0.07450980693101883
gated_t0.9_d2_s400,nbte2_Vacancy-Anion-12A.png,20,579.0,156.0,boundary_edge,170,0.2220499738356881,0.6036505699157715,0.062745101749897
gated_t0.9_d2_s400,nbte2_Vacancy-Anion-12A.png,20,399.0,156.0,boundary_edge,170,0.2220499738356881,0.6826227903366089,0.15294118225574493
gated_t0.9_d2_s400,nbte2_Vacancy-Anion-12A.png,20,339.0,240.0,borderline_shifted,170,0.2220499738356881,0.589992880821228,0.19607843458652496
gated_t0.9_d2_s400,nbte2_Vacancy-Anion-12A.png,20,341.0,289.0,borderline_shifted,170,0.2220499738356881,0.4797664284706116,0.14901961386203766
gated_t0.9_d2_s400,nbte2_Vacancy-Anion-12A.png,20,337.0,250.0,borderline_shifted,170,0.2220499738356881,0.6073188781738281,0.3294117748737335
gated_t0.9_d2_s400,nbte2_Vacancy-Anion-12A.png,20,339.0,286.0,borderline_shifted,170,0.2220499738356881,0.45876407623291016,0.16470588743686676
gated_t0.9_d2_s400,nbte2_Vacancy-Anion-12A.png,20,338.0,280.0,borderline_shifted,170,0.2220499738356881,0.4848206043243408,0.21960784494876862
gated_t0.9_d2_s400,nbte2_Vacancy-Anion-12A.png,20,346.0,301.0,borderline_shifted,170,0.2220499738356881,0.4406353235244751,0.1725490242242813
gated_t0.9_d2_s400,tise2_Adatom-Li.png,20,531.0,420.0,borderline_shifted,157,0.5786255096097845,0.34622547030448914,0.3333333432674408
gated_t0.9_d2_s400,tise2_Adatom-Li.png,20,423.0,328.0,borderline_shifted,157,0.5786255096097845,0.42086705565452576,0.3921568691730499
gated_t0.9_d2_s400,tise2_Adatom-Li.png,20,428.0,321.0,borderline_shifted,157,0.5786255096097845,0.355854868888855,0.3529411852359772
gated_t0.9_d2_s400,tise2_Adatom-Li.png,20,557.0,437.0,borderline_shifted,157,0.5786255096097845,0.2817973792552948,0.27450981736183167
gated_t0.9_d2_s400,vs2_Vacancy-Anion-06A.png,20,368.0,61.0,borderline_shifted,158,0.7683230182784471,0.6115097999572754,0.6078431606292725
gated_t0.9_d2_s400,vs2_Vacancy-Anion-06A.png,20,92.0,113.0,boundary_edge,158,0.7683230182784471,0.38260889053344727,0.06666667014360428
gated_t0.9_d2_s400,vs2_Vacancy-Anion-06A.png,20,367.0,446.0,invented_damaged,158,0.7683230182784471,0.5395137071609497,0.545098066329956
gated_t0.9_d2_s400,vte2_Defect-Free.png,20,224.0,602.0,borderline_shifted,119,0.11809107112468539,0.22170045971870422,0.18431372940540314
gated_t0.9_d2_s400,vte2_Defect-Free.png,20,216.0,607.0,boundary_edge,119,0.11809107112468539,0.2745298445224762,0.21960784494876862
gated_t0.9_d2_s400,ws2-A_Vacancy-Metal.png,20,345.0,499.0,invented_undamaged,59,0.09741655859668281,0.6350744366645813,0.04313725605607033
gated_t0.9_d2_s400,ws2-A_Vacancy-Metal.png,20,415.0,50.0,borderline_shifted,59,0.09741655859668281,0.574110209941864,0.03921568766236305
gated_t0.9_d2_s400,cose2_Fe_doped.png,20,404.0,123.0,borderline_shifted,96,0.13462105198975652,0.3336508870124817,0.34117648005485535
gated_t0.9_d2_s400,cro2_Vacancy-Anion-03.png,20,389.0,73.0,borderline_shifted,80,0.8332209793934552,0.426352858543396,0.2549019753932953
gated_t0.9_d2_s400,cro2_Vacancy-Anion-03.png,20,390.0,292.0,borderline_shifted,80,0.8332209793934552,0.3981059193611145,0.1725490242242813
gated_t0.9_d2_s400,cro2_Vacancy-Anion-03.png,20,372.0,70.0,borderline_shifted,80,0.8332209793934552,0.4515225291252136,0.23137255012989044
gated_t0.9_d2_s400,cro2_Vacancy-Anion-03.png,20,375.0,301.0,borderline_shifted,80,0.8332209793934552,0.4200338125228882,0.23529411852359772
gated_t0.9_d2_s400,cro2_Vacancy-Anion-03.png,20,382.0,61.0,borderline_shifted,80,0.8332209793934552,0.4397965371608734,0.20000000298023224
gated_t0.9_d2_s400,cro2_Vacancy-Anion-03.png,20,370.0,292.0,borderline_shifted,80,0.8332209793934552,0.44676628708839417,0.21960784494876862
gated_t0.9_d2_s400,cro2_Vacancy-Anion-03.png,20,387.0,303.0,borderline_shifted,80,0.8332209793934552,0.426352858543396,0.2549019753932953
gated_t0.9_d2_s400,cro2_Vacancy-Anion-03.png,20,382.0,75.0,borderline_shifted,80,0.8332209793934552,0.43896186351776123,0.19607843458652496
gated_t0.9_d2_s400,cro2_Vacancy-Anion-03.png,20,382.0,285.0,borderline_shifted,80,0.8332209793934552,0.42247968912124634,0.239215686917305
gated_t0.9_d2_s400,vo2_Vacancy-Anion-03.png,28,412.0,80.0,boundary_edge,100,0.8501107715813598,0.4732121229171753,0.5176470875740051
gated_t0.9_d2_s400,vo2_Vacancy-Anion-03.png,28,241.0,138.0,boundary_edge,100,0.8501107715813598,0.4904562830924988,0.5098039507865906
gated_t0.9_d2_s400,vo2_Vacancy-Anion-03.png,28,310.0,138.0,boundary_edge,100,0.8501107715813598,0.4883629083633423,0.47843137383461
gated_t0.9_d2_s400,vo2_Vacancy-Anion-03.png,28,379.0,258.0,boundary_edge,100,0.8501107715813598,0.48657479882240295,0.4588235318660736
gated_t0.9_d2_s400,vo2_Vacancy-Anion-03.png,28,516.0,20.0,invented_damaged,100,0.8501107715813598,0.4787716269493103,0.45490196347236633
gated_t0.9_d2_s400,vo2_Vacancy-Anion-03.png,28,34.0,139.0,boundary_edge,100,0.8501107715813598,0.4808400273323059,0.48627451062202454
gated_t0.9_d2_s400,vo2_Vacancy-Anion-03.png,28,138.0,79.0,boundary_edge,100,0.8501107715813598,0.4737691879272461,0.501960813999176
gated_t0.9_d2_s400,vo2_Vacancy-Anion-03.png,28,309.0,21.0,boundary_edge,100,0.8501107715813598,0.48195427656173706,0.49803921580314636
gated_t0.9_d2_s400,vo2_Vacancy-Anion-03.png,28,172.0,377.0,boundary_edge,100,0.8501107715813598,0.49283161759376526,0.45098039507865906
gated_t0.9_d2_s400,vo2_Vacancy-Anion-03.png,28,34.0,20.0,invented_damaged,100,0.8501107715813598,0.47035637497901917,0.46666666865348816
gated_t0.9_d2_s400,vo2_Vacancy-Anion-03.png,28,516.0,139.0,boundary_edge,100,0.8501107715813598,0.4854254424571991,0.49803921580314636
gated_t0.9_d2_s400,vo2_Vacancy-Anion-03.png,28,344.0,317.0,boundary_edge,100,0.8501107715813598,0.4811602830886841,0.4431372582912445
gated_t0.9_d2_s400,vo2_Vacancy-Anion-03.png,28,103.0,377.0,invented_damaged,100,0.8501107715813598,0.48482000827789307,0.5176470875740051
gated_t0.9_d2_s400,vo2_Vacancy-Anion-03.png,28,205.0,80.0,invented_damaged,100,0.8501107715813598,0.4840393364429474,0.49803921580314636
gated_t0.9_d2_s400,vo2_Vacancy-Anion-03.png,28,379.0,377.0,boundary_edge,100,0.8501107715813598,0.48772236704826355,0.46666666865348816
gated_t0.9_d2_s400,vo2_Vacancy-Anion-03.png,28,447.0,377.0,boundary_edge,100,0.8501107715813598,0.4891701936721802,0.4745098054409027
gated_t0.9_d2_s400,vo2_Vacancy-Anion-03.png,28,171.0,140.0,boundary_edge,100,0.8501107715813598,0.4822678864002228,0.48627451062202454
gated_t0.9_d2_s400,vo2_Vacancy-Anion-03.png,28,104.0,140.0,boundary_edge,100,0.8501107715813598,0.4846532344818115,0.48627451062202454
gated_t0.9_d2_s400,vo2_Vacancy-Anion-03.png,28,549.0,80.0,boundary_edge,100,0.8501107715813598,0.46555572748184204,0.4745098054409027
gated_t0.9_d2_s400,vo2_Vacancy-Anion-03.png,28,171.0,258.0,boundary_edge,100,0.8501107715813598,0.4804413616657257,0.45098039507865906
gated_t0.9_d2_s400,vo2_Vacancy-Anion-03.png,28,69.0,317.0,boundary_edge,100,0.8501107715813598,0.48111358284950256,0.5411764979362488
gated_t0.9_d2_s400,mos2-A_Adatom-Li.png,28,118.0,0.0,boundary_edge,84,0.31663115118276464,0.5589742660522461,0.06666667014360428
gated_t0.9_d2_s400,mos2-A_Adatom-Li.png,28,0.0,285.0,boundary_edge,84,0.31663115118276464,0.39887458086013794,0.027450980618596077
gated_t0.9_d2_s400,mos2-A_Adatom-Li.png,28,8.0,7.0,boundary_edge,84,0.31663115118276464,1.0,0.0235294122248888
gated_t0.9_d2_s400,mose2-A_Doped-Na.png,28,8.0,7.0,boundary_edge,105,0.27534311157674174,1.0,0.003921568859368563
gated_t0.9_d2_s400,mose2-A_Doped-Na.png,28,285.0,303.0,invented_damaged,105,0.27534311157674174,0.27856695652008057,0.10980392247438431
gated_t0.9_d2_s400,mose2-A_Doped-Na.png,28,525.0,0.0,boundary_edge,105,0.27534311157674174,0.19607843458652496,0.1725490242242813
gated_t0.9_d2_s400,mote2-A_Anti-2M.png,28,6.0,604.0,boundary_edge,189,0.2446209950507945,0.41741621494293213,0.5215686559677124
gated_t0.9_d2_s400,tate2-A_Fe_doped.png,28,0.0,598.0,boundary_edge,122,0.29657094594594596,0.5992459654808044,0.05098039284348488
gated_t0.9_d2_s400,tate2-A_Fe_doped.png,28,0.0,185.0,boundary_edge,122,0.29657094594594596,0.6292763948440552,0.05882352963089943
gated_t0.9_d2_s400,tate2-A_Fe_doped.png,28,0.0,411.0,boundary_edge,122,0.29657094594594596,0.6224410533905029,0.14901961386203766
gated_t0.9_d2_s400,tate2-A_Fe_doped.png,28,0.0,505.0,boundary_edge,122,0.29657094594594596,0.6185194849967957,0.05882352963089943
gated_t0.9_d2_s400,tate2-A_Fe_doped.png,28,0.0,91.0,boundary_edge,122,0.29657094594594596,0.5862488746643066,0.16078431904315948
gated_t0.9_d2_s400,tate2-A_Fe_doped.png,28,0.0,276.0,boundary_edge,122,0.29657094594594596,0.5361616611480713,0.054901961237192154
gated_t0.9_d2_s400,tate2-A_Fe_doped.png,28,179.0,600.0,borderline_shifted,122,0.29657094594594596,0.2610759139060974,0.26274511218070984
gated_t0.9_d2_s400,tate2-A_Fe_doped.png,28,178.0,281.0,borderline_shifted,122,0.29657094594594596,0.27709898352622986,0.29019609093666077
gated_t0.9_d2_s400,tate2-A_Fe_doped.png,28,178.0,12.0,boundary_edge,122,0.29657094594594596,0.2516612410545349,0.2980392277240753
gated_t0.9_d2_s400,vse2-A_Vacancy-Anion-06A.png,28,292.0,12.0,boundary_edge,84,0.3680718521444375,0.6085989475250244,0.4901960790157318
gated_t0.9_d2_s400,vse2-A_Vacancy-Anion-06A.png,28,617.0,33.0,borderline_shifted,84,0.3680718521444375,0.43984758853912354,0.5490196347236633
gated_t0.9_d2_s400,vse2-A_Vacancy-Anion-06A.png,28,572.0,87.0,borderline_shifted,84,0.3680718521444375,0.39441633224487305,0.42352941632270813
gated_t0.9_d2_s400,vse2-A_Vacancy-Anion-06A.png,28,305.0,11.0,boundary_edge,84,0.3680718521444375,0.3936929702758789,0.30980393290519714
gated_t0.9_d2_s400,vse2-A_Vacancy-Anion-06A.png,28,236.0,89.0,borderline_shifted,84,0.3680718521444375,0.38675403594970703,0.45490196347236633
gated_t0.9_d2_s400,vse2-A_Vacancy-Anion-06A.png,28,637.0,9.0,boundary_edge,84,0.3680718521444375,0.4245229959487915,0.3019607961177826
gated_t0.9_d2_s400,vse2-A_Vacancy-Anion-06A.png,28,633.0,0.0,boundary_edge,84,0.3680718521444375,0.20997866988182068,0.16078431904315948
gated_t0.9_d2_s400,vse2-A_Vacancy-Anion-06A.png,28,239.0,108.0,borderline_shifted,84,0.3680718521444375,0.3726160526275635,0.3960784375667572
gated_t0.9_d2_s400,vse2-A_Vacancy-Anion-06A.png,28,305.0,4.0,boundary_edge,84,0.3680718521444375,0.24938637018203735,0.1568627506494522
gated_t0.9_d2_s400,vse2-A_Vacancy-Anion-06A.png,28,337.0,578.0,boundary_edge,84,0.3680718521444375,0.1921568661928177,0.12941177189350128
gated_t0.9_d2_s400,vse2-A_Vacancy-Anion-06A.png,28,668.0,578.0,boundary_edge,84,0.3680718521444375,0.16862745583057404,0.1411764770746231
gated_t0.9_d2_s400,vse2-A_Vacancy-Anion-06A.png,28,668.0,287.0,boundary_edge,84,0.3680718521444375,0.25882354378700256,0.24313725531101227
gated_t0.9_d2_s400,vse2-A_Vacancy-Anion-06A.png,28,590.0,0.0,boundary_edge,84,0.3680718521444375,0.20392157137393951,0.21960784494876862
gated_t0.9_d2_s400,vse2-A_Vacancy-Anion-06A.png,28,255.0,0.0,boundary_edge,84,0.3680718521444375,0.20000000298023224,0.21176470816135406
gated_t0.9_d2_s400,vse2-A_Vacancy-Anion-06A.png,28,0.0,144.0,boundary_edge,84,0.3680718521444375,0.25882354378700256,0.19607843458652496
gated_t0.9_d2_s400,vse2-A_Vacancy-Anion-06A.png,28,303.0,0.0,boundary_edge,84,0.3680718521444375,0.1920095533132553,0.13333334028720856
gated_t0.9_d2_s400,vse2-A_Vacancy-Anion-06A.png,28,298.0,190.0,borderline_shifted,84,0.3680718521444375,0.2723732590675354,0.2549019753932953
gated_t0.9_d2_s400,vse2-A_Vacancy-Anion-06A.png,28,212.0,73.0,borderline_shifted,84,0.3680718521444375,0.21568627655506134,0.239215686917305
gated_t0.9_d2_s400,tas2-A_Doped-Li.png,28,0.0,381.0,boundary_edge,68,0.033449653567996764,0.4650648534297943,0.027450980618596077
gated_t0.9_d2_s400,tas2-A_Doped-Li.png,28,0.0,85.0,boundary_edge,68,0.033449653567996764,0.3271682858467102,0.0235294122248888
gated_t0.9_d2_s400,tase2-A_Vacancy-Anion-12B.png,28,252.0,266.0,borderline_shifted,121,0.015954342198164273,0.23529411852359772,0.250980406999588
gated_t0.9_d2_s400,tase2-A_Vacancy-Anion-12B.png,28,252.0,569.0,borderline_shifted,121,0.015954342198164273,0.22745098173618317,0.24705882370471954
gated_t0.9_d2_s400,nbs2_Anti-Metal.png,28,55.0,436.0,invented_undamaged,106,0.1717925086033081,0.36878249049186707,0.01568627543747425
gated_t0.9_d2_s400,nbte2_Vacancy-Anion-12A.png,28,360.0,289.0,invented_damaged,170,0.4029216814931101,0.8945953249931335,0.10980392247438431
gated_t0.9_d2_s400,nbte2_Vacancy-Anion-12A.png,28,487.0,313.0,invented_damaged,170,0.4029216814931101,0.6799982786178589,0.0941176488995552
gated_t0.9_d2_s400,nbte2_Vacancy-Anion-12A.png,28,399.0,155.0,boundary_edge,170,0.4029216814931101,0.6687781810760498,0.125490203499794
gated_t0.9_d2_s400,tise2_Adatom-Li.png,28,523.0,220.0,borderline_shifted,157,0.7974295328692533,0.4395955801010132,0.4117647111415863
gated_t0.9_d2_s400,tise2_Adatom-Li.png,28,417.0,343.0,borderline_shifted,157,0.7974295328692533,0.4189123809337616,0.4431372582912445
gated_t0.9_d2_s400,tite2-B_Cu_doped.png,28,511.0,179.0,borderline_shifted,72,0.737464024050866,0.6871581077575684,0.7215686440467834
gated_t0.9_d2_s400,tite2-B_Cu_doped.png,28,425.0,200.0,borderline_shifted,72,0.737464024050866,0.6066586971282959,0.5921568870544434
gated_t0.9_d2_s400,tite2-B_Cu_doped.png,28,516.0,42.0,borderline_shifted,72,0.737464024050866,0.4695044457912445,0.45490196347236633
gated_t0.9_d2_s400,tite2-B_Cu_doped.png,28,422.0,42.0,borderline_shifted,72,0.737464024050866,0.5218719244003296,0.5176470875740051
gated_t0.9_d2_s400,tite2-B_Cu_doped.png,28,429.0,17.0,borderline_shifted,72,0.737464024050866,0.4983677268028259,0.5764706134796143
gated_t0.9_d2_s400,tite2-B_Cu_doped.png,28,154.0,186.0,borderline_shifted,72,0.737464024050866,0.5211658477783203,0.545098066329956
gated_t0.9_d2_s400,tite2-B_Cu_doped.png,28,420.0,175.0,borderline_shifted,72,0.737464024050866,0.49907389283180237,0.501960813999176
gated_t0.9_d2_s400,tite2-B_Cu_doped.png,28,530.0,184.0,borderline_shifted,72,0.737464024050866,0.38615521788597107,0.4156862795352936
gated_t0.9_d2_s400,tite2-B_Cu_doped.png,28,438.0,20.0,borderline_shifted,72,0.737464024050866,0.2906882166862488,0.364705890417099
gated_t0.9_d2_s400,tite2-B_Cu_doped.png,28,417.0,168.0,borderline_shifted,72,0.737464024050866,0.24864795804023743,0.24313725531101227
gated_t0.9_d2_s400,tite2-B_Cu_doped.png,28,202.0,121.0,borderline_shifted,72,0.737464024050866,0.28036099672317505,0.29019609093666077
gated_t0.9_d2_s400,tite2-B_Cu_doped.png,28,389.0,109.0,borderline_shifted,72,0.737464024050866,0.36874133348464966,0.4901960790157318
gated_t0.9_d2_s400,tite2-B_Cu_doped.png,28,205.0,110.0,borderline_shifted,72,0.737464024050866,0.3412777781486511,0.33725491166114807
gated_t0.9_d2_s400,tite2-B_Cu_doped.png,28,532.0,40.0,borderline_shifted,72,0.737464024050866,0.23154938220977783,0.23137255012989044
gated_t0.9_d2_s400,tite2-B_Cu_doped.png,28,580.0,103.0,borderline_shifted,72,0.737464024050866,0.27893611788749695,0.2980392277240753
gated_t0.9_d2_s400,tite2-B_Cu_doped.png,28,162.0,184.0,borderline_shifted,72,0.737464024050866,0.22479064762592316,0.22745098173618317
gated_t0.9_d2_s400,tite2-B_Cu_doped.png,28,71.0,194.0,borderline_shifted,72,0.737464024050866,0.17207007110118866,0.16862745583057404
gated_t0.9_d2_s400,tite2-B_Cu_doped.png,28,386.0,119.0,borderline_shifted,72,0.737464024050866,0.31992974877357483,0.4313725531101227
gated_t0.9_d2_s400,tite2-B_Cu_doped.png,28,0.0,0.0,boundary_edge,72,0.737464024050866,0.14509804546833038,0.10980392247438431
gated_t0.9_d2_s400,tite2-B_Cu_doped.png,28,746.0,0.0,boundary_edge,72,0.737464024050866,0.1411764770746231,0.11764705926179886
gated_t0.9_d2_s400,tite2-B_Cu_doped.png,28,49.0,169.0,borderline_shifted,72,0.737464024050866,0.2839168906211853,0.3019607961177826
gated_t0.9_d2_s400,vs2_Vacancy-Anion-06A.png,28,371.0,107.0,invented_undamaged,158,0.7803473442624806,0.4075430929660797,0.1411764770746231
gated_t0.9_d2_s400,vs2_Vacancy-Anion-06A.png,28,368.0,449.0,boundary_edge,158,0.7803473442624806,0.5340739488601685,0.5254902243614197
gated_t0.9_d2_s400,vs2_Vacancy-Anion-06A.png,28,358.0,110.0,borderline_shifted,158,0.7803473442624806,0.35380396246910095,0.1568627506494522
gated_t0.9_d2_s400,vte2_Defect-Free.png,28,336.0,380.0,borderline_shifted,119,0.15707037232756227,0.6109975576400757,0.5254902243614197
gated_t0.9_d2_s400,vte2_Defect-Free.png,28,252.0,330.0,borderline_shifted,119,0.15707037232756227,0.27450981736183167,0.6901960968971252
gated_t0.9_d2_s400,vte2_Defect-Free.png,28,323.0,376.0,borderline_shifted,119,0.15707037232756227,0.5150368809700012,0.4274509847164154
gated_t0.9_d2_s400,vte2_Defect-Free.png,28,167.0,376.0,borderline_shifted,119,0.15707037232756227,0.4779148995876312,0.42352941632270813
gated_t0.9_d2_s400,vte2_Defect-Free.png,28,319.0,370.0,borderline_shifted,119,0.15707037232756227,0.5012848377227783,0.4000000059604645
gated_t0.9_d2_s400,vte2_Defect-Free.png,28,162.0,360.0,borderline_shifted,119,0.15707037232756227,0.42016100883483887,0.40784314274787903
gated_t0.9_d2_s400,vte2_Defect-Free.png,28,357.0,373.0,borderline_shifted,119,0.15707037232756227,0.337846040725708,0.30980393290519714
gated_t0.9_d2_s400,vte2_Defect-Free.png,28,316.0,362.0,borderline_shifted,119,0.15707037232756227,0.4327523112297058,0.37254902720451355
gated_t0.9_d2_s400,vte2_Defect-Free.png,28,238.0,318.0,borderline_shifted,119,0.15707037232756227,0.4230053722858429,0.35686275362968445
gated_t0.9_d2_s400,vte2_Defect-Free.png,28,236.0,313.0,borderline_shifted,119,0.15707037232756227,0.34172964096069336,0.27450981736183167
gated_t0.9_d2_s400,vte2_Defect-Free.png,28,168.0,354.0,borderline_shifted,119,0.15707037232756227,0.4623197615146637,0.47058823704719543
gated_t0.9_d2_s400,vte2_Defect-Free.png,28,275.0,340.0,borderline_shifted,119,0.15707037232756227,0.4307193458080292,0.33725491166114807
gated_t0.9_d2_s400,vte2_Defect-Free.png,28,312.0,351.0,borderline_shifted,119,0.15707037232756227,0.29369232058525085,0.21960784494876862
gated_t0.9_d2_s400,ws2-A_Vacancy-Metal.png,28,160.0,344.0,borderline_shifted,59,0.15548711123245285,0.2252744436264038,0.19607843458652496
gated_t0.9_d2_s400,ws2-A_Vacancy-Metal.png,28,44.0,457.0,borderline_shifted,59,0.15548711123245285,0.21551433205604553,0.18431372940540314
gated_t0.9_d2_s400,ws2-A_Vacancy-Metal.png,28,184.0,379.0,borderline_shifted,59,0.15548711123245285,0.22491824626922607,0.24313725531101227
gated_t0.9_d2_s400,cose2_Fe_doped.png,28,169.0,0.0,boundary_edge,96,0.14149323198243974,0.30449166893959045,0.04313725605607033
gated_t0.9_d2_s400,cose2_Fe_doped.png,28,25.0,13.0,boundary_edge,96,0.14149323198243974,0.33827659487724304,0.027450980618596077
gated_t0.9_d2_s400,cose2_Fe_doped.png,28,8.0,7.0,boundary_edge,96,0.14149323198243974,1.0,0.019607843831181526
gated_t0.9_d2_s400,cose2_Fe_doped.png,28,144.0,49.0,boundary_edge,96,0.14149323198243974,0.25737255811691284,0.07058823853731155
gated_t0.9_d2_s400,cose2_Fe_doped.png,28,0.0,218.0,boundary_edge,96,0.14149323198243974,0.25471800565719604,0.062745101749897
gated_t0.9_d2_s400,cro2_Vacancy-Anion-03.png,28,342.0,234.0,borderline_shifted,80,0.7167390725390326,0.5654994249343872,0.09019608050584793
gated_t0.9_d2_s400,cro2_Vacancy-Anion-03.png,28,355.0,235.0,boundary_edge,80,0.7167390725390326,0.40298792719841003,0.12941177189350128
gated_t0.9_d2_s400,cro2_Vacancy-Anion-03.png,28,367.0,294.0,borderline_shifted,80,0.7167390725390326,0.4252565801143646,0.25882354378700256
gated_t0.9_d2_s400,cro2_Vacancy-Anion-03.png,28,153.0,431.0,borderline_shifted,80,0.7167390725390326,0.38112950325012207,0.20000000298023224
gated_t0.9_d2_s400,cro2_Vacancy-Anion-03.png,28,372.0,302.0,borderline_shifted,80,0.7167390725390326,0.37793299555778503,0.23137255012989044
gated_t0.9_d2_s400,cro2_Vacancy-Anion-03.png,28,145.0,198.0,borderline_shifted,80,0.7167390725390326,0.36319881677627563,0.21960784494876862
gated_t0.9_d2_s400,cro2_Vacancy-Anion-03.png,28,381.0,54.0,borderline_shifted,80,0.7167390725390326,0.3769431710243225,0.24313725531101227
gated_t0.9_d2_s400,cro2_Vacancy-Anion-03.png,28,250.0,228.0,borderline_shifted,80,0.7167390725390326,0.3813565969467163,0.27450981736183167
gated_t0.9_d2_s400,cro2_Vacancy-Anion-03.png,28,157.0,194.0,borderline_shifted,80,0.7167390725390326,0.40172719955444336,0.239215686917305
gated_t0.9_d2_s400,cro2_Vacancy-Anion-03.png,28,364.0,0.0,boundary_edge,80,0.7167390725390326,0.30124807357788086,0.1568627506494522
gated_t0.9_d2_s400,cro2_Vacancy-Anion-03.png,28,313.0,219.0,borderline_shifted,80,0.7167390725390326,0.3043060302734375,0.3490196168422699
gated_t0.9_d2_s400,cro2_Vacancy-Anion-03.png,28,369.0,285.0,borderline_shifted,80,0.7167390725390326,0.37608572840690613,0.1921568661928177
gated_t0.9_d2_s400,cro2_Vacancy-Anion-03.png,28,366.0,69.0,borderline_shifted,80,0.7167390725390326,0.4145764112472534,0.3019607961177826
gated_t0.9_d2_s400,cro2_Vacancy-Anion-03.png,28,162.0,430.0,borderline_shifted,80,0.7167390725390326,0.35289037227630615,0.18039216101169586
gated_t0.9_d2_s400,cro2_Vacancy-Anion-03.png,28,279.0,238.0,borderline_shifted,80,0.7167390725390326,0.3980642557144165,0.2549019753932953
gated_t0.9_d2_s400,cro2_Vacancy-Anion-03.png,28,392.0,74.0,borderline_shifted,80,0.7167390725390326,0.36877214908599854,0.21568627655506134
gated_t0.9_d2_s400,cro2_Vacancy-Anion-03.png,28,389.0,282.0,borderline_shifted,80,0.7167390725390326,0.4100937247276306,0.2823529541492462
gated_t0.9_d2_s400,cro2_Vacancy-Anion-03.png,28,150.0,421.0,borderline_shifted,80,0.7167390725390326,0.4126344323158264,0.19607843458652496
gated_t0.9_d2_s400,cro2_Vacancy-Anion-03.png,28,386.0,79.0,borderline_shifted,80,0.7167390725390326,0.4146079421043396,0.24313725531101227
gated_t0.9_d2_s400,cro2_Vacancy-Anion-03.png,28,160.0,418.0,borderline_shifted,80,0.7167390725390326,0.4218645691871643,0.24313725531101227
gated_t0.9_d2_s400,cro2_Vacancy-Anion-03.png,28,393.0,287.0,borderline_shifted,80,0.7167390725390326,0.34072235226631165,0.22745098173618317
gated_t0.9_d2_s400,cro2_Vacancy-Anion-03.png,28,383.0,279.0,borderline_shifted,80,0.7167390725390326,0.38656431436538696,0.22745098173618317
gated_t0.9_d2_s400,cro2_Vacancy-Anion-03.png,28,281.0,11.0,boundary_edge,80,0.7167390725390326,0.3765460252761841,0.30980393290519714
gated_t0.9_d2_s400,cro2_Vacancy-Anion-03.png,28,369.0,8.0,boundary_edge,80,0.7167390725390326,0.2937643527984619,0.16078431904315948
gated_t0.9_d2_s400,vo2_Vacancy-Anion-03.png,36,134.0,0.0,boundary_edge,100,0.9097402597402597,0.7769997119903564,0.12156862765550613
gated_t0.9_d2_s400,vo2_Vacancy-Anion-03.png,36,411.0,0.0,boundary_edge,100,0.9097402597402597,0.8017256855964661,0.1411764770746231
gated_t0.9_d2_s400,vo2_Vacancy-Anion-03.png,36,284.0,257.0,borderline_shifted,100,0.9097402597402597,0.40117406845092773,0.1882352977991104
gated_t0.9_d2_s400,vo2_Vacancy-Anion-03.png,36,537.0,77.0,boundary_edge,100,0.9097402597402597,0.5084904432296753,0.42352941632270813
gated_t0.9_d2_s400,vo2_Vacancy-Anion-03.png,36,68.0,79.0,invented_damaged,100,0.9097402597402597,0.5022443532943726,0.5137255191802979
gated_t0.9_d2_s400,vo2_Vacancy-Anion-03.png,36,516.0,139.0,boundary_edge,100,0.9097402597402597,0.545128345489502,0.49803921580314636
gated_t0.9_d2_s400,vo2_Vacancy-Anion-03.png,36,342.0,80.0,invented_damaged,100,0.9097402597402597,0.5048863887786865,0.45490196347236633
gated_t0.9_d2_s400,vo2_Vacancy-Anion-03.png,36,34.0,137.0,invented_damaged,100,0.9097402597402597,0.5374969840049744,0.43529412150382996
gated_t0.9_d2_s400,vo2_Vacancy-Anion-03.png,36,241.0,139.0,boundary_edge,100,0.9097402597402597,0.5371304154396057,0.5254902243614197
gated_t0.9_d2_s400,vo2_Vacancy-Anion-03.png,36,172.0,258.0,boundary_edge,100,0.9097402597402597,0.5182321071624756,0.5215686559677124
gated_t0.9_d2_s400,vo2_Vacancy-Anion-03.png,36,412.0,79.0,invented_damaged,100,0.9097402597402597,0.47941696643829346,0.48627451062202454
gated_t0.9_d2_s400,vo2_Vacancy-Anion-03.png,36,205.0,80.0,invented_damaged,100,0.9097402597402597,0.5149600505828857,0.49803921580314636
gated_t0.9_d2_s400,vo2_Vacancy-Anion-03.png,36,136.0,79.0,invented_damaged,100,0.9097402597402597,0.4696338176727295,0.5137255191802979
gated_t0.9_d2_s400,vo2_Vacancy-Anion-03.png,36,310.0,20.0,invented_damaged,100,0.9097402597402597,0.5127857327461243,0.49803921580314636
gated_t0.9_d2_s400,vo2_Vacancy-Anion-03.png,36,379.0,260.0,invented_damaged,100,0.9097402597402597,0.5160320997238159,0.5137255191802979
gated_t0.9_d2_s400,vo2_Vacancy-Anion-03.png,36,34.0,20.0,boundary_edge,100,0.9097402597402597,0.5157372951507568,0.46666666865348816
gated_t0.9_d2_s400,vo2_Vacancy-Anion-03.png,36,414.0,199.0,invented_damaged,100,0.9097402597402597,0.509427011013031,0.2549019753932953
gated_t0.9_d2_s400,vo2_Vacancy-Anion-03.png,36,447.0,139.0,invented_damaged,100,0.9097402597402597,0.5015838742256165,0.48235294222831726
gated_t0.9_d2_s400,vo2_Vacancy-Anion-03.png,36,139.0,199.0,invented_damaged,100,0.9097402597402597,0.5061659216880798,0.2549019753932953
gated_t0.9_d2_s400,vo2_Vacancy-Anion-03.png,36,516.0,20.0,boundary_edge,100,0.9097402597402597,0.5064032673835754,0.45490196347236633
gated_t0.9_d2_s400,vo2_Vacancy-Anion-03.png,36,172.0,139.0,invented_damaged,100,0.9097402597402597,0.5022443532943726,0.5137255191802979
gated_t0.9_d2_s400,vo2_Vacancy-Anion-03.png,36,271.0,255.0,borderline_shifted,100,0.9097402597402597,0.43157660961151123,0.2823529541492462
gated_t0.9_d2_s400,vo2_Vacancy-Anion-03.png,36,480.0,80.0,invented_damaged,100,0.9097402597402597,0.5016478300094604,0.5411764979362488
gated_t0.9_d2_s400,vo2_Vacancy-Anion-03.png,36,69.0,318.0,boundary_edge,100,0.9097402597402597,0.5030326843261719,0.5176470875740051
gated_t0.9_d2_s400,vo2_Vacancy-Anion-03.png,36,481.0,318.0,boundary_edge,100,0.9097402597402597,0.5121667385101318,0.5254902243614197
gated_t0.9_d2_s400,vo2_Vacancy-Anion-03.png,36,104.0,377.0,boundary_edge,100,0.9097402597402597,0.5065731406211853,0.48627451062202454
gated_t0.9_d2_s400,vo2_Vacancy-Anion-03.png,36,206.0,317.0,boundary_edge,100,0.9097402597402597,0.5067617893218994,0.501960813999176
gated_t0.9_d2_s400,vo2_Vacancy-Anion-03.png,36,549.0,318.0,boundary_edge,100,0.9097402597402597,0.47885411977767944,0.45098039507865906
gated_t0.9_d2_s400,vo2_Vacancy-Anion-03.png,36,171.0,376.0,invented_damaged,100,0.9097402597402597,0.506161630153656,0.501960813999176
gated_t0.9_d2_s400,mos2-A_Adatom-Li.png,36,98.0,470.0,borderline_shifted,84,0.4344463404901986,0.44170287251472473,0.40784314274787903
gated_t0.9_d2_s400,mos2-A_Adatom-Li.png,36,130.0,552.0,boundary_edge,84,0.4344463404901986,0.29480430483818054,0.062745101749897
gated_t0.9_d2_s400,mos2-A_Adatom-Li.png,36,104.0,482.0,borderline_shifted,84,0.4344463404901986,0.383184552192688,0.2705882489681244
gated_t0.9_d2_s400,mos2-A_Adatom-Li.png,36,92.0,468.0,borderline_shifted,84,0.4344463404901986,0.31481650471687317,0.2980392277240753
gated_t0.9_d2_s400,mos2-A_Adatom-Li.png,36,141.0,512.0,invented_damaged,84,0.4344463404901986,0.2609178423881531,0.22745098173618317
gated_t0.9_d2_s400,mos2-A_Adatom-Li.png,36,304.0,387.0,invented_damaged,84,0.4344463404901986,0.26172274351119995,0.26274511218070984
gated_t0.9_d2_s400,mos2-A_Adatom-Li.png,36,162.0,88.0,boundary_edge,84,0.4344463404901986,0.2980392277240753,0.2705882489681244
gated_t0.9_d2_s400,mos2-A_Adatom-Li.png,36,367.0,290.0,boundary_edge,84,0.4344463404901986,0.27450981736183167,0.2823529541492462
gated_t0.9_d2_s400,mos2-A_Adatom-Li.png,36,91.0,290.0,boundary_edge,84,0.4344463404901986,0.27450981736183167,0.2823529541492462
gated_t0.9_d2_s400,mos2-A_Adatom-Li.png,36,439.0,88.0,boundary_edge,84,0.4344463404901986,0.32156863808631897,0.29411765933036804
gated_t0.9_d2_s400,mose2-A_Doped-Na.png,36,439.0,297.0,borderline_shifted,105,0.17656102671555787,0.21529316902160645,0.21960784494876862
gated_t0.9_d2_s400,mose2-A_Doped-Na.png,36,525.0,0.0,boundary_edge,105,0.17656102671555787,0.16078431904315948,0.1725490242242813
gated_t0.9_d2_s400,mote2-A_Anti-2M.png,36,6.0,604.0,boundary_edge,189,0.23815861138080466,0.49803921580314636,0.5215686559677124
gated_t0.9_d2_s400,tate2-A_Fe_doped.png,36,321.0,598.0,invented_damaged,122,0.34993243243243244,0.5207957625389099,0.20392157137393951
gated_t0.9_d2_s400,tate2-A_Fe_doped.png,36,321.0,278.0,invented_damaged,122,0.34993243243243244,0.519443690776825,0.2078431397676468
gated_t0.9_d2_s400,tate2-A_Fe_doped.png,36,264.0,616.0,borderline_shifted,122,0.34993243243243244,0.38825854659080505,0.4117647111415863
gated_t0.9_d2_s400,vse2-A_Vacancy-Anion-06A.png,36,139.0,20.0,borderline_shifted,84,0.6393839179452228,0.5835765600204468,0.5333333611488342
gated_t0.9_d2_s400,vse2-A_Vacancy-Anion-06A.png,36,388.0,18.0,borderline_shifted,84,0.6393839179452228,0.5596861839294434,0.49803921580314636
gated_t0.9_d2_s400,vse2-A_Vacancy-Anion-06A.png,36,216.0,38.0,borderline_shifted,84,0.6393839179452228,0.43398237228393555,0.4745098054409027
gated_t0.9_d2_s400,vse2-A_Vacancy-Anion-06A.png,36,52.0,18.0,borderline_shifted,84,0.6393839179452228,0.5409643650054932,0.5529412031173706
gated_t0.9_d2_s400,vse2-A_Vacancy-Anion-06A.png,36,32.0,16.0,borderline_shifted,84,0.6393839179452228,0.4926419258117676,0.529411792755127
gated_t0.9_d2_s400,vse2-A_Vacancy-Anion-06A.png,36,553.0,37.0,borderline_shifted,84,0.6393839179452228,0.42060962319374084,0.4588235318660736
gated_t0.9_d2_s400,vse2-A_Vacancy-Anion-06A.png,36,531.0,31.0,borderline_shifted,84,0.6393839179452228,0.4796302318572998,0.48627451062202454
gated_t0.9_d2_s400,vse2-A_Vacancy-Anion-06A.png,36,195.0,28.0,borderline_shifted,84,0.6393839179452228,0.47285357117652893,0.5058823823928833
gated_t0.9_d2_s400,vse2-A_Vacancy-Anion-06A.png,36,525.0,26.0,borderline_shifted,84,0.6393839179452228,0.3363613486289978,0.3137255012989044
gated_t0.9_d2_s400,vse2-A_Vacancy-Anion-06A.png,36,476.0,21.0,borderline_shifted,84,0.6393839179452228,0.5158268213272095,0.4313725531101227
gated_t0.9_d2_s400,vse2-A_Vacancy-Anion-06A.png,36,189.0,21.0,borderline_shifted,84,0.6393839179452228,0.30408626794815063,0.27843138575553894
gated_t0.9_d2_s400,vse2-A_Vacancy-Anion-06A.png,36,452.0,13.0,boundary_edge,84,0.6393839179452228,0.41526052355766296,0.5254902243614197
gated_t0.9_d2_s400,vse2-A_Vacancy-Anion-06A.png,36,266.0,88.0,borderline_shifted,84,0.6393839179452228,0.41240549087524414,0.45490196347236633
gated_t0.9_d2_s400,vse2-A_Vacancy-Anion-06A.png,36,168.0,0.0,boundary_edge,84,0.6393839179452228,0.20000000298023224,0.21568627655506134
gated_t0.9_d2_s400,vse2-A_Vacancy-Anion-06A.png,36,602.0,90.0,borderline_shifted,84,0.6393839179452228,0.39742469787597656,0.4156862795352936
gated_t0.9_d2_s400,vse2-A_Vacancy-Anion-06A.png,36,271.0,93.0,borderline_shifted,84,0.6393839179452228,0.31299591064453125,0.3176470696926117
gated_t0.9_d2_s400,vse2-A_Vacancy-Anion-06A.png,36,117.0,13.0,boundary_edge,84,0.6393839179452228,0.41383299231529236,0.5137255191802979
gated_t0.9_d2_s400,vse2-A_Vacancy-Anion-06A.png,36,503.0,0.0,boundary_edge,84,0.6393839179452228,0.21176470816135406,0.239215686917305
gated_t0.9_d2_s400,vse2-A_Vacancy-Anion-06A.png,36,256.0,79.0,borderline_shifted,84,0.6393839179452228,0.36149880290031433,0.3921568691730499
gated_t0.9_d2_s400,vse2-A_Vacancy-Anion-06A.png,36,592.0,78.0,borderline_shifted,84,0.6393839179452228,0.32147082686424255,0.3490196168422699
gated_t0.9_d2_s400,vse2-A_Vacancy-Anion-06A.png,36,21.0,30.0,borderline_shifted,84,0.6393839179452228,0.288038969039917,0.24313725531101227
gated_t0.9_d2_s400,vse2-A_Vacancy-Anion-06A.png,36,44.0,74.0,borderline_shifted,84,0.6393839179452228,0.19385138154029846,0.10980392247438431
gated_t0.9_d2_s400,vse2-A_Vacancy-Anion-06A.png,36,379.0,72.0,borderline_shifted,84,0.6393839179452228,0.1877433955669403,0.12156862765550613
gated_t0.9_d2_s400,vse2-A_Vacancy-Anion-06A.png,36,583.0,0.0,boundary_edge,84,0.6393839179452228,0.21960784494876862,0.19607843458652496
gated_t0.9_d2_s400,vse2-A_Vacancy-Anion-06A.png,36,249.0,0.0,boundary_edge,84,0.6393839179452228,0.21960784494876862,0.1882352977991104
gated_t0.9_d2_s400,vse2-A_Vacancy-Anion-06A.png,36,604.0,95.0,borderline_shifted,84,0.6393839179452228,0.3667576313018799,0.3921568691730499
gated_t0.9_d2_s400,vse2-A_Vacancy-Anion-06A.png,36,293.0,217.0,borderline_shifted,84,0.6393839179452228,0.26274511218070984,0.21176470816135406
gated_t0.9_d2_s400,vse2-A_Vacancy-Anion-06A.png,36,272.0,102.0,borderline_shifted,84,0.6393839179452228,0.2772505283355713,0.2705882489681244
gated_t0.9_d2_s400,tas2-A_Doped-Li.png,36,513.0,334.0,borderline_shifted,68,0.33740201284579985,0.8025528788566589,0.027450980618596077
gated_t0.9_d2_s400,tas2-A_Doped-Li.png,36,513.0,40.0,invented_undamaged,68,0.33740201284579985,0.7253842949867249,0.04313725605607033
gated_t0.9_d2_s400,tase2-A_Vacancy-Anion-12B.png,36,120.0,595.0,boundary_edge,121,0.005267121675688397,0.15294118225574493,0.16470588743686676
gated_t0.9_d2_s400,nbs2_Anti-Metal.png,36,372.0,212.0,borderline_shifted,106,0.43878549429328956,0.3963525891304016,0.364705890417099
gated_t0.9_d2_s400,nbs2_Anti-Metal.png,36,372.0,227.0,borderline_shifted,106,0.43878549429328956,0.383902907371521,0.35686275362968445
gated_t0.9_d2_s400,nbs2_Anti-Metal.png,36,452.0,75.0,invented_damaged,106,0.43878549429328956,0.3174816966056824,0.2078431397676468
gated_t0.9_d2_s400,nbs2_Anti-Metal.png,36,447.0,0.0,boundary_edge,106,0.43878549429328956,0.210449680685997,0.1764705926179886
gated_t0.9_d2_s400,nbs2_Anti-Metal.png,36,453.0,364.0,boundary_edge,106,0.43878549429328956,0.29019609093666077,0.250980406999588
gated_t0.9_d2_s400,nbs2_Anti-Metal.png,36,493.0,434.0,boundary_edge,106,0.43878549429328956,0.27450981736183167,0.22745098173618317
gated_t0.9_d2_s400,nbs2_Anti-Metal.png,36,494.0,293.0,boundary_edge,106,0.43878549429328956,0.250980406999588,0.22745098173618317
gated_t0.9_d2_s400,nbs2_Anti-Metal.png,36,615.0,364.0,boundary_edge,106,0.43878549429328956,0.2666666805744171,0.2078431397676468
gated_t0.9_d2_s400,nbs2_Anti-Metal.png,36,574.0,293.0,boundary_edge,106,0.43878549429328956,0.2666666805744171,0.21960784494876862
gated_t0.9_d2_s400,nbs2_Anti-Metal.png,36,619.0,0.0,boundary_edge,106,0.43878549429328956,0.1882352977991104,0.16078431904315948
gated_t0.9_d2_s400,nbte2_Vacancy-Anion-12A.png,36,487.0,312.0,boundary_edge,170,0.30871707657421943,0.6188489198684692,0.09803921729326248
gated_t0.9_d2_s400,nbte2_Vacancy-Anion-12A.png,36,280.0,131.0,boundary_edge,170,0.30871707657421943,0.6116670370101929,0.0784313753247261
gated_t0.9_d2_s400,nbte2_Vacancy-Anion-12A.png,36,578.0,156.0,invented_undamaged,170,0.30871707657421943,0.6055588126182556,0.07450980693101883
gated_t0.9_d2_s400,nbte2_Vacancy-Anion-12A.png,36,361.0,288.0,invented_damaged,170,0.30871707657421943,0.7618783712387085,0.10588235408067703
gated_t0.9_d2_s400,nbte2_Vacancy-Anion-12A.png,36,401.0,156.0,invented_damaged,170,0.30871707657421943,0.7667492628097534,0.125490203499794
gated_t0.9_d2_s400,nbte2_Vacancy-Anion-12A.png,36,445.0,33.0,invented_undamaged,170,0.30871707657421943,0.40775179862976074,0.07058823853731155
gated_t0.9_d2_s400,nbte2_Vacancy-Anion-12A.png,36,436.0,30.0,invented_undamaged,170,0.30871707657421943,0.40923792123794556,0.09019608050584793
gated_t0.9_d2_s400,tis2_Vacancy-Anion-12A.png,36,315.0,280.0,borderline_shifted,118,0.39352938291110645,0.4767552614212036,0.239215686917305
gated_t0.9_d2_s400,tis2_Vacancy-Anion-12A.png,36,313.0,568.0,boundary_edge,118,0.39352938291110645,0.4149013161659241,0.21568627655506134
gated_t0.9_d2_s400,tis2_Vacancy-Anion-12A.png,36,314.0,193.0,borderline_shifted,118,0.39352938291110645,0.41672784090042114,0.4313725531101227
gated_t0.9_d2_s400,tis2_Vacancy-Anion-12A.png,36,326.0,200.0,borderline_shifted,118,0.39352938291110645,0.44870826601982117,0.4745098054409027
gated_t0.9_d2_s400,tis2_Vacancy-Anion-12A.png,36,357.0,279.0,borderline_shifted,118,0.39352938291110645,0.29753753542900085,0.27450981736183167
gated_t0.9_d2_s400,tise2_Adatom-Li.png,36,147.0,490.0,borderline_shifted,157,0.32370274842610314,0.5011069178581238,0.48235294222831726
gated_t0.9_d2_s400,tise2_Adatom-Li.png,36,0.0,395.0,boundary_edge,157,0.32370274842610314,0.5853307843208313,0.05882352963089943
gated_t0.9_d2_s400,tise2_Adatom-Li.png,36,31.0,443.0,boundary_edge,157,0.32370274842610314,0.35068947076797485,0.09019608050584793
gated_t0.9_d2_s400,tise2_Adatom-Li.png,36,22.0,433.0,boundary_edge,157,0.32370274842610314,0.36499208211898804,0.062745101749897
gated_t0.9_d2_s400,tise2_Adatom-Li.png,36,170.0,478.0,borderline_shifted,157,0.32370274842610314,0.32702404260635376,0.32156863808631897
gated_t0.9_d2_s400,tise2_Adatom-Li.png,36,28.0,449.0,invented_undamaged,157,0.32370274842610314,0.3015444874763489,0.0470588244497776
gated_t0.9_d2_s400,tise2_Adatom-Li.png,36,19.0,476.0,borderline_shifted,157,0.32370274842610314,0.2744305431842804,0.06666667014360428
gated_t0.9_d2_s400,tise2_Adatom-Li.png,36,0.0,228.0,boundary_edge,157,0.32370274842610314,0.35807371139526367,0.054901961237192154
gated_t0.9_d2_s400,tise2_Adatom-Li.png,36,20.0,468.0,borderline_shifted,157,0.32370274842610314,0.22482673823833466,0.06666667014360428
gated_t0.9_d2_s400,tise2_Adatom-Li.png,36,52.0,536.0,borderline_shifted,157,0.32370274842610314,0.19944772124290466,0.18039216101169586
gated_t0.9_d2_s400,tise2_Adatom-Li.png,36,61.0,521.0,borderline_shifted,157,0.32370274842610314,0.3175749182701111,0.35686275362968445
gated_t0.9_d2_s400,tise2_Adatom-Li.png,36,24.0,460.0,borderline_shifted,157,0.32370274842610314,0.20936989784240723,0.062745101749897
gated_t0.9_d2_s400,tise2_Adatom-Li.png,36,126.0,478.0,borderline_shifted,157,0.32370274842610314,0.20844507217407227,0.2078431397676468
gated_t0.9_d2_s400,tise2_Adatom-Li.png,36,6.0,434.0,boundary_edge,157,0.32370274842610314,0.18710944056510925,0.03529411926865578
gated_t0.9_d2_s400,tise2_Adatom-Li.png,36,124.0,488.0,borderline_shifted,157,0.32370274842610314,0.20348399877548218,0.21176470816135406
gated_t0.9_d2_s400,vs2_Vacancy-Anion-06A.png,36,290.0,418.0,invented_damaged,158,0.7356997116312503,0.5963155031204224,0.5686274766921997
gated_t0.9_d2_s400,vs2_Vacancy-Anion-06A.png,36,96.0,20.0,boundary_edge,158,0.7356997116312503,0.33777210116386414,0.3764705955982208
gated_t0.9_d2_s400,vte2_Defect-Free.png,36,325.0,376.0,borderline_shifted,119,0.18411494952932853,0.5278615355491638,0.47058823704719543
gated_t0.9_d2_s400,vte2_Defect-Free.png,36,318.0,359.0,borderline_shifted,119,0.18411494952932853,0.39771217107772827,0.3843137323856354
gated_t0.9_d2_s400,vte2_Defect-Free.png,36,316.0,369.0,borderline_shifted,119,0.18411494952932853,0.38013750314712524,0.35686275362968445
gated_t0.9_d2_s400,vte2_Defect-Free.png,36,376.0,338.0,borderline_shifted,119,0.18411494952932853,0.41079336404800415,0.20392157137393951
gated_t0.9_d2_s400,vte2_Defect-Free.png,36,132.0,262.0,borderline_shifted,119,0.18411494952932853,0.2791897654533386,0.2980392277240753
gated_t0.9_d2_s400,vte2_Defect-Free.png,36,375.0,311.0,borderline_shifted,119,0.18411494952932853,0.4198012351989746,0.27843138575553894
gated_t0.9_d2_s400,vte2_Defect-Free.png,36,374.0,308.0,borderline_shifted,119,0.18411494952932853,0.3839212656021118,0.2823529541492462
gated_t0.9_d2_s400,vte2_Defect-Free.png,36,204.0,215.0,borderline_shifted,119,0.18411494952932853,0.25006401538848877,0.2666666805744171
gated_t0.9_d2_s400,vte2_Defect-Free.png,36,113.0,344.0,borderline_shifted,119,0.18411494952932853,0.30249863862991333,0.3137255012989044
gated_t0.9_d2_s400,ws2-A_Vacancy-Metal.png,36,414.0,50.0,borderline_shifted,59,0.19601051122790253,0.6170123815536499,0.03529411926865578
gated_t0.9_d2_s400,ws2-A_Vacancy-Metal.png,36,345.0,501.0,invented_undamaged,59,0.19601051122790253,0.6339280009269714,0.03921568766236305
gated_t0.9_d2_s400,ws2-A_Vacancy-Metal.png,36,436.0,334.0,borderline_shifted,59,0.19601051122790253,0.2228599190711975,0.24705882370471954
gated_t0.9_d2_s400,ws2-A_Vacancy-Metal.png,36,367.0,340.0,borderline_shifted,59,0.19601051122790253,0.3281104862689972,0.3450980484485626
gated_t0.9_d2_s400,ws2-A_Vacancy-Metal.png,36,255.0,501.0,borderline_shifted,59,0.19601051122790253,0.21660155057907104,0.239215686917305
gated_t0.9_d2_s400,cose2_Fe_doped.png,36,96.0,391.0,borderline_shifted,96,0.22732053575057926,0.7834612131118774,0.0784313753247261
gated_t0.9_d2_s400,cose2_Fe_doped.png,36,241.0,388.0,borderline_shifted,96,0.22732053575057926,0.8104074001312256,0.0941176488995552
gated_t0.9_d2_s400,cose2_Fe_doped.png,36,219.0,246.0,borderline_shifted,96,0.22732053575057926,0.16306564211845398,0.1882352977991104
gated_t0.9_d2_s400,cose2_Fe_doped.png,36,0.0,305.0,boundary_edge,96,0.22732053575057926,0.239215686917305,0.21960784494876862
gated_t0.9_d2_s400,cro2_Vacancy-Anion-03.png,36,339.0,235.0,borderline_shifted,80,0.9045449249309231,0.7943387627601624,0.12156862765550613
gated_t0.9_d2_s400,cro2_Vacancy-Anion-03.png,36,152.0,197.0,borderline_shifted,80,0.9045449249309231,0.5306079983711243,0.22745098173618317
gated_t0.9_d2_s400,cro2_Vacancy-Anion-03.png,36,389.0,235.0,borderline_shifted,80,0.9045449249309231,0.3325119614601135,0.21568627655506134
