model,structure,level,y,x,cls,n_true_cols,frac_damaged,pred_val,tgt_val
gatedv2_t0.9_d2_s0,vo2_Vacancy-Anion-03.png,1,379.0,258.0,boundary_edge,100,0.8208365164247517,0.5023812651634216,0.4588235318660736
gatedv2_t0.9_d2_s0,vo2_Vacancy-Anion-03.png,1,171.0,257.0,boundary_edge,100,0.8208365164247517,0.5020426511764526,0.529411792755127
gatedv2_t0.9_d2_s0,vo2_Vacancy-Anion-03.png,1,137.0,80.0,boundary_edge,100,0.8208365164247517,0.4888392686843872,0.47843137383461
gatedv2_t0.9_d2_s0,vo2_Vacancy-Anion-03.png,1,378.0,139.0,boundary_edge,100,0.8208365164247517,0.5025593638420105,0.47058823704719543
gatedv2_t0.9_d2_s0,vo2_Vacancy-Anion-03.png,1,413.0,80.0,boundary_edge,100,0.8208365164247517,0.48505523800849915,0.4941176474094391
gatedv2_t0.9_d2_s0,vo2_Vacancy-Anion-03.png,1,103.0,139.0,invented_damaged,100,0.8208365164247517,0.49881231784820557,0.5372549295425415
gatedv2_t0.9_d2_s0,vo2_Vacancy-Anion-03.png,1,206.0,79.0,invented_damaged,100,0.8208365164247517,0.5014719367027283,0.5411764979362488
gatedv2_t0.9_d2_s0,vo2_Vacancy-Anion-03.png,1,481.0,79.0,boundary_edge,100,0.8208365164247517,0.5000576972961426,0.5215686559677124
gatedv2_t0.9_d2_s0,vo2_Vacancy-Anion-03.png,1,309.0,139.0,boundary_edge,100,0.8208365164247517,0.5051314830780029,0.47058823704719543
gatedv2_t0.9_d2_s0,vo2_Vacancy-Anion-03.png,1,378.0,377.0,boundary_edge,100,0.8208365164247517,0.5053508877754211,0.5176470875740051
gatedv2_t0.9_d2_s0,vo2_Vacancy-Anion-03.png,1,516.0,139.0,boundary_edge,100,0.8208365164247517,0.50590980052948,0.49803921580314636
gatedv2_t0.9_d2_s0,vo2_Vacancy-Anion-03.png,1,446.0,139.0,invented_damaged,100,0.8208365164247517,0.49653005599975586,0.49803921580314636
gatedv2_t0.9_d2_s0,vo2_Vacancy-Anion-03.png,1,104.0,377.0,boundary_edge,100,0.8208365164247517,0.4993215799331665,0.48627451062202454
gatedv2_t0.9_d2_s0,vo2_Vacancy-Anion-03.png,1,172.0,377.0,boundary_edge,100,0.8208365164247517,0.5003476142883301,0.45098039507865906
gatedv2_t0.9_d2_s0,vo2_Vacancy-Anion-03.png,1,344.0,80.0,boundary_edge,100,0.8208365164247517,0.5003828406333923,0.40784314274787903
gatedv2_t0.9_d2_s0,vo2_Vacancy-Anion-03.png,1,69.0,317.0,boundary_edge,100,0.8208365164247517,0.49479997158050537,0.5411764979362488
gatedv2_t0.9_d2_s0,vo2_Vacancy-Anion-03.png,1,241.0,20.0,boundary_edge,100,0.8208365164247517,0.49552279710769653,0.5098039507865906
gatedv2_t0.9_d2_s0,vo2_Vacancy-Anion-03.png,1,34.0,139.0,boundary_edge,100,0.8208365164247517,0.5011476278305054,0.48627451062202454
gatedv2_t0.9_d2_s0,vo2_Vacancy-Anion-03.png,1,482.0,317.0,boundary_edge,100,0.8208365164247517,0.4979288876056671,0.4274509847164154
gatedv2_t0.9_d2_s0,vo2_Vacancy-Anion-03.png,1,344.0,317.0,boundary_edge,100,0.8208365164247517,0.4931604266166687,0.4431372582912445
gatedv2_t0.9_d2_s0,vo2_Vacancy-Anion-03.png,1,308.0,20.0,boundary_edge,100,0.8208365164247517,0.49594414234161377,0.5333333611488342
gatedv2_t0.9_d2_s0,vo2_Vacancy-Anion-03.png,1,172.0,140.0,boundary_edge,100,0.8208365164247517,0.49331843852996826,0.49803921580314636
gatedv2_t0.9_d2_s0,vo2_Vacancy-Anion-03.png,1,241.0,139.0,boundary_edge,100,0.8208365164247517,0.5015751123428345,0.5254902243614197
gatedv2_t0.9_d2_s0,vo2_Vacancy-Anion-03.png,1,138.0,318.0,boundary_edge,100,0.8208365164247517,0.4948136806488037,0.5647059082984924
gatedv2_t0.9_d2_s0,mose2-A_Doped-Na.png,1,236.0,117.0,borderline_shifted,105,0.006990570979570456,0.24599851667881012,0.24313725531101227
gatedv2_t0.9_d2_s0,mote2-A_Anti-2M.png,1,8.0,604.0,boundary_edge,189,0.2322716616543134,0.4579140543937683,0.501960813999176
gatedv2_t0.9_d2_s0,vse2-A_Vacancy-Anion-06A.png,1,628.0,217.0,borderline_shifted,84,0.04060658162751613,0.23137255012989044,0.21176470816135406
gatedv2_t0.9_d2_s0,nbte2_Vacancy-Anion-12A.png,1,716.0,506.0,boundary_edge,170,0.054897087039944184,0.21594813466072083,0.03529411926865578
gatedv2_t0.9_d2_s0,vs2_Vacancy-Anion-06A.png,1,304.0,417.0,borderline_shifted,158,0.5798871994272244,0.7952746152877808,0.7647058963775635
gatedv2_t0.9_d2_s0,vs2_Vacancy-Anion-06A.png,1,367.0,448.0,boundary_edge,158,0.5798871994272244,0.5403028726577759,0.5607843399047852
gatedv2_t0.9_d2_s0,vs2_Vacancy-Anion-06A.png,1,404.0,507.0,boundary_edge,158,0.5798871994272244,0.4105374217033386,0.4274509847164154
gatedv2_t0.9_d2_s0,vo2_Vacancy-Anion-03.png,2,289.0,248.0,borderline_shifted,100,0.8481016042780749,0.5130999088287354,0.2549019753932953
gatedv2_t0.9_d2_s0,vo2_Vacancy-Anion-03.png,2,280.0,222.0,borderline_shifted,100,0.8481016042780749,0.48226872086524963,0.1725490242242813
gatedv2_t0.9_d2_s0,vo2_Vacancy-Anion-03.png,2,172.0,258.0,boundary_edge,100,0.8481016042780749,0.4832040071487427,0.5215686559677124
gatedv2_t0.9_d2_s0,vo2_Vacancy-Anion-03.png,2,378.0,140.0,boundary_edge,100,0.8481016042780749,0.4847688376903534,0.5215686559677124
gatedv2_t0.9_d2_s0,vo2_Vacancy-Anion-03.png,2,138.0,80.0,boundary_edge,100,0.8481016042780749,0.4677014946937561,0.48627451062202454
gatedv2_t0.9_d2_s0,vo2_Vacancy-Anion-03.png,2,69.0,318.0,invented_damaged,100,0.8481016042780749,0.4787461459636688,0.5176470875740051
gatedv2_t0.9_d2_s0,vo2_Vacancy-Anion-03.png,2,378.0,257.0,invented_damaged,100,0.8481016042780749,0.4773550033569336,0.4745098054409027
gatedv2_t0.9_d2_s0,vo2_Vacancy-Anion-03.png,2,103.0,140.0,boundary_edge,100,0.8481016042780749,0.4869707226753235,0.45490196347236633
gatedv2_t0.9_d2_s0,vo2_Vacancy-Anion-03.png,2,412.0,80.0,boundary_edge,100,0.8481016042780749,0.46512195467948914,0.5176470875740051
gatedv2_t0.9_d2_s0,vo2_Vacancy-Anion-03.png,2,103.0,377.0,invented_damaged,100,0.8481016042780749,0.4861108660697937,0.5176470875740051
gatedv2_t0.9_d2_s0,vo2_Vacancy-Anion-03.png,2,241.0,139.0,boundary_edge,100,0.8481016042780749,0.48455482721328735,0.5254902243614197
gatedv2_t0.9_d2_s0,vo2_Vacancy-Anion-03.png,2,481.0,79.0,boundary_edge,100,0.8481016042780749,0.48218804597854614,0.5215686559677124
gatedv2_t0.9_d2_s0,vo2_Vacancy-Anion-03.png,2,206.0,80.0,boundary_edge,100,0.8481016042780749,0.48234665393829346,0.4588235318660736
gatedv2_t0.9_d2_s0,vo2_Vacancy-Anion-03.png,2,206.0,317.0,boundary_edge,100,0.8481016042780749,0.48068487644195557,0.501960813999176
gatedv2_t0.9_d2_s0,vo2_Vacancy-Anion-03.png,2,171.0,377.0,invented_damaged,100,0.8481016042780749,0.48277974128723145,0.49803921580314636
gatedv2_t0.9_d2_s0,vo2_Vacancy-Anion-03.png,2,34.0,20.0,invented_damaged,100,0.8481016042780749,0.47531425952911377,0.46666666865348816
gatedv2_t0.9_d2_s0,vo2_Vacancy-Anion-03.png,2,343.0,317.0,invented_damaged,100,0.8481016042780749,0.47523370385169983,0.46666666865348816
gatedv2_t0.9_d2_s0,vo2_Vacancy-Anion-03.png,2,516.0,139.0,boundary_edge,100,0.8481016042780749,0.4840739369392395,0.49803921580314636
gatedv2_t0.9_d2_s0,vo2_Vacancy-Anion-03.png,2,446.0,377.0,boundary_edge,100,0.8481016042780749,0.479963481426239,0.5254902243614197
gatedv2_t0.9_d2_s0,vo2_Vacancy-Anion-03.png,2,344.0,79.0,invented_damaged,100,0.8481016042780749,0.4830113649368286,0.48627451062202454
gatedv2_t0.9_d2_s0,vo2_Vacancy-Anion-03.png,2,482.0,317.0,boundary_edge,100,0.8481016042780749,0.47568565607070923,0.4274509847164154
gatedv2_t0.9_d2_s0,vo2_Vacancy-Anion-03.png,2,309.0,138.0,invented_damaged,100,0.8481016042780749,0.4836408197879791,0.5254902243614197
gatedv2_t0.9_d2_s0,vo2_Vacancy-Anion-03.png,2,379.0,377.0,boundary_edge,100,0.8481016042780749,0.4820973873138428,0.46666666865348816
gatedv2_t0.9_d2_s0,vo2_Vacancy-Anion-03.png,2,241.0,20.0,boundary_edge,100,0.8481016042780749,0.47615018486976624,0.5098039507865906
gatedv2_t0.9_d2_s0,mote2-A_Anti-2M.png,2,8.0,604.0,boundary_edge,189,0.22246323616472094,0.4690406918525696,0.501960813999176
gatedv2_t0.9_d2_s0,vse2-A_Vacancy-Anion-06A.png,2,0.0,436.0,boundary_edge,84,0.06335339265937096,0.18431372940540314,0.1921568661928177
gatedv2_t0.9_d2_s0,vse2-A_Vacancy-Anion-06A.png,2,42.0,504.0,borderline_shifted,84,0.06335339265937096,0.18956120312213898,0.15294118225574493
gatedv2_t0.9_d2_s0,vse2-A_Vacancy-Anion-06A.png,2,382.0,503.0,borderline_shifted,84,0.06335339265937096,0.1702156960964203,0.1882352977991104
gatedv2_t0.9_d2_s0,tas2-A_Doped-Li.png,2,564.0,47.0,borderline_shifted,68,0.050531027158246096,0.1680145263671875,0.13725490868091583
gatedv2_t0.9_d2_s0,tas2-A_Doped-Li.png,2,566.0,340.0,borderline_shifted,68,0.050531027158246096,0.1460913121700287,0.1411764770746231
gatedv2_t0.9_d2_s0,nbte2_Vacancy-Anion-12A.png,2,716.0,506.0,boundary_edge,170,0.05821123321123321,0.2179795503616333,0.03529411926865578
gatedv2_t0.9_d2_s0,nbte2_Vacancy-Anion-12A.png,2,405.0,455.0,borderline_shifted,170,0.05821123321123321,0.24784375727176666,0.125490203499794
gatedv2_t0.9_d2_s0,tis2_Vacancy-Anion-12A.png,2,458.0,507.0,borderline_shifted,118,0.3364571151229763,0.29131585359573364,0.29411765933036804
gatedv2_t0.9_d2_s0,tis2_Vacancy-Anion-12A.png,2,462.0,491.0,borderline_shifted,118,0.3364571151229763,0.22133588790893555,0.27450981736183167
gatedv2_t0.9_d2_s0,tite2-B_Cu_doped.png,2,57.0,365.0,borderline_shifted,72,0.028741446983192948,0.31016412377357483,0.364705890417099
gatedv2_t0.9_d2_s0,tite2-B_Cu_doped.png,2,63.0,354.0,borderline_shifted,72,0.028741446983192948,0.3360603153705597,0.43921568989753723
gatedv2_t0.9_d2_s0,vs2_Vacancy-Anion-06A.png,2,367.0,447.0,boundary_edge,158,0.6361799488916622,0.5500181317329407,0.5098039507865906
gatedv2_t0.9_d2_s0,vs2_Vacancy-Anion-06A.png,2,404.0,507.0,boundary_edge,158,0.6361799488916622,0.41910606622695923,0.4274509847164154
gatedv2_t0.9_d2_s0,ws2-A_Vacancy-Metal.png,2,255.0,497.0,borderline_shifted,59,0.01815006939230542,0.21960784494876862,0.239215686917305
gatedv2_t0.9_d2_s0,cro2_Vacancy-Anion-03.png,2,0.0,310.0,boundary_edge,80,0.6971978095142981,0.2487267702817917,0.40392157435417175
gatedv2_t0.9_d2_s0,cro2_Vacancy-Anion-03.png,2,37.0,68.0,borderline_shifted,80,0.6971978095142981,0.4466207027435303,0.42352941632270813
gatedv2_t0.9_d2_s0,vo2_Vacancy-Anion-03.png,4,62.0,0.0,boundary_edge,100,0.8810847975553858,0.7918773889541626,0.7411764860153198
gatedv2_t0.9_d2_s0,vo2_Vacancy-Anion-03.png,4,368.0,60.0,borderline_shifted,100,0.8810847975553858,0.6795654296875,0.6705882549285889
gatedv2_t0.9_d2_s0,vo2_Vacancy-Anion-03.png,4,93.0,58.0,borderline_shifted,100,0.8810847975553858,0.6704747676849365,0.6274510025978088
gatedv2_t0.9_d2_s0,vo2_Vacancy-Anion-03.png,4,116.0,66.0,borderline_shifted,100,0.8810847975553858,0.6185921430587769,0.5529412031173706
gatedv2_t0.9_d2_s0,vo2_Vacancy-Anion-03.png,4,388.0,65.0,borderline_shifted,100,0.8810847975553858,0.6891934871673584,0.6235294342041016
gatedv2_t0.9_d2_s0,vo2_Vacancy-Anion-03.png,4,339.0,0.0,boundary_edge,100,0.8810847975553858,0.6516826152801514,0.7764706015586853
gatedv2_t0.9_d2_s0,vo2_Vacancy-Anion-03.png,4,405.0,0.0,boundary_edge,100,0.8810847975553858,0.47170475125312805,0.1411764770746231
gatedv2_t0.9_d2_s0,vo2_Vacancy-Anion-03.png,4,330.0,9.0,boundary_edge,100,0.8810847975553858,0.5672468543052673,0.5215686559677124
gatedv2_t0.9_d2_s0,vo2_Vacancy-Anion-03.png,4,110.0,58.0,borderline_shifted,100,0.8810847975553858,0.5433059930801392,0.7058823704719543
gatedv2_t0.9_d2_s0,vo2_Vacancy-Anion-03.png,4,371.0,22.0,borderline_shifted,100,0.8810847975553858,0.4153674244880676,0.4901960790157318
gatedv2_t0.9_d2_s0,vo2_Vacancy-Anion-03.png,4,141.0,19.0,borderline_shifted,100,0.8810847975553858,0.40983349084854126,0.1411764770746231
gatedv2_t0.9_d2_s0,vo2_Vacancy-Anion-03.png,4,58.0,12.0,boundary_edge,100,0.8810847975553858,0.5369426012039185,0.5098039507865906
gatedv2_t0.9_d2_s0,vo2_Vacancy-Anion-03.png,4,410.0,19.0,invented_damaged,100,0.8810847975553858,0.3406740725040436,0.14509804546833038
gatedv2_t0.9_d2_s0,vo2_Vacancy-Anion-03.png,4,385.0,0.0,boundary_edge,100,0.8810847975553858,0.3205265998840332,0.250980406999588
gatedv2_t0.9_d2_s0,vo2_Vacancy-Anion-03.png,4,370.0,37.0,borderline_shifted,100,0.8810847975553858,0.3624229431152344,0.3960784375667572
gatedv2_t0.9_d2_s0,vo2_Vacancy-Anion-03.png,4,341.0,20.0,borderline_shifted,100,0.8810847975553858,0.4030652642250061,0.3686274588108063
gatedv2_t0.9_d2_s0,vo2_Vacancy-Anion-03.png,4,98.0,38.0,borderline_shifted,100,0.8810847975553858,0.40083903074264526,0.3960784375667572
gatedv2_t0.9_d2_s0,vo2_Vacancy-Anion-03.png,4,411.0,0.0,boundary_edge,100,0.8810847975553858,0.3612648844718933,0.1411764770746231
gatedv2_t0.9_d2_s0,vo2_Vacancy-Anion-03.png,4,132.0,0.0,boundary_edge,100,0.8810847975553858,0.3354186713695526,0.10980392247438431
gatedv2_t0.9_d2_s0,vo2_Vacancy-Anion-03.png,4,109.0,38.0,borderline_shifted,100,0.8810847975553858,0.26380303502082825,0.3960784375667572
gatedv2_t0.9_d2_s0,vo2_Vacancy-Anion-03.png,4,382.0,41.0,borderline_shifted,100,0.8810847975553858,0.25652745366096497,0.5058823823928833
gatedv2_t0.9_d2_s0,vo2_Vacancy-Anion-03.png,4,358.0,22.0,borderline_shifted,100,0.8810847975553858,0.24779513478279114,0.3333333432674408
gatedv2_t0.9_d2_s0,vo2_Vacancy-Anion-03.png,4,69.0,20.0,borderline_shifted,100,0.8810847975553858,0.34080514311790466,0.3450980484485626
gatedv2_t0.9_d2_s0,vo2_Vacancy-Anion-03.png,4,86.0,22.0,borderline_shifted,100,0.8810847975553858,0.29655367136001587,0.3686274588108063
gatedv2_t0.9_d2_s0,vo2_Vacancy-Anion-03.png,4,36.0,19.0,invented_damaged,100,0.8810847975553858,0.48053252696990967,0.4431372582912445
gatedv2_t0.9_d2_s0,vo2_Vacancy-Anion-03.png,4,383.0,34.0,borderline_shifted,100,0.8810847975553858,0.2180761843919754,0.4000000059604645
gatedv2_t0.9_d2_s0,vo2_Vacancy-Anion-03.png,4,549.0,318.0,boundary_edge,100,0.8810847975553858,0.4603637754917145,0.45098039507865906
gatedv2_t0.9_d2_s0,vo2_Vacancy-Anion-03.png,4,310.0,138.0,boundary_edge,100,0.8810847975553858,0.49180787801742554,0.47843137383461
gatedv2_t0.9_d2_s0,vo2_Vacancy-Anion-03.png,4,378.0,140.0,boundary_edge,100,0.8810847975553858,0.4860418438911438,0.5215686559677124
gatedv2_t0.9_d2_s0,vo2_Vacancy-Anion-03.png,4,379.0,258.0,boundary_edge,100,0.8810847975553858,0.48013219237327576,0.4588235318660736
gatedv2_t0.9_d2_s0,vo2_Vacancy-Anion-03.png,4,172.0,140.0,boundary_edge,100,0.8810847975553858,0.48546290397644043,0.49803921580314636
gatedv2_t0.9_d2_s0,vo2_Vacancy-Anion-03.png,4,103.0,377.0,boundary_edge,100,0.8810847975553858,0.487307071685791,0.5176470875740051
gatedv2_t0.9_d2_s0,vo2_Vacancy-Anion-03.png,4,171.0,257.0,boundary_edge,100,0.8810847975553858,0.4789447784423828,0.529411792755127
gatedv2_t0.9_d2_s0,vo2_Vacancy-Anion-03.png,4,34.0,138.0,boundary_edge,100,0.8810847975553858,0.48579171299934387,0.45098039507865906
gatedv2_t0.9_d2_s0,vo2_Vacancy-Anion-03.png,4,241.0,139.0,invented_damaged,100,0.8810847975553858,0.4903872609138489,0.5254902243614197
gatedv2_t0.9_d2_s0,vo2_Vacancy-Anion-03.png,4,344.0,317.0,boundary_edge,100,0.8810847975553858,0.48089683055877686,0.4431372582912445
gatedv2_t0.9_d2_s0,vo2_Vacancy-Anion-03.png,4,447.0,140.0,invented_damaged,100,0.8810847975553858,0.4801071286201477,0.4588235318660736
gatedv2_t0.9_d2_s0,vo2_Vacancy-Anion-03.png,4,69.0,318.0,invented_damaged,100,0.8810847975553858,0.47937464714050293,0.5176470875740051
gatedv2_t0.9_d2_s0,vo2_Vacancy-Anion-03.png,4,171.0,377.0,boundary_edge,100,0.8810847975553858,0.48580917716026306,0.49803921580314636
gatedv2_t0.9_d2_s0,vo2_Vacancy-Anion-03.png,4,482.0,317.0,boundary_edge,100,0.8810847975553858,0.48605385422706604,0.4274509847164154
gatedv2_t0.9_d2_s0,mote2-A_Anti-2M.png,4,182.0,528.0,borderline_shifted,189,0.2722986573207985,0.40046629309654236,0.5882353186607361
gatedv2_t0.9_d2_s0,mote2-A_Anti-2M.png,4,174.0,234.0,borderline_shifted,189,0.2722986573207985,0.3940296173095703,0.45490196347236633
gatedv2_t0.9_d2_s0,mote2-A_Anti-2M.png,4,161.0,522.0,borderline_shifted,189,0.2722986573207985,0.4323617219924927,0.545098066329956
gatedv2_t0.9_d2_s0,mote2-A_Anti-2M.png,4,172.0,200.0,borderline_shifted,189,0.2722986573207985,0.38338029384613037,0.38823530077934265
gatedv2_t0.9_d2_s0,mote2-A_Anti-2M.png,4,177.0,539.0,borderline_shifted,189,0.2722986573207985,0.339491605758667,0.38823530077934265
gatedv2_t0.9_d2_s0,mote2-A_Anti-2M.png,4,196.0,227.0,borderline_shifted,189,0.2722986573207985,0.35466107726097107,0.2823529541492462
gatedv2_t0.9_d2_s0,mote2-A_Anti-2M.png,4,6.0,604.0,boundary_edge,189,0.2722986573207985,0.5098039507865906,0.5215686559677124
gatedv2_t0.9_d2_s0,mote2-A_Anti-2M.png,4,160.0,508.0,borderline_shifted,189,0.2722986573207985,0.3278503119945526,0.40784314274787903
gatedv2_t0.9_d2_s0,mote2-A_Anti-2M.png,4,172.0,539.0,borderline_shifted,189,0.2722986573207985,0.30837470293045044,0.37254902720451355
gatedv2_t0.9_d2_s0,mote2-A_Anti-2M.png,4,161.0,233.0,borderline_shifted,189,0.2722986573207985,0.3452308177947998,0.34117648005485535
gatedv2_t0.9_d2_s0,mote2-A_Anti-2M.png,4,185.0,199.0,borderline_shifted,189,0.2722986573207985,0.3862549066543579,0.37254902720451355
gatedv2_t0.9_d2_s0,mote2-A_Anti-2M.png,4,190.0,508.0,borderline_shifted,189,0.2722986573207985,0.3046965003013611,0.3843137323856354
gatedv2_t0.9_d2_s0,mote2-A_Anti-2M.png,4,159.0,537.0,borderline_shifted,189,0.2722986573207985,0.3121069371700287,0.27843138575553894
gatedv2_t0.9_d2_s0,mote2-A_Anti-2M.png,4,180.0,499.0,borderline_shifted,189,0.2722986573207985,0.35535839200019836,0.3490196168422699
gatedv2_t0.9_d2_s0,mote2-A_Anti-2M.png,4,188.0,237.0,borderline_shifted,189,0.2722986573207985,0.3608599901199341,0.250980406999588
gatedv2_t0.9_d2_s0,mote2-A_Anti-2M.png,4,196.0,531.0,borderline_shifted,189,0.2722986573207985,0.2658502459526062,0.27843138575553894
gatedv2_t0.9_d2_s0,mote2-A_Anti-2M.png,4,189.0,203.0,borderline_shifted,189,0.2722986573207985,0.3249101936817169,0.3529411852359772
gatedv2_t0.9_d2_s0,mote2-A_Anti-2M.png,4,188.0,541.0,borderline_shifted,189,0.2722986573207985,0.3434794843196869,0.29019609093666077
gatedv2_t0.9_d2_s0,tate2-A_Fe_doped.png,4,564.0,61.0,borderline_shifted,122,0.0488133445945946,0.2541014552116394,0.24313725531101227
gatedv2_t0.9_d2_s0,vse2-A_Vacancy-Anion-06A.png,4,628.0,217.0,borderline_shifted,84,0.05164308340497378,0.239215686917305,0.21176470816135406
gatedv2_t0.9_d2_s0,vse2-A_Vacancy-Anion-06A.png,4,126.0,578.0,boundary_edge,84,0.05164308340497378,0.1921568661928177,0.18039216101169586
gatedv2_t0.9_d2_s0,vse2-A_Vacancy-Anion-06A.png,4,294.0,217.0,borderline_shifted,84,0.05164308340497378,0.23529411852359772,0.239215686917305
gatedv2_t0.9_d2_s0,vse2-A_Vacancy-Anion-06A.png,4,668.0,288.0,boundary_edge,84,0.05164308340497378,0.21960784494876862,0.24705882370471954
gatedv2_t0.9_d2_s0,vse2-A_Vacancy-Anion-06A.png,4,210.0,72.0,borderline_shifted,84,0.05164308340497378,0.23529411852359772,0.21960784494876862
gatedv2_t0.9_d2_s0,vse2-A_Vacancy-Anion-06A.png,4,0.0,435.0,boundary_edge,84,0.05164308340497378,0.19607843458652496,0.20392157137393951
gatedv2_t0.9_d2_s0,tas2-A_Doped-Li.png,4,54.0,221.0,borderline_shifted,68,0.07274566327820765,0.22572243213653564,0.32156863808631897
gatedv2_t0.9_d2_s0,tas2-A_Doped-Li.png,4,54.0,204.0,borderline_shifted,68,0.07274566327820765,0.22438666224479675,0.3294117748737335
gatedv2_t0.9_d2_s0,tase2-A_Vacancy-Anion-12B.png,4,465.0,401.0,borderline_shifted,121,0.041567427630030594,0.4395408630371094,0.3843137323856354
gatedv2_t0.9_d2_s0,tase2-A_Vacancy-Anion-12B.png,4,461.0,77.0,borderline_shifted,121,0.041567427630030594,0.3835531771183014,0.3960784375667572
gatedv2_t0.9_d2_s0,tase2-A_Vacancy-Anion-12B.png,4,121.0,595.0,boundary_edge,121,0.041567427630030594,0.16470588743686676,0.16470588743686676
gatedv2_t0.9_d2_s0,nbs2_Anti-Metal.png,4,366.0,412.0,borderline_shifted,106,0.06295582043159821,0.48235294222831726,0.5843137502670288
gatedv2_t0.9_d2_s0,nbte2_Vacancy-Anion-12A.png,4,580.0,479.0,invented_undamaged,170,0.08330716902145474,0.4981931447982788,0.05882352963089943
gatedv2_t0.9_d2_s0,nbte2_Vacancy-Anion-12A.png,4,671.0,455.0,borderline_shifted,170,0.08330716902145474,0.3670942187309265,0.3137255012989044
gatedv2_t0.9_d2_s0,nbte2_Vacancy-Anion-12A.png,4,579.0,455.0,borderline_shifted,170,0.08330716902145474,0.3748265206813812,0.062745101749897
gatedv2_t0.9_d2_s0,nbte2_Vacancy-Anion-12A.png,4,565.0,473.0,borderline_shifted,170,0.08330716902145474,0.37464332580566406,0.062745101749897
gatedv2_t0.9_d2_s0,nbte2_Vacancy-Anion-12A.png,4,594.0,473.0,borderline_shifted,170,0.08330716902145474,0.37713557481765747,0.07450980693101883
gatedv2_t0.9_d2_s0,nbte2_Vacancy-Anion-12A.png,4,576.0,464.0,invented_undamaged,170,0.08330716902145474,0.31090763211250305,0.07450980693101883
gatedv2_t0.9_d2_s0,nbte2_Vacancy-Anion-12A.png,4,592.0,455.0,borderline_shifted,170,0.08330716902145474,0.276235431432724,0.09019608050584793
gatedv2_t0.9_d2_s0,nbte2_Vacancy-Anion-12A.png,4,634.0,507.0,borderline_shifted,170,0.08330716902145474,0.19193774461746216,0.23529411852359772
gatedv2_t0.9_d2_s0,vs2_Vacancy-Anion-06A.png,4,303.0,417.0,borderline_shifted,158,0.5639575851734882,0.7772507667541504,0.7411764860153198
gatedv2_t0.9_d2_s0,vs2_Vacancy-Anion-06A.png,4,181.0,394.0,borderline_shifted,158,0.5639575851734882,0.31564852595329285,0.2862745225429535
gatedv2_t0.9_d2_s0,vs2_Vacancy-Anion-06A.png,4,211.0,477.0,borderline_shifted,158,0.5639575851734882,0.255094051361084,0.239215686917305
gatedv2_t0.9_d2_s0,ws2-A_Vacancy-Metal.png,4,257.0,551.0,boundary_edge,59,0.04382806634359429,0.1944034993648529,0.1882352977991104
gatedv2_t0.9_d2_s0,ws2-A_Vacancy-Metal.png,4,262.0,513.0,borderline_shifted,59,0.04382806634359429,0.17302104830741882,0.18431372940540314
gatedv2_t0.9_d2_s0,vo2_Vacancy-Anion-03.png,8,279.0,437.0,boundary_edge,100,0.8846180290297937,0.49570706486701965,0.21960784494876862
gatedv2_t0.9_d2_s0,vo2_Vacancy-Anion-03.png,8,447.0,375.0,invented_damaged,100,0.8846180290297937,0.46181899309158325,0.5215686559677124
gatedv2_t0.9_d2_s0,vo2_Vacancy-Anion-03.png,8,549.0,439.0,boundary_edge,100,0.8846180290297937,0.4726940989494324,0.23137255012989044
gatedv2_t0.9_d2_s0,vo2_Vacancy-Anion-03.png,8,207.0,317.0,invented_damaged,100,0.8846180290297937,0.4981591999530792,0.545098066329956
gatedv2_t0.9_d2_s0,vo2_Vacancy-Anion-03.png,8,482.0,318.0,invented_damaged,100,0.8846180290297937,0.4968308210372925,0.49803921580314636
gatedv2_t0.9_d2_s0,vo2_Vacancy-Anion-03.png,8,549.0,321.0,boundary_edge,100,0.8846180290297937,0.36406946182250977,0.43921568989753723
gatedv2_t0.9_d2_s0,vo2_Vacancy-Anion-03.png,8,172.0,375.0,invented_damaged,100,0.8846180290297937,0.45619484782218933,0.4745098054409027
gatedv2_t0.9_d2_s0,vo2_Vacancy-Anion-03.png,8,241.0,20.0,boundary_edge,100,0.8846180290297937,0.479408860206604,0.5098039507865906
gatedv2_t0.9_d2_s0,vo2_Vacancy-Anion-03.png,8,412.0,80.0,boundary_edge,100,0.8846180290297937,0.47589415311813354,0.5176470875740051
gatedv2_t0.9_d2_s0,vo2_Vacancy-Anion-03.png,8,172.0,258.0,boundary_edge,100,0.8846180290297937,0.48321008682250977,0.5215686559677124
gatedv2_t0.9_d2_s0,vo2_Vacancy-Anion-03.png,8,481.0,79.0,boundary_edge,100,0.8846180290297937,0.4906463027000427,0.5215686559677124
gatedv2_t0.9_d2_s0,vo2_Vacancy-Anion-03.png,8,344.0,317.0,boundary_edge,100,0.8846180290297937,0.48821863532066345,0.4431372582912445
gatedv2_t0.9_d2_s0,vo2_Vacancy-Anion-03.png,8,69.0,318.0,boundary_edge,100,0.8846180290297937,0.4870983064174652,0.5176470875740051
gatedv2_t0.9_d2_s0,vo2_Vacancy-Anion-03.png,8,378.0,377.0,boundary_edge,100,0.8846180290297937,0.49014121294021606,0.5176470875740051
gatedv2_t0.9_d2_s0,vo2_Vacancy-Anion-03.png,8,103.0,139.0,boundary_edge,100,0.8846180290297937,0.4855048656463623,0.5372549295425415
gatedv2_t0.9_d2_s0,vo2_Vacancy-Anion-03.png,8,137.0,79.0,invented_damaged,100,0.8846180290297937,0.47427988052368164,0.5058823823928833
gatedv2_t0.9_d2_s0,vo2_Vacancy-Anion-03.png,8,34.0,20.0,boundary_edge,100,0.8846180290297937,0.4814733862876892,0.46666666865348816
gatedv2_t0.9_d2_s0,vo2_Vacancy-Anion-03.png,8,309.0,20.0,boundary_edge,100,0.8846180290297937,0.49075669050216675,0.45098039507865906
gatedv2_t0.9_d2_s0,vo2_Vacancy-Anion-03.png,8,378.0,140.0,boundary_edge,100,0.8846180290297937,0.4878894090652466,0.5215686559677124
gatedv2_t0.9_d2_s0,vo2_Vacancy-Anion-03.png,8,379.0,257.0,boundary_edge,100,0.8846180290297937,0.4832429885864258,0.5137255191802979
gatedv2_t0.9_d2_s0,vo2_Vacancy-Anion-03.png,8,447.0,140.0,boundary_edge,100,0.8846180290297937,0.4865269064903259,0.4588235318660736
gatedv2_t0.9_d2_s0,vo2_Vacancy-Anion-03.png,8,240.0,139.0,boundary_edge,100,0.8846180290297937,0.4940955638885498,0.5529412031173706
gatedv2_t0.9_d2_s0,vo2_Vacancy-Anion-03.png,8,344.0,79.0,boundary_edge,100,0.8846180290297937,0.48911967873573303,0.48627451062202454
gatedv2_t0.9_d2_s0,vo2_Vacancy-Anion-03.png,8,172.0,140.0,boundary_edge,100,0.8846180290297937,0.4861762225627899,0.49803921580314636
gatedv2_t0.9_d2_s0,vo2_Vacancy-Anion-03.png,8,206.0,79.0,boundary_edge,100,0.8846180290297937,0.48594504594802856,0.5411764979362488
gatedv2_t0.9_d2_s0,vo2_Vacancy-Anion-03.png,8,549.0,80.0,boundary_edge,100,0.8846180290297937,0.481781929731369,0.4745098054409027
gatedv2_t0.9_d2_s0,vo2_Vacancy-Anion-03.png,8,104.0,377.0,boundary_edge,100,0.8846180290297937,0.48358243703842163,0.48627451062202454
gatedv2_t0.9_d2_s0,vo2_Vacancy-Anion-03.png,8,413.0,318.0,boundary_edge,100,0.8846180290297937,0.4823862910270691,0.43529412150382996
gatedv2_t0.9_d2_s0,vo2_Vacancy-Anion-03.png,8,516.0,20.0,boundary_edge,100,0.8846180290297937,0.47147825360298157,0.45490196347236633
gatedv2_t0.9_d2_s0,vo2_Vacancy-Anion-03.png,8,309.0,139.0,boundary_edge,100,0.8846180290297937,0.49152466654777527,0.47058823704719543
gatedv2_t0.9_d2_s0,vo2_Vacancy-Anion-03.png,8,516.0,138.0,boundary_edge,100,0.8846180290297937,0.4915587902069092,0.47058823704719543
gatedv2_t0.9_d2_s0,vo2_Vacancy-Anion-03.png,8,69.0,80.0,boundary_edge,100,0.8846180290297937,0.48645108938217163,0.5137255191802979
gatedv2_t0.9_d2_s0,vo2_Vacancy-Anion-03.png,8,35.0,139.0,boundary_edge,100,0.8846180290297937,0.4876255691051483,0.501960813999176
gatedv2_t0.9_d2_s0,mos2-A_Adatom-Li.png,8,0.0,129.0,boundary_edge,84,0.2219420602376566,0.7327662706375122,0.03529411926865578
gatedv2_t0.9_d2_s0,mos2-A_Adatom-Li.png,8,70.0,97.0,borderline_shifted,84,0.2219420602376566,0.34371283650398254,0.47843137383461
gatedv2_t0.9_d2_s0,mos2-A_Adatom-Li.png,8,71.0,109.0,borderline_shifted,84,0.2219420602376566,0.30214905738830566,0.21176470816135406
gatedv2_t0.9_d2_s0,mose2-A_Doped-Na.png,8,305.0,402.0,borderline_shifted,105,0.05399423782084861,0.23979389667510986,0.2235294133424759
gatedv2_t0.9_d2_s0,mote2-A_Anti-2M.png,8,6.0,604.0,boundary_edge,189,0.22890430746643303,0.4901960790157318,0.5215686559677124
gatedv2_t0.9_d2_s0,mote2-A_Anti-2M.png,8,381.0,292.0,boundary_edge,189,0.22890430746643303,0.25882354378700256,0.29019609093666077
gatedv2_t0.9_d2_s0,tate2-A_Fe_doped.png,8,250.0,131.0,borderline_shifted,122,0.13390625,0.40563493967056274,0.3803921639919281
gatedv2_t0.9_d2_s0,tate2-A_Fe_doped.png,8,243.0,150.0,borderline_shifted,122,0.13390625,0.39461827278137207,0.35686275362968445
gatedv2_t0.9_d2_s0,tate2-A_Fe_doped.png,8,242.0,471.0,borderline_shifted,122,0.13390625,0.3746509552001953,0.33725491166114807
gatedv2_t0.9_d2_s0,tate2-A_Fe_doped.png,8,227.0,134.0,borderline_shifted,122,0.13390625,0.37342363595962524,0.40784314274787903
gatedv2_t0.9_d2_s0,tate2-A_Fe_doped.png,8,226.0,455.0,borderline_shifted,122,0.13390625,0.3638738989830017,0.4000000059604645
gatedv2_t0.9_d2_s0,tate2-A_Fe_doped.png,8,229.0,449.0,borderline_shifted,122,0.13390625,0.3665681779384613,0.40784314274787903
gatedv2_t0.9_d2_s0,tate2-A_Fe_doped.png,8,165.0,165.0,borderline_shifted,122,0.13390625,0.2761906683444977,0.32156863808631897
gatedv2_t0.9_d2_s0,tate2-A_Fe_doped.png,8,165.0,485.0,borderline_shifted,122,0.13390625,0.2744840979576111,0.32156863808631897
gatedv2_t0.9_d2_s0,tate2-A_Fe_doped.png,8,179.0,190.0,borderline_shifted,122,0.13390625,0.2702030539512634,0.2549019753932953
gatedv2_t0.9_d2_s0,tate2-A_Fe_doped.png,8,144.0,187.0,borderline_shifted,122,0.13390625,0.25188183784484863,0.250980406999588
gatedv2_t0.9_d2_s0,tate2-A_Fe_doped.png,8,222.0,146.0,borderline_shifted,122,0.13390625,0.26137223839759827,0.2549019753932953
gatedv2_t0.9_d2_s0,tate2-A_Fe_doped.png,8,236.0,156.0,borderline_shifted,122,0.13390625,0.2670060992240906,0.23529411852359772
gatedv2_t0.9_d2_s0,vse2-A_Vacancy-Anion-06A.png,8,474.0,24.0,borderline_shifted,84,0.502884980289195,0.5245300531387329,0.48627451062202454
gatedv2_t0.9_d2_s0,vse2-A_Vacancy-Anion-06A.png,8,130.0,70.0,borderline_shifted,84,0.502884980289195,0.19305230677127838,0.19607843458652496
gatedv2_t0.9_d2_s0,vse2-A_Vacancy-Anion-06A.png,8,462.0,69.0,borderline_shifted,84,0.502884980289195,0.18800482153892517,0.1882352977991104
gatedv2_t0.9_d2_s0,vse2-A_Vacancy-Anion-06A.png,8,165.0,0.0,boundary_edge,84,0.502884980289195,0.21960784494876862,0.23137255012989044
gatedv2_t0.9_d2_s0,vse2-A_Vacancy-Anion-06A.png,8,499.0,0.0,boundary_edge,84,0.502884980289195,0.2235294133424759,0.2078431397676468
gatedv2_t0.9_d2_s0,vse2-A_Vacancy-Anion-06A.png,8,370.0,70.0,borderline_shifted,84,0.502884980289195,0.18029923737049103,0.19607843458652496
gatedv2_t0.9_d2_s0,nbs2_Anti-Metal.png,8,357.0,289.0,borderline_shifted,106,0.08944600633533926,0.24742522835731506,0.25882354378700256
gatedv2_t0.9_d2_s0,nbs2_Anti-Metal.png,8,390.0,300.0,borderline_shifted,106,0.08944600633533926,0.2691906988620758,0.47058823704719543
gatedv2_t0.9_d2_s0,nbte2_Vacancy-Anion-12A.png,8,449.0,26.0,invented_undamaged,170,0.10455913134484562,0.5258879661560059,0.06666667014360428
gatedv2_t0.9_d2_s0,nbte2_Vacancy-Anion-12A.png,8,441.0,140.0,borderline_shifted,170,0.10455913134484562,0.4922296404838562,0.48627451062202454
gatedv2_t0.9_d2_s0,nbte2_Vacancy-Anion-12A.png,8,435.0,18.0,borderline_shifted,170,0.10455913134484562,0.4044034481048584,0.10588235408067703
gatedv2_t0.9_d2_s0,nbte2_Vacancy-Anion-12A.png,8,390.0,152.0,borderline_shifted,170,0.10455913134484562,0.44804391264915466,0.19607843458652496
gatedv2_t0.9_d2_s0,nbte2_Vacancy-Anion-12A.png,8,420.0,159.0,borderline_shifted,170,0.10455913134484562,0.380496621131897,0.15294118225574493
gatedv2_t0.9_d2_s0,nbte2_Vacancy-Anion-12A.png,8,470.0,27.0,borderline_shifted,170,0.10455913134484562,0.29560625553131104,0.10588235408067703
gatedv2_t0.9_d2_s0,nbte2_Vacancy-Anion-12A.png,8,450.0,43.0,borderline_shifted,170,0.10455913134484562,0.30896469950675964,0.07450980693101883
gatedv2_t0.9_d2_s0,nbte2_Vacancy-Anion-12A.png,8,459.0,142.0,borderline_shifted,170,0.10455913134484562,0.2991293966770172,0.23529411852359772
gatedv2_t0.9_d2_s0,nbte2_Vacancy-Anion-12A.png,8,459.0,129.0,borderline_shifted,170,0.10455913134484562,0.2136937975883484,0.30588236451148987
gatedv2_t0.9_d2_s0,nbte2_Vacancy-Anion-12A.png,8,446.0,39.0,boundary_edge,170,0.10455913134484562,0.2847125828266144,0.07450980693101883
gatedv2_t0.9_d2_s0,nbte2_Vacancy-Anion-12A.png,8,404.0,151.0,invented_damaged,170,0.10455913134484562,0.24827921390533447,0.11372549086809158
gatedv2_t0.9_d2_s0,nbte2_Vacancy-Anion-12A.png,8,419.0,137.0,borderline_shifted,170,0.10455913134484562,0.2828768491744995,0.18431372940540314
gatedv2_t0.9_d2_s0,nbte2_Vacancy-Anion-12A.png,8,716.0,509.0,boundary_edge,170,0.10455913134484562,0.16483153402805328,0.0313725508749485
gatedv2_t0.9_d2_s0,tite2-B_Cu_doped.png,8,464.0,573.0,borderline_shifted,72,0.6632568398271086,0.2510341703891754,0.2862745225429535
gatedv2_t0.9_d2_s0,tite2-B_Cu_doped.png,8,95.0,616.0,borderline_shifted,72,0.6632568398271086,0.15387552976608276,0.2078431397676468
gatedv2_t0.9_d2_s0,tite2-B_Cu_doped.png,8,478.0,573.0,borderline_shifted,72,0.6632568398271086,0.14637669920921326,0.21568627655506134
gatedv2_t0.9_d2_s0,tite2-B_Cu_doped.png,8,579.0,589.0,borderline_shifted,72,0.6632568398271086,0.2685937285423279,0.3176470696926117
gatedv2_t0.9_d2_s0,tite2-B_Cu_doped.png,8,0.0,0.0,boundary_edge,72,0.6632568398271086,0.14901961386203766,0.10980392247438431
gatedv2_t0.9_d2_s0,vs2_Vacancy-Anion-06A.png,8,174.0,158.0,boundary_edge,158,0.6853469622234107,0.38271263241767883,0.364705890417099
gatedv2_t0.9_d2_s0,vs2_Vacancy-Anion-06A.png,8,367.0,447.0,boundary_edge,158,0.6853469622234107,0.5344891548156738,0.5098039507865906
gatedv2_t0.9_d2_s0,vte2_Defect-Free.png,8,259.0,425.0,borderline_shifted,119,0.05976542557479243,0.19531425833702087,0.3803921639919281
gatedv2_t0.9_d2_s0,ws2-A_Vacancy-Metal.png,8,345.0,499.0,invented_undamaged,59,0.049382294723909634,0.6604201793670654,0.04313725605607033
gatedv2_t0.9_d2_s0,ws2-A_Vacancy-Metal.png,8,388.0,495.0,borderline_shifted,59,0.049382294723909634,0.20994184911251068,0.19607843458652496
gatedv2_t0.9_d2_s0,cose2_Fe_doped.png,8,109.0,139.0,borderline_shifted,96,0.08137118409820739,0.4565589725971222,0.8039215803146362
gatedv2_t0.9_d2_s0,cose2_Fe_doped.png,8,97.0,120.0,borderline_shifted,96,0.08137118409820739,0.3876361846923828,0.5411764979362488
gatedv2_t0.9_d2_s0,cro2_Vacancy-Anion-03.png,8,48.0,352.0,borderline_shifted,80,0.7192441492726123,0.43690139055252075,0.43921568989753723
gatedv2_t0.9_d2_s0,cro2_Vacancy-Anion-03.png,8,43.0,182.0,borderline_shifted,80,0.7192441492726123,0.39898282289505005,0.40784314274787903
gatedv2_t0.9_d2_s0,cro2_Vacancy-Anion-03.png,8,148.0,197.0,borderline_shifted,80,0.7192441492726123,0.4574664235115051,0.18431372940540314
gatedv2_t0.9_d2_s0,cro2_Vacancy-Anion-03.png,8,52.0,196.0,borderline_shifted,80,0.7192441492726123,0.337534099817276,0.3607843220233917
gatedv2_t0.9_d2_s0,cro2_Vacancy-Anion-03.png,8,26.0,192.0,borderline_shifted,80,0.7192441492726123,0.4006500542163849,0.43529412150382996
gatedv2_t0.9_d2_s0,cro2_Vacancy-Anion-03.png,8,153.0,426.0,borderline_shifted,80,0.7192441492726123,0.456416517496109,0.25882354378700256
gatedv2_t0.9_d2_s0,cro2_Vacancy-Anion-03.png,8,42.0,205.0,borderline_shifted,80,0.7192441492726123,0.3612489402294159,0.45490196347236633
gatedv2_t0.9_d2_s0,cro2_Vacancy-Anion-03.png,8,36.0,455.0,boundary_edge,80,0.7192441492726123,0.38838958740234375,0.3764705955982208
gatedv2_t0.9_d2_s0,cro2_Vacancy-Anion-03.png,8,37.0,380.0,borderline_shifted,80,0.7192441492726123,0.2471282184123993,0.3607843220233917
gatedv2_t0.9_d2_s0,vo2_Vacancy-Anion-03.png,12,309.0,139.0,boundary_edge,100,0.8351451489686784,0.4960815906524658,0.47058823704719543
gatedv2_t0.9_d2_s0,vo2_Vacancy-Anion-03.png,12,241.0,139.0,boundary_edge,100,0.8351451489686784,0.48844224214553833,0.5254902243614197
gatedv2_t0.9_d2_s0,vo2_Vacancy-Anion-03.png,12,378.0,377.0,boundary_edge,100,0.8351451489686784,0.4913715422153473,0.5176470875740051
gatedv2_t0.9_d2_s0,vo2_Vacancy-Anion-03.png,12,241.0,20.0,boundary_edge,100,0.8351451489686784,0.470167875289917,0.5098039507865906
gatedv2_t0.9_d2_s0,vo2_Vacancy-Anion-03.png,12,206.0,79.0,invented_damaged,100,0.8351451489686784,0.48670750856399536,0.5411764979362488
gatedv2_t0.9_d2_s0,vo2_Vacancy-Anion-03.png,12,378.0,258.0,boundary_edge,100,0.8351451489686784,0.48130059242248535,0.40392157435417175
gatedv2_t0.9_d2_s0,vo2_Vacancy-Anion-03.png,12,171.0,376.0,invented_damaged,100,0.8351451489686784,0.4893935024738312,0.501960813999176
gatedv2_t0.9_d2_s0,vo2_Vacancy-Anion-03.png,12,516.0,21.0,boundary_edge,100,0.8351451489686784,0.46807605028152466,0.4588235318660736
gatedv2_t0.9_d2_s0,vo2_Vacancy-Anion-03.png,12,309.0,20.0,boundary_edge,100,0.8351451489686784,0.4890490770339966,0.45098039507865906
gatedv2_t0.9_d2_s0,vo2_Vacancy-Anion-03.png,12,344.0,79.0,boundary_edge,100,0.8351451489686784,0.4911330044269562,0.48627451062202454
gatedv2_t0.9_d2_s0,vo2_Vacancy-Anion-03.png,12,171.0,257.0,boundary_edge,100,0.8351451489686784,0.4837055206298828,0.529411792755127
gatedv2_t0.9_d2_s0,vo2_Vacancy-Anion-03.png,12,69.0,317.0,boundary_edge,100,0.8351451489686784,0.4835694432258606,0.5411764979362488
gatedv2_t0.9_d2_s0,vo2_Vacancy-Anion-03.png,12,137.0,80.0,boundary_edge,100,0.8351451489686784,0.46938586235046387,0.47843137383461
gatedv2_t0.9_d2_s0,vo2_Vacancy-Anion-03.png,12,378.0,139.0,boundary_edge,100,0.8351451489686784,0.48848652839660645,0.47058823704719543
gatedv2_t0.9_d2_s0,vo2_Vacancy-Anion-03.png,12,103.0,140.0,boundary_edge,100,0.8351451489686784,0.48648616671562195,0.45490196347236633
gatedv2_t0.9_d2_s0,vo2_Vacancy-Anion-03.png,12,276.0,80.0,boundary_edge,100,0.8351451489686784,0.474737286567688,0.48627451062202454
gatedv2_t0.9_d2_s0,vo2_Vacancy-Anion-03.png,12,34.0,139.0,invented_damaged,100,0.8351451489686784,0.48940932750701904,0.48627451062202454
gatedv2_t0.9_d2_s0,vo2_Vacancy-Anion-03.png,12,413.0,80.0,boundary_edge,100,0.8351451489686784,0.466151624917984,0.4941176474094391
gatedv2_t0.9_d2_s0,mos2-A_Adatom-Li.png,12,342.0,329.0,borderline_shifted,84,0.2720627562845427,0.7719937562942505,0.6784313917160034
gatedv2_t0.9_d2_s0,mos2-A_Adatom-Li.png,12,355.0,232.0,borderline_shifted,84,0.2720627562845427,0.2775503098964691,0.5176470875740051
gatedv2_t0.9_d2_s0,mos2-A_Adatom-Li.png,12,349.0,228.0,borderline_shifted,84,0.2720627562845427,0.36688026785850525,0.47058823704719543
gatedv2_t0.9_d2_s0,mose2-A_Doped-Na.png,12,221.0,424.0,borderline_shifted,105,0.06890518596123625,0.4025588035583496,0.3843137323856354
gatedv2_t0.9_d2_s0,mote2-A_Anti-2M.png,12,326.0,233.0,borderline_shifted,189,0.33133865353193304,0.5789284110069275,0.47843137383461
gatedv2_t0.9_d2_s0,mote2-A_Anti-2M.png,12,340.0,522.0,borderline_shifted,189,0.33133865353193304,0.5127562284469604,0.529411792755127
gatedv2_t0.9_d2_s0,mote2-A_Anti-2M.png,12,325.0,536.0,borderline_shifted,189,0.33133865353193304,0.5564078092575073,0.46666666865348816
gatedv2_t0.9_d2_s0,mote2-A_Anti-2M.png,12,355.0,245.0,borderline_shifted,189,0.33133865353193304,0.3997824192047119,0.4745098054409027
gatedv2_t0.9_d2_s0,mote2-A_Anti-2M.png,12,249.0,280.0,borderline_shifted,189,0.33133865353193304,0.4188759922981262,0.46666666865348816
gatedv2_t0.9_d2_s0,mote2-A_Anti-2M.png,12,319.0,511.0,borderline_shifted,189,0.33133865353193304,0.5323641300201416,0.6078431606292725
gatedv2_t0.9_d2_s0,mote2-A_Anti-2M.png,12,340.0,220.0,borderline_shifted,189,0.33133865353193304,0.5079494714736938,0.5215686559677124
gatedv2_t0.9_d2_s0,mote2-A_Anti-2M.png,12,311.0,222.0,borderline_shifted,189,0.33133865353193304,0.4892268180847168,0.4588235318660736
gatedv2_t0.9_d2_s0,mote2-A_Anti-2M.png,12,249.0,580.0,borderline_shifted,189,0.33133865353193304,0.46088075637817383,0.5098039507865906
gatedv2_t0.9_d2_s0,mote2-A_Anti-2M.png,12,6.0,604.0,boundary_edge,189,0.33133865353193304,0.48627451062202454,0.5215686559677124
gatedv2_t0.9_d2_s0,mote2-A_Anti-2M.png,12,341.0,544.0,borderline_shifted,189,0.33133865353193304,0.3424721360206604,0.3843137323856354
gatedv2_t0.9_d2_s0,mote2-A_Anti-2M.png,12,337.0,207.0,borderline_shifted,189,0.33133865353193304,0.4192616939544678,0.5215686559677124
gatedv2_t0.9_d2_s0,mote2-A_Anti-2M.png,12,332.0,266.0,borderline_shifted,189,0.33133865353193304,0.3143881559371948,0.38823530077934265
gatedv2_t0.9_d2_s0,vse2-A_Vacancy-Anion-06A.png,12,668.0,288.0,boundary_edge,84,0.06952867037906188,0.21960784494876862,0.24705882370471954
gatedv2_t0.9_d2_s0,vse2-A_Vacancy-Anion-06A.png,12,294.0,218.0,borderline_shifted,84,0.06952867037906188,0.20000000298023224,0.23137255012989044
gatedv2_t0.9_d2_s0,vse2-A_Vacancy-Anion-06A.png,12,629.0,218.0,borderline_shifted,84,0.06952867037906188,0.20392157137393951,0.23137255012989044
gatedv2_t0.9_d2_s0,tase2-A_Vacancy-Anion-12B.png,12,0.0,90.0,boundary_edge,121,0.14422923040715463,0.4527653455734253,0.0313725508749485
gatedv2_t0.9_d2_s0,tase2-A_Vacancy-Anion-12B.png,12,0.0,394.0,boundary_edge,121,0.14422923040715463,0.35368603467941284,0.03529411926865578
gatedv2_t0.9_d2_s0,tase2-A_Vacancy-Anion-12B.png,12,55.0,46.0,borderline_shifted,121,0.14422923040715463,0.22617888450622559,0.2862745225429535
gatedv2_t0.9_d2_s0,tase2-A_Vacancy-Anion-12B.png,12,120.0,595.0,boundary_edge,121,0.14422923040715463,0.16862745583057404,0.16470588743686676
gatedv2_t0.9_d2_s0,tase2-A_Vacancy-Anion-12B.png,12,156.0,75.0,borderline_shifted,121,0.14422923040715463,0.24785993993282318,0.1764705926179886
gatedv2_t0.9_d2_s0,nbs2_Anti-Metal.png,12,56.0,285.0,invented_undamaged,106,0.10422071970899778,0.35309526324272156,0.007843137718737125
gatedv2_t0.9_d2_s0,nbs2_Anti-Metal.png,12,48.0,243.0,invented_undamaged,106,0.10422071970899778,0.2732086479663849,0.13725490868091583
gatedv2_t0.9_d2_s0,nbs2_Anti-Metal.png,12,668.0,339.0,boundary_edge,106,0.10422071970899778,0.2669465243816376,0.3294117748737335
gatedv2_t0.9_d2_s0,nbs2_Anti-Metal.png,12,618.0,363.0,invented_damaged,106,0.10422071970899778,0.3018972873687744,0.20392157137393951
gatedv2_t0.9_d2_s0,nbs2_Anti-Metal.png,12,576.0,291.0,invented_damaged,106,0.10422071970899778,0.2841300666332245,0.21176470816135406
gatedv2_t0.9_d2_s0,nbs2_Anti-Metal.png,12,653.0,292.0,boundary_edge,106,0.10422071970899778,0.23035699129104614,0.11764705926179886
gatedv2_t0.9_d2_s0,nbs2_Anti-Metal.png,12,668.0,326.0,boundary_edge,106,0.10422071970899778,0.16426458954811096,0.1921568661928177
gatedv2_t0.9_d2_s0,nbs2_Anti-Metal.png,12,668.0,295.0,boundary_edge,106,0.10422071970899778,0.19329477846622467,0.0784313753247261
gatedv2_t0.9_d2_s0,nbte2_Vacancy-Anion-12A.png,12,276.0,608.0,borderline_shifted,170,0.18202729809872667,0.6113130450248718,0.5333333611488342
gatedv2_t0.9_d2_s0,nbte2_Vacancy-Anion-12A.png,12,260.0,605.0,borderline_shifted,170,0.18202729809872667,0.3821417987346649,0.250980406999588
gatedv2_t0.9_d2_s0,nbte2_Vacancy-Anion-12A.png,12,197.0,594.0,boundary_edge,170,0.18202729809872667,0.4622054696083069,0.0784313753247261
gatedv2_t0.9_d2_s0,nbte2_Vacancy-Anion-12A.png,12,277.0,594.0,borderline_shifted,170,0.18202729809872667,0.39580294489860535,0.4431372582912445
gatedv2_t0.9_d2_s0,nbte2_Vacancy-Anion-12A.png,12,322.0,534.0,borderline_shifted,170,0.18202729809872667,0.538719654083252,0.48235294222831726
gatedv2_t0.9_d2_s0,nbte2_Vacancy-Anion-12A.png,12,337.0,542.0,borderline_shifted,170,0.18202729809872667,0.3638930916786194,0.23529411852359772
gatedv2_t0.9_d2_s0,nbte2_Vacancy-Anion-12A.png,12,278.0,583.0,borderline_shifted,170,0.18202729809872667,0.3863784074783325,0.24313725531101227
gatedv2_t0.9_d2_s0,nbte2_Vacancy-Anion-12A.png,12,305.0,526.0,borderline_shifted,170,0.18202729809872667,0.42416292428970337,0.24313725531101227
gatedv2_t0.9_d2_s0,nbte2_Vacancy-Anion-12A.png,12,262.0,594.0,borderline_shifted,170,0.18202729809872667,0.3040829300880432,0.250980406999588
gatedv2_t0.9_d2_s0,nbte2_Vacancy-Anion-12A.png,12,292.0,582.0,borderline_shifted,170,0.18202729809872667,0.30313727259635925,0.1921568661928177
gatedv2_t0.9_d2_s0,nbte2_Vacancy-Anion-12A.png,12,341.0,511.0,borderline_shifted,170,0.18202729809872667,0.2648935914039612,0.4431372582912445
gatedv2_t0.9_d2_s0,nbte2_Vacancy-Anion-12A.png,12,259.0,597.0,borderline_shifted,170,0.18202729809872667,0.32256463170051575,0.21960784494876862
gatedv2_t0.9_d2_s0,nbte2_Vacancy-Anion-12A.png,12,341.0,520.0,borderline_shifted,170,0.18202729809872667,0.25023046135902405,0.43529412150382996
gatedv2_t0.9_d2_s0,nbte2_Vacancy-Anion-12A.png,12,293.0,594.0,borderline_shifted,170,0.18202729809872667,0.20154798030853271,0.32156863808631897
gatedv2_t0.9_d2_s0,nbte2_Vacancy-Anion-12A.png,12,319.0,506.0,borderline_shifted,170,0.18202729809872667,0.26513612270355225,0.32549020648002625
gatedv2_t0.9_d2_s0,nbte2_Vacancy-Anion-12A.png,12,245.0,594.0,borderline_shifted,170,0.18202729809872667,0.19482268393039703,0.21176470816135406
gatedv2_t0.9_d2_s0,nbte2_Vacancy-Anion-12A.png,12,346.0,578.0,borderline_shifted,170,0.18202729809872667,0.37398359179496765,0.2549019753932953
gatedv2_t0.9_d2_s0,nbte2_Vacancy-Anion-12A.png,12,175.0,587.0,borderline_shifted,170,0.18202729809872667,0.27673035860061646,0.062745101749897
gatedv2_t0.9_d2_s0,nbte2_Vacancy-Anion-12A.png,12,229.0,592.0,borderline_shifted,170,0.18202729809872667,0.2854757010936737,0.30980393290519714
gatedv2_t0.9_d2_s0,nbte2_Vacancy-Anion-12A.png,12,292.0,602.0,borderline_shifted,170,0.18202729809872667,0.18594756722450256,0.3686274588108063
gatedv2_t0.9_d2_s0,nbte2_Vacancy-Anion-12A.png,12,276.0,622.0,boundary_edge,170,0.18202729809872667,0.1812659054994583,0.23529411852359772
gatedv2_t0.9_d2_s0,nbte2_Vacancy-Anion-12A.png,12,239.0,500.0,borderline_shifted,170,0.18202729809872667,0.2127465009689331,0.1764705926179886
gatedv2_t0.9_d2_s0,nbte2_Vacancy-Anion-12A.png,12,318.0,500.0,borderline_shifted,170,0.18202729809872667,0.30561256408691406,0.239215686917305
gatedv2_t0.9_d2_s0,nbte2_Vacancy-Anion-12A.png,12,350.0,589.0,borderline_shifted,170,0.18202729809872667,0.2251274287700653,0.14509804546833038
gatedv2_t0.9_d2_s0,nbte2_Vacancy-Anion-12A.png,12,266.0,601.0,borderline_shifted,170,0.18202729809872667,0.3031157851219177,0.3529411852359772
gatedv2_t0.9_d2_s0,tise2_Adatom-Li.png,12,41.0,237.0,borderline_shifted,157,0.28078459106414844,0.37947291135787964,0.3960784375667572
gatedv2_t0.9_d2_s0,tise2_Adatom-Li.png,12,66.0,181.0,borderline_shifted,157,0.28078459106414844,0.30495405197143555,0.27450981736183167
gatedv2_t0.9_d2_s0,tise2_Adatom-Li.png,12,0.0,211.0,boundary_edge,157,0.28078459106414844,0.20424987375736237,0.05882352963089943
gatedv2_t0.9_d2_s0,tise2_Adatom-Li.png,12,36.0,213.0,borderline_shifted,157,0.28078459106414844,0.2543540298938751,0.25882354378700256
gatedv2_t0.9_d2_s0,tise2_Adatom-Li.png,12,125.0,135.0,borderline_shifted,157,0.28078459106414844,0.22600869834423065,0.239215686917305
gatedv2_t0.9_d2_s0,tise2_Adatom-Li.png,12,87.0,201.0,borderline_shifted,157,0.28078459106414844,0.20875561237335205,0.1921568661928177
gatedv2_t0.9_d2_s0,tise2_Adatom-Li.png,12,82.0,61.0,borderline_shifted,157,0.28078459106414844,0.23111671209335327,0.19607843458652496
gatedv2_t0.9_d2_s0,tise2_Adatom-Li.png,12,5.0,218.0,boundary_edge,157,0.28078459106414844,0.1627623289823532,0.05882352963089943
gatedv2_t0.9_d2_s0,tite2-B_Cu_doped.png,12,0.0,0.0,boundary_edge,72,0.6634285726108969,0.16470588743686676,0.10980392247438431
gatedv2_t0.9_d2_s0,tite2-B_Cu_doped.png,12,746.0,0.0,boundary_edge,72,0.6634285726108969,0.16862745583057404,0.11764705926179886
gatedv2_t0.9_d2_s0,tite2-B_Cu_doped.png,12,0.0,325.0,boundary_edge,72,0.6634285726108969,0.16862745583057404,0.10588235408067703
gatedv2_t0.9_d2_s0,vs2_Vacancy-Anion-06A.png,12,251.0,392.0,boundary_edge,158,0.7171099734836587,0.39894330501556396,0.0941176488995552
gatedv2_t0.9_d2_s0,vs2_Vacancy-Anion-06A.png,12,252.0,302.0,invented_damaged,158,0.7171099734836587,0.4083286225795746,0.3450980484485626
gatedv2_t0.9_d2_s0,vs2_Vacancy-Anion-06A.png,12,167.0,311.0,borderline_shifted,158,0.7171099734836587,0.30381208658218384,0.3019607961177826
gatedv2_t0.9_d2_s0,vs2_Vacancy-Anion-06A.png,12,367.0,447.0,boundary_edge,158,0.7171099734836587,0.5398845672607422,0.5098039507865906
gatedv2_t0.9_d2_s0,vte2_Defect-Free.png,12,495.0,179.0,borderline_shifted,119,0.09101514567976426,0.4082573652267456,0.43921568989753723
gatedv2_t0.9_d2_s0,vte2_Defect-Free.png,12,430.0,198.0,borderline_shifted,119,0.09101514567976426,0.23202106356620789,0.2078431397676468
gatedv2_t0.9_d2_s0,vte2_Defect-Free.png,12,428.0,55.0,borderline_shifted,119,0.09101514567976426,0.19646228849887848,0.27450981736183167
gatedv2_t0.9_d2_s0,vte2_Defect-Free.png,12,429.0,223.0,borderline_shifted,119,0.09101514567976426,0.2579917013645172,0.2549019753932953
gatedv2_t0.9_d2_s0,vte2_Defect-Free.png,12,395.0,52.0,borderline_shifted,119,0.09101514567976426,0.20570862293243408,0.1921568661928177
gatedv2_t0.9_d2_s0,vte2_Defect-Free.png,12,442.0,203.0,borderline_shifted,119,0.09101514567976426,0.20634473860263824,0.2078431397676468
gatedv2_t0.9_d2_s0,vte2_Defect-Free.png,12,340.0,112.0,borderline_shifted,119,0.09101514567976426,0.21133124828338623,0.22745098173618317
gatedv2_t0.9_d2_s0,ws2-A_Vacancy-Metal.png,12,358.0,246.0,borderline_shifted,59,0.08480934179691944,0.4225805997848511,0.4000000059604645
gatedv2_t0.9_d2_s0,ws2-A_Vacancy-Metal.png,12,358.0,260.0,borderline_shifted,59,0.08480934179691944,0.3554520606994629,0.2823529541492462
gatedv2_t0.9_d2_s0,ws2-A_Vacancy-Metal.png,12,356.0,194.0,borderline_shifted,59,0.08480934179691944,0.18151628971099854,0.18431372940540314
gatedv2_t0.9_d2_s0,ws2-A_Vacancy-Metal.png,12,290.0,222.0,borderline_shifted,59,0.08480934179691944,0.18020667135715485,0.3137255012989044
gatedv2_t0.9_d2_s0,ws2-A_Vacancy-Metal.png,12,377.0,205.0,borderline_shifted,59,0.08480934179691944,0.07463036477565765,0.16862745583057404
gatedv2_t0.9_d2_s0,ws2-A_Vacancy-Metal.png,12,278.0,221.0,borderline_shifted,59,0.08480934179691944,0.1819957196712494,0.4627451002597809
gatedv2_t0.9_d2_s0,ws2-A_Vacancy-Metal.png,12,325.0,168.0,borderline_shifted,59,0.08480934179691944,0.13894309103488922,0.27843138575553894
gatedv2_t0.9_d2_s0,ws2-A_Vacancy-Metal.png,12,233.0,210.0,borderline_shifted,59,0.08480934179691944,0.20392157137393951,0.23137255012989044
gatedv2_t0.9_d2_s0,cose2_Fe_doped.png,12,22.0,245.0,borderline_shifted,96,0.09612414129506931,0.3580605685710907,0.545098066329956
gatedv2_t0.9_d2_s0,cose2_Fe_doped.png,12,0.0,223.0,boundary_edge,96,0.09612414129506931,0.24315649271011353,0.054901961237192154
gatedv2_t0.9_d2_s0,cro2_Vacancy-Anion-03.png,12,379.0,223.0,borderline_shifted,80,0.7821207430340558,0.4741082787513733,0.32156863808631897
gatedv2_t0.9_d2_s0,cro2_Vacancy-Anion-03.png,12,385.0,11.0,boundary_edge,80,0.7821207430340558,0.4098478853702545,0.2823529541492462
gatedv2_t0.9_d2_s0,cro2_Vacancy-Anion-03.png,12,391.0,239.0,borderline_shifted,80,0.7821207430340558,0.4315168857574463,0.3333333432674408
gatedv2_t0.9_d2_s0,vo2_Vacancy-Anion-03.png,16,205.0,79.0,boundary_edge,100,0.8327616501145912,0.49478375911712646,0.4431372582912445
gatedv2_t0.9_d2_s0,vo2_Vacancy-Anion-03.png,16,137.0,80.0,boundary_edge,100,0.8327616501145912,0.476764440536499,0.47843137383461
gatedv2_t0.9_d2_s0,vo2_Vacancy-Anion-03.png,16,549.0,318.0,boundary_edge,100,0.8327616501145912,0.4675820767879486,0.45098039507865906
gatedv2_t0.9_d2_s0,vo2_Vacancy-Anion-03.png,16,379.0,139.0,boundary_edge,100,0.8327616501145912,0.4892016351222992,0.4745098054409027
gatedv2_t0.9_d2_s0,vo2_Vacancy-Anion-03.png,16,172.0,140.0,boundary_edge,100,0.8327616501145912,0.48719191551208496,0.49803921580314636
gatedv2_t0.9_d2_s0,vo2_Vacancy-Anion-03.png,16,447.0,140.0,boundary_edge,100,0.8327616501145912,0.48477375507354736,0.4588235318660736
gatedv2_t0.9_d2_s0,vo2_Vacancy-Anion-03.png,16,171.0,377.0,boundary_edge,100,0.8327616501145912,0.4925388693809509,0.49803921580314636
gatedv2_t0.9_d2_s0,vo2_Vacancy-Anion-03.png,16,172.0,258.0,boundary_edge,100,0.8327616501145912,0.4782645106315613,0.5215686559677124
gatedv2_t0.9_d2_s0,vo2_Vacancy-Anion-03.png,16,343.0,318.0,boundary_edge,100,0.8327616501145912,0.48394250869750977,0.4941176474094391
gatedv2_t0.9_d2_s0,vo2_Vacancy-Anion-03.png,16,412.0,80.0,boundary_edge,100,0.8327616501145912,0.47116991877555847,0.5176470875740051
gatedv2_t0.9_d2_s0,vo2_Vacancy-Anion-03.png,16,104.0,140.0,boundary_edge,100,0.8327616501145912,0.48618873953819275,0.48627451062202454
gatedv2_t0.9_d2_s0,vo2_Vacancy-Anion-03.png,16,69.0,317.0,boundary_edge,100,0.8327616501145912,0.48619344830513,0.5411764979362488
gatedv2_t0.9_d2_s0,vo2_Vacancy-Anion-03.png,16,378.0,377.0,boundary_edge,100,0.8327616501145912,0.4864423871040344,0.5176470875740051
gatedv2_t0.9_d2_s0,vo2_Vacancy-Anion-03.png,16,104.0,377.0,boundary_edge,100,0.8327616501145912,0.4865456819534302,0.48627451062202454
gatedv2_t0.9_d2_s0,vo2_Vacancy-Anion-03.png,16,481.0,80.0,boundary_edge,100,0.8327616501145912,0.4875676929950714,0.48627451062202454
gatedv2_t0.9_d2_s0,vo2_Vacancy-Anion-03.png,16,380.0,257.0,boundary_edge,100,0.8327616501145912,0.4801810681819916,0.5529412031173706
gatedv2_t0.9_d2_s0,vo2_Vacancy-Anion-03.png,16,241.0,140.0,invented_damaged,100,0.8327616501145912,0.45161306858062744,0.48235294222831726
gatedv2_t0.9_d2_s0,vo2_Vacancy-Anion-03.png,16,517.0,20.0,boundary_edge,100,0.8327616501145912,0.4824373722076416,0.47843137383461
gatedv2_t0.9_d2_s0,vo2_Vacancy-Anion-03.png,16,206.0,317.0,boundary_edge,100,0.8327616501145912,0.48604506254196167,0.501960813999176
gatedv2_t0.9_d2_s0,vo2_Vacancy-Anion-03.png,16,34.0,20.0,boundary_edge,100,0.8327616501145912,0.47584807872772217,0.46666666865348816
gatedv2_t0.9_d2_s0,vo2_Vacancy-Anion-03.png,16,69.0,79.0,invented_damaged,100,0.8327616501145912,0.48310214281082153,0.4274509847164154
gatedv2_t0.9_d2_s0,vo2_Vacancy-Anion-03.png,16,412.0,318.0,boundary_edge,100,0.8327616501145912,0.4866953492164612,0.5098039507865906
gatedv2_t0.9_d2_s0,vo2_Vacancy-Anion-03.png,16,241.0,20.0,boundary_edge,100,0.8327616501145912,0.4771694839000702,0.5098039507865906
gatedv2_t0.9_d2_s0,vo2_Vacancy-Anion-03.png,16,447.0,377.0,boundary_edge,100,0.8327616501145912,0.4818527102470398,0.4745098054409027
gatedv2_t0.9_d2_s0,vo2_Vacancy-Anion-03.png,16,481.0,317.0,boundary_edge,100,0.8327616501145912,0.48435327410697937,0.5176470875740051
gatedv2_t0.9_d2_s0,vo2_Vacancy-Anion-03.png,16,273.0,79.0,boundary_edge,100,0.8327616501145912,0.4865456819534302,0.49803921580314636
gatedv2_t0.9_d2_s0,vo2_Vacancy-Anion-03.png,16,310.0,20.0,boundary_edge,100,0.8327616501145912,0.4787684679031372,0.49803921580314636
gatedv2_t0.9_d2_s0,mno2_Defect-Free.png,16,252.0,256.0,borderline_shifted,74,0.6576332179930796,0.6862884759902954,0.03921568766236305
gatedv2_t0.9_d2_s0,mno2_Defect-Free.png,16,248.0,0.0,boundary_edge,74,0.6576332179930796,0.6820188164710999,0.05882352963089943
gatedv2_t0.9_d2_s0,mos2-A_Adatom-Li.png,16,466.0,442.0,borderline_shifted,84,0.29974502429485494,0.41883328557014465,0.5764706134796143
gatedv2_t0.9_d2_s0,mos2-A_Adatom-Li.png,16,456.0,428.0,borderline_shifted,84,0.29974502429485494,0.31790870428085327,0.6784313917160034
gatedv2_t0.9_d2_s0,mos2-A_Adatom-Li.png,16,564.0,300.0,borderline_shifted,84,0.29974502429485494,0.3130941092967987,0.30980393290519714
gatedv2_t0.9_d2_s0,mos2-A_Adatom-Li.png,16,584.0,552.0,boundary_edge,84,0.29974502429485494,0.1764705926179886,0.2078431397676468
gatedv2_t0.9_d2_s0,mos2-A_Adatom-Li.png,16,439.0,333.0,borderline_shifted,84,0.29974502429485494,0.24705882370471954,0.3137255012989044
gatedv2_t0.9_d2_s0,mos2-A_Adatom-Li.png,16,560.0,430.0,invented_damaged,84,0.29974502429485494,0.23703569173812866,0.21960784494876862
gatedv2_t0.9_d2_s0,mos2-A_Adatom-Li.png,16,90.0,289.0,boundary_edge,84,0.29974502429485494,0.2862745225429535,0.26274511218070984
gatedv2_t0.9_d2_s0,mose2-A_Doped-Na.png,16,513.0,122.0,borderline_shifted,105,0.07782870612886328,0.2673676013946533,0.2862745225429535
gatedv2_t0.9_d2_s0,mose2-A_Doped-Na.png,16,420.0,133.0,borderline_shifted,105,0.07782870612886328,0.23487615585327148,0.25882354378700256
gatedv2_t0.9_d2_s0,mose2-A_Doped-Na.png,16,430.0,228.0,borderline_shifted,105,0.07782870612886328,0.22017309069633484,0.2549019753932953
gatedv2_t0.9_d2_s0,mose2-A_Doped-Na.png,16,488.0,169.0,borderline_shifted,105,0.07782870612886328,0.19858750700950623,0.21176470816135406
gatedv2_t0.9_d2_s0,mose2-A_Doped-Na.png,16,489.0,184.0,borderline_shifted,105,0.07782870612886328,0.19563785195350647,0.21176470816135406
gatedv2_t0.9_d2_s0,mose2-A_Doped-Na.png,16,505.0,188.0,borderline_shifted,105,0.07782870612886328,0.20548135042190552,0.1882352977991104
gatedv2_t0.9_d2_s0,mose2-A_Doped-Na.png,16,432.0,146.0,borderline_shifted,105,0.07782870612886328,0.20934638381004333,0.19607843458652496
gatedv2_t0.9_d2_s0,mote2-A_Anti-2M.png,16,100.0,307.0,borderline_shifted,189,0.4009661606952568,0.7694116830825806,0.08627451211214066
gatedv2_t0.9_d2_s0,mote2-A_Anti-2M.png,16,206.0,96.0,borderline_shifted,189,0.4009661606952568,0.6831125020980835,0.7882353067398071
gatedv2_t0.9_d2_s0,mote2-A_Anti-2M.png,16,88.0,38.0,borderline_shifted,189,0.4009661606952568,0.44053804874420166,0.3294117748737335
gatedv2_t0.9_d2_s0,mote2-A_Anti-2M.png,16,217.0,89.0,borderline_shifted,189,0.4009661606952568,0.5357670783996582,0.5803921818733215
gatedv2_t0.9_d2_s0,mote2-A_Anti-2M.png,16,180.0,391.0,borderline_shifted,189,0.4009661606952568,0.38175851106643677,0.4431372582912445
gatedv2_t0.9_d2_s0,mote2-A_Anti-2M.png,16,219.0,378.0,borderline_shifted,189,0.4009661606952568,0.3682703971862793,0.4588235318660736
gatedv2_t0.9_d2_s0,mote2-A_Anti-2M.png,16,216.0,358.0,borderline_shifted,189,0.4009661606952568,0.3324768841266632,0.40392157435417175
gatedv2_t0.9_d2_s0,mote2-A_Anti-2M.png,16,186.0,372.0,borderline_shifted,189,0.4009661606952568,0.3784489035606384,0.3294117748737335
gatedv2_t0.9_d2_s0,mote2-A_Anti-2M.png,16,197.0,109.0,borderline_shifted,189,0.4009661606952568,0.37409648299217224,0.43529412150382996
gatedv2_t0.9_d2_s0,mote2-A_Anti-2M.png,16,219.0,69.0,borderline_shifted,189,0.4009661606952568,0.26845231652259827,0.41960784792900085
gatedv2_t0.9_d2_s0,mote2-A_Anti-2M.png,16,219.0,74.0,borderline_shifted,189,0.4009661606952568,0.3263488709926605,0.46666666865348816
gatedv2_t0.9_d2_s0,mote2-A_Anti-2M.png,16,210.0,377.0,borderline_shifted,189,0.4009661606952568,0.27804672718048096,0.5647059082984924
gatedv2_t0.9_d2_s0,mote2-A_Anti-2M.png,16,202.0,367.0,borderline_shifted,189,0.4009661606952568,0.3390410244464874,0.32156863808631897
gatedv2_t0.9_d2_s0,mote2-A_Anti-2M.png,16,203.0,377.0,borderline_shifted,189,0.4009661606952568,0.2507931590080261,0.6352941393852234
gatedv2_t0.9_d2_s0,mote2-A_Anti-2M.png,16,88.0,52.0,borderline_shifted,189,0.4009661606952568,0.3871537446975708,0.2235294133424759
gatedv2_t0.9_d2_s0,mote2-A_Anti-2M.png,16,183.0,91.0,borderline_shifted,189,0.4009661606952568,0.17405298352241516,0.47058823704719543
gatedv2_t0.9_d2_s0,mote2-A_Anti-2M.png,16,179.0,71.0,borderline_shifted,189,0.4009661606952568,0.3304598331451416,0.32156863808631897
gatedv2_t0.9_d2_s0,mote2-A_Anti-2M.png,16,202.0,55.0,borderline_shifted,189,0.4009661606952568,0.3052070438861847,0.2705882489681244
gatedv2_t0.9_d2_s0,mote2-A_Anti-2M.png,16,191.0,432.0,borderline_shifted,189,0.4009661606952568,0.47483277320861816,0.6000000238418579
gatedv2_t0.9_d2_s0,mote2-A_Anti-2M.png,16,186.0,413.0,borderline_shifted,189,0.4009661606952568,0.3177730441093445,0.37254902720451355
gatedv2_t0.9_d2_s0,mote2-A_Anti-2M.png,16,198.0,412.0,borderline_shifted,189,0.4009661606952568,0.36521053314208984,0.4000000059604645
gatedv2_t0.9_d2_s0,mote2-A_Anti-2M.png,16,74.0,58.0,borderline_shifted,189,0.4009661606952568,0.4049256443977356,0.21568627655506134
gatedv2_t0.9_d2_s0,tate2-A_Fe_doped.png,16,0.0,183.0,boundary_edge,122,0.17506756756756756,0.5936936736106873,0.06666667014360428
gatedv2_t0.9_d2_s0,tate2-A_Fe_doped.png,16,0.0,503.0,boundary_edge,122,0.17506756756756756,0.5921685099601746,0.06666667014360428
gatedv2_t0.9_d2_s0,tate2-A_Fe_doped.png,16,0.0,92.0,boundary_edge,122,0.17506756756756756,0.583998441696167,0.15294118225574493
gatedv2_t0.9_d2_s0,tate2-A_Fe_doped.png,16,0.0,412.0,boundary_edge,122,0.17506756756756756,0.5851966142654419,0.16078431904315948
gatedv2_t0.9_d2_s0,tate2-A_Fe_doped.png,16,0.0,597.0,boundary_edge,122,0.17506756756756756,0.5037130117416382,0.054901961237192154
gatedv2_t0.9_d2_s0,tate2-A_Fe_doped.png,16,0.0,277.0,boundary_edge,122,0.17506756756756756,0.49859321117401123,0.05882352963089943
gatedv2_t0.9_d2_s0,tate2-A_Fe_doped.png,16,8.0,7.0,boundary_edge,122,0.17506756756756756,1.0,0.0470588244497776
gatedv2_t0.9_d2_s0,tate2-A_Fe_doped.png,16,71.0,67.0,borderline_shifted,122,0.17506756756756756,0.2037619799375534,0.2235294133424759
gatedv2_t0.9_d2_s0,vse2-A_Vacancy-Anion-06A.png,16,650.0,390.0,borderline_shifted,84,0.7558829072340074,0.35517895221710205,0.2549019753932953
gatedv2_t0.9_d2_s0,vse2-A_Vacancy-Anion-06A.png,16,651.0,378.0,borderline_shifted,84,0.7558829072340074,0.3657698631286621,0.27450981736183167
gatedv2_t0.9_d2_s0,vse2-A_Vacancy-Anion-06A.png,16,668.0,436.0,boundary_edge,84,0.7558829072340074,0.20540174841880798,0.20000000298023224
gatedv2_t0.9_d2_s0,vse2-A_Vacancy-Anion-06A.png,16,289.0,326.0,borderline_shifted,84,0.7558829072340074,0.41366612911224365,0.47843137383461
gatedv2_t0.9_d2_s0,vse2-A_Vacancy-Anion-06A.png,16,624.0,319.0,borderline_shifted,84,0.7558829072340074,0.49693506956100464,0.7019608020782471
gatedv2_t0.9_d2_s0,vse2-A_Vacancy-Anion-06A.png,16,618.0,452.0,borderline_shifted,84,0.7558829072340074,0.36063849925994873,0.5921568870544434
gatedv2_t0.9_d2_s0,vse2-A_Vacancy-Anion-06A.png,16,668.0,290.0,boundary_edge,84,0.7558829072340074,0.23118607699871063,0.23137255012989044
gatedv2_t0.9_d2_s0,vse2-A_Vacancy-Anion-06A.png,16,304.0,466.0,borderline_shifted,84,0.7558829072340074,0.4113731384277344,0.48235294222831726
gatedv2_t0.9_d2_s0,vse2-A_Vacancy-Anion-06A.png,16,623.0,324.0,borderline_shifted,84,0.7558829072340074,0.4253621995449066,0.5490196347236633
gatedv2_t0.9_d2_s0,vse2-A_Vacancy-Anion-06A.png,16,249.0,434.0,borderline_shifted,84,0.7558829072340074,0.18233910202980042,0.13725490868091583
gatedv2_t0.9_d2_s0,vse2-A_Vacancy-Anion-06A.png,16,586.0,434.0,borderline_shifted,84,0.7558829072340074,0.18336725234985352,0.1568627506494522
gatedv2_t0.9_d2_s0,vse2-A_Vacancy-Anion-06A.png,16,310.0,457.0,borderline_shifted,84,0.7558829072340074,0.2752948999404907,0.3843137323856354
gatedv2_t0.9_d2_s0,vse2-A_Vacancy-Anion-06A.png,16,336.0,435.0,borderline_shifted,84,0.7558829072340074,0.20815713703632355,0.1921568661928177
gatedv2_t0.9_d2_s0,vse2-A_Vacancy-Anion-06A.png,16,0.0,435.0,boundary_edge,84,0.7558829072340074,0.25882354378700256,0.20392157137393951
gatedv2_t0.9_d2_s0,vse2-A_Vacancy-Anion-06A.png,16,625.0,330.0,borderline_shifted,84,0.7558829072340074,0.2985212206840515,0.364705890417099
gatedv2_t0.9_d2_s0,tase2-A_Vacancy-Anion-12B.png,16,401.0,606.0,boundary_edge,121,0.0407837138150153,0.20075812935829163,0.1882352977991104
gatedv2_t0.9_d2_s0,nbs2_Anti-Metal.png,16,80.0,75.0,borderline_shifted,106,0.12205467392623227,0.36395126581192017,0.3176470696926117
gatedv2_t0.9_d2_s0,nbs2_Anti-Metal.png,16,168.0,230.0,borderline_shifted,106,0.12205467392623227,0.31440824270248413,0.3294117748737335
gatedv2_t0.9_d2_s0,nbs2_Anti-Metal.png,16,53.0,87.0,invented_damaged,106,0.12205467392623227,0.18260331451892853,0.12941177189350128
gatedv2_t0.9_d2_s0,nbs2_Anti-Metal.png,16,161.0,92.0,borderline_shifted,106,0.12205467392623227,0.19273720681667328,0.16862745583057404
gatedv2_t0.9_d2_s0,nbs2_Anti-Metal.png,16,78.0,92.0,borderline_shifted,106,0.12205467392623227,0.19277991354465485,0.12941177189350128
gatedv2_t0.9_d2_s0,nbs2_Anti-Metal.png,16,62.0,234.0,borderline_shifted,106,0.12205467392623227,0.11843594908714294,0.10980392247438431
gatedv2_t0.9_d2_s0,nbs2_Anti-Metal.png,16,68.0,75.0,borderline_shifted,106,0.12205467392623227,0.18197372555732727,0.14509804546833038
gatedv2_t0.9_d2_s0,nbs2_Anti-Metal.png,16,156.0,217.0,borderline_shifted,106,0.12205467392623227,0.20302657783031464,0.18431372940540314
gatedv2_t0.9_d2_s0,nbte2_Vacancy-Anion-12A.png,16,95.0,444.0,boundary_edge,170,0.17893990929705214,0.5484199523925781,0.07450980693101883
gatedv2_t0.9_d2_s0,nbte2_Vacancy-Anion-12A.png,16,182.0,603.0,invented_undamaged,170,0.17893990929705214,0.4615370035171509,0.07058823853731155
gatedv2_t0.9_d2_s0,nbte2_Vacancy-Anion-12A.png,16,196.0,454.0,borderline_shifted,170,0.17893990929705214,0.4270825982093811,0.42352941632270813
gatedv2_t0.9_d2_s0,nbte2_Vacancy-Anion-12A.png,16,247.0,570.0,borderline_shifted,170,0.17893990929705214,0.39405202865600586,0.3529411852359772
gatedv2_t0.9_d2_s0,nbte2_Vacancy-Anion-12A.png,16,81.0,399.0,borderline_shifted,170,0.17893990929705214,0.2612541913986206,0.24705882370471954
gatedv2_t0.9_d2_s0,nbte2_Vacancy-Anion-12A.png,16,230.0,505.0,borderline_shifted,170,0.17893990929705214,0.30147385597229004,0.25882354378700256
gatedv2_t0.9_d2_s0,nbte2_Vacancy-Anion-12A.png,16,194.0,441.0,borderline_shifted,170,0.17893990929705214,0.23489971458911896,0.4588235318660736
gatedv2_t0.9_d2_s0,nbte2_Vacancy-Anion-12A.png,16,189.0,425.0,borderline_shifted,170,0.17893990929705214,0.2708010673522949,0.21568627655506134
gatedv2_t0.9_d2_s0,nbte2_Vacancy-Anion-12A.png,16,98.0,629.0,boundary_edge,170,0.17893990929705214,0.131921648979187,0.16862745583057404
gatedv2_t0.9_d2_s0,nbte2_Vacancy-Anion-12A.png,16,194.0,433.0,borderline_shifted,170,0.17893990929705214,0.2128889262676239,0.3333333432674408
gatedv2_t0.9_d2_s0,tis2_Vacancy-Anion-12A.png,16,318.0,279.0,boundary_edge,118,0.5267780385231999,0.2666666805744171,0.239215686917305
gatedv2_t0.9_d2_s0,tis2_Vacancy-Anion-12A.png,16,74.0,280.0,borderline_shifted,118,0.5267780385231999,0.37459415197372437,0.32156863808631897
gatedv2_t0.9_d2_s0,tise2_Adatom-Li.png,16,395.0,309.0,borderline_shifted,157,0.7827629401595622,0.5275833010673523,0.4431372582912445
gatedv2_t0.9_d2_s0,tise2_Adatom-Li.png,16,417.0,323.0,borderline_shifted,157,0.7827629401595622,0.5147538185119629,0.5098039507865906
gatedv2_t0.9_d2_s0,tise2_Adatom-Li.png,16,466.0,358.0,borderline_shifted,157,0.7827629401595622,0.33875584602355957,0.45098039507865906
gatedv2_t0.9_d2_s0,tise2_Adatom-Li.png,16,436.0,391.0,borderline_shifted,157,0.7827629401595622,0.3355134427547455,0.30588236451148987
gatedv2_t0.9_d2_s0,tise2_Adatom-Li.png,16,452.0,254.0,borderline_shifted,157,0.7827629401595622,0.26798394322395325,0.21960784494876862
gatedv2_t0.9_d2_s0,vs2_Vacancy-Anion-06A.png,16,52.0,278.0,boundary_edge,158,0.7963816655205495,0.5539766550064087,0.01568627543747425
gatedv2_t0.9_d2_s0,vs2_Vacancy-Anion-06A.png,16,49.0,323.0,invented_undamaged,158,0.7963816655205495,0.33977580070495605,0.04313725605607033
gatedv2_t0.9_d2_s0,vs2_Vacancy-Anion-06A.png,16,48.0,369.0,boundary_edge,158,0.7963816655205495,0.3053354024887085,0.05098039284348488
gatedv2_t0.9_d2_s0,vs2_Vacancy-Anion-06A.png,16,253.0,297.0,boundary_edge,158,0.7963816655205495,0.3910447955131531,0.35686275362968445
gatedv2_t0.9_d2_s0,vs2_Vacancy-Anion-06A.png,16,367.0,448.0,boundary_edge,158,0.7963816655205495,0.5423147678375244,0.5607843399047852
gatedv2_t0.9_d2_s0,vte2_Defect-Free.png,16,525.0,328.0,borderline_shifted,119,0.09160404481903107,0.6207278966903687,0.40784314274787903
gatedv2_t0.9_d2_s0,vte2_Defect-Free.png,16,443.0,357.0,borderline_shifted,119,0.09160404481903107,0.5545006990432739,0.6117647290229797
gatedv2_t0.9_d2_s0,vte2_Defect-Free.png,16,507.0,325.0,borderline_shifted,119,0.09160404481903107,0.2960183024406433,0.3333333432674408
gatedv2_t0.9_d2_s0,vte2_Defect-Free.png,16,445.0,379.0,borderline_shifted,119,0.09160404481903107,0.23522327840328217,0.5568627715110779
gatedv2_t0.9_d2_s0,vte2_Defect-Free.png,16,459.0,367.0,borderline_shifted,119,0.09160404481903107,0.40619519352912903,0.40392157435417175
gatedv2_t0.9_d2_s0,vte2_Defect-Free.png,16,518.0,310.0,borderline_shifted,119,0.09160404481903107,0.23101401329040527,0.4000000059604645
gatedv2_t0.9_d2_s0,vte2_Defect-Free.png,16,543.0,276.0,invented_damaged,119,0.09160404481903107,0.1826421171426773,0.1921568661928177
gatedv2_t0.9_d2_s0,vte2_Defect-Free.png,16,424.0,363.0,borderline_shifted,119,0.09160404481903107,0.24540191888809204,0.40784314274787903
gatedv2_t0.9_d2_s0,vte2_Defect-Free.png,16,538.0,308.0,borderline_shifted,119,0.09160404481903107,0.20273730158805847,0.19607843458652496
gatedv2_t0.9_d2_s0,vte2_Defect-Free.png,16,432.0,354.0,borderline_shifted,119,0.09160404481903107,0.29197633266448975,0.46666666865348816
gatedv2_t0.9_d2_s0,vte2_Defect-Free.png,16,499.0,335.0,borderline_shifted,119,0.09160404481903107,0.290957510471344,0.21568627655506134
gatedv2_t0.9_d2_s0,vte2_Defect-Free.png,16,521.0,343.0,borderline_shifted,119,0.09160404481903107,0.33194172382354736,0.20392157137393951
gatedv2_t0.9_d2_s0,ws2-A_Vacancy-Metal.png,16,25.0,252.0,borderline_shifted,59,0.09985666507405638,0.16470588743686676,0.20392157137393951
gatedv2_t0.9_d2_s0,cose2_Fe_doped.png,16,554.0,491.0,borderline_shifted,96,0.09939382545424982,0.4557898938655853,0.5647059082984924
gatedv2_t0.9_d2_s0,cose2_Fe_doped.png,16,482.0,555.0,borderline_shifted,96,0.09939382545424982,0.4214808940887451,0.5686274766921997
gatedv2_t0.9_d2_s0,cose2_Fe_doped.png,16,491.0,554.0,borderline_shifted,96,0.09939382545424982,0.4220941364765167,0.4431372582912445
gatedv2_t0.9_d2_s0,cose2_Fe_doped.png,16,490.0,538.0,borderline_shifted,96,0.09939382545424982,0.3241749405860901,0.4941176474094391
gatedv2_t0.9_d2_s0,cose2_Fe_doped.png,16,475.0,537.0,borderline_shifted,96,0.09939382545424982,0.30520713329315186,0.5882353186607361
gatedv2_t0.9_d2_s0,cose2_Fe_doped.png,16,554.0,508.0,borderline_shifted,96,0.09939382545424982,0.5829488635063171,0.5568627715110779
gatedv2_t0.9_d2_s0,cose2_Fe_doped.png,16,476.0,555.0,borderline_shifted,96,0.09939382545424982,0.38168227672576904,0.5254902243614197
gatedv2_t0.9_d2_s0,cose2_Fe_doped.png,16,475.0,546.0,borderline_shifted,96,0.09939382545424982,0.3213026821613312,0.686274528503418
gatedv2_t0.9_d2_s0,cose2_Fe_doped.png,16,498.0,554.0,borderline_shifted,96,0.09939382545424982,0.28367120027542114,0.2666666805744171
gatedv2_t0.9_d2_s0,cose2_Fe_doped.png,16,499.0,546.0,borderline_shifted,96,0.09939382545424982,0.22888606786727905,0.29411765933036804
gatedv2_t0.9_d2_s0,cose2_Fe_doped.png,16,539.0,491.0,borderline_shifted,96,0.09939382545424982,0.25029200315475464,0.26274511218070984
gatedv2_t0.9_d2_s0,cose2_Fe_doped.png,16,484.0,538.0,borderline_shifted,96,0.09939382545424982,0.24763815104961395,0.6352941393852234
gatedv2_t0.9_d2_s0,cose2_Fe_doped.png,16,463.0,553.0,borderline_shifted,96,0.09939382545424982,0.24370698630809784,0.2980392277240753
gatedv2_t0.9_d2_s0,cose2_Fe_doped.png,16,565.0,522.0,borderline_shifted,96,0.09939382545424982,0.26839616894721985,0.20000000298023224
gatedv2_t0.9_d2_s0,cose2_Fe_doped.png,16,571.0,492.0,borderline_shifted,96,0.09939382545424982,0.2079956978559494,0.43529412150382996
gatedv2_t0.9_d2_s0,cose2_Fe_doped.png,16,491.0,522.0,borderline_shifted,96,0.09939382545424982,0.22752366960048676,0.2078431397676468
gatedv2_t0.9_d2_s0,cose2_Fe_doped.png,16,519.0,505.0,borderline_shifted,96,0.09939382545424982,0.2096465528011322,0.23137255012989044
gatedv2_t0.9_d2_s0,cose2_Fe_doped.png,16,477.0,522.0,borderline_shifted,96,0.09939382545424982,0.1960223913192749,0.2235294133424759
gatedv2_t0.9_d2_s0,cose2_Fe_doped.png,16,506.0,538.0,borderline_shifted,96,0.09939382545424982,0.14801466464996338,0.16470588743686676
gatedv2_t0.9_d2_s0,cose2_Fe_doped.png,16,500.0,538.0,borderline_shifted,96,0.09939382545424982,0.1798979640007019,0.25882354378700256
gatedv2_t0.9_d2_s0,cose2_Fe_doped.png,16,467.0,546.0,borderline_shifted,96,0.09939382545424982,0.21842379868030548,0.45490196347236633
gatedv2_t0.9_d2_s0,cose2_Fe_doped.png,16,507.0,522.0,borderline_shifted,96,0.09939382545424982,0.1747216284275055,0.16078431904315948
gatedv2_t0.9_d2_s0,cose2_Fe_doped.png,16,492.0,546.0,borderline_shifted,96,0.09939382545424982,0.2508249878883362,0.4901960790157318
gatedv2_t0.9_d2_s0,cose2_Fe_doped.png,16,537.0,521.0,borderline_shifted,96,0.09939382545424982,0.17081767320632935,0.10196078568696976
gatedv2_t0.9_d2_s0,cose2_Fe_doped.png,16,507.0,489.0,borderline_shifted,96,0.09939382545424982,0.18223252892494202,0.18039216101169586
gatedv2_t0.9_d2_s0,cose2_Fe_doped.png,16,459.0,538.0,borderline_shifted,96,0.09939382545424982,0.16138671338558197,0.239215686917305
gatedv2_t0.9_d2_s0,cro2_Vacancy-Anion-03.png,16,0.0,17.0,boundary_edge,80,0.8467367422350944,0.5589349865913391,0.0784313753247261
gatedv2_t0.9_d2_s0,cro2_Vacancy-Anion-03.png,16,9.0,9.0,boundary_edge,80,0.8467367422350944,0.487583190202713,0.09803921729326248
gatedv2_t0.9_d2_s0,cro2_Vacancy-Anion-03.png,16,0.0,231.0,boundary_edge,80,0.8467367422350944,0.5504430532455444,0.027450980618596077
gatedv2_t0.9_d2_s0,vo2_Vacancy-Anion-03.png,20,549.0,361.0,boundary_edge,100,0.846157372039725,0.7900528907775879,0.16078431904315948
gatedv2_t0.9_d2_s0,vo2_Vacancy-Anion-03.png,20,279.0,357.0,borderline_shifted,100,0.846157372039725,0.7920240163803101,0.01568627543747425
gatedv2_t0.9_d2_s0,vo2_Vacancy-Anion-03.png,20,270.0,436.0,boundary_edge,100,0.846157372039725,0.30691564083099365,0.2705882489681244
gatedv2_t0.9_d2_s0,vo2_Vacancy-Anion-03.png,20,549.0,438.0,boundary_edge,100,0.846157372039725,0.42535531520843506,0.21176470816135406
gatedv2_t0.9_d2_s0,vo2_Vacancy-Anion-03.png,20,266.0,421.0,invented_damaged,100,0.846157372039725,0.3341321349143982,0.23137255012989044
gatedv2_t0.9_d2_s0,vo2_Vacancy-Anion-03.png,20,171.0,377.0,boundary_edge,100,0.846157372039725,0.5035906434059143,0.49803921580314636
gatedv2_t0.9_d2_s0,vo2_Vacancy-Anion-03.png,20,242.0,20.0,boundary_edge,100,0.846157372039725,0.4864036738872528,0.5254902243614197
gatedv2_t0.9_d2_s0,vo2_Vacancy-Anion-03.png,20,378.0,258.0,boundary_edge,100,0.846157372039725,0.49287527799606323,0.40392157435417175
gatedv2_t0.9_d2_s0,vo2_Vacancy-Anion-03.png,20,171.0,257.0,boundary_edge,100,0.846157372039725,0.49649590253829956,0.529411792755127
gatedv2_t0.9_d2_s0,vo2_Vacancy-Anion-03.png,20,172.0,140.0,boundary_edge,100,0.846157372039725,0.49947476387023926,0.49803921580314636
gatedv2_t0.9_d2_s0,vo2_Vacancy-Anion-03.png,20,516.0,20.0,boundary_edge,100,0.846157372039725,0.4843248724937439,0.45490196347236633
gatedv2_t0.9_d2_s0,vo2_Vacancy-Anion-03.png,20,412.0,80.0,boundary_edge,100,0.846157372039725,0.47898799180984497,0.5176470875740051
gatedv2_t0.9_d2_s0,vo2_Vacancy-Anion-03.png,20,447.0,377.0,boundary_edge,100,0.846157372039725,0.4988326132297516,0.4745098054409027
gatedv2_t0.9_d2_s0,vo2_Vacancy-Anion-03.png,20,481.0,318.0,boundary_edge,100,0.846157372039725,0.5005673766136169,0.5254902243614197
gatedv2_t0.9_d2_s0,vo2_Vacancy-Anion-03.png,20,104.0,377.0,boundary_edge,100,0.846157372039725,0.500932514667511,0.48627451062202454
gatedv2_t0.9_d2_s0,vo2_Vacancy-Anion-03.png,20,206.0,79.0,boundary_edge,100,0.846157372039725,0.4965185821056366,0.5411764979362488
gatedv2_t0.9_d2_s0,vo2_Vacancy-Anion-03.png,20,345.0,79.0,boundary_edge,100,0.846157372039725,0.49731194972991943,0.5411764979362488
gatedv2_t0.9_d2_s0,vo2_Vacancy-Anion-03.png,20,447.0,139.0,boundary_edge,100,0.846157372039725,0.4924255609512329,0.48235294222831726
gatedv2_t0.9_d2_s0,vo2_Vacancy-Anion-03.png,20,33.0,20.0,boundary_edge,100,0.846157372039725,0.4913958013057709,0.4745098054409027
gatedv2_t0.9_d2_s0,vo2_Vacancy-Anion-03.png,20,206.0,318.0,invented_damaged,100,0.846157372039725,0.496946781873703,0.501960813999176
gatedv2_t0.9_d2_s0,vo2_Vacancy-Anion-03.png,20,34.0,138.0,boundary_edge,100,0.846157372039725,0.49986201524734497,0.45098039507865906
gatedv2_t0.9_d2_s0,vo2_Vacancy-Anion-03.png,20,309.0,139.0,boundary_edge,100,0.846157372039725,0.49656161665916443,0.47058823704719543
gatedv2_t0.9_d2_s0,vo2_Vacancy-Anion-03.png,20,69.0,318.0,boundary_edge,100,0.846157372039725,0.4912673830986023,0.5176470875740051
gatedv2_t0.9_d2_s0,vo2_Vacancy-Anion-03.png,20,378.0,377.0,boundary_edge,100,0.846157372039725,0.49780476093292236,0.5176470875740051
gatedv2_t0.9_d2_s0,vo2_Vacancy-Anion-03.png,20,241.0,139.0,invented_damaged,100,0.846157372039725,0.49671152234077454,0.5254902243614197
gatedv2_t0.9_d2_s0,vo2_Vacancy-Anion-03.png,20,69.0,79.0,boundary_edge,100,0.846157372039725,0.49369022250175476,0.4274509847164154
gatedv2_t0.9_d2_s0,vo2_Vacancy-Anion-03.png,20,344.0,318.0,boundary_edge,100,0.846157372039725,0.4945451021194458,0.5372549295425415
gatedv2_t0.9_d2_s0,vo2_Vacancy-Anion-03.png,20,137.0,79.0,boundary_edge,100,0.846157372039725,0.47568875551223755,0.5058823823928833
gatedv2_t0.9_d2_s0,vo2_Vacancy-Anion-03.png,20,481.0,79.0,invented_damaged,100,0.846157372039725,0.49323856830596924,0.5215686559677124
gatedv2_t0.9_d2_s0,vo2_Vacancy-Anion-03.png,20,309.0,20.0,boundary_edge,100,0.846157372039725,0.48792511224746704,0.45098039507865906
gatedv2_t0.9_d2_s0,vo2_Vacancy-Anion-03.png,20,103.0,140.0,boundary_edge,100,0.846157372039725,0.4920819103717804,0.45490196347236633
gatedv2_t0.9_d2_s0,vo2_Vacancy-Anion-03.png,20,516.0,139.0,boundary_edge,100,0.846157372039725,0.4978255033493042,0.49803921580314636
gatedv2_t0.9_d2_s0,vo2_Vacancy-Anion-03.png,20,378.0,140.0,boundary_edge,100,0.846157372039725,0.4890183210372925,0.5215686559677124
gatedv2_t0.9_d2_s0,mos2-A_Adatom-Li.png,20,239.0,292.0,borderline_shifted,84,0.303036220133742,0.23746156692504883,0.29019609093666077
gatedv2_t0.9_d2_s0,mose2-A_Doped-Na.png,20,136.0,149.0,borderline_shifted,105,0.09216605552645364,0.16795404255390167,0.1568627506494522
gatedv2_t0.9_d2_s0,mose2-A_Doped-Na.png,20,61.0,182.0,borderline_shifted,105,0.09216605552645364,0.15085329115390778,0.21960784494876862
gatedv2_t0.9_d2_s0,mose2-A_Doped-Na.png,20,65.0,186.0,borderline_shifted,105,0.09216605552645364,0.16856181621551514,0.2235294133424759
gatedv2_t0.9_d2_s0,mote2-A_Anti-2M.png,20,592.0,124.0,borderline_shifted,189,0.4209784745080395,0.3141692280769348,0.529411792755127
gatedv2_t0.9_d2_s0,mote2-A_Anti-2M.png,20,597.0,429.0,borderline_shifted,189,0.4209784745080395,0.2272789031267166,0.3803921639919281
gatedv2_t0.9_d2_s0,tate2-A_Fe_doped.png,20,520.0,237.0,borderline_shifted,122,0.15879011824324324,0.4868090748786926,0.5607843399047852
gatedv2_t0.9_d2_s0,tate2-A_Fe_doped.png,20,519.0,559.0,borderline_shifted,122,0.15879011824324324,0.4864214062690735,0.5529412031173706
gatedv2_t0.9_d2_s0,tate2-A_Fe_doped.png,20,323.0,594.0,invented_damaged,122,0.15879011824324324,0.5244441032409668,0.1921568661928177
gatedv2_t0.9_d2_s0,tate2-A_Fe_doped.png,20,323.0,275.0,invented_damaged,122,0.15879011824324324,0.5299312472343445,0.1882352977991104
gatedv2_t0.9_d2_s0,tate2-A_Fe_doped.png,20,499.0,639.0,boundary_edge,122,0.15879011824324324,0.4629220962524414,0.12941177189350128
gatedv2_t0.9_d2_s0,tate2-A_Fe_doped.png,20,517.0,539.0,borderline_shifted,122,0.15879011824324324,0.42214077711105347,0.47843137383461
gatedv2_t0.9_d2_s0,tate2-A_Fe_doped.png,20,518.0,219.0,borderline_shifted,122,0.15879011824324324,0.40567922592163086,0.45098039507865906
gatedv2_t0.9_d2_s0,tate2-A_Fe_doped.png,20,490.0,234.0,borderline_shifted,122,0.15879011824324324,0.4421212077140808,0.4000000059604645
gatedv2_t0.9_d2_s0,tate2-A_Fe_doped.png,20,502.0,537.0,borderline_shifted,122,0.15879011824324324,0.4527079463005066,0.4627451002597809
gatedv2_t0.9_d2_s0,tate2-A_Fe_doped.png,20,490.0,552.0,borderline_shifted,122,0.15879011824324324,0.443686842918396,0.40784314274787903
gatedv2_t0.9_d2_s0,tate2-A_Fe_doped.png,20,501.0,217.0,borderline_shifted,122,0.15879011824324324,0.4456551671028137,0.4470588266849518
gatedv2_t0.9_d2_s0,tate2-A_Fe_doped.png,20,506.0,249.0,borderline_shifted,122,0.15879011824324324,0.20589067041873932,0.41960784792900085
gatedv2_t0.9_d2_s0,tate2-A_Fe_doped.png,20,505.0,570.0,borderline_shifted,122,0.15879011824324324,0.26522910594940186,0.3843137323856354
gatedv2_t0.9_d2_s0,tate2-A_Fe_doped.png,20,320.0,297.0,borderline_shifted,122,0.15879011824324324,0.2651895582675934,0.16078431904315948
gatedv2_t0.9_d2_s0,tate2-A_Fe_doped.png,20,476.0,291.0,borderline_shifted,122,0.15879011824324324,0.337074339389801,0.30588236451148987
gatedv2_t0.9_d2_s0,tate2-A_Fe_doped.png,20,321.0,619.0,borderline_shifted,122,0.15879011824324324,0.23676946759223938,0.16078431904315948
gatedv2_t0.9_d2_s0,vse2-A_Vacancy-Anion-06A.png,20,628.0,217.0,borderline_shifted,84,0.057534380961969896,0.24705882370471954,0.21176470816135406
gatedv2_t0.9_d2_s0,vse2-A_Vacancy-Anion-06A.png,20,377.0,362.0,borderline_shifted,84,0.057534380961969896,0.21960784494876862,0.22745098173618317
gatedv2_t0.9_d2_s0,vse2-A_Vacancy-Anion-06A.png,20,294.0,217.0,borderline_shifted,84,0.057534380961969896,0.2235294133424759,0.239215686917305
gatedv2_t0.9_d2_s0,vse2-A_Vacancy-Anion-06A.png,20,210.0,72.0,borderline_shifted,84,0.057534380961969896,0.23137255012989044,0.21960784494876862
gatedv2_t0.9_d2_s0,tase2-A_Vacancy-Anion-12B.png,20,179.0,524.0,invented_undamaged,121,0.0021463873852671216,0.26274511218070984,0.2549019753932953
gatedv2_t0.9_d2_s0,nbs2_Anti-Metal.png,20,650.0,288.0,invented_damaged,106,0.14268454192708938,0.23867106437683105,0.10588235408067703
gatedv2_t0.9_d2_s0,nbs2_Anti-Metal.png,20,578.0,290.0,invented_damaged,106,0.14268454192708938,0.2841832637786865,0.1921568661928177
gatedv2_t0.9_d2_s0,nbs2_Anti-Metal.png,20,623.0,253.0,borderline_shifted,106,0.14268454192708938,0.2769947052001953,0.23529411852359772
gatedv2_t0.9_d2_s0,nbs2_Anti-Metal.png,20,617.0,363.0,invented_damaged,106,0.14268454192708938,0.2948184013366699,0.2078431397676468
gatedv2_t0.9_d2_s0,nbs2_Anti-Metal.png,20,492.0,291.0,invented_damaged,106,0.14268454192708938,0.285075306892395,0.21960784494876862
gatedv2_t0.9_d2_s0,nbs2_Anti-Metal.png,20,630.0,413.0,borderline_shifted,106,0.14268454192708938,0.335934042930603,0.29019609093666077
gatedv2_t0.9_d2_s0,nbs2_Anti-Metal.png,20,668.0,296.0,boundary_edge,106,0.14268454192708938,0.1980111002922058,0.08627451211214066
gatedv2_t0.9_d2_s0,nbs2_Anti-Metal.png,20,42.0,390.0,invented_undamaged,106,0.14268454192708938,0.18027164041996002,0.09019608050584793
gatedv2_t0.9_d2_s0,nbs2_Anti-Metal.png,20,649.0,436.0,invented_undamaged,106,0.14268454192708938,0.2401018887758255,0.11372549086809158
gatedv2_t0.9_d2_s0,nbs2_Anti-Metal.png,20,668.0,330.0,boundary_edge,106,0.14268454192708938,0.21867802739143372,0.2549019753932953
gatedv2_t0.9_d2_s0,nbs2_Anti-Metal.png,20,668.0,349.0,boundary_edge,106,0.14268454192708938,0.2459494173526764,0.2980392277240753
gatedv2_t0.9_d2_s0,nbs2_Anti-Metal.png,20,668.0,290.0,boundary_edge,106,0.14268454192708938,0.17111700773239136,0.11372549086809158
gatedv2_t0.9_d2_s0,nbs2_Anti-Metal.png,20,634.0,265.0,borderline_shifted,106,0.14268454192708938,0.1785946488380432,0.21176470816135406
gatedv2_t0.9_d2_s0,nbs2_Anti-Metal.png,20,622.0,270.0,borderline_shifted,106,0.14268454192708938,0.18937842547893524,0.45490196347236633
gatedv2_t0.9_d2_s0,nbte2_Vacancy-Anion-12A.png,20,488.0,312.0,invented_undamaged,170,0.2220499738356881,0.6150264739990234,0.07450980693101883
gatedv2_t0.9_d2_s0,nbte2_Vacancy-Anion-12A.png,20,579.0,156.0,boundary_edge,170,0.2220499738356881,0.6036505699157715,0.062745101749897
gatedv2_t0.9_d2_s0,nbte2_Vacancy-Anion-12A.png,20,365.0,281.0,boundary_edge,170,0.2220499738356881,0.7404321432113647,0.11764705926179886
gatedv2_t0.9_d2_s0,nbte2_Vacancy-Anion-12A.png,20,399.0,156.0,boundary_edge,170,0.2220499738356881,0.6826227903366089,0.15294118225574493
gatedv2_t0.9_d2_s0,nbte2_Vacancy-Anion-12A.png,20,347.0,246.0,borderline_shifted,170,0.2220499738356881,0.6050536632537842,0.2078431397676468
gatedv2_t0.9_d2_s0,nbte2_Vacancy-Anion-12A.png,20,358.0,301.0,borderline_shifted,170,0.2220499738356881,0.27207568287849426,0.12156862765550613
gatedv2_t0.9_d2_s0,tise2_Adatom-Li.png,20,499.0,309.0,borderline_shifted,157,0.5786255096097845,0.4287455081939697,0.40392157435417175
gatedv2_t0.9_d2_s0,tise2_Adatom-Li.png,20,497.0,323.0,borderline_shifted,157,0.5786255096097845,0.4249543249607086,0.4117647111415863
gatedv2_t0.9_d2_s0,tise2_Adatom-Li.png,20,518.0,235.0,borderline_shifted,157,0.5786255096097845,0.4069647192955017,0.46666666865348816
gatedv2_t0.9_d2_s0,tise2_Adatom-Li.png,20,545.0,361.0,borderline_shifted,157,0.5786255096097845,0.3951275944709778,0.32549020648002625
gatedv2_t0.9_d2_s0,tise2_Adatom-Li.png,20,553.0,302.0,borderline_shifted,157,0.5786255096097845,0.3705047070980072,0.3764705955982208
gatedv2_t0.9_d2_s0,tise2_Adatom-Li.png,20,565.0,325.0,borderline_shifted,157,0.5786255096097845,0.42698097229003906,0.5333333611488342
gatedv2_t0.9_d2_s0,tise2_Adatom-Li.png,20,477.0,275.0,borderline_shifted,157,0.5786255096097845,0.4971902072429657,0.5607843399047852
gatedv2_t0.9_d2_s0,tise2_Adatom-Li.png,20,598.0,379.0,borderline_shifted,157,0.5786255096097845,0.35220223665237427,0.40392157435417175
gatedv2_t0.9_d2_s0,tise2_Adatom-Li.png,20,491.0,260.0,borderline_shifted,157,0.5786255096097845,0.3753155469894409,0.45490196347236633
gatedv2_t0.9_d2_s0,tise2_Adatom-Li.png,20,518.0,222.0,borderline_shifted,157,0.5786255096097845,0.2596639096736908,0.5137255191802979
gatedv2_t0.9_d2_s0,tise2_Adatom-Li.png,20,465.0,307.0,borderline_shifted,157,0.5786255096097845,0.3050089180469513,0.3450980484485626
gatedv2_t0.9_d2_s0,tise2_Adatom-Li.png,20,573.0,316.0,borderline_shifted,157,0.5786255096097845,0.3781875669956207,0.48235294222831726
gatedv2_t0.9_d2_s0,tise2_Adatom-Li.png,20,568.0,373.0,borderline_shifted,157,0.5786255096097845,0.3622323274612427,0.3333333432674408
gatedv2_t0.9_d2_s0,tise2_Adatom-Li.png,20,537.0,370.0,borderline_shifted,157,0.5786255096097845,0.3736248314380646,0.32156863808631897
gatedv2_t0.9_d2_s0,tise2_Adatom-Li.png,20,467.0,178.0,borderline_shifted,157,0.5786255096097845,0.34804025292396545,0.34117648005485535
gatedv2_t0.9_d2_s0,tise2_Adatom-Li.png,20,537.0,341.0,borderline_shifted,157,0.5786255096097845,0.195282444357872,0.239215686917305
gatedv2_t0.9_d2_s0,tise2_Adatom-Li.png,20,480.0,324.0,borderline_shifted,157,0.5786255096097845,0.23780708014965057,0.23137255012989044
gatedv2_t0.9_d2_s0,tise2_Adatom-Li.png,20,468.0,275.0,borderline_shifted,157,0.5786255096097845,0.3671156167984009,0.3803921639919281
gatedv2_t0.9_d2_s0,tise2_Adatom-Li.png,20,497.0,366.0,borderline_shifted,157,0.5786255096097845,0.3539884686470032,0.6235294342041016
gatedv2_t0.9_d2_s0,tise2_Adatom-Li.png,20,515.0,203.0,borderline_shifted,157,0.5786255096097845,0.23687388002872467,0.23137255012989044
gatedv2_t0.9_d2_s0,tise2_Adatom-Li.png,20,518.0,247.0,borderline_shifted,157,0.5786255096097845,0.27312973141670227,0.239215686917305
gatedv2_t0.9_d2_s0,tise2_Adatom-Li.png,20,573.0,403.0,borderline_shifted,157,0.5786255096097845,0.2629108130931854,0.27843138575553894
gatedv2_t0.9_d2_s0,tise2_Adatom-Li.png,20,465.0,265.0,borderline_shifted,157,0.5786255096097845,0.30418169498443604,0.30588236451148987
gatedv2_t0.9_d2_s0,tise2_Adatom-Li.png,20,499.0,356.0,borderline_shifted,157,0.5786255096097845,0.28734761476516724,0.5411764979362488
gatedv2_t0.9_d2_s0,tise2_Adatom-Li.png,20,506.0,183.0,borderline_shifted,157,0.5786255096097845,0.25490739941596985,0.26274511218070984
gatedv2_t0.9_d2_s0,tise2_Adatom-Li.png,20,555.0,341.0,borderline_shifted,157,0.5786255096097845,0.2896690368652344,0.239215686917305
gatedv2_t0.9_d2_s0,tise2_Adatom-Li.png,20,474.0,323.0,borderline_shifted,157,0.5786255096097845,0.23281782865524292,0.2862745225429535
gatedv2_t0.9_d2_s0,tise2_Adatom-Li.png,20,464.0,353.0,borderline_shifted,157,0.5786255096097845,0.3576947748661041,0.40392157435417175
gatedv2_t0.9_d2_s0,tise2_Adatom-Li.png,20,518.0,293.0,borderline_shifted,157,0.5786255096097845,0.2625386416912079,0.2235294133424759
gatedv2_t0.9_d2_s0,tise2_Adatom-Li.png,20,471.0,289.0,borderline_shifted,157,0.5786255096097845,0.2832399606704712,0.23529411852359772
gatedv2_t0.9_d2_s0,tise2_Adatom-Li.png,20,497.0,348.0,borderline_shifted,157,0.5786255096097845,0.19013291597366333,0.5137255191802979
gatedv2_t0.9_d2_s0,tise2_Adatom-Li.png,20,561.0,298.0,borderline_shifted,157,0.5786255096097845,0.3251519799232483,0.33725491166114807
gatedv2_t0.9_d2_s0,tite2-B_Cu_doped.png,20,352.0,109.0,borderline_shifted,72,0.5777090846642624,0.17537248134613037,0.25882354378700256
gatedv2_t0.9_d2_s0,tite2-B_Cu_doped.png,20,724.0,98.0,borderline_shifted,72,0.5777090846642624,0.15503111481666565,0.16862745583057404
gatedv2_t0.9_d2_s0,tite2-B_Cu_doped.png,20,746.0,162.0,boundary_edge,72,0.5777090846642624,0.1568627506494522,0.125490203499794
gatedv2_t0.9_d2_s0,tite2-B_Cu_doped.png,20,376.0,162.0,borderline_shifted,72,0.5777090846642624,0.16862745583057404,0.12156862765550613
gatedv2_t0.9_d2_s0,vs2_Vacancy-Anion-06A.png,20,324.0,65.0,borderline_shifted,158,0.7683230182784471,0.7105241417884827,0.5686274766921997
gatedv2_t0.9_d2_s0,vs2_Vacancy-Anion-06A.png,20,366.0,61.0,borderline_shifted,158,0.7683230182784471,0.6188597679138184,0.6117647290229797
gatedv2_t0.9_d2_s0,vs2_Vacancy-Anion-06A.png,20,92.0,113.0,boundary_edge,158,0.7683230182784471,0.38260889053344727,0.06666667014360428
gatedv2_t0.9_d2_s0,vs2_Vacancy-Anion-06A.png,20,322.0,90.0,borderline_shifted,158,0.7683230182784471,0.48366665840148926,0.38823530077934265
gatedv2_t0.9_d2_s0,vs2_Vacancy-Anion-06A.png,20,367.0,447.0,invented_damaged,158,0.7683230182784471,0.5430507659912109,0.5098039507865906
gatedv2_t0.9_d2_s0,vs2_Vacancy-Anion-06A.png,20,94.0,21.0,boundary_edge,158,0.7683230182784471,0.39657023549079895,0.32549020648002625
gatedv2_t0.9_d2_s0,vte2_Defect-Free.png,20,426.0,552.0,borderline_shifted,119,0.11809107112468539,0.27739769220352173,0.24705882370471954
gatedv2_t0.9_d2_s0,vte2_Defect-Free.png,20,426.0,539.0,borderline_shifted,119,0.11809107112468539,0.22418810427188873,0.2078431397676468
gatedv2_t0.9_d2_s0,ws2-A_Vacancy-Metal.png,20,345.0,499.0,invented_undamaged,59,0.09741655859668281,0.6350744366645813,0.04313725605607033
gatedv2_t0.9_d2_s0,ws2-A_Vacancy-Metal.png,20,400.0,42.0,borderline_shifted,59,0.09741655859668281,0.2579985558986664,0.03529411926865578
gatedv2_t0.9_d2_s0,ws2-A_Vacancy-Metal.png,20,410.0,42.0,borderline_shifted,59,0.09741655859668281,0.24024178087711334,0.03529411926865578
gatedv2_t0.9_d2_s0,ws2-A_Vacancy-Metal.png,20,429.0,44.0,borderline_shifted,59,0.09741655859668281,0.19228073954582214,0.03529411926865578
gatedv2_t0.9_d2_s0,ws2-A_Vacancy-Metal.png,20,455.0,538.0,boundary_edge,59,0.09741655859668281,0.20713618397712708,0.1882352977991104
gatedv2_t0.9_d2_s0,ws2-A_Vacancy-Metal.png,20,389.0,417.0,borderline_shifted,59,0.09741655859668281,0.23411157727241516,0.21960784494876862
gatedv2_t0.9_d2_s0,ws2-A_Vacancy-Metal.png,20,458.0,382.0,borderline_shifted,59,0.09741655859668281,0.2368447631597519,0.24705882370471954
gatedv2_t0.9_d2_s0,cose2_Fe_doped.png,20,449.0,171.0,borderline_shifted,96,0.13462105198975652,0.5181682109832764,0.529411792755127
gatedv2_t0.9_d2_s0,cose2_Fe_doped.png,20,405.0,137.0,borderline_shifted,96,0.13462105198975652,0.3977818787097931,0.3803921639919281
gatedv2_t0.9_d2_s0,cose2_Fe_doped.png,20,388.0,118.0,borderline_shifted,96,0.13462105198975652,0.28379738330841064,0.48235294222831726
gatedv2_t0.9_d2_s0,cose2_Fe_doped.png,20,456.0,188.0,borderline_shifted,96,0.13462105198975652,0.2478560209274292,0.529411792755127
gatedv2_t0.9_d2_s0,cose2_Fe_doped.png,20,434.0,223.0,borderline_shifted,96,0.13462105198975652,0.27347809076309204,0.24705882370471954
gatedv2_t0.9_d2_s0,cro2_Vacancy-Anion-03.png,20,316.0,216.0,borderline_shifted,80,0.8332209793934552,0.41401487588882446,0.3803921639919281
gatedv2_t0.9_d2_s0,cro2_Vacancy-Anion-03.png,20,372.0,133.0,borderline_shifted,80,0.8332209793934552,0.44389235973358154,0.43921568989753723
gatedv2_t0.9_d2_s0,vo2_Vacancy-Anion-03.png,28,412.0,80.0,boundary_edge,100,0.8501107715813598,0.4732121229171753,0.5176470875740051
gatedv2_t0.9_d2_s0,vo2_Vacancy-Anion-03.png,28,241.0,138.0,boundary_edge,100,0.8501107715813598,0.4904562830924988,0.5098039507865906
gatedv2_t0.9_d2_s0,vo2_Vacancy-Anion-03.png,28,310.0,138.0,boundary_edge,100,0.8501107715813598,0.4883629083633423,0.47843137383461
gatedv2_t0.9_d2_s0,vo2_Vacancy-Anion-03.png,28,379.0,258.0,boundary_edge,100,0.8501107715813598,0.48657479882240295,0.4588235318660736
gatedv2_t0.9_d2_s0,vo2_Vacancy-Anion-03.png,28,516.0,20.0,invented_damaged,100,0.8501107715813598,0.4787716269493103,0.45490196347236633
gatedv2_t0.9_d2_s0,vo2_Vacancy-Anion-03.png,28,34.0,139.0,boundary_edge,100,0.8501107715813598,0.4808400273323059,0.48627451062202454
gatedv2_t0.9_d2_s0,vo2_Vacancy-Anion-03.png,28,138.0,79.0,boundary_edge,100,0.8501107715813598,0.4737691879272461,0.501960813999176
gatedv2_t0.9_d2_s0,vo2_Vacancy-Anion-03.png,28,309.0,21.0,boundary_edge,100,0.8501107715813598,0.48195427656173706,0.49803921580314636
gatedv2_t0.9_d2_s0,vo2_Vacancy-Anion-03.png,28,172.0,377.0,boundary_edge,100,0.8501107715813598,0.49283161759376526,0.45098039507865906
gatedv2_t0.9_d2_s0,vo2_Vacancy-Anion-03.png,28,34.0,20.0,invented_damaged,100,0.8501107715813598,0.47035637497901917,0.46666666865348816
gatedv2_t0.9_d2_s0,vo2_Vacancy-Anion-03.png,28,516.0,139.0,boundary_edge,100,0.8501107715813598,0.4854254424571991,0.49803921580314636
gatedv2_t0.9_d2_s0,vo2_Vacancy-Anion-03.png,28,344.0,317.0,boundary_edge,100,0.8501107715813598,0.4811602830886841,0.4431372582912445
gatedv2_t0.9_d2_s0,vo2_Vacancy-Anion-03.png,28,103.0,377.0,invented_damaged,100,0.8501107715813598,0.48482000827789307,0.5176470875740051
gatedv2_t0.9_d2_s0,vo2_Vacancy-Anion-03.png,28,205.0,80.0,invented_damaged,100,0.8501107715813598,0.4840393364429474,0.49803921580314636
gatedv2_t0.9_d2_s0,vo2_Vacancy-Anion-03.png,28,379.0,377.0,boundary_edge,100,0.8501107715813598,0.48772236704826355,0.46666666865348816
gatedv2_t0.9_d2_s0,vo2_Vacancy-Anion-03.png,28,447.0,377.0,boundary_edge,100,0.8501107715813598,0.4891701936721802,0.4745098054409027
gatedv2_t0.9_d2_s0,vo2_Vacancy-Anion-03.png,28,171.0,140.0,boundary_edge,100,0.8501107715813598,0.4822678864002228,0.48627451062202454
gatedv2_t0.9_d2_s0,vo2_Vacancy-Anion-03.png,28,549.0,80.0,boundary_edge,100,0.8501107715813598,0.46555572748184204,0.4745098054409027
gatedv2_t0.9_d2_s0,vo2_Vacancy-Anion-03.png,28,104.0,140.0,boundary_edge,100,0.8501107715813598,0.4846532344818115,0.48627451062202454
gatedv2_t0.9_d2_s0,vo2_Vacancy-Anion-03.png,28,171.0,258.0,boundary_edge,100,0.8501107715813598,0.4804413616657257,0.45098039507865906
gatedv2_t0.9_d2_s0,vo2_Vacancy-Anion-03.png,28,69.0,317.0,boundary_edge,100,0.8501107715813598,0.48111358284950256,0.5411764979362488
gatedv2_t0.9_d2_s0,mos2-A_Adatom-Li.png,28,117.0,0.0,boundary_edge,84,0.31663115118276464,0.5550526976585388,0.054901961237192154
gatedv2_t0.9_d2_s0,mos2-A_Adatom-Li.png,28,0.0,281.0,boundary_edge,84,0.31663115118276464,0.3693408966064453,0.03529411926865578
gatedv2_t0.9_d2_s0,mos2-A_Adatom-Li.png,28,8.0,7.0,boundary_edge,84,0.31663115118276464,1.0,0.0235294122248888
gatedv2_t0.9_d2_s0,mose2-A_Doped-Na.png,28,284.0,304.0,invented_damaged,105,0.27534311157674174,0.2805584669113159,0.09803921729326248
gatedv2_t0.9_d2_s0,mose2-A_Doped-Na.png,28,298.0,425.0,borderline_shifted,105,0.27534311157674174,0.22517693042755127,0.20392157137393951
gatedv2_t0.9_d2_s0,mose2-A_Doped-Na.png,28,525.0,0.0,boundary_edge,105,0.27534311157674174,0.19607843458652496,0.1725490242242813
gatedv2_t0.9_d2_s0,mote2-A_Anti-2M.png,28,8.0,604.0,boundary_edge,189,0.2446209950507945,0.46576109528541565,0.501960813999176
gatedv2_t0.9_d2_s0,tate2-A_Fe_doped.png,28,0.0,598.0,boundary_edge,122,0.29657094594594596,0.5992459654808044,0.05098039284348488
gatedv2_t0.9_d2_s0,tate2-A_Fe_doped.png,28,0.0,185.0,boundary_edge,122,0.29657094594594596,0.6292763948440552,0.05882352963089943
gatedv2_t0.9_d2_s0,tate2-A_Fe_doped.png,28,0.0,411.0,boundary_edge,122,0.29657094594594596,0.6224410533905029,0.14901961386203766
gatedv2_t0.9_d2_s0,tate2-A_Fe_doped.png,28,0.0,505.0,boundary_edge,122,0.29657094594594596,0.6185194849967957,0.05882352963089943
gatedv2_t0.9_d2_s0,tate2-A_Fe_doped.png,28,0.0,91.0,boundary_edge,122,0.29657094594594596,0.5862488746643066,0.16078431904315948
gatedv2_t0.9_d2_s0,tate2-A_Fe_doped.png,28,0.0,276.0,boundary_edge,122,0.29657094594594596,0.5361616611480713,0.054901961237192154
gatedv2_t0.9_d2_s0,tate2-A_Fe_doped.png,28,18.0,59.0,borderline_shifted,122,0.29657094594594596,0.4395744204521179,0.5568627715110779
gatedv2_t0.9_d2_s0,tate2-A_Fe_doped.png,28,43.0,41.0,borderline_shifted,122,0.29657094594594596,0.4610881507396698,0.3450980484485626
gatedv2_t0.9_d2_s0,tate2-A_Fe_doped.png,28,76.0,59.0,borderline_shifted,122,0.29657094594594596,0.31575828790664673,0.40784314274787903
gatedv2_t0.9_d2_s0,tate2-A_Fe_doped.png,28,32.0,66.0,borderline_shifted,122,0.29657094594594596,0.33335041999816895,0.35686275362968445
gatedv2_t0.9_d2_s0,tate2-A_Fe_doped.png,28,100.0,297.0,borderline_shifted,122,0.29657094594594596,0.2311616986989975,0.3450980484485626
gatedv2_t0.9_d2_s0,tate2-A_Fe_doped.png,28,177.0,605.0,borderline_shifted,122,0.29657094594594596,0.21579283475875854,0.29019609093666077
gatedv2_t0.9_d2_s0,tate2-A_Fe_doped.png,28,64.0,310.0,borderline_shifted,122,0.29657094594594596,0.21054211258888245,0.22745098173618317
gatedv2_t0.9_d2_s0,tate2-A_Fe_doped.png,28,101.0,356.0,borderline_shifted,122,0.29657094594594596,0.15967154502868652,0.1921568661928177
gatedv2_t0.9_d2_s0,tate2-A_Fe_doped.png,28,59.0,59.0,borderline_shifted,122,0.29657094594594596,0.18947741389274597,0.1764705926179886
gatedv2_t0.9_d2_s0,tate2-A_Fe_doped.png,28,48.0,64.0,borderline_shifted,122,0.29657094594594596,0.20034652948379517,0.16862745583057404
gatedv2_t0.9_d2_s0,vse2-A_Vacancy-Anion-06A.png,28,279.0,170.0,borderline_shifted,84,0.3680718521444375,0.48053234815597534,0.5215686559677124
gatedv2_t0.9_d2_s0,vse2-A_Vacancy-Anion-06A.png,28,614.0,170.0,borderline_shifted,84,0.3680718521444375,0.4479750692844391,0.5803921818733215
gatedv2_t0.9_d2_s0,vse2-A_Vacancy-Anion-06A.png,28,578.0,87.0,borderline_shifted,84,0.3680718521444375,0.4211771786212921,0.615686297416687
gatedv2_t0.9_d2_s0,vse2-A_Vacancy-Anion-06A.png,28,243.0,87.0,borderline_shifted,84,0.3680718521444375,0.4616478681564331,0.6078431606292725
gatedv2_t0.9_d2_s0,vse2-A_Vacancy-Anion-06A.png,28,261.0,102.0,borderline_shifted,84,0.3680718521444375,0.4033932685852051,0.615686297416687
gatedv2_t0.9_d2_s0,vse2-A_Vacancy-Anion-06A.png,28,597.0,101.0,borderline_shifted,84,0.3680718521444375,0.46758100390434265,0.6235294342041016
gatedv2_t0.9_d2_s0,vse2-A_Vacancy-Anion-06A.png,28,315.0,101.0,borderline_shifted,84,0.3680718521444375,0.314696729183197,0.30980393290519714
gatedv2_t0.9_d2_s0,vse2-A_Vacancy-Anion-06A.png,28,315.0,91.0,borderline_shifted,84,0.3680718521444375,0.3084019124507904,0.30588236451148987
gatedv2_t0.9_d2_s0,vse2-A_Vacancy-Anion-06A.png,28,317.0,244.0,borderline_shifted,84,0.3680718521444375,0.3601279854774475,0.4000000059604645
gatedv2_t0.9_d2_s0,vse2-A_Vacancy-Anion-06A.png,28,652.0,243.0,borderline_shifted,84,0.3680718521444375,0.47250837087631226,0.3921568691730499
gatedv2_t0.9_d2_s0,vse2-A_Vacancy-Anion-06A.png,28,668.0,145.0,boundary_edge,84,0.3680718521444375,0.1927153766155243,0.22745098173618317
gatedv2_t0.9_d2_s0,vse2-A_Vacancy-Anion-06A.png,28,318.0,235.0,borderline_shifted,84,0.3680718521444375,0.37289851903915405,0.3764705955982208
gatedv2_t0.9_d2_s0,vse2-A_Vacancy-Anion-06A.png,28,668.0,10.0,boundary_edge,84,0.3680718521444375,0.16807375848293304,0.18039216101169586
gatedv2_t0.9_d2_s0,vse2-A_Vacancy-Anion-06A.png,28,337.0,144.0,borderline_shifted,84,0.3680718521444375,0.22013984620571136,0.2078431397676468
gatedv2_t0.9_d2_s0,vse2-A_Vacancy-Anion-06A.png,28,275.0,83.0,borderline_shifted,84,0.3680718521444375,0.1615411937236786,0.18431372940540314
gatedv2_t0.9_d2_s0,vse2-A_Vacancy-Anion-06A.png,28,610.0,84.0,borderline_shifted,84,0.3680718521444375,0.16145077347755432,0.1725490242242813
gatedv2_t0.9_d2_s0,vse2-A_Vacancy-Anion-06A.png,28,608.0,93.0,borderline_shifted,84,0.3680718521444375,0.1806788146495819,0.24705882370471954
gatedv2_t0.9_d2_s0,vse2-A_Vacancy-Anion-06A.png,28,668.0,287.0,boundary_edge,84,0.3680718521444375,0.25882354378700256,0.24313725531101227
gatedv2_t0.9_d2_s0,vse2-A_Vacancy-Anion-06A.png,28,337.0,578.0,boundary_edge,84,0.3680718521444375,0.1921568661928177,0.12941177189350128
gatedv2_t0.9_d2_s0,vse2-A_Vacancy-Anion-06A.png,28,668.0,578.0,boundary_edge,84,0.3680718521444375,0.16862745583057404,0.1411764770746231
gatedv2_t0.9_d2_s0,vse2-A_Vacancy-Anion-06A.png,28,591.0,0.0,boundary_edge,84,0.3680718521444375,0.1882352977991104,0.20000000298023224
gatedv2_t0.9_d2_s0,vse2-A_Vacancy-Anion-06A.png,28,257.0,0.0,boundary_edge,84,0.3680718521444375,0.1921568661928177,0.21568627655506134
gatedv2_t0.9_d2_s0,vse2-A_Vacancy-Anion-06A.png,28,0.0,144.0,boundary_edge,84,0.3680718521444375,0.25882354378700256,0.19607843458652496
gatedv2_t0.9_d2_s0,vse2-A_Vacancy-Anion-06A.png,28,653.0,229.0,boundary_edge,84,0.3680718521444375,0.357573926448822,0.3137255012989044
gatedv2_t0.9_d2_s0,vse2-A_Vacancy-Anion-06A.png,28,337.0,10.0,boundary_edge,84,0.3680718521444375,0.19565795361995697,0.16862745583057404
gatedv2_t0.9_d2_s0,vse2-A_Vacancy-Anion-06A.png,28,213.0,74.0,borderline_shifted,84,0.3680718521444375,0.22745098173618317,0.2235294133424759
gatedv2_t0.9_d2_s0,tase2-A_Vacancy-Anion-12B.png,28,252.0,266.0,borderline_shifted,121,0.015954342198164273,0.23529411852359772,0.250980406999588
gatedv2_t0.9_d2_s0,tase2-A_Vacancy-Anion-12B.png,28,252.0,569.0,borderline_shifted,121,0.015954342198164273,0.22745098173618317,0.24705882370471954
gatedv2_t0.9_d2_s0,nbs2_Anti-Metal.png,28,56.0,435.0,invented_undamaged,106,0.1717925086033081,0.3560132384300232,0.027450980618596077
gatedv2_t0.9_d2_s0,nbs2_Anti-Metal.png,28,81.0,517.0,borderline_shifted,106,0.1717925086033081,0.30259865522384644,0.29019609093666077
gatedv2_t0.9_d2_s0,nbs2_Anti-Metal.png,28,97.0,348.0,borderline_shifted,106,0.1717925086033081,0.20702846348285675,0.2666666805744171
gatedv2_t0.9_d2_s0,nbs2_Anti-Metal.png,28,139.0,521.0,borderline_shifted,106,0.1717925086033081,0.19824230670928955,0.14901961386203766
gatedv2_t0.9_d2_s0,nbs2_Anti-Metal.png,28,174.0,379.0,borderline_shifted,106,0.1717925086033081,0.2725590467453003,0.21960784494876862
gatedv2_t0.9_d2_s0,nbte2_Vacancy-Anion-12A.png,28,360.0,289.0,invented_damaged,170,0.4029216814931101,0.8945953249931335,0.10980392247438431
gatedv2_t0.9_d2_s0,nbte2_Vacancy-Anion-12A.png,28,487.0,313.0,invented_damaged,170,0.4029216814931101,0.6799982786178589,0.0941176488995552
gatedv2_t0.9_d2_s0,nbte2_Vacancy-Anion-12A.png,28,406.0,149.0,invented_undamaged,170,0.4029216814931101,0.5020647644996643,0.10196078568696976
gatedv2_t0.9_d2_s0,nbte2_Vacancy-Anion-12A.png,28,324.0,218.0,borderline_shifted,170,0.4029216814931101,0.4991443455219269,0.5490196347236633
gatedv2_t0.9_d2_s0,nbte2_Vacancy-Anion-12A.png,28,390.0,165.0,borderline_shifted,170,0.4029216814931101,0.5807217955589294,0.20000000298023224
gatedv2_t0.9_d2_s0,nbte2_Vacancy-Anion-12A.png,28,336.0,207.0,borderline_shifted,170,0.4029216814931101,0.5170196294784546,0.5176470875740051
gatedv2_t0.9_d2_s0,nbte2_Vacancy-Anion-12A.png,28,386.0,147.0,borderline_shifted,170,0.4029216814931101,0.5187633633613586,0.26274511218070984
gatedv2_t0.9_d2_s0,nbte2_Vacancy-Anion-12A.png,28,491.0,433.0,borderline_shifted,170,0.4029216814931101,0.29161491990089417,0.24705882370471954
gatedv2_t0.9_d2_s0,nbte2_Vacancy-Anion-12A.png,28,502.0,417.0,borderline_shifted,170,0.4029216814931101,0.30759817361831665,0.29019609093666077
gatedv2_t0.9_d2_s0,tise2_Adatom-Li.png,28,492.0,321.0,borderline_shifted,157,0.7974295328692533,0.4270817041397095,0.30588236451148987
gatedv2_t0.9_d2_s0,tise2_Adatom-Li.png,28,542.0,327.0,borderline_shifted,157,0.7974295328692533,0.39493489265441895,0.2666666805744171
gatedv2_t0.9_d2_s0,tise2_Adatom-Li.png,28,499.0,332.0,borderline_shifted,157,0.7974295328692533,0.4261317849159241,0.364705890417099
gatedv2_t0.9_d2_s0,tise2_Adatom-Li.png,28,503.0,293.0,borderline_shifted,157,0.7974295328692533,0.34355300664901733,0.2980392277240753
gatedv2_t0.9_d2_s0,tise2_Adatom-Li.png,28,487.0,395.0,borderline_shifted,157,0.7974295328692533,0.3303150534629822,0.3019607961177826
gatedv2_t0.9_d2_s0,tite2-B_Cu_doped.png,28,572.0,113.0,borderline_shifted,72,0.737464024050866,0.5571408867835999,0.5647059082984924
gatedv2_t0.9_d2_s0,tite2-B_Cu_doped.png,28,245.0,21.0,borderline_shifted,72,0.737464024050866,0.5963314175605774,0.5803921818733215
gatedv2_t0.9_d2_s0,tite2-B_Cu_doped.png,28,39.0,201.0,borderline_shifted,72,0.737464024050866,0.5147601366043091,0.4745098054409027
gatedv2_t0.9_d2_s0,tite2-B_Cu_doped.png,28,172.0,107.0,borderline_shifted,72,0.737464024050866,0.5111790895462036,0.48235294222831726
gatedv2_t0.9_d2_s0,tite2-B_Cu_doped.png,28,559.0,91.0,borderline_shifted,72,0.737464024050866,0.4552556276321411,0.3960784375667572
gatedv2_t0.9_d2_s0,tite2-B_Cu_doped.png,28,229.0,19.0,borderline_shifted,72,0.737464024050866,0.5970327854156494,0.7372549176216125
gatedv2_t0.9_d2_s0,tite2-B_Cu_doped.png,28,63.0,33.0,borderline_shifted,72,0.737464024050866,0.3783120810985565,0.4274509847164154
gatedv2_t0.9_d2_s0,tite2-B_Cu_doped.png,28,61.0,200.0,borderline_shifted,72,0.737464024050866,0.37440311908721924,0.33725491166114807
gatedv2_t0.9_d2_s0,tite2-B_Cu_doped.png,28,34.0,179.0,borderline_shifted,72,0.737464024050866,0.43567296862602234,0.40392157435417175
gatedv2_t0.9_d2_s0,tite2-B_Cu_doped.png,28,181.0,123.0,borderline_shifted,72,0.737464024050866,0.4221303164958954,0.4313725531101227
gatedv2_t0.9_d2_s0,tite2-B_Cu_doped.png,28,542.0,109.0,borderline_shifted,72,0.737464024050866,0.3868613541126251,0.3764705955982208
gatedv2_t0.9_d2_s0,tite2-B_Cu_doped.png,28,196.0,93.0,borderline_shifted,72,0.737464024050866,0.4221303164958954,0.3686274588108063
gatedv2_t0.9_d2_s0,tite2-B_Cu_doped.png,28,601.0,16.0,borderline_shifted,72,0.737464024050866,0.323214054107666,0.615686297416687
gatedv2_t0.9_d2_s0,tite2-B_Cu_doped.png,28,214.0,29.0,borderline_shifted,72,0.737464024050866,0.3348595201969147,0.30980393290519714
gatedv2_t0.9_d2_s0,tite2-B_Cu_doped.png,28,495.0,198.0,borderline_shifted,72,0.737464024050866,0.27893611788749695,0.27843138575553894
gatedv2_t0.9_d2_s0,tite2-B_Cu_doped.png,28,189.0,92.0,borderline_shifted,72,0.737464024050866,0.3271383047103882,0.42352941632270813
gatedv2_t0.9_d2_s0,tite2-B_Cu_doped.png,28,68.0,181.0,borderline_shifted,72,0.737464024050866,0.18371473252773285,0.21568627655506134
gatedv2_t0.9_d2_s0,tite2-B_Cu_doped.png,28,439.0,185.0,borderline_shifted,72,0.737464024050866,0.2507915794849396,0.3137255012989044
gatedv2_t0.9_d2_s0,tite2-B_Cu_doped.png,28,550.0,111.0,borderline_shifted,72,0.737464024050866,0.261344850063324,0.6431372761726379
gatedv2_t0.9_d2_s0,tite2-B_Cu_doped.png,28,0.0,487.0,boundary_edge,72,0.737464024050866,0.18431372940540314,0.11764705926179886
gatedv2_t0.9_d2_s0,tite2-B_Cu_doped.png,28,131.0,168.0,borderline_shifted,72,0.737464024050866,0.2140977531671524,0.21176470816135406
gatedv2_t0.9_d2_s0,tite2-B_Cu_doped.png,28,495.0,186.0,borderline_shifted,72,0.737464024050866,0.13814786076545715,0.3490196168422699
gatedv2_t0.9_d2_s0,tite2-B_Cu_doped.png,28,442.0,196.0,borderline_shifted,72,0.737464024050866,0.19914279878139496,0.18431372940540314
gatedv2_t0.9_d2_s0,tite2-B_Cu_doped.png,28,0.0,326.0,boundary_edge,72,0.737464024050866,0.18431372940540314,0.10980392247438431
gatedv2_t0.9_d2_s0,tite2-B_Cu_doped.png,28,699.0,569.0,borderline_shifted,72,0.737464024050866,0.16470588743686676,0.09019608050584793
gatedv2_t0.9_d2_s0,tite2-B_Cu_doped.png,28,0.0,0.0,boundary_edge,72,0.737464024050866,0.14509804546833038,0.10980392247438431
gatedv2_t0.9_d2_s0,tite2-B_Cu_doped.png,28,92.0,328.0,borderline_shifted,72,0.737464024050866,0.16862745583057404,0.10980392247438431
gatedv2_t0.9_d2_s0,tite2-B_Cu_doped.png,28,604.0,566.0,borderline_shifted,72,0.737464024050866,0.16470588743686676,0.09803921729326248
gatedv2_t0.9_d2_s0,vs2_Vacancy-Anion-06A.png,28,368.0,449.0,boundary_edge,158,0.7803473442624806,0.5340739488601685,0.5254902243614197
gatedv2_t0.9_d2_s0,vte2_Defect-Free.png,28,260.0,422.0,borderline_shifted,119,0.15707037232756227,0.39924049377441406,0.3960784375667572
gatedv2_t0.9_d2_s0,vte2_Defect-Free.png,28,256.0,340.0,borderline_shifted,119,0.15707037232756227,0.5130115747451782,0.43529412150382996
gatedv2_t0.9_d2_s0,vte2_Defect-Free.png,28,279.0,347.0,borderline_shifted,119,0.15707037232756227,0.5167508125305176,0.3921568691730499
gatedv2_t0.9_d2_s0,vte2_Defect-Free.png,28,284.0,472.0,borderline_shifted,119,0.15707037232756227,0.311176061630249,0.30588236451148987
gatedv2_t0.9_d2_s0,vte2_Defect-Free.png,28,245.0,411.0,borderline_shifted,119,0.15707037232756227,0.2539847493171692,0.2823529541492462
gatedv2_t0.9_d2_s0,vte2_Defect-Free.png,28,277.0,451.0,borderline_shifted,119,0.15707037232756227,0.21236717700958252,0.32156863808631897
gatedv2_t0.9_d2_s0,vte2_Defect-Free.png,28,275.0,455.0,borderline_shifted,119,0.15707037232756227,0.21527615189552307,0.33725491166114807
gatedv2_t0.9_d2_s0,vte2_Defect-Free.png,28,244.0,420.0,borderline_shifted,119,0.15707037232756227,0.23401643335819244,0.26274511218070984
gatedv2_t0.9_d2_s0,vte2_Defect-Free.png,28,337.0,388.0,borderline_shifted,119,0.15707037232756227,0.35048291087150574,0.30588236451148987
gatedv2_t0.9_d2_s0,vte2_Defect-Free.png,28,276.0,422.0,borderline_shifted,119,0.15707037232756227,0.21527613699436188,0.2235294133424759
gatedv2_t0.9_d2_s0,vte2_Defect-Free.png,28,275.0,441.0,borderline_shifted,119,0.15707037232756227,0.17828018963336945,0.20392157137393951
gatedv2_t0.9_d2_s0,vte2_Defect-Free.png,28,152.0,411.0,invented_damaged,119,0.15707037232756227,0.19875568151474,0.1882352977991104
gatedv2_t0.9_d2_s0,vte2_Defect-Free.png,28,243.0,339.0,borderline_shifted,119,0.15707037232756227,0.3641590476036072,0.29411765933036804
gatedv2_t0.9_d2_s0,vte2_Defect-Free.png,28,203.0,489.0,borderline_shifted,119,0.15707037232756227,0.1944715529680252,0.24313725531101227
gatedv2_t0.9_d2_s0,vte2_Defect-Free.png,28,206.0,346.0,borderline_shifted,119,0.15707037232756227,0.2633134424686432,0.22745098173618317
gatedv2_t0.9_d2_s0,vte2_Defect-Free.png,28,221.0,342.0,borderline_shifted,119,0.15707037232756227,0.24567019939422607,0.1882352977991104
gatedv2_t0.9_d2_s0,vte2_Defect-Free.png,28,317.0,379.0,borderline_shifted,119,0.15707037232756227,0.3563386797904968,0.2862745225429535
gatedv2_t0.9_d2_s0,ws2-A_Vacancy-Metal.png,28,78.0,490.0,borderline_shifted,59,0.15548711123245285,0.4418877363204956,0.4431372582912445
gatedv2_t0.9_d2_s0,ws2-A_Vacancy-Metal.png,28,217.0,499.0,borderline_shifted,59,0.15548711123245285,0.25048625469207764,0.5215686559677124
gatedv2_t0.9_d2_s0,ws2-A_Vacancy-Metal.png,28,188.0,501.0,borderline_shifted,59,0.15548711123245285,0.2543255090713501,0.2862745225429535
gatedv2_t0.9_d2_s0,ws2-A_Vacancy-Metal.png,28,217.0,490.0,borderline_shifted,59,0.15548711123245285,0.22516880929470062,0.4313725531101227
gatedv2_t0.9_d2_s0,ws2-A_Vacancy-Metal.png,28,71.0,346.0,borderline_shifted,59,0.15548711123245285,0.3186223804950714,0.3176470696926117
gatedv2_t0.9_d2_s0,ws2-A_Vacancy-Metal.png,28,184.0,462.0,borderline_shifted,59,0.15548711123245285,0.22612279653549194,0.22745098173618317
gatedv2_t0.9_d2_s0,ws2-A_Vacancy-Metal.png,28,55.0,485.0,borderline_shifted,59,0.15548711123245285,0.26915442943573,0.2666666805744171
gatedv2_t0.9_d2_s0,ws2-A_Vacancy-Metal.png,28,113.0,504.0,borderline_shifted,59,0.15548711123245285,0.2024967521429062,0.22745098173618317
gatedv2_t0.9_d2_s0,ws2-A_Vacancy-Metal.png,28,49.0,499.0,borderline_shifted,59,0.15548711123245285,0.2418573945760727,0.239215686917305
gatedv2_t0.9_d2_s0,ws2-A_Vacancy-Metal.png,28,217.0,506.0,borderline_shifted,59,0.15548711123245285,0.1809406578540802,0.46666666865348816
gatedv2_t0.9_d2_s0,ws2-A_Vacancy-Metal.png,28,43.0,457.0,borderline_shifted,59,0.15548711123245285,0.20973312854766846,0.21960784494876862
gatedv2_t0.9_d2_s0,ws2-A_Vacancy-Metal.png,28,201.0,513.0,borderline_shifted,59,0.15548711123245285,0.17722174525260925,0.364705890417099
gatedv2_t0.9_d2_s0,ws2-A_Vacancy-Metal.png,28,251.0,499.0,borderline_shifted,59,0.15548711123245285,0.2235294133424759,0.23529411852359772
gatedv2_t0.9_d2_s0,ws2-A_Vacancy-Metal.png,28,192.0,512.0,borderline_shifted,59,0.15548711123245285,0.18147607147693634,0.2666666805744171
gatedv2_t0.9_d2_s0,cose2_Fe_doped.png,28,184.0,91.0,borderline_shifted,96,0.14149323198243974,0.38840287923812866,0.4313725531101227
gatedv2_t0.9_d2_s0,cose2_Fe_doped.png,28,22.0,246.0,borderline_shifted,96,0.14149323198243974,0.41791364550590515,0.572549045085907
gatedv2_t0.9_d2_s0,cose2_Fe_doped.png,28,137.0,52.0,boundary_edge,96,0.14149323198243974,0.23215416073799133,0.05882352963089943
gatedv2_t0.9_d2_s0,cose2_Fe_doped.png,28,185.0,82.0,borderline_shifted,96,0.14149323198243974,0.19604015350341797,0.3686274588108063
gatedv2_t0.9_d2_s0,cose2_Fe_doped.png,28,154.0,67.0,borderline_shifted,96,0.14149323198243974,0.18652378022670746,0.19607843458652496
gatedv2_t0.9_d2_s0,cose2_Fe_doped.png,28,574.0,131.0,invented_undamaged,96,0.14149323198243974,0.18189872801303864,0.03529411926865578
gatedv2_t0.9_d2_s0,cose2_Fe_doped.png,28,0.0,221.0,boundary_edge,96,0.14149323198243974,0.2454872876405716,0.05098039284348488
gatedv2_t0.9_d2_s0,cose2_Fe_doped.png,28,0.0,305.0,boundary_edge,96,0.14149323198243974,0.2078431397676468,0.21960784494876862
gatedv2_t0.9_d2_s0,vo2_Vacancy-Anion-03.png,36,408.0,8.0,boundary_edge,100,0.9097402597402597,0.5949580073356628,0.13333334028720856
gatedv2_t0.9_d2_s0,vo2_Vacancy-Anion-03.png,36,132.0,9.0,boundary_edge,100,0.9097402597402597,0.5415430665016174,0.1568627506494522
gatedv2_t0.9_d2_s0,vo2_Vacancy-Anion-03.png,36,124.0,8.0,boundary_edge,100,0.9097402597402597,0.5519452095031738,0.21568627655506134
gatedv2_t0.9_d2_s0,vo2_Vacancy-Anion-03.png,36,421.0,8.0,boundary_edge,100,0.9097402597402597,0.5598298907279968,0.1764705926179886
gatedv2_t0.9_d2_s0,vo2_Vacancy-Anion-03.png,36,537.0,78.0,boundary_edge,100,0.9097402597402597,0.5009153485298157,0.46666666865348816
gatedv2_t0.9_d2_s0,vo2_Vacancy-Anion-03.png,36,148.0,6.0,boundary_edge,100,0.9097402597402597,0.49685826897621155,0.1921568661928177
gatedv2_t0.9_d2_s0,vo2_Vacancy-Anion-03.png,36,291.0,231.0,borderline_shifted,100,0.9097402597402597,0.3591153919696808,0.1882352977991104
gatedv2_t0.9_d2_s0,vo2_Vacancy-Anion-03.png,36,68.0,79.0,invented_damaged,100,0.9097402597402597,0.5022443532943726,0.5137255191802979
gatedv2_t0.9_d2_s0,vo2_Vacancy-Anion-03.png,36,516.0,139.0,boundary_edge,100,0.9097402597402597,0.545128345489502,0.49803921580314636
gatedv2_t0.9_d2_s0,vo2_Vacancy-Anion-03.png,36,342.0,80.0,invented_damaged,100,0.9097402597402597,0.5048863887786865,0.45490196347236633
gatedv2_t0.9_d2_s0,vo2_Vacancy-Anion-03.png,36,34.0,137.0,invented_damaged,100,0.9097402597402597,0.5374969840049744,0.43529412150382996
gatedv2_t0.9_d2_s0,vo2_Vacancy-Anion-03.png,36,241.0,139.0,boundary_edge,100,0.9097402597402597,0.5371304154396057,0.5254902243614197
gatedv2_t0.9_d2_s0,vo2_Vacancy-Anion-03.png,36,172.0,258.0,boundary_edge,100,0.9097402597402597,0.5182321071624756,0.5215686559677124
gatedv2_t0.9_d2_s0,vo2_Vacancy-Anion-03.png,36,412.0,79.0,invented_damaged,100,0.9097402597402597,0.47941696643829346,0.48627451062202454
gatedv2_t0.9_d2_s0,vo2_Vacancy-Anion-03.png,36,206.0,80.0,invented_damaged,100,0.9097402597402597,0.5150015354156494,0.4588235318660736
gatedv2_t0.9_d2_s0,vo2_Vacancy-Anion-03.png,36,379.0,260.0,invented_damaged,100,0.9097402597402597,0.5160320997238159,0.5137255191802979
gatedv2_t0.9_d2_s0,vo2_Vacancy-Anion-03.png,36,136.0,79.0,invented_damaged,100,0.9097402597402597,0.4696338176727295,0.5137255191802979
gatedv2_t0.9_d2_s0,vo2_Vacancy-Anion-03.png,36,310.0,20.0,invented_damaged,100,0.9097402597402597,0.5127857327461243,0.49803921580314636
gatedv2_t0.9_d2_s0,vo2_Vacancy-Anion-03.png,36,34.0,20.0,boundary_edge,100,0.9097402597402597,0.5157372951507568,0.46666666865348816
gatedv2_t0.9_d2_s0,vo2_Vacancy-Anion-03.png,36,414.0,199.0,invented_damaged,100,0.9097402597402597,0.509427011013031,0.2549019753932953
gatedv2_t0.9_d2_s0,vo2_Vacancy-Anion-03.png,36,447.0,139.0,invented_damaged,100,0.9097402597402597,0.5015838742256165,0.48235294222831726
gatedv2_t0.9_d2_s0,vo2_Vacancy-Anion-03.png,36,139.0,199.0,invented_damaged,100,0.9097402597402597,0.5061659216880798,0.2549019753932953
gatedv2_t0.9_d2_s0,vo2_Vacancy-Anion-03.png,36,480.0,80.0,invented_damaged,100,0.9097402597402597,0.5016478300094604,0.5411764979362488
gatedv2_t0.9_d2_s0,vo2_Vacancy-Anion-03.png,36,516.0,20.0,boundary_edge,100,0.9097402597402597,0.5064032673835754,0.45490196347236633
gatedv2_t0.9_d2_s0,vo2_Vacancy-Anion-03.png,36,172.0,139.0,invented_damaged,100,0.9097402597402597,0.5022443532943726,0.5137255191802979
gatedv2_t0.9_d2_s0,vo2_Vacancy-Anion-03.png,36,69.0,318.0,boundary_edge,100,0.9097402597402597,0.5030326843261719,0.5176470875740051
gatedv2_t0.9_d2_s0,vo2_Vacancy-Anion-03.png,36,481.0,318.0,boundary_edge,100,0.9097402597402597,0.5121667385101318,0.5254902243614197
gatedv2_t0.9_d2_s0,vo2_Vacancy-Anion-03.png,36,104.0,377.0,boundary_edge,100,0.9097402597402597,0.5065731406211853,0.48627451062202454
gatedv2_t0.9_d2_s0,vo2_Vacancy-Anion-03.png,36,206.0,317.0,boundary_edge,100,0.9097402597402597,0.5067617893218994,0.501960813999176
gatedv2_t0.9_d2_s0,vo2_Vacancy-Anion-03.png,36,549.0,318.0,boundary_edge,100,0.9097402597402597,0.47885411977767944,0.45098039507865906
gatedv2_t0.9_d2_s0,mos2-A_Adatom-Li.png,36,132.0,552.0,boundary_edge,84,0.4344463404901986,0.29168763756752014,0.054901961237192154
gatedv2_t0.9_d2_s0,mos2-A_Adatom-Li.png,36,141.0,512.0,invented_damaged,84,0.4344463404901986,0.2609178423881531,0.22745098173618317
gatedv2_t0.9_d2_s0,mos2-A_Adatom-Li.png,36,304.0,387.0,invented_damaged,84,0.4344463404901986,0.26172274351119995,0.26274511218070984
gatedv2_t0.9_d2_s0,mos2-A_Adatom-Li.png,36,300.0,252.0,boundary_edge,84,0.4344463404901986,0.24313725531101227,0.25882354378700256
gatedv2_t0.9_d2_s0,mos2-A_Adatom-Li.png,36,162.0,88.0,boundary_edge,84,0.4344463404901986,0.2980392277240753,0.2705882489681244
gatedv2_t0.9_d2_s0,mos2-A_Adatom-Li.png,36,367.0,290.0,boundary_edge,84,0.4344463404901986,0.27450981736183167,0.2823529541492462
gatedv2_t0.9_d2_s0,mos2-A_Adatom-Li.png,36,91.0,290.0,boundary_edge,84,0.4344463404901986,0.27450981736183167,0.2823529541492462
gatedv2_t0.9_d2_s0,mos2-A_Adatom-Li.png,36,439.0,88.0,boundary_edge,84,0.4344463404901986,0.32156863808631897,0.29411765933036804
gatedv2_t0.9_d2_s0,mose2-A_Doped-Na.png,36,313.0,164.0,borderline_shifted,105,0.17656102671555787,0.16796979308128357,0.35686275362968445
gatedv2_t0.9_d2_s0,mose2-A_Doped-Na.png,36,276.0,218.0,borderline_shifted,105,0.17656102671555787,0.20227280259132385,0.2235294133424759
gatedv2_t0.9_d2_s0,mose2-A_Doped-Na.png,36,298.0,104.0,borderline_shifted,105,0.17656102671555787,0.17707650363445282,0.2666666805744171
gatedv2_t0.9_d2_s0,mose2-A_Doped-Na.png,36,298.0,229.0,borderline_shifted,105,0.17656102671555787,0.17872104048728943,0.18431372940540314
gatedv2_t0.9_d2_s0,mose2-A_Doped-Na.png,36,469.0,88.0,borderline_shifted,105,0.17656102671555787,0.1873578131198883,0.22745098173618317
gatedv2_t0.9_d2_s0,mose2-A_Doped-Na.png,36,525.0,0.0,boundary_edge,105,0.17656102671555787,0.16078431904315948,0.1725490242242813
gatedv2_t0.9_d2_s0,mose2-A_Doped-Na.png,36,357.0,75.0,borderline_shifted,105,0.17656102671555787,0.15695400536060333,0.1411764770746231
gatedv2_t0.9_d2_s0,mose2-A_Doped-Na.png,36,332.0,178.0,borderline_shifted,105,0.17656102671555787,0.20154625177383423,0.19607843458652496
gatedv2_t0.9_d2_s0,mose2-A_Doped-Na.png,36,313.0,109.0,borderline_shifted,105,0.17656102671555787,0.11762596666812897,0.2862745225429535
gatedv2_t0.9_d2_s0,mote2-A_Anti-2M.png,36,8.0,604.0,boundary_edge,189,0.23815861138080466,0.4985261559486389,0.501960813999176
gatedv2_t0.9_d2_s0,tate2-A_Fe_doped.png,36,321.0,598.0,invented_damaged,122,0.34993243243243244,0.5207957625389099,0.20392157137393951
gatedv2_t0.9_d2_s0,tate2-A_Fe_doped.png,36,321.0,278.0,invented_damaged,122,0.34993243243243244,0.519443690776825,0.2078431397676468
gatedv2_t0.9_d2_s0,tate2-A_Fe_doped.png,36,523.0,235.0,borderline_shifted,122,0.34993243243243244,0.39475542306900024,0.4941176474094391
gatedv2_t0.9_d2_s0,tate2-A_Fe_doped.png,36,523.0,552.0,borderline_shifted,122,0.34993243243243244,0.4127419590950012,0.4941176474094391
gatedv2_t0.9_d2_s0,tate2-A_Fe_doped.png,36,490.0,171.0,borderline_shifted,122,0.34993243243243244,0.25458285212516785,0.24313725531101227
gatedv2_t0.9_d2_s0,tate2-A_Fe_doped.png,36,490.0,491.0,borderline_shifted,122,0.34993243243243244,0.25708502531051636,0.250980406999588
gatedv2_t0.9_d2_s0,tate2-A_Fe_doped.png,36,491.0,499.0,borderline_shifted,122,0.34993243243243244,0.23017257452011108,0.37254902720451355
gatedv2_t0.9_d2_s0,tate2-A_Fe_doped.png,36,515.0,152.0,borderline_shifted,122,0.34993243243243244,0.2923220098018646,0.5254902243614197
gatedv2_t0.9_d2_s0,tate2-A_Fe_doped.png,36,507.0,210.0,borderline_shifted,122,0.34993243243243244,0.26614561676979065,0.3176470696926117
gatedv2_t0.9_d2_s0,tate2-A_Fe_doped.png,36,491.0,516.0,borderline_shifted,122,0.34993243243243244,0.16201338171958923,0.3803921639919281
gatedv2_t0.9_d2_s0,tate2-A_Fe_doped.png,36,545.0,545.0,borderline_shifted,122,0.34993243243243244,0.15852636098861694,0.32156863808631897
gatedv2_t0.9_d2_s0,tate2-A_Fe_doped.png,36,523.0,245.0,borderline_shifted,122,0.34993243243243244,0.28426676988601685,0.33725491166114807
gatedv2_t0.9_d2_s0,tate2-A_Fe_doped.png,36,480.0,203.0,borderline_shifted,122,0.34993243243243244,0.28014326095581055,0.32156863808631897
gatedv2_t0.9_d2_s0,vse2-A_Vacancy-Anion-06A.png,36,100.0,99.0,borderline_shifted,84,0.6393839179452228,0.4746421277523041,0.13333334028720856
gatedv2_t0.9_d2_s0,vse2-A_Vacancy-Anion-06A.png,36,434.0,100.0,borderline_shifted,84,0.6393839179452228,0.47321459650993347,0.13333334028720856
gatedv2_t0.9_d2_s0,vse2-A_Vacancy-Anion-06A.png,36,411.0,110.0,borderline_shifted,84,0.6393839179452228,0.3113141655921936,0.15294118225574493
gatedv2_t0.9_d2_s0,vse2-A_Vacancy-Anion-06A.png,36,409.0,92.0,borderline_shifted,84,0.6393839179452228,0.28913944959640503,0.239215686917305
gatedv2_t0.9_d2_s0,vse2-A_Vacancy-Anion-06A.png,36,534.0,162.0,borderline_shifted,84,0.6393839179452228,0.22207799553871155,0.5921568870544434
gatedv2_t0.9_d2_s0,vse2-A_Vacancy-Anion-06A.png,36,73.0,79.0,borderline_shifted,84,0.6393839179452228,0.20950955152511597,0.0941176488995552
gatedv2_t0.9_d2_s0,vse2-A_Vacancy-Anion-06A.png,36,75.0,111.0,borderline_shifted,84,0.6393839179452228,0.25604015588760376,0.1411764770746231
gatedv2_t0.9_d2_s0,vse2-A_Vacancy-Anion-06A.png,36,167.0,0.0,boundary_edge,84,0.6393839179452228,0.23137255012989044,0.21176470816135406
gatedv2_t0.9_d2_s0,vse2-A_Vacancy-Anion-06A.png,36,502.0,0.0,boundary_edge,84,0.6393839179452228,0.1921568661928177,0.23529411852359772
gatedv2_t0.9_d2_s0,vse2-A_Vacancy-Anion-06A.png,36,408.0,78.0,borderline_shifted,84,0.6393839179452228,0.1978687047958374,0.08627451211214066
gatedv2_t0.9_d2_s0,vse2-A_Vacancy-Anion-06A.png,36,198.0,162.0,borderline_shifted,84,0.6393839179452228,0.20220847427845,0.5137255191802979
gatedv2_t0.9_d2_s0,vse2-A_Vacancy-Anion-06A.png,36,56.0,42.0,borderline_shifted,84,0.6393839179452228,0.27368995547294617,0.2078431397676468
gatedv2_t0.9_d2_s0,vse2-A_Vacancy-Anion-06A.png,36,376.0,71.0,borderline_shifted,84,0.6393839179452228,0.2027241736650467,0.14509804546833038
gatedv2_t0.9_d2_s0,vse2-A_Vacancy-Anion-06A.png,36,402.0,99.0,borderline_shifted,84,0.6393839179452228,0.19079749286174774,0.16862745583057404
gatedv2_t0.9_d2_s0,vse2-A_Vacancy-Anion-06A.png,36,39.0,216.0,borderline_shifted,84,0.6393839179452228,0.19095945358276367,0.20392157137393951
gatedv2_t0.9_d2_s0,vse2-A_Vacancy-Anion-06A.png,36,394.0,39.0,borderline_shifted,84,0.6393839179452228,0.23633652925491333,0.20000000298023224
gatedv2_t0.9_d2_s0,vse2-A_Vacancy-Anion-06A.png,36,375.0,217.0,borderline_shifted,84,0.6393839179452228,0.20032037794589996,0.22745098173618317
gatedv2_t0.9_d2_s0,vse2-A_Vacancy-Anion-06A.png,36,0.0,8.0,boundary_edge,84,0.6393839179452228,0.21176470816135406,0.18431372940540314
gatedv2_t0.9_d2_s0,vse2-A_Vacancy-Anion-06A.png,36,394.0,180.0,borderline_shifted,84,0.6393839179452228,0.2652684450149536,0.24313725531101227
gatedv2_t0.9_d2_s0,vse2-A_Vacancy-Anion-06A.png,36,68.0,171.0,borderline_shifted,84,0.6393839179452228,0.17633970081806183,0.16862745583057404
gatedv2_t0.9_d2_s0,vse2-A_Vacancy-Anion-06A.png,36,398.0,34.0,borderline_shifted,84,0.6393839179452228,0.19812282919883728,0.1568627506494522
gatedv2_t0.9_d2_s0,vse2-A_Vacancy-Anion-06A.png,36,33.0,193.0,borderline_shifted,84,0.6393839179452228,0.19746533036231995,0.20000000298023224
gatedv2_t0.9_d2_s0,vse2-A_Vacancy-Anion-06A.png,36,67.0,21.0,borderline_shifted,84,0.6393839179452228,0.17749646306037903,0.18431372940540314
gatedv2_t0.9_d2_s0,vse2-A_Vacancy-Anion-06A.png,36,522.0,154.0,borderline_shifted,84,0.6393839179452228,0.18035152554512024,0.16862745583057404
gatedv2_t0.9_d2_s0,vse2-A_Vacancy-Anion-06A.png,36,209.0,71.0,borderline_shifted,84,0.6393839179452228,0.20174790918827057,0.23137255012989044
gatedv2_t0.9_d2_s0,vse2-A_Vacancy-Anion-06A.png,36,583.0,0.0,boundary_edge,84,0.6393839179452228,0.21960784494876862,0.19607843458652496
gatedv2_t0.9_d2_s0,vse2-A_Vacancy-Anion-06A.png,36,249.0,0.0,boundary_edge,84,0.6393839179452228,0.21960784494876862,0.1882352977991104
gatedv2_t0.9_d2_s0,vse2-A_Vacancy-Anion-06A.png,36,39.0,67.0,borderline_shifted,84,0.6393839179452228,0.18096676468849182,0.14509804546833038
gatedv2_t0.9_d2_s0,tas2-A_Doped-Li.png,36,513.0,334.0,borderline_shifted,68,0.33740201284579985,0.8025528788566589,0.027450980618596077
gatedv2_t0.9_d2_s0,tas2-A_Doped-Li.png,36,513.0,40.0,invented_undamaged,68,0.33740201284579985,0.7253842949867249,0.04313725605607033
gatedv2_t0.9_d2_s0,tase2-A_Vacancy-Anion-12B.png,36,120.0,595.0,boundary_edge,121,0.005267121675688397,0.15294118225574493,0.16470588743686676
gatedv2_t0.9_d2_s0,nbs2_Anti-Metal.png,36,503.0,195.0,borderline_shifted,106,0.43878549429328956,0.4391360282897949,0.3450980484485626
gatedv2_t0.9_d2_s0,nbs2_Anti-Metal.png,36,307.0,150.0,borderline_shifted,106,0.43878549429328956,0.5320378541946411,0.5058823823928833
gatedv2_t0.9_d2_s0,nbs2_Anti-Metal.png,36,372.0,104.0,borderline_shifted,106,0.43878549429328956,0.29785671830177307,0.35686275362968445
gatedv2_t0.9_d2_s0,nbs2_Anti-Metal.png,36,409.0,146.0,invented_damaged,106,0.43878549429328956,0.3741760849952698,0.22745098173618317
gatedv2_t0.9_d2_s0,nbs2_Anti-Metal.png,36,391.0,127.0,borderline_shifted,106,0.43878549429328956,0.3440878987312317,0.19607843458652496
gatedv2_t0.9_d2_s0,nbs2_Anti-Metal.png,36,312.0,133.0,borderline_shifted,106,0.43878549429328956,0.3209637403488159,0.3333333432674408
gatedv2_t0.9_d2_s0,nbs2_Anti-Metal.png,36,408.0,35.0,borderline_shifted,106,0.43878549429328956,0.27354052662849426,0.2823529541492462
gatedv2_t0.9_d2_s0,nbs2_Anti-Metal.png,36,341.0,90.0,borderline_shifted,106,0.43878549429328956,0.21356798708438873,0.3529411852359772
gatedv2_t0.9_d2_s0,nbs2_Anti-Metal.png,36,553.0,58.0,borderline_shifted,106,0.43878549429328956,0.17966730892658234,0.16470588743686676
gatedv2_t0.9_d2_s0,nbs2_Anti-Metal.png,36,489.0,209.0,borderline_shifted,106,0.43878549429328956,0.21822689473628998,0.27450981736183167
gatedv2_t0.9_d2_s0,nbs2_Anti-Metal.png,36,362.0,149.0,borderline_shifted,106,0.43878549429328956,0.2775638699531555,0.15294118225574493
gatedv2_t0.9_d2_s0,nbs2_Anti-Metal.png,36,354.0,141.0,borderline_shifted,106,0.43878549429328956,0.2485659420490265,0.1882352977991104
gatedv2_t0.9_d2_s0,nbs2_Anti-Metal.png,36,350.0,91.0,borderline_shifted,106,0.43878549429328956,0.2176157832145691,0.42352941632270813
gatedv2_t0.9_d2_s0,nbs2_Anti-Metal.png,36,481.0,182.0,borderline_shifted,106,0.43878549429328956,0.2701602578163147,0.25882354378700256
gatedv2_t0.9_d2_s0,nbs2_Anti-Metal.png,36,366.0,0.0,boundary_edge,106,0.43878549429328956,0.19607843458652496,0.21960784494876862
gatedv2_t0.9_d2_s0,nbs2_Anti-Metal.png,36,455.0,88.0,borderline_shifted,106,0.43878549429328956,0.22197690606117249,0.14509804546833038
gatedv2_t0.9_d2_s0,nbs2_Anti-Metal.png,36,291.0,156.0,borderline_shifted,106,0.43878549429328956,0.2813895344734192,0.3176470696926117
gatedv2_t0.9_d2_s0,nbs2_Anti-Metal.png,36,449.0,0.0,boundary_edge,106,0.43878549429328956,0.18039216101169586,0.1725490242242813
gatedv2_t0.9_d2_s0,nbs2_Anti-Metal.png,36,500.0,57.0,borderline_shifted,106,0.43878549429328956,0.1695593297481537,0.35686275362968445
gatedv2_t0.9_d2_s0,nbs2_Anti-Metal.png,36,347.0,89.0,borderline_shifted,106,0.43878549429328956,0.18991932272911072,0.4274509847164154
gatedv2_t0.9_d2_s0,nbs2_Anti-Metal.png,36,453.0,364.0,boundary_edge,106,0.43878549429328956,0.29019609093666077,0.250980406999588
gatedv2_t0.9_d2_s0,nbs2_Anti-Metal.png,36,493.0,434.0,boundary_edge,106,0.43878549429328956,0.27450981736183167,0.22745098173618317
gatedv2_t0.9_d2_s0,nbs2_Anti-Metal.png,36,494.0,293.0,boundary_edge,106,0.43878549429328956,0.250980406999588,0.22745098173618317
gatedv2_t0.9_d2_s0,nbs2_Anti-Metal.png,36,618.0,0.0,boundary_edge,106,0.43878549429328956,0.18431372940540314,0.12941177189350128
gatedv2_t0.9_d2_s0,nbs2_Anti-Metal.png,36,453.0,74.0,invented_damaged,106,0.43878549429328956,0.12094233185052872,0.21960784494876862
gatedv2_t0.9_d2_s0,nbs2_Anti-Metal.png,36,615.0,364.0,boundary_edge,106,0.43878549429328956,0.2666666805744171,0.2078431397676468
gatedv2_t0.9_d2_s0,nbs2_Anti-Metal.png,36,574.0,293.0,boundary_edge,106,0.43878549429328956,0.2666666805744171,0.21960784494876862
gatedv2_t0.9_d2_s0,nbte2_Vacancy-Anion-12A.png,36,487.0,312.0,boundary_edge,170,0.30871707657421943,0.6188489198684692,0.09803921729326248
gatedv2_t0.9_d2_s0,nbte2_Vacancy-Anion-12A.png,36,280.0,131.0,boundary_edge,170,0.30871707657421943,0.6116670370101929,0.0784313753247261
gatedv2_t0.9_d2_s0,nbte2_Vacancy-Anion-12A.png,36,361.0,288.0,invented_damaged,170,0.30871707657421943,0.7618783712387085,0.10588235408067703
gatedv2_t0.9_d2_s0,nbte2_Vacancy-Anion-12A.png,36,401.0,156.0,invented_damaged,170,0.30871707657421943,0.7667492628097534,0.125490203499794
gatedv2_t0.9_d2_s0,nbte2_Vacancy-Anion-12A.png,36,593.0,164.0,borderline_shifted,170,0.30871707657421943,0.3286001980304718,0.09019608050584793
gatedv2_t0.9_d2_s0,nbte2_Vacancy-Anion-12A.png,36,423.0,57.0,borderline_shifted,170,0.30871707657421943,0.41165369749069214,0.20392157137393951
gatedv2_t0.9_d2_s0,nbte2_Vacancy-Anion-12A.png,36,581.0,137.0,borderline_shifted,170,0.30871707657421943,0.28232693672180176,0.06666667014360428
gatedv2_t0.9_d2_s0,tis2_Vacancy-Anion-12A.png,36,376.0,252.0,borderline_shifted,118,0.39352938291110645,0.6485429406166077,0.6000000238418579
gatedv2_t0.9_d2_s0,tis2_Vacancy-Anion-12A.png,36,315.0,280.0,borderline_shifted,118,0.39352938291110645,0.4767552614212036,0.239215686917305
gatedv2_t0.9_d2_s0,tis2_Vacancy-Anion-12A.png,36,385.0,267.0,borderline_shifted,118,0.39352938291110645,0.4663272798061371,0.4431372582912445
gatedv2_t0.9_d2_s0,tis2_Vacancy-Anion-12A.png,36,396.0,250.0,borderline_shifted,118,0.39352938291110645,0.3965977430343628,0.6274510025978088
gatedv2_t0.9_d2_s0,tis2_Vacancy-Anion-12A.png,36,379.0,234.0,borderline_shifted,118,0.39352938291110645,0.40300679206848145,0.364705890417099
gatedv2_t0.9_d2_s0,tis2_Vacancy-Anion-12A.png,36,313.0,568.0,boundary_edge,118,0.39352938291110645,0.4149013161659241,0.21568627655506134
gatedv2_t0.9_d2_s0,tis2_Vacancy-Anion-12A.png,36,409.0,253.0,borderline_shifted,118,0.39352938291110645,0.29666414856910706,0.38823530077934265
gatedv2_t0.9_d2_s0,tis2_Vacancy-Anion-12A.png,36,357.0,279.0,borderline_shifted,118,0.39352938291110645,0.29753753542900085,0.27450981736183167
gatedv2_t0.9_d2_s0,tise2_Adatom-Li.png,36,0.0,395.0,boundary_edge,157,0.32370274842610314,0.5853307843208313,0.05882352963089943
gatedv2_t0.9_d2_s0,tise2_Adatom-Li.png,36,168.0,264.0,borderline_shifted,157,0.32370274842610314,0.4012109935283661,0.43529412150382996
gatedv2_t0.9_d2_s0,tise2_Adatom-Li.png,36,188.0,263.0,borderline_shifted,157,0.32370274842610314,0.4383547306060791,0.47058823704719543
gatedv2_t0.9_d2_s0,tise2_Adatom-Li.png,36,205.0,325.0,borderline_shifted,157,0.32370274842610314,0.48587948083877563,0.5607843399047852
gatedv2_t0.9_d2_s0,tise2_Adatom-Li.png,36,202.0,305.0,borderline_shifted,157,0.32370274842610314,0.4494670033454895,0.48627451062202454
gatedv2_t0.9_d2_s0,tise2_Adatom-Li.png,36,27.0,439.0,boundary_edge,157,0.32370274842610314,0.3979848027229309,0.06666667014360428
gatedv2_t0.9_d2_s0,tise2_Adatom-Li.png,36,210.0,306.0,borderline_shifted,157,0.32370274842610314,0.2874642312526703,0.48627451062202454
gatedv2_t0.9_d2_s0,tise2_Adatom-Li.png,36,191.0,276.0,borderline_shifted,157,0.32370274842610314,0.3041541576385498,0.43921568989753723
gatedv2_t0.9_d2_s0,tise2_Adatom-Li.png,36,0.0,228.0,boundary_edge,157,0.32370274842610314,0.35807371139526367,0.054901961237192154
gatedv2_t0.9_d2_s0,tise2_Adatom-Li.png,36,93.0,531.0,borderline_shifted,157,0.32370274842610314,0.3094952702522278,0.3450980484485626
gatedv2_t0.9_d2_s0,tise2_Adatom-Li.png,36,185.0,340.0,borderline_shifted,157,0.32370274842610314,0.29102370142936707,0.3137255012989044
gatedv2_t0.9_d2_s0,tise2_Adatom-Li.png,36,86.0,529.0,borderline_shifted,157,0.32370274842610314,0.2657773494720459,0.48627451062202454
gatedv2_t0.9_d2_s0,tise2_Adatom-Li.png,36,203.0,292.0,borderline_shifted,157,0.32370274842610314,0.24648654460906982,0.24313725531101227
gatedv2_t0.9_d2_s0,tise2_Adatom-Li.png,36,186.0,326.0,borderline_shifted,157,0.32370274842610314,0.20356284081935883,0.25882354378700256
gatedv2_t0.9_d2_s0,tise2_Adatom-Li.png,36,189.0,286.0,borderline_shifted,157,0.32370274842610314,0.19285637140274048,0.37254902720451355
gatedv2_t0.9_d2_s0,tise2_Adatom-Li.png,36,217.0,306.0,borderline_shifted,157,0.32370274842610314,0.2247658371925354,0.37254902720451355
gatedv2_t0.9_d2_s0,tise2_Adatom-Li.png,36,198.0,267.0,borderline_shifted,157,0.32370274842610314,0.2711141109466553,0.30980393290519714
gatedv2_t0.9_d2_s0,vs2_Vacancy-Anion-06A.png,36,290.0,418.0,invented_damaged,158,0.7356997116312503,0.5963155031204224,0.5686274766921997
gatedv2_t0.9_d2_s0,vs2_Vacancy-Anion-06A.png,36,327.0,528.0,borderline_shifted,158,0.7356997116312503,0.4004431366920471,0.16470588743686676
gatedv2_t0.9_d2_s0,vs2_Vacancy-Anion-06A.png,36,96.0,19.0,boundary_edge,158,0.7356997116312503,0.342685341835022,0.3803921639919281
gatedv2_t0.9_d2_s0,vs2_Vacancy-Anion-06A.png,36,298.0,522.0,borderline_shifted,158,0.7356997116312503,0.2809046804904938,0.3019607961177826
gatedv2_t0.9_d2_s0,vte2_Defect-Free.png,36,360.0,336.0,borderline_shifted,119,0.18411494952932853,0.6026886105537415,0.2862745225429535
gatedv2_t0.9_d2_s0,vte2_Defect-Free.png,36,321.0,377.0,borderline_shifted,119,0.18411494952932853,0.33833059668540955,0.3764705955982208
gatedv2_t0.9_d2_s0,ws2-A_Vacancy-Metal.png,36,345.0,501.0,invented_undamaged,59,0.19601051122790253,0.6339280009269714,0.03921568766236305
gatedv2_t0.9_d2_s0,ws2-A_Vacancy-Metal.png,36,400.0,41.0,borderline_shifted,59,0.19601051122790253,0.2539057731628418,0.03921568766236305
gatedv2_t0.9_d2_s0,ws2-A_Vacancy-Metal.png,36,352.0,356.0,borderline_shifted,59,0.19601051122790253,0.35936635732650757,0.35686275362968445
gatedv2_t0.9_d2_s0,ws2-A_Vacancy-Metal.png,36,430.0,44.0,borderline_shifted,59,0.19601051122790253,0.1721647083759308,0.03921568766236305
gatedv2_t0.9_d2_s0,ws2-A_Vacancy-Metal.png,36,254.0,500.0,borderline_shifted,59,0.19601051122790253,0.21937447786331177,0.24705882370471954
gatedv2_t0.9_d2_s0,ws2-A_Vacancy-Metal.png,36,365.0,352.0,borderline_shifted,59,0.19601051122790253,0.24702465534210205,0.2549019753932953
gatedv2_t0.9_d2_s0,cose2_Fe_doped.png,36,96.0,391.0,borderline_shifted,96,0.22732053575057926,0.7834612131118774,0.0784313753247261
gatedv2_t0.9_d2_s0,cose2_Fe_doped.png,36,241.0,388.0,borderline_shifted,96,0.22732053575057926,0.8104074001312256,0.0941176488995552
gatedv2_t0.9_d2_s0,cose2_Fe_doped.png,36,266.0,491.0,borderline_shifted,96,0.22732053575057926,0.5828201174736023,0.48627451062202454
gatedv2_t0.9_d2_s0,cose2_Fe_doped.png,36,262.0,517.0,borderline_shifted,96,0.22732053575057926,0.47355949878692627,0.43529412150382996
gatedv2_t0.9_d2_s0,cose2_Fe_doped.png,36,0.0,305.0,boundary_edge,96,0.22732053575057926,0.239215686917305,0.21960784494876862
gatedv2_t0.9_d2_s0,cro2_Vacancy-Anion-03.png,36,339.0,235.0,borderline_shifted,80,0.9045449249309231,0.7943387627601624,0.12156862765550613
gatedv2_t0.9_d2_s0,cro2_Vacancy-Anion-03.png,36,108.0,12.0,boundary_edge,80,0.9045449249309231,0.6188706755638123,0.6313725709915161
gatedv2_t0.9_d2_s0,cro2_Vacancy-Anion-03.png,36,386.0,74.0,borderline_shifted,80,0.9045449249309231,0.46653610467910767,0.1921568661928177
gatedv2_t0.9_d2_s0,cro2_Vacancy-Anion-03.png,36,383.0,297.0,borderline_shifted,80,0.9045449249309231,0.48947155475616455,0.18039216101169586
gatedv2_t0.9_d2_s0,cro2_Vacancy-Anion-03.png,36,156.0,195.0,borderline_shifted,80,0.9045449249309231,0.522078275680542,0.25882354378700256
gatedv2_t0.9_d2_s0,cro2_Vacancy-Anion-03.png,36,389.0,55.0,borderline_shifted,80,0.9045449249309231,0.4430656433105469,0.2666666805744171
gatedv2_t0.9_d2_s0,cro2_Vacancy-Anion-03.png,36,152.0,423.0,borderline_shifted,80,0.9045449249309231,0.5061477422714233,0.20000000298023224
gatedv2_t0.9_d2_s0,cro2_Vacancy-Anion-03.png,36,316.0,445.0,boundary_edge,80,0.9045449249309231,0.4173122048377991,0.37254902720451355
