model,structure,level,y,x,cls,n_true_cols,frac_damaged,pred_val,tgt_val
gated_t0.9_d2_s0,vo2_Vacancy-Anion-03.png,1,379.0,258.0,boundary_edge,100,0.8208365164247517,0.5023812651634216,0.4588235318660736
gated_t0.9_d2_s0,vo2_Vacancy-Anion-03.png,1,171.0,257.0,boundary_edge,100,0.8208365164247517,0.5020426511764526,0.529411792755127
gated_t0.9_d2_s0,vo2_Vacancy-Anion-03.png,1,137.0,80.0,boundary_edge,100,0.8208365164247517,0.4888392686843872,0.47843137383461
gated_t0.9_d2_s0,vo2_Vacancy-Anion-03.png,1,378.0,139.0,boundary_edge,100,0.8208365164247517,0.5025593638420105,0.47058823704719543
gated_t0.9_d2_s0,vo2_Vacancy-Anion-03.png,1,413.0,80.0,boundary_edge,100,0.8208365164247517,0.48505523800849915,0.4941176474094391
gated_t0.9_d2_s0,vo2_Vacancy-Anion-03.png,1,103.0,139.0,invented_damaged,100,0.8208365164247517,0.49881231784820557,0.5372549295425415
gated_t0.9_d2_s0,vo2_Vacancy-Anion-03.png,1,206.0,79.0,invented_damaged,100,0.8208365164247517,0.5014719367027283,0.5411764979362488
gated_t0.9_d2_s0,vo2_Vacancy-Anion-03.png,1,481.0,79.0,boundary_edge,100,0.8208365164247517,0.5000576972961426,0.5215686559677124
gated_t0.9_d2_s0,vo2_Vacancy-Anion-03.png,1,309.0,139.0,boundary_edge,100,0.8208365164247517,0.5051314830780029,0.47058823704719543
gated_t0.9_d2_s0,vo2_Vacancy-Anion-03.png,1,516.0,139.0,boundary_edge,100,0.8208365164247517,0.50590980052948,0.49803921580314636
gated_t0.9_d2_s0,vo2_Vacancy-Anion-03.png,1,378.0,377.0,boundary_edge,100,0.8208365164247517,0.5053508877754211,0.5176470875740051
gated_t0.9_d2_s0,vo2_Vacancy-Anion-03.png,1,446.0,139.0,invented_damaged,100,0.8208365164247517,0.49653005599975586,0.49803921580314636
gated_t0.9_d2_s0,vo2_Vacancy-Anion-03.png,1,104.0,377.0,boundary_edge,100,0.8208365164247517,0.4993215799331665,0.48627451062202454
gated_t0.9_d2_s0,vo2_Vacancy-Anion-03.png,1,172.0,377.0,boundary_edge,100,0.8208365164247517,0.5003476142883301,0.45098039507865906
gated_t0.9_d2_s0,vo2_Vacancy-Anion-03.png,1,344.0,80.0,boundary_edge,100,0.8208365164247517,0.5003828406333923,0.40784314274787903
gated_t0.9_d2_s0,vo2_Vacancy-Anion-03.png,1,69.0,317.0,boundary_edge,100,0.8208365164247517,0.49479997158050537,0.5411764979362488
gated_t0.9_d2_s0,vo2_Vacancy-Anion-03.png,1,344.0,317.0,boundary_edge,100,0.8208365164247517,0.4931604266166687,0.4431372582912445
gated_t0.9_d2_s0,vo2_Vacancy-Anion-03.png,1,34.0,139.0,boundary_edge,100,0.8208365164247517,0.5011476278305054,0.48627451062202454
gated_t0.9_d2_s0,vo2_Vacancy-Anion-03.png,1,241.0,20.0,boundary_edge,100,0.8208365164247517,0.49552279710769653,0.5098039507865906
gated_t0.9_d2_s0,vo2_Vacancy-Anion-03.png,1,308.0,20.0,boundary_edge,100,0.8208365164247517,0.49594414234161377,0.5333333611488342
gated_t0.9_d2_s0,vo2_Vacancy-Anion-03.png,1,482.0,317.0,boundary_edge,100,0.8208365164247517,0.4979288876056671,0.4274509847164154
gated_t0.9_d2_s0,vo2_Vacancy-Anion-03.png,1,172.0,140.0,boundary_edge,100,0.8208365164247517,0.49331843852996826,0.49803921580314636
gated_t0.9_d2_s0,vo2_Vacancy-Anion-03.png,1,241.0,139.0,boundary_edge,100,0.8208365164247517,0.5015751123428345,0.5254902243614197
gated_t0.9_d2_s0,vo2_Vacancy-Anion-03.png,1,138.0,318.0,boundary_edge,100,0.8208365164247517,0.4948136806488037,0.5647059082984924
gated_t0.9_d2_s0,vse2-A_Vacancy-Anion-06A.png,1,628.0,217.0,borderline_shifted,84,0.04060658162751613,0.23137255012989044,0.21176470816135406
gated_t0.9_d2_s0,tas2-A_Doped-Li.png,1,0.0,91.0,boundary_edge,68,0.06500783897233602,0.6783829927444458,0.03529411926865578
gated_t0.9_d2_s0,tas2-A_Doped-Li.png,1,86.0,411.0,borderline_shifted,68,0.06500783897233602,0.5081073641777039,0.501960813999176
gated_t0.9_d2_s0,tas2-A_Doped-Li.png,1,0.0,386.0,boundary_edge,68,0.06500783897233602,0.6220558881759644,0.0313725508749485
gated_t0.9_d2_s0,tas2-A_Doped-Li.png,1,12.0,386.0,boundary_edge,68,0.06500783897233602,0.4368259310722351,0.03921568766236305
gated_t0.9_d2_s0,tas2-A_Doped-Li.png,1,18.0,97.0,invented_undamaged,68,0.06500783897233602,0.2561647295951843,0.04313725605607033
gated_t0.9_d2_s0,tas2-A_Doped-Li.png,1,16.0,87.0,invented_undamaged,68,0.06500783897233602,0.2628444731235504,0.0313725508749485
gated_t0.9_d2_s0,tas2-A_Doped-Li.png,1,27.0,98.0,borderline_shifted,68,0.06500783897233602,0.14799074828624725,0.06666667014360428
gated_t0.9_d2_s0,nbte2_Vacancy-Anion-12A.png,1,719.0,439.0,boundary_edge,170,0.054897087039944184,0.5957306027412415,0.027450980618596077
gated_t0.9_d2_s0,nbte2_Vacancy-Anion-12A.png,1,180.0,288.0,invented_undamaged,170,0.054897087039944184,0.5258128643035889,0.06666667014360428
gated_t0.9_d2_s0,nbte2_Vacancy-Anion-12A.png,1,96.0,445.0,invented_undamaged,170,0.054897087039944184,0.6094985008239746,0.06666667014360428
gated_t0.9_d2_s0,nbte2_Vacancy-Anion-12A.png,1,672.0,313.0,invented_undamaged,170,0.054897087039944184,0.5958154201507568,0.04313725605607033
gated_t0.9_d2_s0,nbte2_Vacancy-Anion-12A.png,1,96.0,131.0,invented_undamaged,170,0.054897087039944184,0.5811024904251099,0.06666667014360428
gated_t0.9_d2_s0,nbte2_Vacancy-Anion-12A.png,1,720.0,392.0,boundary_edge,170,0.054897087039944184,0.6104435920715332,0.03529411926865578
gated_t0.9_d2_s0,nbte2_Vacancy-Anion-12A.png,1,195.0,284.0,invented_undamaged,170,0.054897087039944184,0.48910123109817505,0.07450980693101883
gated_t0.9_d2_s0,nbte2_Vacancy-Anion-12A.png,1,199.0,301.0,borderline_shifted,170,0.054897087039944184,0.31091031432151794,0.08235294371843338
gated_t0.9_d2_s0,nbte2_Vacancy-Anion-12A.png,1,188.0,303.0,borderline_shifted,170,0.054897087039944184,0.35816293954849243,0.06666667014360428
gated_t0.9_d2_s0,nbte2_Vacancy-Anion-12A.png,1,716.0,496.0,boundary_edge,170,0.054897087039944184,0.43764835596084595,0.0313725508749485
gated_t0.9_d2_s0,nbte2_Vacancy-Anion-12A.png,1,727.0,452.0,boundary_edge,170,0.054897087039944184,0.01568627543747425,0.0235294122248888
gated_t0.9_d2_s0,nbte2_Vacancy-Anion-12A.png,1,193.0,275.0,borderline_shifted,170,0.054897087039944184,0.3647540807723999,0.07450980693101883
gated_t0.9_d2_s0,nbte2_Vacancy-Anion-12A.png,1,717.0,428.0,boundary_edge,170,0.054897087039944184,0.3524602949619293,0.027450980618596077
gated_t0.9_d2_s0,nbte2_Vacancy-Anion-12A.png,1,708.0,426.0,borderline_shifted,170,0.054897087039944184,0.2741420567035675,0.0313725508749485
gated_t0.9_d2_s0,nbte2_Vacancy-Anion-12A.png,1,176.0,302.0,borderline_shifted,170,0.054897087039944184,0.28549084067344666,0.06666667014360428
gated_t0.9_d2_s0,nbte2_Vacancy-Anion-12A.png,1,723.0,428.0,boundary_edge,170,0.054897087039944184,0.31380200386047363,0.019607843831181526
gated_t0.9_d2_s0,nbte2_Vacancy-Anion-12A.png,1,670.0,296.0,borderline_shifted,170,0.054897087039944184,0.31363645195961,0.054901961237192154
gated_t0.9_d2_s0,nbte2_Vacancy-Anion-12A.png,1,711.0,463.0,invented_undamaged,170,0.054897087039944184,0.2464972734451294,0.01568627543747425
gated_t0.9_d2_s0,nbte2_Vacancy-Anion-12A.png,1,206.0,291.0,borderline_shifted,170,0.054897087039944184,0.2754506468772888,0.08627451211214066
gated_t0.9_d2_s0,nbte2_Vacancy-Anion-12A.png,1,656.0,303.0,borderline_shifted,170,0.054897087039944184,0.28351590037345886,0.07058823853731155
gated_t0.9_d2_s0,tis2_Vacancy-Anion-12A.png,1,541.0,533.0,borderline_shifted,118,0.31453126492509376,0.3933095335960388,0.5372549295425415
gated_t0.9_d2_s0,tis2_Vacancy-Anion-12A.png,1,522.0,530.0,borderline_shifted,118,0.31453126492509376,0.4108380079269409,0.4745098054409027
gated_t0.9_d2_s0,tise2_Adatom-Li.png,1,13.0,441.0,boundary_edge,157,0.21837645949468895,0.25525885820388794,0.05882352963089943
gated_t0.9_d2_s0,tise2_Adatom-Li.png,1,34.0,437.0,invented_undamaged,157,0.21837645949468895,0.3012332022190094,0.07058823853731155
gated_t0.9_d2_s0,tise2_Adatom-Li.png,1,16.0,427.0,invented_undamaged,157,0.21837645949468895,0.24129313230514526,0.05882352963089943
gated_t0.9_d2_s0,tise2_Adatom-Li.png,1,5.0,442.0,boundary_edge,157,0.21837645949468895,0.1834808886051178,0.04313725605607033
gated_t0.9_d2_s0,tise2_Adatom-Li.png,1,4.0,428.0,boundary_edge,157,0.21837645949468895,0.17761912941932678,0.0313725508749485
gated_t0.9_d2_s0,tise2_Adatom-Li.png,1,5.0,418.0,boundary_edge,157,0.21837645949468895,0.17479807138442993,0.0470588244497776
gated_t0.9_d2_s0,vs2_Vacancy-Anion-06A.png,1,128.0,174.0,borderline_shifted,158,0.5798871994272244,0.3108977675437927,0.3333333432674408
gated_t0.9_d2_s0,vs2_Vacancy-Anion-06A.png,1,122.0,186.0,borderline_shifted,158,0.5798871994272244,0.324786901473999,0.3333333432674408
gated_t0.9_d2_s0,vs2_Vacancy-Anion-06A.png,1,141.0,185.0,borderline_shifted,158,0.5798871994272244,0.3224729895591736,0.364705890417099
gated_t0.9_d2_s0,vs2_Vacancy-Anion-06A.png,1,137.0,178.0,borderline_shifted,158,0.5798871994272244,0.3436885178089142,0.33725491166114807
gated_t0.9_d2_s0,vs2_Vacancy-Anion-06A.png,1,136.0,190.0,borderline_shifted,158,0.5798871994272244,0.31462985277175903,0.3490196168422699
gated_t0.9_d2_s0,vs2_Vacancy-Anion-06A.png,1,367.0,448.0,boundary_edge,158,0.5798871994272244,0.5403028726577759,0.5607843399047852
gated_t0.9_d2_s0,vs2_Vacancy-Anion-06A.png,1,404.0,507.0,boundary_edge,158,0.5798871994272244,0.4105374217033386,0.4274509847164154
gated_t0.9_d2_s0,ws2-A_Vacancy-Metal.png,1,338.0,487.0,invented_undamaged,59,0.008955588924533023,0.15612980723381042,0.04313725605607033
gated_t0.9_d2_s0,cose2_Fe_doped.png,1,556.0,50.0,borderline_shifted,96,0.03038748424860778,0.21866324543952942,0.054901961237192154
gated_t0.9_d2_s0,cose2_Fe_doped.png,1,552.0,62.0,borderline_shifted,96,0.03038748424860778,0.19235950708389282,0.03529411926865578
gated_t0.9_d2_s0,cro2_Vacancy-Anion-03.png,1,377.0,304.0,borderline_shifted,80,0.6890084556742901,0.3934684693813324,0.20392157137393951
gated_t0.9_d2_s0,cro2_Vacancy-Anion-03.png,1,381.0,62.0,borderline_shifted,80,0.6890084556742901,0.425178200006485,0.16862745583057404
gated_t0.9_d2_s0,cro2_Vacancy-Anion-03.png,1,382.0,289.0,borderline_shifted,80,0.6890084556742901,0.4275061786174774,0.1882352977991104
gated_t0.9_d2_s0,cro2_Vacancy-Anion-03.png,1,370.0,67.0,borderline_shifted,80,0.6890084556742901,0.43758490681648254,0.23529411852359772
gated_t0.9_d2_s0,cro2_Vacancy-Anion-03.png,1,388.0,68.0,borderline_shifted,80,0.6890084556742901,0.3999028205871582,0.1921568661928177
gated_t0.9_d2_s0,cro2_Vacancy-Anion-03.png,1,8.0,7.0,boundary_edge,80,0.6890084556742901,1.0,0.07450980693101883
gated_t0.9_d2_s0,cro2_Vacancy-Anion-03.png,1,384.0,57.0,borderline_shifted,80,0.6890084556742901,0.393898069858551,0.21176470816135406
gated_t0.9_d2_s0,cro2_Vacancy-Anion-03.png,1,365.0,295.0,borderline_shifted,80,0.6890084556742901,0.42753860354423523,0.29019609093666077
gated_t0.9_d2_s0,cro2_Vacancy-Anion-03.png,1,390.0,299.0,borderline_shifted,80,0.6890084556742901,0.3939904570579529,0.21960784494876862
gated_t0.9_d2_s0,cro2_Vacancy-Anion-03.png,1,393.0,72.0,borderline_shifted,80,0.6890084556742901,0.3562321662902832,0.2549019753932953
gated_t0.9_d2_s0,cro2_Vacancy-Anion-03.png,1,379.0,54.0,borderline_shifted,80,0.6890084556742901,0.37355583906173706,0.2078431397676468
gated_t0.9_d2_s0,cro2_Vacancy-Anion-03.png,1,386.0,281.0,borderline_shifted,80,0.6890084556742901,0.41980406641960144,0.250980406999588
gated_t0.9_d2_s0,cro2_Vacancy-Anion-03.png,1,385.0,82.0,borderline_shifted,80,0.6890084556742901,0.42153385281562805,0.2666666805744171
gated_t0.9_d2_s0,cro2_Vacancy-Anion-03.png,1,155.0,421.0,borderline_shifted,80,0.6890084556742901,0.44953441619873047,0.20000000298023224
gated_t0.9_d2_s0,cro2_Vacancy-Anion-03.png,1,393.0,68.0,borderline_shifted,80,0.6890084556742901,0.33343714475631714,0.1725490242242813
gated_t0.9_d2_s0,vo2_Vacancy-Anion-03.png,2,274.0,233.0,borderline_shifted,100,0.8481016042780749,0.7309554815292358,0.1764705926179886
gated_t0.9_d2_s0,vo2_Vacancy-Anion-03.png,2,281.0,236.0,borderline_shifted,100,0.8481016042780749,0.7228958010673523,0.0470588244497776
gated_t0.9_d2_s0,vo2_Vacancy-Anion-03.png,2,278.0,250.0,borderline_shifted,100,0.8481016042780749,0.61322021484375,0.062745101749897
gated_t0.9_d2_s0,vo2_Vacancy-Anion-03.png,2,281.0,230.0,borderline_shifted,100,0.8481016042780749,0.6141304969787598,0.062745101749897
gated_t0.9_d2_s0,vo2_Vacancy-Anion-03.png,2,272.0,225.0,borderline_shifted,100,0.8481016042780749,0.552901029586792,0.2980392277240753
gated_t0.9_d2_s0,vo2_Vacancy-Anion-03.png,2,288.0,242.0,borderline_shifted,100,0.8481016042780749,0.5792253017425537,0.20392157137393951
gated_t0.9_d2_s0,vo2_Vacancy-Anion-03.png,2,263.0,247.0,borderline_shifted,100,0.8481016042780749,0.5210513472557068,0.6784313917160034
gated_t0.9_d2_s0,vo2_Vacancy-Anion-03.png,2,260.0,227.0,borderline_shifted,100,0.8481016042780749,0.3520008623600006,0.4627451002597809
gated_t0.9_d2_s0,vo2_Vacancy-Anion-03.png,2,285.0,252.0,borderline_shifted,100,0.8481016042780749,0.49650347232818604,0.1921568661928177
gated_t0.9_d2_s0,vo2_Vacancy-Anion-03.png,2,270.0,255.0,borderline_shifted,100,0.8481016042780749,0.43805885314941406,0.2862745225429535
gated_t0.9_d2_s0,vo2_Vacancy-Anion-03.png,2,172.0,258.0,boundary_edge,100,0.8481016042780749,0.4832040071487427,0.5215686559677124
gated_t0.9_d2_s0,vo2_Vacancy-Anion-03.png,2,378.0,140.0,boundary_edge,100,0.8481016042780749,0.4847688376903534,0.5215686559677124
gated_t0.9_d2_s0,vo2_Vacancy-Anion-03.png,2,138.0,80.0,boundary_edge,100,0.8481016042780749,0.4677014946937561,0.48627451062202454
gated_t0.9_d2_s0,vo2_Vacancy-Anion-03.png,2,69.0,318.0,invented_damaged,100,0.8481016042780749,0.4787461459636688,0.5176470875740051
gated_t0.9_d2_s0,vo2_Vacancy-Anion-03.png,2,103.0,140.0,boundary_edge,100,0.8481016042780749,0.4869707226753235,0.45490196347236633
gated_t0.9_d2_s0,vo2_Vacancy-Anion-03.png,2,378.0,257.0,invented_damaged,100,0.8481016042780749,0.4773550033569336,0.4745098054409027
gated_t0.9_d2_s0,vo2_Vacancy-Anion-03.png,2,412.0,80.0,boundary_edge,100,0.8481016042780749,0.46512195467948914,0.5176470875740051
gated_t0.9_d2_s0,vo2_Vacancy-Anion-03.png,2,103.0,377.0,invented_damaged,100,0.8481016042780749,0.4861108660697937,0.5176470875740051
gated_t0.9_d2_s0,vo2_Vacancy-Anion-03.png,2,241.0,139.0,boundary_edge,100,0.8481016042780749,0.48455482721328735,0.5254902243614197
gated_t0.9_d2_s0,vo2_Vacancy-Anion-03.png,2,481.0,79.0,boundary_edge,100,0.8481016042780749,0.48218804597854614,0.5215686559677124
gated_t0.9_d2_s0,vo2_Vacancy-Anion-03.png,2,206.0,80.0,boundary_edge,100,0.8481016042780749,0.48234665393829346,0.4588235318660736
gated_t0.9_d2_s0,vo2_Vacancy-Anion-03.png,2,206.0,317.0,boundary_edge,100,0.8481016042780749,0.48068487644195557,0.501960813999176
gated_t0.9_d2_s0,vo2_Vacancy-Anion-03.png,2,171.0,377.0,invented_damaged,100,0.8481016042780749,0.48277974128723145,0.49803921580314636
gated_t0.9_d2_s0,vo2_Vacancy-Anion-03.png,2,34.0,20.0,invented_damaged,100,0.8481016042780749,0.47531425952911377,0.46666666865348816
gated_t0.9_d2_s0,vo2_Vacancy-Anion-03.png,2,343.0,317.0,invented_damaged,100,0.8481016042780749,0.47523370385169983,0.46666666865348816
gated_t0.9_d2_s0,vo2_Vacancy-Anion-03.png,2,446.0,377.0,boundary_edge,100,0.8481016042780749,0.479963481426239,0.5254902243614197
gated_t0.9_d2_s0,vo2_Vacancy-Anion-03.png,2,516.0,139.0,boundary_edge,100,0.8481016042780749,0.4840739369392395,0.49803921580314636
gated_t0.9_d2_s0,vo2_Vacancy-Anion-03.png,2,344.0,79.0,invented_damaged,100,0.8481016042780749,0.4830113649368286,0.48627451062202454
gated_t0.9_d2_s0,vo2_Vacancy-Anion-03.png,2,482.0,317.0,boundary_edge,100,0.8481016042780749,0.47568565607070923,0.4274509847164154
gated_t0.9_d2_s0,vo2_Vacancy-Anion-03.png,2,379.0,377.0,boundary_edge,100,0.8481016042780749,0.4820973873138428,0.46666666865348816
gated_t0.9_d2_s0,vo2_Vacancy-Anion-03.png,2,309.0,138.0,invented_damaged,100,0.8481016042780749,0.4836408197879791,0.5254902243614197
gated_t0.9_d2_s0,vo2_Vacancy-Anion-03.png,2,241.0,20.0,boundary_edge,100,0.8481016042780749,0.47615018486976624,0.5098039507865906
gated_t0.9_d2_s0,vo2_Vacancy-Anion-03.png,2,35.0,139.0,boundary_edge,100,0.8481016042780749,0.4834834933280945,0.501960813999176
gated_t0.9_d2_s0,vo2_Vacancy-Anion-03.png,2,447.0,140.0,boundary_edge,100,0.8481016042780749,0.4767645597457886,0.4588235318660736
gated_t0.9_d2_s0,mno2_Defect-Free.png,2,198.0,433.0,borderline_shifted,74,0.5092214532871973,0.6215633153915405,0.6784313917160034
gated_t0.9_d2_s0,mno2_Defect-Free.png,2,197.0,189.0,borderline_shifted,74,0.5092214532871973,0.542957067489624,0.5490196347236633
gated_t0.9_d2_s0,mno2_Defect-Free.png,2,188.0,162.0,borderline_shifted,74,0.5092214532871973,0.37980443239212036,0.42352941632270813
gated_t0.9_d2_s0,mno2_Defect-Free.png,2,191.0,413.0,borderline_shifted,74,0.5092214532871973,0.39029574394226074,0.4745098054409027
gated_t0.9_d2_s0,mno2_Defect-Free.png,2,182.0,447.0,borderline_shifted,74,0.5092214532871973,0.42351192235946655,0.4470588266849518
gated_t0.9_d2_s0,mno2_Defect-Free.png,2,197.0,165.0,borderline_shifted,74,0.5092214532871973,0.38877400755882263,0.40392157435417175
gated_t0.9_d2_s0,mno2_Defect-Free.png,2,174.0,189.0,borderline_shifted,74,0.5092214532871973,0.4072693884372711,0.41960784792900085
gated_t0.9_d2_s0,mno2_Defect-Free.png,2,198.0,421.0,borderline_shifted,74,0.5092214532871973,0.48732393980026245,0.49803921580314636
gated_t0.9_d2_s0,mno2_Defect-Free.png,2,194.0,161.0,borderline_shifted,74,0.5092214532871973,0.33586257696151733,0.34117648005485535
gated_t0.9_d2_s0,mno2_Defect-Free.png,2,171.0,441.0,borderline_shifted,74,0.5092214532871973,0.3336971402168274,0.3294117748737335
gated_t0.9_d2_s0,mno2_Defect-Free.png,2,166.0,411.0,borderline_shifted,74,0.5092214532871973,0.20953980088233948,0.21176470816135406
gated_t0.9_d2_s0,mno2_Defect-Free.png,2,165.0,187.0,borderline_shifted,74,0.5092214532871973,0.2587640583515167,0.3294117748737335
gated_t0.9_d2_s0,mno2_Defect-Free.png,2,204.0,167.0,borderline_shifted,74,0.5092214532871973,0.31817176938056946,0.3019607961177826
gated_t0.9_d2_s0,mno2_Defect-Free.png,2,171.0,406.0,borderline_shifted,74,0.5092214532871973,0.21675322949886322,0.20000000298023224
gated_t0.9_d2_s0,mno2_Defect-Free.png,2,178.0,143.0,borderline_shifted,74,0.5092214532871973,0.17924296855926514,0.19607843458652496
gated_t0.9_d2_s0,vse2-A_Vacancy-Anion-06A.png,2,389.0,469.0,borderline_shifted,84,0.06335339265937096,0.4212930202484131,0.3764705955982208
gated_t0.9_d2_s0,vse2-A_Vacancy-Anion-06A.png,2,0.0,436.0,boundary_edge,84,0.06335339265937096,0.18431372940540314,0.1921568661928177
gated_t0.9_d2_s0,nbs2_Anti-Metal.png,2,172.0,158.0,borderline_shifted,106,0.05819269861185333,0.21174314618110657,0.24313725531101227
gated_t0.9_d2_s0,nbte2_Vacancy-Anion-12A.png,2,179.0,287.0,invented_undamaged,170,0.05821123321123321,0.4917820692062378,0.062745101749897
gated_t0.9_d2_s0,nbte2_Vacancy-Anion-12A.png,2,96.0,445.0,invented_undamaged,170,0.05821123321123321,0.6207336187362671,0.06666667014360428
gated_t0.9_d2_s0,nbte2_Vacancy-Anion-12A.png,2,96.0,130.0,invented_undamaged,170,0.05821123321123321,0.5970392823219299,0.06666667014360428
gated_t0.9_d2_s0,nbte2_Vacancy-Anion-12A.png,2,727.0,449.0,boundary_edge,170,0.05821123321123321,0.46637433767318726,0.027450980618596077
gated_t0.9_d2_s0,nbte2_Vacancy-Anion-12A.png,2,673.0,314.0,invented_undamaged,170,0.05821123321123321,0.595160961151123,0.062745101749897
gated_t0.9_d2_s0,nbte2_Vacancy-Anion-12A.png,2,721.0,392.0,boundary_edge,170,0.05821123321123321,0.6121988296508789,0.0313725508749485
gated_t0.9_d2_s0,nbte2_Vacancy-Anion-12A.png,2,196.0,284.0,invented_undamaged,170,0.05821123321123321,0.4491715431213379,0.05882352963089943
gated_t0.9_d2_s0,nbte2_Vacancy-Anion-12A.png,2,402.0,470.0,invented_undamaged,170,0.05821123321123321,0.6170754432678223,0.13333334028720856
gated_t0.9_d2_s0,nbte2_Vacancy-Anion-12A.png,2,178.0,279.0,invented_undamaged,170,0.05821123321123321,0.36057305335998535,0.05098039284348488
gated_t0.9_d2_s0,nbte2_Vacancy-Anion-12A.png,2,191.0,303.0,borderline_shifted,170,0.05821123321123321,0.3657304048538208,0.06666667014360428
gated_t0.9_d2_s0,nbte2_Vacancy-Anion-12A.png,2,182.0,303.0,borderline_shifted,170,0.05821123321123321,0.3424643576145172,0.062745101749897
gated_t0.9_d2_s0,nbte2_Vacancy-Anion-12A.png,2,661.0,306.0,invented_undamaged,170,0.05821123321123321,0.4196772873401642,0.06666667014360428
gated_t0.9_d2_s0,nbte2_Vacancy-Anion-12A.png,2,716.0,496.0,boundary_edge,170,0.05821123321123321,0.4426799714565277,0.0313725508749485
gated_t0.9_d2_s0,nbte2_Vacancy-Anion-12A.png,2,455.0,448.0,borderline_shifted,170,0.05821123321123321,0.4252138137817383,0.3843137323856354
gated_t0.9_d2_s0,nbte2_Vacancy-Anion-12A.png,2,191.0,274.0,borderline_shifted,170,0.05821123321123321,0.3397785723209381,0.0784313753247261
gated_t0.9_d2_s0,nbte2_Vacancy-Anion-12A.png,2,199.0,303.0,borderline_shifted,170,0.05821123321123321,0.2917965352535248,0.05882352963089943
gated_t0.9_d2_s0,nbte2_Vacancy-Anion-12A.png,2,166.0,288.0,borderline_shifted,170,0.05821123321123321,0.22777366638183594,0.07058823853731155
gated_t0.9_d2_s0,nbte2_Vacancy-Anion-12A.png,2,717.0,455.0,boundary_edge,170,0.05821123321123321,0.462024450302124,0.01568627543747425
gated_t0.9_d2_s0,nbte2_Vacancy-Anion-12A.png,2,711.0,459.0,invented_undamaged,170,0.05821123321123321,0.3326937258243561,0.01568627543747425
gated_t0.9_d2_s0,nbte2_Vacancy-Anion-12A.png,2,707.0,427.0,borderline_shifted,170,0.05821123321123321,0.28471165895462036,0.03529411926865578
gated_t0.9_d2_s0,nbte2_Vacancy-Anion-12A.png,2,715.0,429.0,boundary_edge,170,0.05821123321123321,0.38293319940567017,0.027450980618596077
gated_t0.9_d2_s0,nbte2_Vacancy-Anion-12A.png,2,397.0,482.0,borderline_shifted,170,0.05821123321123321,0.44824832677841187,0.1568627506494522
gated_t0.9_d2_s0,nbte2_Vacancy-Anion-12A.png,2,701.0,427.0,borderline_shifted,170,0.05821123321123321,0.23264306783676147,0.0470588244497776
gated_t0.9_d2_s0,nbte2_Vacancy-Anion-12A.png,2,673.0,299.0,borderline_shifted,170,0.05821123321123321,0.3741668462753296,0.05098039284348488
gated_t0.9_d2_s0,nbte2_Vacancy-Anion-12A.png,2,207.0,290.0,borderline_shifted,170,0.05821123321123321,0.2534867227077484,0.07058823853731155
gated_t0.9_d2_s0,nbte2_Vacancy-Anion-12A.png,2,727.0,430.0,boundary_edge,170,0.05821123321123321,0.3102351427078247,0.0235294122248888
gated_t0.9_d2_s0,nbte2_Vacancy-Anion-12A.png,2,459.0,435.0,borderline_shifted,170,0.05821123321123321,0.29942548274993896,0.2823529541492462
gated_t0.9_d2_s0,nbte2_Vacancy-Anion-12A.png,2,110.0,132.0,invented_undamaged,170,0.05821123321123321,0.35767310857772827,0.05882352963089943
gated_t0.9_d2_s0,nbte2_Vacancy-Anion-12A.png,2,396.0,491.0,borderline_shifted,170,0.05821123321123321,0.3542609214782715,0.24313725531101227
gated_t0.9_d2_s0,nbte2_Vacancy-Anion-12A.png,2,111.0,140.0,borderline_shifted,170,0.05821123321123321,0.28728166222572327,0.062745101749897
gated_t0.9_d2_s0,nbte2_Vacancy-Anion-12A.png,2,461.0,446.0,borderline_shifted,170,0.05821123321123321,0.30313289165496826,0.27843138575553894
gated_t0.9_d2_s0,nbte2_Vacancy-Anion-12A.png,2,649.0,317.0,borderline_shifted,170,0.05821123321123321,0.22675202786922455,0.09019608050584793
gated_t0.9_d2_s0,tite2-B_Cu_doped.png,2,410.0,344.0,borderline_shifted,72,0.028741446983192948,0.6171276569366455,0.6078431606292725
gated_t0.9_d2_s0,tite2-B_Cu_doped.png,2,437.0,350.0,borderline_shifted,72,0.028741446983192948,0.43123236298561096,0.43921568989753723
gated_t0.9_d2_s0,tite2-B_Cu_doped.png,2,431.0,365.0,borderline_shifted,72,0.028741446983192948,0.3570075035095215,0.3529411852359772
gated_t0.9_d2_s0,tite2-B_Cu_doped.png,2,399.0,352.0,borderline_shifted,72,0.028741446983192948,0.24835547804832458,0.2823529541492462
gated_t0.9_d2_s0,tite2-B_Cu_doped.png,2,51.0,333.0,borderline_shifted,72,0.028741446983192948,0.3772214651107788,0.3686274588108063
gated_t0.9_d2_s0,vs2_Vacancy-Anion-06A.png,2,90.0,21.0,invented_damaged,158,0.6361799488916622,0.35742172598838806,0.3607843220233917
gated_t0.9_d2_s0,vs2_Vacancy-Anion-06A.png,2,87.0,0.0,boundary_edge,158,0.6361799488916622,0.25389838218688965,0.2549019753932953
gated_t0.9_d2_s0,vs2_Vacancy-Anion-06A.png,2,367.0,447.0,boundary_edge,158,0.6361799488916622,0.5500181317329407,0.5098039507865906
gated_t0.9_d2_s0,vs2_Vacancy-Anion-06A.png,2,404.0,507.0,boundary_edge,158,0.6361799488916622,0.41910606622695923,0.4274509847164154
gated_t0.9_d2_s0,ws2-A_Vacancy-Metal.png,2,345.0,498.0,invented_undamaged,59,0.01815006939230542,0.6529817581176758,0.03529411926865578
gated_t0.9_d2_s0,ws2-A_Vacancy-Metal.png,2,273.0,451.0,borderline_shifted,59,0.01815006939230542,0.5508259534835815,0.5882353186607361
gated_t0.9_d2_s0,ws2-A_Vacancy-Metal.png,2,263.0,457.0,borderline_shifted,59,0.01815006939230542,0.42446017265319824,0.4274509847164154
gated_t0.9_d2_s0,ws2-A_Vacancy-Metal.png,2,263.0,461.0,borderline_shifted,59,0.01815006939230542,0.42121922969818115,0.41960784792900085
gated_t0.9_d2_s0,ws2-A_Vacancy-Metal.png,2,259.0,461.0,borderline_shifted,59,0.01815006939230542,0.31480157375335693,0.33725491166114807
gated_t0.9_d2_s0,ws2-A_Vacancy-Metal.png,2,296.0,456.0,borderline_shifted,59,0.01815006939230542,0.26653793454170227,0.3019607961177826
gated_t0.9_d2_s0,ws2-A_Vacancy-Metal.png,2,324.0,461.0,borderline_shifted,59,0.01815006939230542,0.21323715150356293,0.21176470816135406
gated_t0.9_d2_s0,ws2-A_Vacancy-Metal.png,2,258.0,444.0,borderline_shifted,59,0.01815006939230542,0.21486040949821472,0.21568627655506134
gated_t0.9_d2_s0,ws2-A_Vacancy-Metal.png,2,299.0,475.0,borderline_shifted,59,0.01815006939230542,0.1418791264295578,0.14509804546833038
gated_t0.9_d2_s0,ws2-A_Vacancy-Metal.png,2,255.0,497.0,borderline_shifted,59,0.01815006939230542,0.21960784494876862,0.239215686917305
gated_t0.9_d2_s0,cose2_Fe_doped.png,2,546.0,50.0,borderline_shifted,96,0.060856266005446934,0.4107035994529724,0.0235294122248888
gated_t0.9_d2_s0,cose2_Fe_doped.png,2,532.0,65.0,borderline_shifted,96,0.060856266005446934,0.40286046266555786,0.0313725508749485
gated_t0.9_d2_s0,cose2_Fe_doped.png,2,521.0,65.0,borderline_shifted,96,0.060856266005446934,0.32349979877471924,0.062745101749897
gated_t0.9_d2_s0,cose2_Fe_doped.png,2,551.0,43.0,borderline_shifted,96,0.060856266005446934,0.24281790852546692,0.03921568766236305
gated_t0.9_d2_s0,cro2_Vacancy-Anion-03.png,2,378.0,65.0,borderline_shifted,80,0.6971978095142981,0.44676077365875244,0.21568627655506134
gated_t0.9_d2_s0,cro2_Vacancy-Anion-03.png,2,17.0,295.0,borderline_shifted,80,0.6971978095142981,0.5099782347679138,0.5058823823928833
gated_t0.9_d2_s0,cro2_Vacancy-Anion-03.png,2,386.0,68.0,borderline_shifted,80,0.6971978095142981,0.4286235570907593,0.21960784494876862
gated_t0.9_d2_s0,cro2_Vacancy-Anion-03.png,2,26.0,63.0,borderline_shifted,80,0.6971978095142981,0.42499950528144836,0.4156862795352936
gated_t0.9_d2_s0,cro2_Vacancy-Anion-03.png,2,385.0,287.0,borderline_shifted,80,0.6971978095142981,0.4276781976222992,0.2235294133424759
gated_t0.9_d2_s0,cro2_Vacancy-Anion-03.png,2,7.0,80.0,boundary_edge,80,0.6971978095142981,0.48413795232772827,0.4117647111415863
gated_t0.9_d2_s0,cro2_Vacancy-Anion-03.png,2,24.0,54.0,borderline_shifted,80,0.6971978095142981,0.33842748403549194,0.30980393290519714
gated_t0.9_d2_s0,cro2_Vacancy-Anion-03.png,2,23.0,72.0,borderline_shifted,80,0.6971978095142981,0.40334343910217285,0.43529412150382996
gated_t0.9_d2_s0,cro2_Vacancy-Anion-03.png,2,16.0,80.0,borderline_shifted,80,0.6971978095142981,0.3612915873527527,0.32549020648002625
gated_t0.9_d2_s0,cro2_Vacancy-Anion-03.png,2,370.0,300.0,borderline_shifted,80,0.6971978095142981,0.40560200810432434,0.23137255012989044
gated_t0.9_d2_s0,cro2_Vacancy-Anion-03.png,2,375.0,73.0,borderline_shifted,80,0.6971978095142981,0.42190971970558167,0.20000000298023224
gated_t0.9_d2_s0,cro2_Vacancy-Anion-03.png,2,372.0,64.0,borderline_shifted,80,0.6971978095142981,0.44147369265556335,0.21960784494876862
gated_t0.9_d2_s0,cro2_Vacancy-Anion-03.png,2,382.0,77.0,borderline_shifted,80,0.6971978095142981,0.4191961884498596,0.239215686917305
gated_t0.9_d2_s0,cro2_Vacancy-Anion-03.png,2,365.0,293.0,borderline_shifted,80,0.6971978095142981,0.43630924820899963,0.32549020648002625
gated_t0.9_d2_s0,cro2_Vacancy-Anion-03.png,2,23.0,281.0,borderline_shifted,80,0.6971978095142981,0.324491947889328,0.3176470696926117
gated_t0.9_d2_s0,cro2_Vacancy-Anion-03.png,2,28.0,292.0,borderline_shifted,80,0.6971978095142981,0.42148059606552124,0.3921568691730499
gated_t0.9_d2_s0,cro2_Vacancy-Anion-03.png,2,389.0,60.0,borderline_shifted,80,0.6971978095142981,0.39439743757247925,0.19607843458652496
gated_t0.9_d2_s0,cro2_Vacancy-Anion-03.png,2,382.0,56.0,borderline_shifted,80,0.6971978095142981,0.39898431301116943,0.23529411852359772
gated_t0.9_d2_s0,cro2_Vacancy-Anion-03.png,2,389.0,75.0,borderline_shifted,80,0.6971978095142981,0.41541463136672974,0.2235294133424759
gated_t0.9_d2_s0,cro2_Vacancy-Anion-03.png,2,396.0,292.0,borderline_shifted,80,0.6971978095142981,0.31144949793815613,0.15294118225574493
gated_t0.9_d2_s0,cro2_Vacancy-Anion-03.png,2,34.0,67.0,borderline_shifted,80,0.6971978095142981,0.44744348526000977,0.4117647111415863
gated_t0.9_d2_s0,cro2_Vacancy-Anion-03.png,2,388.0,304.0,borderline_shifted,80,0.6971978095142981,0.24313725531101227,0.239215686917305
gated_t0.9_d2_s0,cro2_Vacancy-Anion-03.png,2,155.0,419.0,borderline_shifted,80,0.6971978095142981,0.4075101912021637,0.2549019753932953
gated_t0.9_d2_s0,vo2_Vacancy-Anion-03.png,4,138.0,0.0,boundary_edge,100,0.8810847975553858,0.8371579051017761,0.10196078568696976
gated_t0.9_d2_s0,vo2_Vacancy-Anion-03.png,4,413.0,0.0,boundary_edge,100,0.8810847975553858,0.840369462966919,0.11372549086809158
gated_t0.9_d2_s0,vo2_Vacancy-Anion-03.png,4,344.0,79.0,invented_damaged,100,0.8810847975553858,0.49318698048591614,0.48627451062202454
gated_t0.9_d2_s0,vo2_Vacancy-Anion-03.png,4,413.0,80.0,invented_damaged,100,0.8810847975553858,0.48570212721824646,0.4941176474094391
gated_t0.9_d2_s0,vo2_Vacancy-Anion-03.png,4,34.0,20.0,boundary_edge,100,0.8810847975553858,0.48664483428001404,0.46666666865348816
gated_t0.9_d2_s0,vo2_Vacancy-Anion-03.png,4,310.0,138.0,boundary_edge,100,0.8810847975553858,0.49180787801742554,0.47843137383461
gated_t0.9_d2_s0,vo2_Vacancy-Anion-03.png,4,549.0,318.0,boundary_edge,100,0.8810847975553858,0.4603637754917145,0.45098039507865906
gated_t0.9_d2_s0,vo2_Vacancy-Anion-03.png,4,378.0,140.0,boundary_edge,100,0.8810847975553858,0.4860418438911438,0.5215686559677124
gated_t0.9_d2_s0,vo2_Vacancy-Anion-03.png,4,379.0,258.0,boundary_edge,100,0.8810847975553858,0.48013219237327576,0.4588235318660736
gated_t0.9_d2_s0,vo2_Vacancy-Anion-03.png,4,103.0,377.0,boundary_edge,100,0.8810847975553858,0.487307071685791,0.5176470875740051
gated_t0.9_d2_s0,vo2_Vacancy-Anion-03.png,4,172.0,140.0,boundary_edge,100,0.8810847975553858,0.48546290397644043,0.49803921580314636
gated_t0.9_d2_s0,vo2_Vacancy-Anion-03.png,4,171.0,257.0,boundary_edge,100,0.8810847975553858,0.4789447784423828,0.529411792755127
gated_t0.9_d2_s0,vo2_Vacancy-Anion-03.png,4,138.0,80.0,invented_damaged,100,0.8810847975553858,0.48128145933151245,0.48627451062202454
gated_t0.9_d2_s0,vo2_Vacancy-Anion-03.png,4,34.0,138.0,boundary_edge,100,0.8810847975553858,0.48579171299934387,0.45098039507865906
gated_t0.9_d2_s0,vo2_Vacancy-Anion-03.png,4,241.0,139.0,invented_damaged,100,0.8810847975553858,0.4903872609138489,0.5254902243614197
gated_t0.9_d2_s0,vo2_Vacancy-Anion-03.png,4,344.0,317.0,boundary_edge,100,0.8810847975553858,0.48089683055877686,0.4431372582912445
gated_t0.9_d2_s0,vo2_Vacancy-Anion-03.png,4,447.0,140.0,invented_damaged,100,0.8810847975553858,0.4801071286201477,0.4588235318660736
gated_t0.9_d2_s0,vo2_Vacancy-Anion-03.png,4,171.0,377.0,boundary_edge,100,0.8810847975553858,0.48580917716026306,0.49803921580314636
gated_t0.9_d2_s0,vo2_Vacancy-Anion-03.png,4,69.0,318.0,invented_damaged,100,0.8810847975553858,0.47937464714050293,0.5176470875740051
gated_t0.9_d2_s0,vo2_Vacancy-Anion-03.png,4,69.0,80.0,boundary_edge,100,0.8810847975553858,0.486508309841156,0.5137255191802979
gated_t0.9_d2_s0,vo2_Vacancy-Anion-03.png,4,482.0,317.0,boundary_edge,100,0.8810847975553858,0.48605385422706604,0.4274509847164154
gated_t0.9_d2_s0,vo2_Vacancy-Anion-03.png,4,309.0,21.0,boundary_edge,100,0.8810847975553858,0.4828488826751709,0.49803921580314636
gated_t0.9_d2_s0,vo2_Vacancy-Anion-03.png,4,446.0,377.0,invented_damaged,100,0.8810847975553858,0.48540937900543213,0.5254902243614197
gated_t0.9_d2_s0,vo2_Vacancy-Anion-03.png,4,103.0,140.0,boundary_edge,100,0.8810847975553858,0.4812966287136078,0.45490196347236633
gated_t0.9_d2_s0,vo2_Vacancy-Anion-03.png,4,412.0,317.0,boundary_edge,100,0.8810847975553858,0.4822874069213867,0.529411792755127
gated_t0.9_d2_s0,mos2-A_Adatom-Li.png,4,65.0,437.0,borderline_shifted,84,0.19147515189590425,0.4919910430908203,0.5882353186607361
gated_t0.9_d2_s0,mos2-A_Adatom-Li.png,4,92.0,429.0,borderline_shifted,84,0.19147515189590425,0.22343260049819946,0.2823529541492462
gated_t0.9_d2_s0,mos2-A_Adatom-Li.png,4,79.0,446.0,borderline_shifted,84,0.19147515189590425,0.18446891009807587,0.21176470816135406
gated_t0.9_d2_s0,mote2-A_Anti-2M.png,4,160.0,553.0,borderline_shifted,189,0.2722986573207985,0.43137186765670776,0.29411765933036804
gated_t0.9_d2_s0,mote2-A_Anti-2M.png,4,160.0,252.0,borderline_shifted,189,0.2722986573207985,0.44477373361587524,0.29411765933036804
gated_t0.9_d2_s0,mote2-A_Anti-2M.png,4,236.0,185.0,boundary_edge,189,0.2722986573207985,0.3594512343406677,0.14509804546833038
gated_t0.9_d2_s0,mote2-A_Anti-2M.png,4,236.0,488.0,boundary_edge,189,0.2722986573207985,0.3538925051689148,0.1411764770746231
gated_t0.9_d2_s0,mote2-A_Anti-2M.png,4,152.0,492.0,borderline_shifted,189,0.2722986573207985,0.3357505202293396,0.250980406999588
gated_t0.9_d2_s0,mote2-A_Anti-2M.png,4,250.0,200.0,borderline_shifted,189,0.2722986573207985,0.4534168541431427,0.3529411852359772
gated_t0.9_d2_s0,mote2-A_Anti-2M.png,4,238.0,523.0,borderline_shifted,189,0.2722986573207985,0.43757787346839905,0.47843137383461
gated_t0.9_d2_s0,mote2-A_Anti-2M.png,4,239.0,222.0,borderline_shifted,189,0.2722986573207985,0.40603405237197876,0.4156862795352936
gated_t0.9_d2_s0,mote2-A_Anti-2M.png,4,250.0,503.0,borderline_shifted,189,0.2722986573207985,0.45578691363334656,0.364705890417099
gated_t0.9_d2_s0,mote2-A_Anti-2M.png,4,167.0,481.0,borderline_shifted,189,0.2722986573207985,0.3168470561504364,0.20000000298023224
gated_t0.9_d2_s0,mote2-A_Anti-2M.png,4,166.0,183.0,borderline_shifted,189,0.2722986573207985,0.30502527952194214,0.21176470816135406
gated_t0.9_d2_s0,mote2-A_Anti-2M.png,4,236.0,513.0,borderline_shifted,189,0.2722986573207985,0.4195500612258911,0.2862745225429535
gated_t0.9_d2_s0,mote2-A_Anti-2M.png,4,128.0,479.0,borderline_shifted,189,0.2722986573207985,0.3010944128036499,0.40392157435417175
gated_t0.9_d2_s0,mote2-A_Anti-2M.png,4,213.0,210.0,borderline_shifted,189,0.2722986573207985,0.38876771926879883,0.25882354378700256
gated_t0.9_d2_s0,mote2-A_Anti-2M.png,4,237.0,208.0,borderline_shifted,189,0.2722986573207985,0.37121593952178955,0.29411765933036804
gated_t0.9_d2_s0,mote2-A_Anti-2M.png,4,163.0,487.0,borderline_shifted,189,0.2722986573207985,0.32240578532218933,0.22745098173618317
gated_t0.9_d2_s0,mote2-A_Anti-2M.png,4,158.0,189.0,borderline_shifted,189,0.2722986573207985,0.3193027675151825,0.22745098173618317
gated_t0.9_d2_s0,mote2-A_Anti-2M.png,4,251.0,209.0,borderline_shifted,189,0.2722986573207985,0.3928990960121155,0.3529411852359772
gated_t0.9_d2_s0,mote2-A_Anti-2M.png,4,239.0,508.0,borderline_shifted,189,0.2722986573207985,0.34892401099205017,0.24313725531101227
gated_t0.9_d2_s0,mote2-A_Anti-2M.png,4,213.0,513.0,borderline_shifted,189,0.2722986573207985,0.3951449990272522,0.2666666805744171
gated_t0.9_d2_s0,mote2-A_Anti-2M.png,4,214.0,505.0,borderline_shifted,189,0.2722986573207985,0.34412679076194763,0.24705882370471954
gated_t0.9_d2_s0,mote2-A_Anti-2M.png,4,214.0,204.0,borderline_shifted,189,0.2722986573207985,0.3496854901313782,0.24705882370471954
gated_t0.9_d2_s0,mote2-A_Anti-2M.png,4,239.0,204.0,borderline_shifted,189,0.2722986573207985,0.33241915702819824,0.24705882370471954
gated_t0.9_d2_s0,mote2-A_Anti-2M.png,4,225.0,181.0,borderline_shifted,189,0.2722986573207985,0.3334282636642456,0.24313725531101227
gated_t0.9_d2_s0,mote2-A_Anti-2M.png,4,139.0,149.0,borderline_shifted,189,0.2722986573207985,0.37701067328453064,0.5215686559677124
gated_t0.9_d2_s0,mote2-A_Anti-2M.png,4,236.0,495.0,boundary_edge,189,0.2722986573207985,0.28840622305870056,0.1411764770746231
gated_t0.9_d2_s0,tate2-A_Fe_doped.png,4,550.0,32.0,borderline_shifted,122,0.0488133445945946,0.27486950159072876,0.2862745225429535
gated_t0.9_d2_s0,vse2-A_Vacancy-Anion-06A.png,4,628.0,217.0,borderline_shifted,84,0.05164308340497378,0.239215686917305,0.21176470816135406
gated_t0.9_d2_s0,vse2-A_Vacancy-Anion-06A.png,4,126.0,578.0,boundary_edge,84,0.05164308340497378,0.1921568661928177,0.18039216101169586
gated_t0.9_d2_s0,vse2-A_Vacancy-Anion-06A.png,4,294.0,217.0,borderline_shifted,84,0.05164308340497378,0.23529411852359772,0.239215686917305
gated_t0.9_d2_s0,vse2-A_Vacancy-Anion-06A.png,4,668.0,288.0,boundary_edge,84,0.05164308340497378,0.21960784494876862,0.24705882370471954
gated_t0.9_d2_s0,vse2-A_Vacancy-Anion-06A.png,4,210.0,72.0,borderline_shifted,84,0.05164308340497378,0.23529411852359772,0.21960784494876862
gated_t0.9_d2_s0,vse2-A_Vacancy-Anion-06A.png,4,0.0,435.0,boundary_edge,84,0.05164308340497378,0.19607843458652496,0.20392157137393951
gated_t0.9_d2_s0,tas2-A_Doped-Li.png,4,0.0,88.0,boundary_edge,68,0.07274566327820765,0.5588858127593994,0.0313725508749485
gated_t0.9_d2_s0,tas2-A_Doped-Li.png,4,0.0,382.0,boundary_edge,68,0.07274566327820765,0.4874517321586609,0.03921568766236305
gated_t0.9_d2_s0,tas2-A_Doped-Li.png,4,22.0,495.0,borderline_shifted,68,0.07274566327820765,0.1563585251569748,0.13725490868091583
gated_t0.9_d2_s0,tas2-A_Doped-Li.png,4,21.0,199.0,borderline_shifted,68,0.07274566327820765,0.14496943354606628,0.13725490868091583
gated_t0.9_d2_s0,tas2-A_Doped-Li.png,4,31.0,199.0,borderline_shifted,68,0.07274566327820765,0.13772515952587128,0.12156862765550613
gated_t0.9_d2_s0,tase2-A_Vacancy-Anion-12B.png,4,439.0,436.0,borderline_shifted,121,0.041567427630030594,0.153900146484375,0.1568627506494522
gated_t0.9_d2_s0,tase2-A_Vacancy-Anion-12B.png,4,440.0,132.0,borderline_shifted,121,0.041567427630030594,0.1466759294271469,0.14901961386203766
gated_t0.9_d2_s0,tase2-A_Vacancy-Anion-12B.png,4,510.0,89.0,invented_damaged,121,0.041567427630030594,0.23550739884376526,0.239215686917305
gated_t0.9_d2_s0,tase2-A_Vacancy-Anion-12B.png,4,483.0,45.0,invented_damaged,121,0.041567427630030594,0.2391195148229599,0.250980406999588
gated_t0.9_d2_s0,tase2-A_Vacancy-Anion-12B.png,4,121.0,595.0,boundary_edge,121,0.041567427630030594,0.16470588743686676,0.16470588743686676
gated_t0.9_d2_s0,tase2-A_Vacancy-Anion-12B.png,4,435.0,124.0,borderline_shifted,121,0.041567427630030594,0.14170928299427032,0.15294118225574493
gated_t0.9_d2_s0,nbs2_Anti-Metal.png,4,366.0,412.0,borderline_shifted,106,0.06295582043159821,0.48235294222831726,0.5843137502670288
gated_t0.9_d2_s0,nbse2_Cu_doped.png,4,337.0,146.0,borderline_shifted,145,0.8245839067452421,0.23523154854774475,0.30588236451148987
gated_t0.9_d2_s0,nbte2_Vacancy-Anion-12A.png,4,97.0,445.0,invented_undamaged,170,0.08330716902145474,0.6039307117462158,0.06666667014360428
gated_t0.9_d2_s0,nbte2_Vacancy-Anion-12A.png,4,579.0,469.0,invented_undamaged,170,0.08330716902145474,0.6199472546577454,0.08235294371843338
gated_t0.9_d2_s0,nbte2_Vacancy-Anion-12A.png,4,94.0,132.0,invented_undamaged,170,0.08330716902145474,0.5690392255783081,0.062745101749897
gated_t0.9_d2_s0,nbte2_Vacancy-Anion-12A.png,4,675.0,315.0,invented_undamaged,170,0.08330716902145474,0.5818668603897095,0.06666667014360428
gated_t0.9_d2_s0,nbte2_Vacancy-Anion-12A.png,4,714.0,443.0,boundary_edge,170,0.08330716902145474,0.6273516416549683,0.01568627543747425
gated_t0.9_d2_s0,nbte2_Vacancy-Anion-12A.png,4,719.0,391.0,boundary_edge,170,0.08330716902145474,0.6159895062446594,0.027450980618596077
gated_t0.9_d2_s0,nbte2_Vacancy-Anion-12A.png,4,103.0,119.0,invented_undamaged,170,0.08330716902145474,0.3694756329059601,0.06666667014360428
gated_t0.9_d2_s0,nbte2_Vacancy-Anion-12A.png,4,660.0,307.0,invented_undamaged,170,0.08330716902145474,0.41631507873535156,0.054901961237192154
gated_t0.9_d2_s0,nbte2_Vacancy-Anion-12A.png,4,110.0,128.0,invented_undamaged,170,0.08330716902145474,0.35133326053619385,0.062745101749897
gated_t0.9_d2_s0,nbte2_Vacancy-Anion-12A.png,4,105.0,128.0,invented_undamaged,170,0.08330716902145474,0.4597463607788086,0.062745101749897
gated_t0.9_d2_s0,nbte2_Vacancy-Anion-12A.png,4,84.0,121.0,borderline_shifted,170,0.08330716902145474,0.3351336121559143,0.05882352963089943
gated_t0.9_d2_s0,nbte2_Vacancy-Anion-12A.png,4,675.0,295.0,borderline_shifted,170,0.08330716902145474,0.30310067534446716,0.07058823853731155
gated_t0.9_d2_s0,nbte2_Vacancy-Anion-12A.png,4,685.0,303.0,borderline_shifted,170,0.08330716902145474,0.31768783926963806,0.054901961237192154
gated_t0.9_d2_s0,nbte2_Vacancy-Anion-12A.png,4,707.0,497.0,invented_undamaged,170,0.08330716902145474,0.29980334639549255,0.03529411926865578
gated_t0.9_d2_s0,nbte2_Vacancy-Anion-12A.png,4,110.0,143.0,borderline_shifted,170,0.08330716902145474,0.27781176567077637,0.0784313753247261
gated_t0.9_d2_s0,tise2_Adatom-Li.png,4,286.0,528.0,borderline_shifted,157,0.24425908977452368,0.5396338701248169,0.5372549295425415
gated_t0.9_d2_s0,tise2_Adatom-Li.png,4,321.0,488.0,borderline_shifted,157,0.24425908977452368,0.323082834482193,0.3764705955982208
gated_t0.9_d2_s0,tise2_Adatom-Li.png,4,268.0,518.0,borderline_shifted,157,0.24425908977452368,0.3311663866043091,0.40784314274787903
gated_t0.9_d2_s0,tise2_Adatom-Li.png,4,240.0,482.0,borderline_shifted,157,0.24425908977452368,0.24188517034053802,0.27843138575553894
gated_t0.9_d2_s0,tise2_Adatom-Li.png,4,279.0,543.0,borderline_shifted,157,0.24425908977452368,0.3339732885360718,0.3176470696926117
gated_t0.9_d2_s0,tise2_Adatom-Li.png,4,287.0,542.0,borderline_shifted,157,0.24425908977452368,0.3234918713569641,0.33725491166114807
gated_t0.9_d2_s0,tise2_Adatom-Li.png,4,302.0,528.0,borderline_shifted,157,0.24425908977452368,0.23216554522514343,0.24313725531101227
gated_t0.9_d2_s0,tise2_Adatom-Li.png,4,284.0,456.0,borderline_shifted,157,0.24425908977452368,0.29299354553222656,0.3333333432674408
gated_t0.9_d2_s0,tise2_Adatom-Li.png,4,271.0,538.0,borderline_shifted,157,0.24425908977452368,0.3624265193939209,0.3921568691730499
gated_t0.9_d2_s0,tise2_Adatom-Li.png,4,320.0,498.0,borderline_shifted,157,0.24425908977452368,0.24352124333381653,0.26274511218070984
gated_t0.9_d2_s0,tise2_Adatom-Li.png,4,240.0,492.0,borderline_shifted,157,0.24425908977452368,0.20529219508171082,0.22745098173618317
gated_t0.9_d2_s0,tise2_Adatom-Li.png,4,239.0,487.0,borderline_shifted,157,0.24425908977452368,0.22010423243045807,0.250980406999588
gated_t0.9_d2_s0,tise2_Adatom-Li.png,4,254.0,456.0,borderline_shifted,157,0.24425908977452368,0.18673500418663025,0.1921568661928177
gated_t0.9_d2_s0,tise2_Adatom-Li.png,4,269.0,455.0,borderline_shifted,157,0.24425908977452368,0.2613806128501892,0.27843138575553894
gated_t0.9_d2_s0,tise2_Adatom-Li.png,4,278.0,458.0,borderline_shifted,157,0.24425908977452368,0.2609153687953949,0.2823529541492462
gated_t0.9_d2_s0,vs2_Vacancy-Anion-06A.png,4,303.0,417.0,borderline_shifted,158,0.5639575851734882,0.7772507667541504,0.7411764860153198
gated_t0.9_d2_s0,ws2-A_Vacancy-Metal.png,4,277.0,551.0,boundary_edge,59,0.04382806634359429,0.5226553082466125,0.4588235318660736
gated_t0.9_d2_s0,ws2-A_Vacancy-Metal.png,4,266.0,529.0,borderline_shifted,59,0.04382806634359429,0.36995774507522583,0.3607843220233917
gated_t0.9_d2_s0,cose2_Fe_doped.png,4,556.0,50.0,borderline_shifted,96,0.04902493801064997,0.21341335773468018,0.054901961237192154
gated_t0.9_d2_s0,cose2_Fe_doped.png,4,553.0,61.0,borderline_shifted,96,0.04902493801064997,0.18707402050495148,0.054901961237192154
gated_t0.9_d2_s0,cro2_Vacancy-Anion-03.png,4,353.0,233.0,borderline_shifted,80,0.678255767502247,0.4574549198150635,0.07450980693101883
gated_t0.9_d2_s0,cro2_Vacancy-Anion-03.png,4,347.0,227.0,borderline_shifted,80,0.678255767502247,0.5248262286186218,0.12941177189350128
gated_t0.9_d2_s0,cro2_Vacancy-Anion-03.png,4,336.0,227.0,borderline_shifted,80,0.678255767502247,0.5837694406509399,0.12156862765550613
gated_t0.9_d2_s0,cro2_Vacancy-Anion-03.png,4,376.0,298.0,borderline_shifted,80,0.678255767502247,0.43849825859069824,0.18039216101169586
gated_t0.9_d2_s0,cro2_Vacancy-Anion-03.png,4,327.0,237.0,borderline_shifted,80,0.678255767502247,0.40029287338256836,0.1725490242242813
gated_t0.9_d2_s0,cro2_Vacancy-Anion-03.png,4,377.0,76.0,borderline_shifted,80,0.678255767502247,0.4129481911659241,0.18431372940540314
gated_t0.9_d2_s0,cro2_Vacancy-Anion-03.png,4,362.0,236.0,boundary_edge,80,0.678255767502247,0.31350642442703247,0.125490203499794
gated_t0.9_d2_s0,cro2_Vacancy-Anion-03.png,4,327.0,230.0,borderline_shifted,80,0.678255767502247,0.48199462890625,0.125490203499794
gated_t0.9_d2_s0,cro2_Vacancy-Anion-03.png,4,381.0,284.0,borderline_shifted,80,0.678255767502247,0.4119777977466583,0.21960784494876862
gated_t0.9_d2_s0,cro2_Vacancy-Anion-03.png,4,366.0,227.0,borderline_shifted,80,0.678255767502247,0.32977765798568726,0.18039216101169586
gated_t0.9_d2_s0,cro2_Vacancy-Anion-03.png,4,7.0,6.0,boundary_edge,80,0.678255767502247,0.18525780737400055,0.0784313753247261
gated_t0.9_d2_s0,cro2_Vacancy-Anion-03.png,4,368.0,66.0,borderline_shifted,80,0.678255767502247,0.4541047215461731,0.2705882489681244
gated_t0.9_d2_s0,cro2_Vacancy-Anion-03.png,4,389.0,80.0,borderline_shifted,80,0.678255767502247,0.44928574562072754,0.29411765933036804
gated_t0.9_d2_s0,cro2_Vacancy-Anion-03.png,4,367.0,295.0,borderline_shifted,80,0.678255767502247,0.44187474250793457,0.30980393290519714
gated_t0.9_d2_s0,cro2_Vacancy-Anion-03.png,4,390.0,307.0,borderline_shifted,80,0.678255767502247,0.43092086911201477,0.3176470696926117
gated_t0.9_d2_s0,cro2_Vacancy-Anion-03.png,4,389.0,56.0,borderline_shifted,80,0.678255767502247,0.4005187153816223,0.2705882489681244
gated_t0.9_d2_s0,cro2_Vacancy-Anion-03.png,4,382.0,229.0,borderline_shifted,80,0.678255767502247,0.42964479327201843,0.24313725531101227
gated_t0.9_d2_s0,cro2_Vacancy-Anion-03.png,4,374.0,283.0,borderline_shifted,80,0.678255767502247,0.37485575675964355,0.1921568661928177
gated_t0.9_d2_s0,cro2_Vacancy-Anion-03.png,4,379.0,53.0,borderline_shifted,80,0.678255767502247,0.37085437774658203,0.1882352977991104
gated_t0.9_d2_s0,cro2_Vacancy-Anion-03.png,4,390.0,282.0,borderline_shifted,80,0.678255767502247,0.423702597618103,0.250980406999588
gated_t0.9_d2_s0,cro2_Vacancy-Anion-03.png,4,370.0,303.0,borderline_shifted,80,0.678255767502247,0.3776473104953766,0.20392157137393951
gated_t0.9_d2_s0,cro2_Vacancy-Anion-03.png,4,373.0,85.0,borderline_shifted,80,0.678255767502247,0.2840348184108734,0.1764705926179886
gated_t0.9_d2_s0,vo2_Vacancy-Anion-03.png,8,278.0,437.0,boundary_edge,100,0.8846180290297937,0.49717971682548523,0.2823529541492462
gated_t0.9_d2_s0,vo2_Vacancy-Anion-03.png,8,549.0,439.0,boundary_edge,100,0.8846180290297937,0.4726940989494324,0.23137255012989044
gated_t0.9_d2_s0,vo2_Vacancy-Anion-03.png,8,207.0,317.0,invented_damaged,100,0.8846180290297937,0.4981591999530792,0.545098066329956
gated_t0.9_d2_s0,vo2_Vacancy-Anion-03.png,8,549.0,321.0,boundary_edge,100,0.8846180290297937,0.36406946182250977,0.43921568989753723
gated_t0.9_d2_s0,vo2_Vacancy-Anion-03.png,8,482.0,317.0,invented_damaged,100,0.8846180290297937,0.4967198669910431,0.4274509847164154
gated_t0.9_d2_s0,vo2_Vacancy-Anion-03.png,8,412.0,80.0,boundary_edge,100,0.8846180290297937,0.47589415311813354,0.5176470875740051
gated_t0.9_d2_s0,vo2_Vacancy-Anion-03.png,8,241.0,20.0,boundary_edge,100,0.8846180290297937,0.479408860206604,0.5098039507865906
gated_t0.9_d2_s0,vo2_Vacancy-Anion-03.png,8,172.0,258.0,boundary_edge,100,0.8846180290297937,0.48321008682250977,0.5215686559677124
gated_t0.9_d2_s0,vo2_Vacancy-Anion-03.png,8,481.0,79.0,boundary_edge,100,0.8846180290297937,0.4906463027000427,0.5215686559677124
gated_t0.9_d2_s0,vo2_Vacancy-Anion-03.png,8,344.0,317.0,boundary_edge,100,0.8846180290297937,0.48821863532066345,0.4431372582912445
gated_t0.9_d2_s0,vo2_Vacancy-Anion-03.png,8,378.0,377.0,boundary_edge,100,0.8846180290297937,0.49014121294021606,0.5176470875740051
gated_t0.9_d2_s0,vo2_Vacancy-Anion-03.png,8,69.0,318.0,boundary_edge,100,0.8846180290297937,0.4870983064174652,0.5176470875740051
gated_t0.9_d2_s0,vo2_Vacancy-Anion-03.png,8,103.0,139.0,boundary_edge,100,0.8846180290297937,0.4855048656463623,0.5372549295425415
gated_t0.9_d2_s0,vo2_Vacancy-Anion-03.png,8,137.0,79.0,invented_damaged,100,0.8846180290297937,0.47427988052368164,0.5058823823928833
gated_t0.9_d2_s0,vo2_Vacancy-Anion-03.png,8,378.0,140.0,boundary_edge,100,0.8846180290297937,0.4878894090652466,0.5215686559677124
gated_t0.9_d2_s0,vo2_Vacancy-Anion-03.png,8,309.0,21.0,boundary_edge,100,0.8846180290297937,0.4892840087413788,0.49803921580314636
gated_t0.9_d2_s0,vo2_Vacancy-Anion-03.png,8,34.0,20.0,boundary_edge,100,0.8846180290297937,0.4814733862876892,0.46666666865348816
gated_t0.9_d2_s0,vo2_Vacancy-Anion-03.png,8,446.0,377.0,invented_damaged,100,0.8846180290297937,0.47114479541778564,0.5254902243614197
gated_t0.9_d2_s0,vo2_Vacancy-Anion-03.png,8,379.0,257.0,boundary_edge,100,0.8846180290297937,0.4832429885864258,0.5137255191802979
gated_t0.9_d2_s0,vo2_Vacancy-Anion-03.png,8,240.0,139.0,boundary_edge,100,0.8846180290297937,0.4940955638885498,0.5529412031173706
gated_t0.9_d2_s0,vo2_Vacancy-Anion-03.png,8,447.0,140.0,boundary_edge,100,0.8846180290297937,0.4865269064903259,0.4588235318660736
gated_t0.9_d2_s0,vo2_Vacancy-Anion-03.png,8,345.0,79.0,boundary_edge,100,0.8846180290297937,0.4885813891887665,0.5411764979362488
gated_t0.9_d2_s0,vo2_Vacancy-Anion-03.png,8,172.0,140.0,boundary_edge,100,0.8846180290297937,0.4861762225627899,0.49803921580314636
gated_t0.9_d2_s0,vo2_Vacancy-Anion-03.png,8,206.0,79.0,boundary_edge,100,0.8846180290297937,0.48594504594802856,0.5411764979362488
gated_t0.9_d2_s0,vo2_Vacancy-Anion-03.png,8,549.0,80.0,boundary_edge,100,0.8846180290297937,0.481781929731369,0.4745098054409027
gated_t0.9_d2_s0,vo2_Vacancy-Anion-03.png,8,104.0,377.0,boundary_edge,100,0.8846180290297937,0.48358243703842163,0.48627451062202454
gated_t0.9_d2_s0,vo2_Vacancy-Anion-03.png,8,413.0,318.0,boundary_edge,100,0.8846180290297937,0.4823862910270691,0.43529412150382996
gated_t0.9_d2_s0,vo2_Vacancy-Anion-03.png,8,309.0,139.0,boundary_edge,100,0.8846180290297937,0.49152466654777527,0.47058823704719543
gated_t0.9_d2_s0,vo2_Vacancy-Anion-03.png,8,516.0,20.0,boundary_edge,100,0.8846180290297937,0.47147825360298157,0.45490196347236633
gated_t0.9_d2_s0,vo2_Vacancy-Anion-03.png,8,516.0,138.0,boundary_edge,100,0.8846180290297937,0.4915587902069092,0.47058823704719543
gated_t0.9_d2_s0,vo2_Vacancy-Anion-03.png,8,69.0,80.0,boundary_edge,100,0.8846180290297937,0.48645108938217163,0.5137255191802979
gated_t0.9_d2_s0,vo2_Vacancy-Anion-03.png,8,35.0,139.0,boundary_edge,100,0.8846180290297937,0.4876255691051483,0.501960813999176
gated_t0.9_d2_s0,vo2_Vacancy-Anion-03.png,8,171.0,377.0,invented_damaged,100,0.8846180290297937,0.4675197899341583,0.49803921580314636
gated_t0.9_d2_s0,mos2-A_Adatom-Li.png,8,0.0,131.0,boundary_edge,84,0.2219420602376566,0.7419705390930176,0.027450980618596077
gated_t0.9_d2_s0,mos2-A_Adatom-Li.png,8,109.0,173.0,borderline_shifted,84,0.2219420602376566,0.2383933961391449,0.239215686917305
gated_t0.9_d2_s0,mos2-A_Adatom-Li.png,8,8.0,7.0,boundary_edge,84,0.2219420602376566,1.0,0.0235294122248888
gated_t0.9_d2_s0,mos2-A_Adatom-Li.png,8,44.0,210.0,invented_damaged,84,0.2219420602376566,0.25271856784820557,0.24705882370471954
gated_t0.9_d2_s0,mos2-A_Adatom-Li.png,8,112.0,91.0,invented_damaged,84,0.2219420602376566,0.2592814564704895,0.2235294133424759
gated_t0.9_d2_s0,mose2-A_Doped-Na.png,8,264.0,374.0,borderline_shifted,105,0.05399423782084861,0.16511791944503784,0.20392157137393951
gated_t0.9_d2_s0,mose2-A_Doped-Na.png,8,301.0,413.0,borderline_shifted,105,0.05399423782084861,0.23844261467456818,0.19607843458652496
gated_t0.9_d2_s0,mose2-A_Doped-Na.png,8,292.0,407.0,borderline_shifted,105,0.05399423782084861,0.405361145734787,0.32156863808631897
gated_t0.9_d2_s0,mose2-A_Doped-Na.png,8,286.0,369.0,borderline_shifted,105,0.05399423782084861,0.2964777946472168,0.22745098173618317
gated_t0.9_d2_s0,mose2-A_Doped-Na.png,8,205.0,418.0,borderline_shifted,105,0.05399423782084861,0.22822925448417664,0.22745098173618317
gated_t0.9_d2_s0,mose2-A_Doped-Na.png,8,294.0,372.0,borderline_shifted,105,0.05399423782084861,0.3687496483325958,0.29411765933036804
gated_t0.9_d2_s0,mose2-A_Doped-Na.png,8,257.0,400.0,borderline_shifted,105,0.05399423782084861,0.20650041103363037,0.2862745225429535
gated_t0.9_d2_s0,mote2-A_Anti-2M.png,8,381.0,292.0,boundary_edge,189,0.22890430746643303,0.25882354378700256,0.29019609093666077
gated_t0.9_d2_s0,tate2-A_Fe_doped.png,8,183.0,349.0,borderline_shifted,122,0.13390625,0.40428441762924194,0.38823530077934265
gated_t0.9_d2_s0,vse2-A_Vacancy-Anion-06A.png,8,123.0,10.0,boundary_edge,84,0.502884980289195,0.5531133413314819,0.529411792755127
gated_t0.9_d2_s0,vse2-A_Vacancy-Anion-06A.png,8,459.0,10.0,boundary_edge,84,0.502884980289195,0.5682430267333984,0.529411792755127
gated_t0.9_d2_s0,vse2-A_Vacancy-Anion-06A.png,8,457.0,0.0,boundary_edge,84,0.502884980289195,0.21630661189556122,0.1921568661928177
gated_t0.9_d2_s0,vse2-A_Vacancy-Anion-06A.png,8,121.0,0.0,boundary_edge,84,0.502884980289195,0.20930153131484985,0.19607843458652496
gated_t0.9_d2_s0,vse2-A_Vacancy-Anion-06A.png,8,132.0,37.0,borderline_shifted,84,0.502884980289195,0.48418208956718445,0.47058823704719543
gated_t0.9_d2_s0,vse2-A_Vacancy-Anion-06A.png,8,467.0,38.0,borderline_shifted,84,0.502884980289195,0.44215160608291626,0.4156862795352936
gated_t0.9_d2_s0,vse2-A_Vacancy-Anion-06A.png,8,137.0,39.0,borderline_shifted,84,0.502884980289195,0.32670536637306213,0.29411765933036804
gated_t0.9_d2_s0,vse2-A_Vacancy-Anion-06A.png,8,473.0,41.0,borderline_shifted,84,0.502884980289195,0.2558165192604065,0.2705882489681244
gated_t0.9_d2_s0,vse2-A_Vacancy-Anion-06A.png,8,137.0,70.0,borderline_shifted,84,0.502884980289195,0.163068026304245,0.1764705926179886
gated_t0.9_d2_s0,vse2-A_Vacancy-Anion-06A.png,8,463.0,69.0,borderline_shifted,84,0.502884980289195,0.1927708238363266,0.21176470816135406
gated_t0.9_d2_s0,vse2-A_Vacancy-Anion-06A.png,8,165.0,0.0,boundary_edge,84,0.502884980289195,0.21960784494876862,0.23137255012989044
gated_t0.9_d2_s0,vse2-A_Vacancy-Anion-06A.png,8,499.0,0.0,boundary_edge,84,0.502884980289195,0.2235294133424759,0.2078431397676468
gated_t0.9_d2_s0,vse2-A_Vacancy-Anion-06A.png,8,127.0,69.0,borderline_shifted,84,0.502884980289195,0.1896873116493225,0.1882352977991104
gated_t0.9_d2_s0,vse2-A_Vacancy-Anion-06A.png,8,628.0,217.0,borderline_shifted,84,0.502884980289195,0.23319880664348602,0.21176470816135406
gated_t0.9_d2_s0,vse2-A_Vacancy-Anion-06A.png,8,374.0,69.0,borderline_shifted,84,0.502884980289195,0.16475051641464233,0.1725490242242813
gated_t0.9_d2_s0,vse2-A_Vacancy-Anion-06A.png,8,166.0,145.0,borderline_shifted,84,0.502884980289195,0.24705882370471954,0.19607843458652496
gated_t0.9_d2_s0,vse2-A_Vacancy-Anion-06A.png,8,294.0,217.0,borderline_shifted,84,0.502884980289195,0.23423698544502258,0.239215686917305
gated_t0.9_d2_s0,vse2-A_Vacancy-Anion-06A.png,8,501.0,145.0,borderline_shifted,84,0.502884980289195,0.2549019753932953,0.19607843458652496
gated_t0.9_d2_s0,vse2-A_Vacancy-Anion-06A.png,8,377.0,362.0,borderline_shifted,84,0.502884980289195,0.23325499892234802,0.22745098173618317
gated_t0.9_d2_s0,tas2-A_Doped-Li.png,8,380.0,322.0,borderline_shifted,68,0.13661811561219844,0.3810770511627197,0.3686274588108063
gated_t0.9_d2_s0,tas2-A_Doped-Li.png,8,385.0,336.0,borderline_shifted,68,0.13661811561219844,0.37481868267059326,0.34117648005485535
gated_t0.9_d2_s0,tas2-A_Doped-Li.png,8,363.0,307.0,borderline_shifted,68,0.13661811561219844,0.2082427740097046,0.19607843458652496
gated_t0.9_d2_s0,tas2-A_Doped-Li.png,8,410.0,32.0,borderline_shifted,68,0.13661811561219844,0.15690545737743378,0.12941177189350128
gated_t0.9_d2_s0,tase2-A_Vacancy-Anion-12B.png,8,526.0,595.0,boundary_edge,121,0.01708637326429748,0.17684265971183777,0.16078431904315948
gated_t0.9_d2_s0,nbs2_Anti-Metal.png,8,371.0,272.0,borderline_shifted,106,0.08944600633533926,0.5538895130157471,0.572549045085907
gated_t0.9_d2_s0,nbs2_Anti-Metal.png,8,407.0,290.0,borderline_shifted,106,0.08944600633533926,0.38769853115081787,0.4627451002597809
gated_t0.9_d2_s0,nbs2_Anti-Metal.png,8,330.0,372.0,borderline_shifted,106,0.08944600633533926,0.30046337842941284,0.32549020648002625
gated_t0.9_d2_s0,nbs2_Anti-Metal.png,8,311.0,278.0,borderline_shifted,106,0.08944600633533926,0.30730998516082764,0.27843138575553894
gated_t0.9_d2_s0,nbs2_Anti-Metal.png,8,397.0,302.0,borderline_shifted,106,0.08944600633533926,0.2758440375328064,0.4000000059604645
gated_t0.9_d2_s0,nbs2_Anti-Metal.png,8,280.0,288.0,borderline_shifted,106,0.08944600633533926,0.2513396143913269,0.2666666805744171
gated_t0.9_d2_s0,nbse2_Cu_doped.png,8,643.0,12.0,boundary_edge,145,0.20733216013656394,0.4894763231277466,0.48235294222831726
gated_t0.9_d2_s0,nbse2_Cu_doped.png,8,649.0,35.0,borderline_shifted,145,0.20733216013656394,0.6197628378868103,0.6941176652908325
gated_t0.9_d2_s0,nbse2_Cu_doped.png,8,636.0,14.0,boundary_edge,145,0.20733216013656394,0.37411439418792725,0.37254902720451355
gated_t0.9_d2_s0,nbse2_Cu_doped.png,8,654.0,41.0,borderline_shifted,145,0.20733216013656394,0.38367342948913574,0.4588235318660736
gated_t0.9_d2_s0,nbse2_Cu_doped.png,8,331.0,106.0,borderline_shifted,145,0.20733216013656394,0.3622618019580841,0.3764705955982208
gated_t0.9_d2_s0,nbse2_Cu_doped.png,8,288.0,17.0,borderline_shifted,145,0.20733216013656394,0.4080691933631897,0.42352941632270813
gated_t0.9_d2_s0,nbse2_Cu_doped.png,8,635.0,32.0,borderline_shifted,145,0.20733216013656394,0.380714476108551,0.3960784375667572
gated_t0.9_d2_s0,nbse2_Cu_doped.png,8,285.0,34.0,borderline_shifted,145,0.20733216013656394,0.27510833740234375,0.3019607961177826
gated_t0.9_d2_s0,nbse2_Cu_doped.png,8,633.0,21.0,borderline_shifted,145,0.20733216013656394,0.3723900616168976,0.41960784792900085
gated_t0.9_d2_s0,nbse2_Cu_doped.png,8,292.0,42.0,borderline_shifted,145,0.20733216013656394,0.26716896891593933,0.2862745225429535
gated_t0.9_d2_s0,nbse2_Cu_doped.png,8,329.0,113.0,borderline_shifted,145,0.20733216013656394,0.21092352271080017,0.2549019753932953
gated_t0.9_d2_s0,nbte2_Vacancy-Anion-12A.png,8,276.0,127.0,invented_undamaged,170,0.10455913134484562,0.5644115805625916,0.08235294371843338
gated_t0.9_d2_s0,nbte2_Vacancy-Anion-12A.png,8,671.0,313.0,invented_undamaged,170,0.10455913134484562,0.6117219924926758,0.06666667014360428
gated_t0.9_d2_s0,nbte2_Vacancy-Anion-12A.png,8,96.0,445.0,invented_undamaged,170,0.10455913134484562,0.6271146535873413,0.06666667014360428
gated_t0.9_d2_s0,nbte2_Vacancy-Anion-12A.png,8,96.0,131.0,invented_undamaged,170,0.10455913134484562,0.5988668203353882,0.06666667014360428
gated_t0.9_d2_s0,nbte2_Vacancy-Anion-12A.png,8,276.0,142.0,invented_undamaged,170,0.10455913134484562,0.41994285583496094,0.09019608050584793
gated_t0.9_d2_s0,nbte2_Vacancy-Anion-12A.png,8,723.0,392.0,boundary_edge,170,0.10455913134484562,0.5291174650192261,0.0313725508749485
gated_t0.9_d2_s0,nbte2_Vacancy-Anion-12A.png,8,404.0,158.0,boundary_edge,170,0.10455913134484562,0.599957287311554,0.12156862765550613
gated_t0.9_d2_s0,nbte2_Vacancy-Anion-12A.png,8,447.0,25.0,invented_undamaged,170,0.10455913134484562,0.5360169410705566,0.07058823853731155
gated_t0.9_d2_s0,nbte2_Vacancy-Anion-12A.png,8,726.0,456.0,boundary_edge,170,0.10455913134484562,0.3336893916130066,0.027450980618596077
gated_t0.9_d2_s0,nbte2_Vacancy-Anion-12A.png,8,708.0,429.0,borderline_shifted,170,0.10455913134484562,0.34612518548965454,0.019607843831181526
gated_t0.9_d2_s0,nbte2_Vacancy-Anion-12A.png,8,719.0,426.0,boundary_edge,170,0.10455913134484562,0.3193662762641907,0.027450980618596077
gated_t0.9_d2_s0,nbte2_Vacancy-Anion-12A.png,8,289.0,128.0,invented_undamaged,170,0.10455913134484562,0.46412861347198486,0.0784313753247261
gated_t0.9_d2_s0,nbte2_Vacancy-Anion-12A.png,8,453.0,70.0,borderline_shifted,170,0.10455913134484562,0.5218195915222168,0.3450980484485626
gated_t0.9_d2_s0,nbte2_Vacancy-Anion-12A.png,8,287.0,142.0,borderline_shifted,170,0.10455913134484562,0.4004818797111511,0.09019608050584793
gated_t0.9_d2_s0,nbte2_Vacancy-Anion-12A.png,8,289.0,136.0,borderline_shifted,170,0.10455913134484562,0.4568307399749756,0.08627451211214066
gated_t0.9_d2_s0,nbte2_Vacancy-Anion-12A.png,8,462.0,80.0,borderline_shifted,170,0.10455913134484562,0.3870813846588135,0.21176470816135406
gated_t0.9_d2_s0,nbte2_Vacancy-Anion-12A.png,8,461.0,73.0,borderline_shifted,170,0.10455913134484562,0.3895140290260315,0.24705882370471954
gated_t0.9_d2_s0,nbte2_Vacancy-Anion-12A.png,8,454.0,92.0,borderline_shifted,170,0.10455913134484562,0.40316611528396606,0.26274511218070984
gated_t0.9_d2_s0,nbte2_Vacancy-Anion-12A.png,8,461.0,87.0,borderline_shifted,170,0.10455913134484562,0.3627551198005676,0.22745098173618317
gated_t0.9_d2_s0,nbte2_Vacancy-Anion-12A.png,8,700.0,426.0,borderline_shifted,170,0.10455913134484562,0.22329849004745483,0.05098039284348488
gated_t0.9_d2_s0,nbte2_Vacancy-Anion-12A.png,8,372.0,67.0,borderline_shifted,170,0.10455913134484562,0.46576470136642456,0.5176470875740051
gated_t0.9_d2_s0,nbte2_Vacancy-Anion-12A.png,8,500.0,23.0,borderline_shifted,170,0.10455913134484562,0.19194698333740234,0.0784313753247261
gated_t0.9_d2_s0,nbte2_Vacancy-Anion-12A.png,8,97.0,113.0,borderline_shifted,170,0.10455913134484562,0.3023588955402374,0.07450980693101883
gated_t0.9_d2_s0,nbte2_Vacancy-Anion-12A.png,8,708.0,462.0,borderline_shifted,170,0.10455913134484562,0.24517112970352173,0.027450980618596077
gated_t0.9_d2_s0,nbte2_Vacancy-Anion-12A.png,8,468.0,8.0,boundary_edge,170,0.10455913134484562,0.261947900056839,0.07058823853731155
gated_t0.9_d2_s0,nbte2_Vacancy-Anion-12A.png,8,291.0,117.0,borderline_shifted,170,0.10455913134484562,0.2850578725337982,0.07058823853731155
gated_t0.9_d2_s0,nbte2_Vacancy-Anion-12A.png,8,85.0,117.0,borderline_shifted,170,0.10455913134484562,0.28830838203430176,0.054901961237192154
gated_t0.9_d2_s0,nbte2_Vacancy-Anion-12A.png,8,381.0,58.0,borderline_shifted,170,0.10455913134484562,0.5066158175468445,0.43529412150382996
gated_t0.9_d2_s0,nbte2_Vacancy-Anion-12A.png,8,380.0,54.0,borderline_shifted,170,0.10455913134484562,0.5022958517074585,0.4470588266849518
gated_t0.9_d2_s0,nbte2_Vacancy-Anion-12A.png,8,379.0,50.0,borderline_shifted,170,0.10455913134484562,0.5093420743942261,0.45490196347236633
gated_t0.9_d2_s0,nbte2_Vacancy-Anion-12A.png,8,675.0,296.0,borderline_shifted,170,0.10455913134484562,0.31710147857666016,0.07450980693101883
gated_t0.9_d2_s0,nbte2_Vacancy-Anion-12A.png,8,261.0,147.0,borderline_shifted,170,0.10455913134484562,0.2019711285829544,0.10588235408067703
gated_t0.9_d2_s0,tise2_Adatom-Li.png,8,335.0,365.0,borderline_shifted,157,0.2508921060173244,0.6624458432197571,0.6039215922355652
gated_t0.9_d2_s0,tise2_Adatom-Li.png,8,326.0,368.0,borderline_shifted,157,0.2508921060173244,0.6363227367401123,0.5137255191802979
gated_t0.9_d2_s0,tise2_Adatom-Li.png,8,336.0,280.0,borderline_shifted,157,0.2508921060173244,0.48407089710235596,0.501960813999176
gated_t0.9_d2_s0,tise2_Adatom-Li.png,8,354.0,306.0,borderline_shifted,157,0.2508921060173244,0.4808500409126282,0.5333333611488342
gated_t0.9_d2_s0,tise2_Adatom-Li.png,8,399.0,304.0,borderline_shifted,157,0.2508921060173244,0.36798620223999023,0.43921568989753723
gated_t0.9_d2_s0,tise2_Adatom-Li.png,8,318.0,368.0,borderline_shifted,157,0.2508921060173244,0.4992656111717224,0.4000000059604645
gated_t0.9_d2_s0,tise2_Adatom-Li.png,8,352.0,365.0,borderline_shifted,157,0.2508921060173244,0.35569316148757935,0.35686275362968445
gated_t0.9_d2_s0,tise2_Adatom-Li.png,8,297.0,321.0,borderline_shifted,157,0.2508921060173244,0.29389452934265137,0.3333333432674408
gated_t0.9_d2_s0,tise2_Adatom-Li.png,8,34.0,429.0,borderline_shifted,157,0.2508921060173244,0.24879084527492523,0.06666667014360428
gated_t0.9_d2_s0,tise2_Adatom-Li.png,8,322.0,322.0,borderline_shifted,157,0.2508921060173244,0.23660796880722046,0.2549019753932953
gated_t0.9_d2_s0,tise2_Adatom-Li.png,8,345.0,353.0,borderline_shifted,157,0.2508921060173244,0.40892255306243896,0.40392157435417175
gated_t0.9_d2_s0,tise2_Adatom-Li.png,8,289.0,347.0,borderline_shifted,157,0.2508921060173244,0.3983501195907593,0.4117647111415863
gated_t0.9_d2_s0,tise2_Adatom-Li.png,8,329.0,298.0,borderline_shifted,157,0.2508921060173244,0.20631751418113708,0.21176470816135406
gated_t0.9_d2_s0,tise2_Adatom-Li.png,8,287.0,367.0,borderline_shifted,157,0.2508921060173244,0.45374372601509094,0.5176470875740051
gated_t0.9_d2_s0,tise2_Adatom-Li.png,8,321.0,379.0,borderline_shifted,157,0.2508921060173244,0.47271299362182617,0.4000000059604645
gated_t0.9_d2_s0,tise2_Adatom-Li.png,8,339.0,385.0,borderline_shifted,157,0.2508921060173244,0.42295026779174805,0.3529411852359772
gated_t0.9_d2_s0,tise2_Adatom-Li.png,8,5.0,426.0,boundary_edge,157,0.2508921060173244,0.1676061451435089,0.03921568766236305
gated_t0.9_d2_s0,tise2_Adatom-Li.png,8,348.0,282.0,borderline_shifted,157,0.2508921060173244,0.2723569869995117,0.29411765933036804
gated_t0.9_d2_s0,tise2_Adatom-Li.png,8,351.0,356.0,borderline_shifted,157,0.2508921060173244,0.334265798330307,0.32156863808631897
gated_t0.9_d2_s0,tise2_Adatom-Li.png,8,331.0,387.0,borderline_shifted,157,0.2508921060173244,0.37081432342529297,0.27843138575553894
gated_t0.9_d2_s0,tise2_Adatom-Li.png,8,348.0,381.0,borderline_shifted,157,0.2508921060173244,0.474889874458313,0.4431372582912445
gated_t0.9_d2_s0,tise2_Adatom-Li.png,8,351.0,375.0,borderline_shifted,157,0.2508921060173244,0.42229902744293213,0.3764705955982208
gated_t0.9_d2_s0,tise2_Adatom-Li.png,8,5.0,442.0,boundary_edge,157,0.2508921060173244,0.15419426560401917,0.04313725605607033
gated_t0.9_d2_s0,tise2_Adatom-Li.png,8,290.0,311.0,borderline_shifted,157,0.2508921060173244,0.2407386153936386,0.24705882370471954
gated_t0.9_d2_s0,tise2_Adatom-Li.png,8,419.0,337.0,borderline_shifted,157,0.2508921060173244,0.4069814682006836,0.4274509847164154
gated_t0.9_d2_s0,tise2_Adatom-Li.png,8,392.0,324.0,borderline_shifted,157,0.2508921060173244,0.34571123123168945,0.3843137323856354
gated_t0.9_d2_s0,tise2_Adatom-Li.png,8,294.0,367.0,borderline_shifted,157,0.2508921060173244,0.35639381408691406,0.4156862795352936
gated_t0.9_d2_s0,tise2_Adatom-Li.png,8,395.0,332.0,borderline_shifted,157,0.2508921060173244,0.3746624290943146,0.38823530077934265
gated_t0.9_d2_s0,tise2_Adatom-Li.png,8,349.0,269.0,borderline_shifted,157,0.2508921060173244,0.3040120601654053,0.35686275362968445
gated_t0.9_d2_s0,tise2_Adatom-Li.png,8,324.0,388.0,borderline_shifted,157,0.2508921060173244,0.4026050269603729,0.33725491166114807
gated_t0.9_d2_s0,tise2_Adatom-Li.png,8,290.0,303.0,borderline_shifted,157,0.2508921060173244,0.21317744255065918,0.20392157137393951
gated_t0.9_d2_s0,tise2_Adatom-Li.png,8,37.0,445.0,invented_undamaged,157,0.2508921060173244,0.1883695423603058,0.07450980693101883
gated_t0.9_d2_s0,tise2_Adatom-Li.png,8,393.0,304.0,borderline_shifted,157,0.2508921060173244,0.2739674150943756,0.32156863808631897
gated_t0.9_d2_s0,tise2_Adatom-Li.png,8,33.0,441.0,invented_undamaged,157,0.2508921060173244,0.16571316123008728,0.07058823853731155
gated_t0.9_d2_s0,tise2_Adatom-Li.png,8,290.0,322.0,borderline_shifted,157,0.2508921060173244,0.23285873234272003,0.250980406999588
gated_t0.9_d2_s0,tise2_Adatom-Li.png,8,367.0,301.0,borderline_shifted,157,0.2508921060173244,0.3040488064289093,0.3333333432674408
gated_t0.9_d2_s0,tise2_Adatom-Li.png,8,343.0,263.0,borderline_shifted,157,0.2508921060173244,0.3825904130935669,0.41960784792900085
gated_t0.9_d2_s0,tise2_Adatom-Li.png,8,13.0,441.0,boundary_edge,157,0.2508921060173244,0.13801637291908264,0.05882352963089943
gated_t0.9_d2_s0,tise2_Adatom-Li.png,8,288.0,339.0,borderline_shifted,157,0.2508921060173244,0.2832486629486084,0.27450981736183167
gated_t0.9_d2_s0,tise2_Adatom-Li.png,8,290.0,326.0,borderline_shifted,157,0.2508921060173244,0.21556203067302704,0.239215686917305
gated_t0.9_d2_s0,tise2_Adatom-Li.png,8,351.0,334.0,borderline_shifted,157,0.2508921060173244,0.30772459506988525,0.32549020648002625
gated_t0.9_d2_s0,tise2_Adatom-Li.png,8,350.0,337.0,borderline_shifted,157,0.2508921060173244,0.2802368402481079,0.2666666805744171
gated_t0.9_d2_s0,tise2_Adatom-Li.png,8,239.0,315.0,borderline_shifted,157,0.2508921060173244,0.34487491846084595,0.40392157435417175
gated_t0.9_d2_s0,tise2_Adatom-Li.png,8,290.0,296.0,borderline_shifted,157,0.2508921060173244,0.21026447415351868,0.21960784494876862
gated_t0.9_d2_s0,tite2-B_Cu_doped.png,8,480.0,598.0,borderline_shifted,72,0.6632568398271086,0.46325862407684326,0.5372549295425415
gated_t0.9_d2_s0,tite2-B_Cu_doped.png,8,81.0,600.0,borderline_shifted,72,0.6632568398271086,0.5265133380889893,0.529411792755127
gated_t0.9_d2_s0,tite2-B_Cu_doped.png,8,0.0,610.0,boundary_edge,72,0.6632568398271086,0.3886418342590332,0.41960784792900085
gated_t0.9_d2_s0,tite2-B_Cu_doped.png,8,112.0,598.0,borderline_shifted,72,0.6632568398271086,0.27129435539245605,0.30980393290519714
gated_t0.9_d2_s0,tite2-B_Cu_doped.png,8,448.0,594.0,borderline_shifted,72,0.6632568398271086,0.34700238704681396,0.3450980484485626
gated_t0.9_d2_s0,tite2-B_Cu_doped.png,8,9.0,607.0,boundary_edge,72,0.6632568398271086,0.393985390663147,0.43529412150382996
gated_t0.9_d2_s0,tite2-B_Cu_doped.png,8,8.0,7.0,boundary_edge,72,0.6632568398271086,1.0,0.08627451211214066
gated_t0.9_d2_s0,tite2-B_Cu_doped.png,8,73.0,597.0,borderline_shifted,72,0.6632568398271086,0.2983115315437317,0.2666666805744171
gated_t0.9_d2_s0,tite2-B_Cu_doped.png,8,489.0,595.0,borderline_shifted,72,0.6632568398271086,0.20549525320529938,0.2235294133424759
gated_t0.9_d2_s0,vs2_Vacancy-Anion-06A.png,8,367.0,447.0,boundary_edge,158,0.6853469622234107,0.5344891548156738,0.5098039507865906
gated_t0.9_d2_s0,vs2_Vacancy-Anion-06A.png,8,174.0,158.0,boundary_edge,158,0.6853469622234107,0.38271263241767883,0.364705890417099
gated_t0.9_d2_s0,vte2_Defect-Free.png,8,184.0,346.0,borderline_shifted,119,0.05976542557479243,0.3778526782989502,0.4156862795352936
gated_t0.9_d2_s0,vte2_Defect-Free.png,8,196.0,354.0,borderline_shifted,119,0.05976542557479243,0.38864532113075256,0.4117647111415863
gated_t0.9_d2_s0,vte2_Defect-Free.png,8,235.0,312.0,borderline_shifted,119,0.05976542557479243,0.2944609820842743,0.2666666805744171
gated_t0.9_d2_s0,vte2_Defect-Free.png,8,203.0,365.0,borderline_shifted,119,0.05976542557479243,0.30454838275909424,0.3333333432674408
gated_t0.9_d2_s0,vte2_Defect-Free.png,8,182.0,389.0,borderline_shifted,119,0.05976542557479243,0.3373314142227173,0.2862745225429535
gated_t0.9_d2_s0,vte2_Defect-Free.png,8,295.0,352.0,borderline_shifted,119,0.05976542557479243,0.3991427421569824,0.4431372582912445
gated_t0.9_d2_s0,vte2_Defect-Free.png,8,285.0,346.0,borderline_shifted,119,0.05976542557479243,0.3310655355453491,0.3764705955982208
gated_t0.9_d2_s0,vte2_Defect-Free.png,8,228.0,333.0,borderline_shifted,119,0.05976542557479243,0.28142404556274414,0.2235294133424759
gated_t0.9_d2_s0,vte2_Defect-Free.png,8,204.0,379.0,borderline_shifted,119,0.05976542557479243,0.22826120257377625,0.21960784494876862
gated_t0.9_d2_s0,vte2_Defect-Free.png,8,301.0,353.0,borderline_shifted,119,0.05976542557479243,0.32640540599823,0.3607843220233917
gated_t0.9_d2_s0,vte2_Defect-Free.png,8,229.0,323.0,borderline_shifted,119,0.05976542557479243,0.33300966024398804,0.24705882370471954
gated_t0.9_d2_s0,vte2_Defect-Free.png,8,273.0,345.0,borderline_shifted,119,0.05976542557479243,0.31373530626296997,0.34117648005485535
gated_t0.9_d2_s0,vte2_Defect-Free.png,8,279.0,346.0,borderline_shifted,119,0.05976542557479243,0.33099883794784546,0.3607843220233917
gated_t0.9_d2_s0,ws2-A_Vacancy-Metal.png,8,344.0,499.0,invented_undamaged,59,0.049382294723909634,0.6604201793670654,0.0470588244497776
gated_t0.9_d2_s0,ws2-A_Vacancy-Metal.png,8,406.0,545.0,boundary_edge,59,0.049382294723909634,0.5204930305480957,0.48627451062202454
gated_t0.9_d2_s0,ws2-A_Vacancy-Metal.png,8,414.0,525.0,borderline_shifted,59,0.049382294723909634,0.3653981685638428,0.4470588266849518
gated_t0.9_d2_s0,ws2-A_Vacancy-Metal.png,8,407.0,525.0,borderline_shifted,59,0.049382294723909634,0.3219543695449829,0.3960784375667572
gated_t0.9_d2_s0,ws2-A_Vacancy-Metal.png,8,392.0,520.0,borderline_shifted,59,0.049382294723909634,0.1348189115524292,0.15294118225574493
gated_t0.9_d2_s0,ws2-A_Vacancy-Metal.png,8,391.0,500.0,borderline_shifted,59,0.049382294723909634,0.21468859910964966,0.21568627655506134
gated_t0.9_d2_s0,ws2-A_Vacancy-Metal.png,8,389.0,419.0,borderline_shifted,59,0.049382294723909634,0.24402949213981628,0.250980406999588
gated_t0.9_d2_s0,ws2-A_Vacancy-Metal.png,8,330.0,489.0,invented_undamaged,59,0.049382294723909634,0.3101423978805542,0.05098039284348488
gated_t0.9_d2_s0,ws2-A_Vacancy-Metal.png,8,415.0,510.0,borderline_shifted,59,0.049382294723909634,0.12426835298538208,0.14509804546833038
gated_t0.9_d2_s0,cose2_Fe_doped.png,8,540.0,64.0,borderline_shifted,96,0.08137118409820739,0.35124027729034424,0.0313725508749485
gated_t0.9_d2_s0,cose2_Fe_doped.png,8,86.0,64.0,borderline_shifted,96,0.08137118409820739,0.4052209258079529,0.40392157435417175
gated_t0.9_d2_s0,cose2_Fe_doped.png,8,549.0,60.0,borderline_shifted,96,0.08137118409820739,0.28334516286849976,0.027450980618596077
gated_t0.9_d2_s0,cose2_Fe_doped.png,8,142.0,50.0,boundary_edge,96,0.08137118409820739,0.24774393439292908,0.05882352963089943
gated_t0.9_d2_s0,cose2_Fe_doped.png,8,109.0,49.0,borderline_shifted,96,0.08137118409820739,0.44638359546661377,0.4745098054409027
gated_t0.9_d2_s0,cose2_Fe_doped.png,8,142.0,55.0,boundary_edge,96,0.08137118409820739,0.22900819778442383,0.05882352963089943
gated_t0.9_d2_s0,cose2_Fe_doped.png,8,114.0,46.0,borderline_shifted,96,0.08137118409820739,0.29167652130126953,0.29411765933036804
gated_t0.9_d2_s0,cose2_Fe_doped.png,8,152.0,56.0,borderline_shifted,96,0.08137118409820739,0.20368534326553345,0.07450980693101883
gated_t0.9_d2_s0,cose2_Fe_doped.png,8,554.0,51.0,borderline_shifted,96,0.08137118409820739,0.2640720009803772,0.0470588244497776
gated_t0.9_d2_s0,cose2_Fe_doped.png,8,159.0,49.0,boundary_edge,96,0.08137118409820739,0.15719151496887207,0.05882352963089943
gated_t0.9_d2_s0,cro2_Vacancy-Anion-03.png,8,384.0,293.0,borderline_shifted,80,0.7192441492726123,0.42050471901893616,0.2078431397676468
gated_t0.9_d2_s0,cro2_Vacancy-Anion-03.png,8,71.0,153.0,borderline_shifted,80,0.7192441492726123,0.4391251802444458,0.5098039507865906
gated_t0.9_d2_s0,cro2_Vacancy-Anion-03.png,8,377.0,305.0,borderline_shifted,80,0.7192441492726123,0.3782314360141754,0.1725490242242813
gated_t0.9_d2_s0,cro2_Vacancy-Anion-03.png,8,368.0,292.0,borderline_shifted,80,0.7192441492726123,0.42448773980140686,0.21960784494876862
gated_t0.9_d2_s0,cro2_Vacancy-Anion-03.png,8,372.0,58.0,borderline_shifted,80,0.7192441492726123,0.37511295080184937,0.21568627655506134
gated_t0.9_d2_s0,cro2_Vacancy-Anion-03.png,8,381.0,76.0,borderline_shifted,80,0.7192441492726123,0.41673728823661804,0.19607843458652496
gated_t0.9_d2_s0,cro2_Vacancy-Anion-03.png,8,389.0,68.0,borderline_shifted,80,0.7192441492726123,0.38971859216690063,0.22745098173618317
gated_t0.9_d2_s0,cro2_Vacancy-Anion-03.png,8,387.0,60.0,borderline_shifted,80,0.7192441492726123,0.39067578315734863,0.22745098173618317
gated_t0.9_d2_s0,cro2_Vacancy-Anion-03.png,8,365.0,67.0,borderline_shifted,80,0.7192441492726123,0.42844003438949585,0.21568627655506134
gated_t0.9_d2_s0,cro2_Vacancy-Anion-03.png,8,377.0,281.0,borderline_shifted,80,0.7192441492726123,0.3565550148487091,0.20000000298023224
gated_t0.9_d2_s0,cro2_Vacancy-Anion-03.png,8,367.0,285.0,borderline_shifted,80,0.7192441492726123,0.3627925515174866,0.21568627655506134
gated_t0.9_d2_s0,cro2_Vacancy-Anion-03.png,8,385.0,282.0,borderline_shifted,80,0.7192441492726123,0.4029654562473297,0.2862745225429535
gated_t0.9_d2_s0,cro2_Vacancy-Anion-03.png,8,77.0,147.0,borderline_shifted,80,0.7192441492726123,0.266883909702301,0.2862745225429535
gated_t0.9_d2_s0,cro2_Vacancy-Anion-03.png,8,389.0,302.0,borderline_shifted,80,0.7192441492726123,0.4039534032344818,0.27843138575553894
gated_t0.9_d2_s0,cro2_Vacancy-Anion-03.png,8,37.0,201.0,borderline_shifted,80,0.7192441492726123,0.39117059111595154,0.37254902720451355
gated_t0.9_d2_s0,cro2_Vacancy-Anion-03.png,8,377.0,56.0,borderline_shifted,80,0.7192441492726123,0.3658183515071869,0.19607843458652496
gated_t0.9_d2_s0,vo2_Vacancy-Anion-03.png,12,309.0,139.0,boundary_edge,100,0.8351451489686784,0.4960815906524658,0.47058823704719543
gated_t0.9_d2_s0,vo2_Vacancy-Anion-03.png,12,241.0,139.0,boundary_edge,100,0.8351451489686784,0.48844224214553833,0.5254902243614197
gated_t0.9_d2_s0,vo2_Vacancy-Anion-03.png,12,378.0,377.0,boundary_edge,100,0.8351451489686784,0.4913715422153473,0.5176470875740051
gated_t0.9_d2_s0,vo2_Vacancy-Anion-03.png,12,241.0,20.0,boundary_edge,100,0.8351451489686784,0.470167875289917,0.5098039507865906
gated_t0.9_d2_s0,vo2_Vacancy-Anion-03.png,12,206.0,79.0,invented_damaged,100,0.8351451489686784,0.48670750856399536,0.5411764979362488
gated_t0.9_d2_s0,vo2_Vacancy-Anion-03.png,12,378.0,258.0,boundary_edge,100,0.8351451489686784,0.48130059242248535,0.40392157435417175
gated_t0.9_d2_s0,vo2_Vacancy-Anion-03.png,12,171.0,376.0,invented_damaged,100,0.8351451489686784,0.4893935024738312,0.501960813999176
gated_t0.9_d2_s0,vo2_Vacancy-Anion-03.png,12,516.0,21.0,boundary_edge,100,0.8351451489686784,0.46807605028152466,0.4588235318660736
gated_t0.9_d2_s0,vo2_Vacancy-Anion-03.png,12,309.0,20.0,boundary_edge,100,0.8351451489686784,0.4890490770339966,0.45098039507865906
gated_t0.9_d2_s0,vo2_Vacancy-Anion-03.png,12,344.0,79.0,boundary_edge,100,0.8351451489686784,0.4911330044269562,0.48627451062202454
gated_t0.9_d2_s0,vo2_Vacancy-Anion-03.png,12,171.0,257.0,boundary_edge,100,0.8351451489686784,0.4837055206298828,0.529411792755127
gated_t0.9_d2_s0,vo2_Vacancy-Anion-03.png,12,69.0,317.0,boundary_edge,100,0.8351451489686784,0.4835694432258606,0.5411764979362488
gated_t0.9_d2_s0,vo2_Vacancy-Anion-03.png,12,137.0,80.0,boundary_edge,100,0.8351451489686784,0.46938586235046387,0.47843137383461
gated_t0.9_d2_s0,vo2_Vacancy-Anion-03.png,12,378.0,139.0,boundary_edge,100,0.8351451489686784,0.48848652839660645,0.47058823704719543
gated_t0.9_d2_s0,vo2_Vacancy-Anion-03.png,12,103.0,140.0,boundary_edge,100,0.8351451489686784,0.48648616671562195,0.45490196347236633
gated_t0.9_d2_s0,vo2_Vacancy-Anion-03.png,12,276.0,80.0,boundary_edge,100,0.8351451489686784,0.474737286567688,0.48627451062202454
gated_t0.9_d2_s0,vo2_Vacancy-Anion-03.png,12,34.0,139.0,invented_damaged,100,0.8351451489686784,0.48940932750701904,0.48627451062202454
gated_t0.9_d2_s0,vo2_Vacancy-Anion-03.png,12,413.0,80.0,boundary_edge,100,0.8351451489686784,0.466151624917984,0.4941176474094391
gated_t0.9_d2_s0,vo2_Vacancy-Anion-03.png,12,549.0,79.0,boundary_edge,100,0.8351451489686784,0.465361624956131,0.5568627715110779
gated_t0.9_d2_s0,mose2-A_Doped-Na.png,12,211.0,509.0,borderline_shifted,105,0.06890518596123625,0.4005027413368225,0.3529411852359772
gated_t0.9_d2_s0,mose2-A_Doped-Na.png,12,317.0,522.0,borderline_shifted,105,0.06890518596123625,0.2227967232465744,0.250980406999588
gated_t0.9_d2_s0,mose2-A_Doped-Na.png,12,313.0,506.0,borderline_shifted,105,0.06890518596123625,0.219866544008255,0.20000000298023224
gated_t0.9_d2_s0,mose2-A_Doped-Na.png,12,173.0,526.0,borderline_shifted,105,0.06890518596123625,0.21304410696029663,0.239215686917305
gated_t0.9_d2_s0,mose2-A_Doped-Na.png,12,299.0,520.0,borderline_shifted,105,0.06890518596123625,0.1993405818939209,0.21568627655506134
gated_t0.9_d2_s0,mose2-A_Doped-Na.png,12,187.0,513.0,borderline_shifted,105,0.06890518596123625,0.15244294703006744,0.16078431904315948
gated_t0.9_d2_s0,mose2-A_Doped-Na.png,12,0.0,482.0,boundary_edge,105,0.06890518596123625,0.1650964766740799,0.0117647061124444
gated_t0.9_d2_s0,mote2-A_Anti-2M.png,12,261.0,492.0,borderline_shifted,189,0.33133865353193304,0.647721529006958,0.4117647111415863
gated_t0.9_d2_s0,mote2-A_Anti-2M.png,12,264.0,191.0,borderline_shifted,189,0.33133865353193304,0.6408822536468506,0.45490196347236633
gated_t0.9_d2_s0,mote2-A_Anti-2M.png,12,254.0,195.0,borderline_shifted,189,0.33133865353193304,0.54790198802948,0.38823530077934265
gated_t0.9_d2_s0,mote2-A_Anti-2M.png,12,268.0,489.0,borderline_shifted,189,0.33133865353193304,0.5757387280464172,0.3803921639919281
gated_t0.9_d2_s0,mote2-A_Anti-2M.png,12,378.0,291.0,invented_damaged,189,0.33133865353193304,0.36005738377571106,0.2823529541492462
gated_t0.9_d2_s0,mote2-A_Anti-2M.png,12,274.0,185.0,borderline_shifted,189,0.33133865353193304,0.43910443782806396,0.3333333432674408
gated_t0.9_d2_s0,mote2-A_Anti-2M.png,12,415.0,546.0,borderline_shifted,189,0.33133865353193304,0.36561086773872375,0.3607843220233917
gated_t0.9_d2_s0,mote2-A_Anti-2M.png,12,429.0,270.0,borderline_shifted,189,0.33133865353193304,0.30943799018859863,0.2823529541492462
gated_t0.9_d2_s0,mote2-A_Anti-2M.png,12,250.0,503.0,borderline_shifted,189,0.33133865353193304,0.43189430236816406,0.364705890417099
gated_t0.9_d2_s0,vse2-A_Vacancy-Anion-06A.png,12,647.0,238.0,borderline_shifted,84,0.06952867037906188,0.2116088718175888,0.23529411852359772
gated_t0.9_d2_s0,vse2-A_Vacancy-Anion-06A.png,12,649.0,228.0,borderline_shifted,84,0.06952867037906188,0.19452738761901855,0.2235294133424759
gated_t0.9_d2_s0,vse2-A_Vacancy-Anion-06A.png,12,668.0,288.0,boundary_edge,84,0.06952867037906188,0.21960784494876862,0.24705882370471954
gated_t0.9_d2_s0,vse2-A_Vacancy-Anion-06A.png,12,294.0,218.0,borderline_shifted,84,0.06952867037906188,0.20000000298023224,0.23137255012989044
gated_t0.9_d2_s0,vse2-A_Vacancy-Anion-06A.png,12,629.0,218.0,borderline_shifted,84,0.06952867037906188,0.20392157137393951,0.23137255012989044
gated_t0.9_d2_s0,tas2-A_Doped-Li.png,12,316.0,338.0,borderline_shifted,68,0.15909826531128307,0.1822233498096466,0.18039216101169586
gated_t0.9_d2_s0,tas2-A_Doped-Li.png,12,320.0,47.0,borderline_shifted,68,0.15909826531128307,0.1875009834766388,0.16862745583057404
gated_t0.9_d2_s0,tase2-A_Vacancy-Anion-12B.png,12,0.0,90.0,boundary_edge,121,0.14422923040715463,0.4527653455734253,0.0313725508749485
gated_t0.9_d2_s0,tase2-A_Vacancy-Anion-12B.png,12,0.0,394.0,boundary_edge,121,0.14422923040715463,0.35368603467941284,0.03529411926865578
gated_t0.9_d2_s0,tase2-A_Vacancy-Anion-12B.png,12,121.0,595.0,boundary_edge,121,0.14422923040715463,0.16470588743686676,0.16470588743686676
gated_t0.9_d2_s0,nbs2_Anti-Metal.png,12,51.0,289.0,invented_undamaged,106,0.10422071970899778,0.4004034399986267,0.0235294122248888
gated_t0.9_d2_s0,nbs2_Anti-Metal.png,12,49.0,240.0,invented_undamaged,106,0.10422071970899778,0.27713021636009216,0.11764705926179886
gated_t0.9_d2_s0,nbs2_Anti-Metal.png,12,618.0,363.0,invented_damaged,106,0.10422071970899778,0.3018972873687744,0.20392157137393951
gated_t0.9_d2_s0,nbs2_Anti-Metal.png,12,656.0,149.0,boundary_edge,106,0.10422071970899778,0.2525036633014679,0.11764705926179886
gated_t0.9_d2_s0,nbs2_Anti-Metal.png,12,576.0,291.0,invented_damaged,106,0.10422071970899778,0.2841300666332245,0.21176470816135406
gated_t0.9_d2_s0,nbs2_Anti-Metal.png,12,668.0,204.0,boundary_edge,106,0.10422071970899778,0.23187574744224548,0.0235294122248888
gated_t0.9_d2_s0,nbs2_Anti-Metal.png,12,657.0,291.0,boundary_edge,106,0.10422071970899778,0.2516966760158539,0.13333334028720856
gated_t0.9_d2_s0,nbte2_Vacancy-Anion-12A.png,12,280.0,446.0,invented_undamaged,170,0.18202729809872667,0.6324082612991333,0.09803921729326248
gated_t0.9_d2_s0,nbte2_Vacancy-Anion-12A.png,12,677.0,311.0,invented_undamaged,170,0.18202729809872667,0.53061842918396,0.05882352963089943
gated_t0.9_d2_s0,nbte2_Vacancy-Anion-12A.png,12,188.0,602.0,invented_undamaged,170,0.18202729809872667,0.631607174873352,0.07058823853731155
gated_t0.9_d2_s0,nbte2_Vacancy-Anion-12A.png,12,365.0,602.0,boundary_edge,170,0.18202729809872667,0.7002782225608826,0.12941177189350128
gated_t0.9_d2_s0,nbte2_Vacancy-Anion-12A.png,12,89.0,133.0,invented_undamaged,170,0.18202729809872667,0.4733400344848633,0.062745101749897
gated_t0.9_d2_s0,nbte2_Vacancy-Anion-12A.png,12,659.0,320.0,borderline_shifted,170,0.18202729809872667,0.3730383813381195,0.07450980693101883
gated_t0.9_d2_s0,nbte2_Vacancy-Anion-12A.png,12,655.0,304.0,borderline_shifted,170,0.18202729809872667,0.2846304774284363,0.06666667014360428
gated_t0.9_d2_s0,nbte2_Vacancy-Anion-12A.png,12,100.0,142.0,boundary_edge,170,0.18202729809872667,0.3959527611732483,0.05882352963089943
gated_t0.9_d2_s0,nbte2_Vacancy-Anion-12A.png,12,727.0,398.0,boundary_edge,170,0.18202729809872667,0.29808446764945984,0.027450980618596077
gated_t0.9_d2_s0,nbte2_Vacancy-Anion-12A.png,12,85.0,122.0,invented_undamaged,170,0.18202729809872667,0.3523713946342468,0.0470588244497776
gated_t0.9_d2_s0,nbte2_Vacancy-Anion-12A.png,12,720.0,466.0,boundary_edge,170,0.18202729809872667,0.19424083828926086,0.0235294122248888
gated_t0.9_d2_s0,nbte2_Vacancy-Anion-12A.png,12,716.0,406.0,boundary_edge,170,0.18202729809872667,0.2728087902069092,0.019607843831181526
gated_t0.9_d2_s0,nbte2_Vacancy-Anion-12A.png,12,89.0,449.0,invented_undamaged,170,0.18202729809872667,0.3235461711883545,0.062745101749897
gated_t0.9_d2_s0,nbte2_Vacancy-Anion-12A.png,12,109.0,144.0,borderline_shifted,170,0.18202729809872667,0.2741679251194,0.08235294371843338
gated_t0.9_d2_s0,nbte2_Vacancy-Anion-12A.png,12,263.0,447.0,borderline_shifted,170,0.18202729809872667,0.3591553568840027,0.0941176488995552
gated_t0.9_d2_s0,nbte2_Vacancy-Anion-12A.png,12,286.0,431.0,borderline_shifted,170,0.18202729809872667,0.36077257990837097,0.09019608050584793
gated_t0.9_d2_s0,tis2_Vacancy-Anion-12A.png,12,231.0,275.0,borderline_shifted,118,0.3368495240750637,0.3442341089248657,0.29411765933036804
gated_t0.9_d2_s0,tise2_Adatom-Li.png,12,0.0,228.0,boundary_edge,157,0.28078459106414844,0.3409387469291687,0.054901961237192154
gated_t0.9_d2_s0,tise2_Adatom-Li.png,12,8.0,7.0,boundary_edge,157,0.28078459106414844,1.0,0.027450980618596077
gated_t0.9_d2_s0,tite2-B_Cu_doped.png,12,746.0,0.0,boundary_edge,72,0.6634285726108969,0.16862745583057404,0.11764705926179886
gated_t0.9_d2_s0,tite2-B_Cu_doped.png,12,0.0,321.0,boundary_edge,72,0.6634285726108969,0.16862745583057404,0.11372549086809158
gated_t0.9_d2_s0,vs2_Vacancy-Anion-06A.png,12,251.0,392.0,boundary_edge,158,0.7171099734836587,0.39894330501556396,0.0941176488995552
gated_t0.9_d2_s0,vs2_Vacancy-Anion-06A.png,12,252.0,302.0,invented_damaged,158,0.7171099734836587,0.4083286225795746,0.3450980484485626
gated_t0.9_d2_s0,vs2_Vacancy-Anion-06A.png,12,367.0,447.0,boundary_edge,158,0.7171099734836587,0.5398845672607422,0.5098039507865906
gated_t0.9_d2_s0,vte2_Defect-Free.png,12,425.0,146.0,borderline_shifted,119,0.09101514567976426,0.3347865343093872,0.3529411852359772
gated_t0.9_d2_s0,vte2_Defect-Free.png,12,407.0,136.0,borderline_shifted,119,0.09101514567976426,0.36139774322509766,0.41960784792900085
gated_t0.9_d2_s0,vte2_Defect-Free.png,12,449.0,77.0,borderline_shifted,119,0.09101514567976426,0.16977393627166748,0.16470588743686676
gated_t0.9_d2_s0,vte2_Defect-Free.png,12,404.0,131.0,borderline_shifted,119,0.09101514567976426,0.2726390063762665,0.3137255012989044
gated_t0.9_d2_s0,vte2_Defect-Free.png,12,439.0,166.0,borderline_shifted,119,0.09101514567976426,0.19904707372188568,0.19607843458652496
gated_t0.9_d2_s0,vte2_Defect-Free.png,12,425.0,158.0,borderline_shifted,119,0.09101514567976426,0.19024306535720825,0.1882352977991104
gated_t0.9_d2_s0,vte2_Defect-Free.png,12,439.0,162.0,borderline_shifted,119,0.09101514567976426,0.1644716113805771,0.14509804546833038
gated_t0.9_d2_s0,vte2_Defect-Free.png,12,425.0,75.0,borderline_shifted,119,0.09101514567976426,0.14962510764598846,0.1568627506494522
gated_t0.9_d2_s0,vte2_Defect-Free.png,12,431.0,162.0,borderline_shifted,119,0.09101514567976426,0.16977393627166748,0.1568627506494522
gated_t0.9_d2_s0,vte2_Defect-Free.png,12,504.0,79.0,borderline_shifted,119,0.09101514567976426,0.19626404345035553,0.2078431397676468
gated_t0.9_d2_s0,vte2_Defect-Free.png,12,509.0,89.0,borderline_shifted,119,0.09101514567976426,0.21493253111839294,0.23137255012989044
gated_t0.9_d2_s0,vte2_Defect-Free.png,12,392.0,95.0,invented_damaged,119,0.09101514567976426,0.1627705693244934,0.18431372940540314
gated_t0.9_d2_s0,ws2-A_Vacancy-Metal.png,12,298.0,246.0,borderline_shifted,59,0.08480934179691944,0.22995343804359436,0.23137255012989044
gated_t0.9_d2_s0,ws2-A_Vacancy-Metal.png,12,299.0,169.0,borderline_shifted,59,0.08480934179691944,0.22134613990783691,0.2078431397676468
gated_t0.9_d2_s0,ws2-A_Vacancy-Metal.png,12,335.0,154.0,borderline_shifted,59,0.08480934179691944,0.27146580815315247,0.3294117748737335
gated_t0.9_d2_s0,cose2_Fe_doped.png,12,545.0,64.0,borderline_shifted,96,0.09612414129506931,0.1668945550918579,0.0235294122248888
gated_t0.9_d2_s0,cose2_Fe_doped.png,12,554.0,55.0,borderline_shifted,96,0.09612414129506931,0.1744757741689682,0.05098039284348488
gated_t0.9_d2_s0,cro2_Vacancy-Anion-03.png,12,377.0,300.0,borderline_shifted,80,0.7821207430340558,0.4676361382007599,0.20392157137393951
gated_t0.9_d2_s0,cro2_Vacancy-Anion-03.png,12,386.0,290.0,borderline_shifted,80,0.7821207430340558,0.45126909017562866,0.24313725531101227
gated_t0.9_d2_s0,cro2_Vacancy-Anion-03.png,12,387.0,299.0,borderline_shifted,80,0.7821207430340558,0.4563702344894409,0.20000000298023224
gated_t0.9_d2_s0,cro2_Vacancy-Anion-03.png,12,370.0,293.0,borderline_shifted,80,0.7821207430340558,0.4759780764579773,0.21960784494876862
gated_t0.9_d2_s0,cro2_Vacancy-Anion-03.png,12,373.0,281.0,borderline_shifted,80,0.7821207430340558,0.3686855137348175,0.16470588743686676
gated_t0.9_d2_s0,cro2_Vacancy-Anion-03.png,12,376.0,62.0,borderline_shifted,80,0.7821207430340558,0.4694965183734894,0.2078431397676468
gated_t0.9_d2_s0,cro2_Vacancy-Anion-03.png,12,385.0,59.0,borderline_shifted,80,0.7821207430340558,0.44545888900756836,0.20000000298023224
gated_t0.9_d2_s0,cro2_Vacancy-Anion-03.png,12,340.0,228.0,borderline_shifted,80,0.7821207430340558,0.4992879331111908,0.10588235408067703
gated_t0.9_d2_s0,cro2_Vacancy-Anion-03.png,12,388.0,78.0,borderline_shifted,80,0.7821207430340558,0.4707043766975403,0.250980406999588
gated_t0.9_d2_s0,cro2_Vacancy-Anion-03.png,12,371.0,301.0,borderline_shifted,80,0.7821207430340558,0.4362729787826538,0.20000000298023224
gated_t0.9_d2_s0,cro2_Vacancy-Anion-03.png,12,380.0,228.0,borderline_shifted,80,0.7821207430340558,0.5117522478103638,0.23137255012989044
gated_t0.9_d2_s0,cro2_Vacancy-Anion-03.png,12,392.0,290.0,borderline_shifted,80,0.7821207430340558,0.3854557275772095,0.18431372940540314
gated_t0.9_d2_s0,cro2_Vacancy-Anion-03.png,12,382.0,6.0,boundary_edge,80,0.7821207430340558,0.3563074767589569,0.2235294133424759
gated_t0.9_d2_s0,cro2_Vacancy-Anion-03.png,12,389.0,281.0,borderline_shifted,80,0.7821207430340558,0.45682042837142944,0.2666666805744171
gated_t0.9_d2_s0,cro2_Vacancy-Anion-03.png,12,368.0,67.0,borderline_shifted,80,0.7821207430340558,0.47462594509124756,0.250980406999588
gated_t0.9_d2_s0,cro2_Vacancy-Anion-03.png,12,374.0,310.0,borderline_shifted,80,0.7821207430340558,0.33099454641342163,0.18039216101169586
gated_t0.9_d2_s0,cro2_Vacancy-Anion-03.png,12,395.0,73.0,borderline_shifted,80,0.7821207430340558,0.3815435469150543,0.20392157137393951
gated_t0.9_d2_s0,cro2_Vacancy-Anion-03.png,12,364.0,6.0,boundary_edge,80,0.7821207430340558,0.2584407925605774,0.12156862765550613
gated_t0.9_d2_s0,vo2_Vacancy-Anion-03.png,16,205.0,79.0,boundary_edge,100,0.8327616501145912,0.49478375911712646,0.4431372582912445
gated_t0.9_d2_s0,vo2_Vacancy-Anion-03.png,16,137.0,80.0,boundary_edge,100,0.8327616501145912,0.476764440536499,0.47843137383461
gated_t0.9_d2_s0,vo2_Vacancy-Anion-03.png,16,549.0,318.0,boundary_edge,100,0.8327616501145912,0.4675820767879486,0.45098039507865906
gated_t0.9_d2_s0,vo2_Vacancy-Anion-03.png,16,379.0,139.0,boundary_edge,100,0.8327616501145912,0.4892016351222992,0.4745098054409027
gated_t0.9_d2_s0,vo2_Vacancy-Anion-03.png,16,172.0,140.0,boundary_edge,100,0.8327616501145912,0.48719191551208496,0.49803921580314636
gated_t0.9_d2_s0,vo2_Vacancy-Anion-03.png,16,447.0,140.0,boundary_edge,100,0.8327616501145912,0.48477375507354736,0.4588235318660736
gated_t0.9_d2_s0,vo2_Vacancy-Anion-03.png,16,171.0,377.0,boundary_edge,100,0.8327616501145912,0.4925388693809509,0.49803921580314636
gated_t0.9_d2_s0,vo2_Vacancy-Anion-03.png,16,343.0,318.0,boundary_edge,100,0.8327616501145912,0.48394250869750977,0.4941176474094391
gated_t0.9_d2_s0,vo2_Vacancy-Anion-03.png,16,172.0,258.0,boundary_edge,100,0.8327616501145912,0.4782645106315613,0.5215686559677124
gated_t0.9_d2_s0,vo2_Vacancy-Anion-03.png,16,412.0,80.0,boundary_edge,100,0.8327616501145912,0.47116991877555847,0.5176470875740051
gated_t0.9_d2_s0,vo2_Vacancy-Anion-03.png,16,104.0,140.0,boundary_edge,100,0.8327616501145912,0.48618873953819275,0.48627451062202454
gated_t0.9_d2_s0,vo2_Vacancy-Anion-03.png,16,69.0,317.0,boundary_edge,100,0.8327616501145912,0.48619344830513,0.5411764979362488
gated_t0.9_d2_s0,vo2_Vacancy-Anion-03.png,16,378.0,377.0,boundary_edge,100,0.8327616501145912,0.4864423871040344,0.5176470875740051
gated_t0.9_d2_s0,vo2_Vacancy-Anion-03.png,16,104.0,377.0,boundary_edge,100,0.8327616501145912,0.4865456819534302,0.48627451062202454
gated_t0.9_d2_s0,vo2_Vacancy-Anion-03.png,16,481.0,80.0,boundary_edge,100,0.8327616501145912,0.4875676929950714,0.48627451062202454
gated_t0.9_d2_s0,vo2_Vacancy-Anion-03.png,16,380.0,257.0,boundary_edge,100,0.8327616501145912,0.4801810681819916,0.5529412031173706
gated_t0.9_d2_s0,vo2_Vacancy-Anion-03.png,16,206.0,317.0,boundary_edge,100,0.8327616501145912,0.48604506254196167,0.501960813999176
gated_t0.9_d2_s0,vo2_Vacancy-Anion-03.png,16,517.0,20.0,boundary_edge,100,0.8327616501145912,0.4824373722076416,0.47843137383461
gated_t0.9_d2_s0,vo2_Vacancy-Anion-03.png,16,69.0,79.0,invented_damaged,100,0.8327616501145912,0.48310214281082153,0.4274509847164154
gated_t0.9_d2_s0,vo2_Vacancy-Anion-03.png,16,34.0,20.0,boundary_edge,100,0.8327616501145912,0.47584807872772217,0.46666666865348816
gated_t0.9_d2_s0,vo2_Vacancy-Anion-03.png,16,412.0,318.0,boundary_edge,100,0.8327616501145912,0.4866953492164612,0.5098039507865906
gated_t0.9_d2_s0,vo2_Vacancy-Anion-03.png,16,447.0,377.0,boundary_edge,100,0.8327616501145912,0.4818527102470398,0.4745098054409027
gated_t0.9_d2_s0,vo2_Vacancy-Anion-03.png,16,241.0,20.0,boundary_edge,100,0.8327616501145912,0.4771694839000702,0.5098039507865906
gated_t0.9_d2_s0,vo2_Vacancy-Anion-03.png,16,481.0,317.0,boundary_edge,100,0.8327616501145912,0.48435327410697937,0.5176470875740051
gated_t0.9_d2_s0,vo2_Vacancy-Anion-03.png,16,273.0,79.0,boundary_edge,100,0.8327616501145912,0.4865456819534302,0.49803921580314636
gated_t0.9_d2_s0,vo2_Vacancy-Anion-03.png,16,310.0,20.0,boundary_edge,100,0.8327616501145912,0.4787684679031372,0.49803921580314636
gated_t0.9_d2_s0,mno2_Defect-Free.png,16,250.0,0.0,boundary_edge,74,0.6576332179930796,0.6854438185691833,0.07450980693101883
gated_t0.9_d2_s0,mno2_Defect-Free.png,16,252.0,256.0,borderline_shifted,74,0.6576332179930796,0.6862884759902954,0.03921568766236305
gated_t0.9_d2_s0,mos2-A_Adatom-Li.png,16,549.0,270.0,borderline_shifted,84,0.29974502429485494,0.30897700786590576,0.29411765933036804
gated_t0.9_d2_s0,mos2-A_Adatom-Li.png,16,532.0,249.0,invented_damaged,84,0.29974502429485494,0.226614311337471,0.23529411852359772
gated_t0.9_d2_s0,mos2-A_Adatom-Li.png,16,584.0,552.0,boundary_edge,84,0.29974502429485494,0.1764705926179886,0.2078431397676468
gated_t0.9_d2_s0,mos2-A_Adatom-Li.png,16,560.0,430.0,invented_damaged,84,0.29974502429485494,0.23703569173812866,0.21960784494876862
gated_t0.9_d2_s0,mos2-A_Adatom-Li.png,16,90.0,290.0,boundary_edge,84,0.29974502429485494,0.29019609093666077,0.3019607961177826
gated_t0.9_d2_s0,mose2-A_Doped-Na.png,16,508.0,127.0,borderline_shifted,105,0.07782870612886328,0.25361382961273193,0.2862745225429535
gated_t0.9_d2_s0,mose2-A_Doped-Na.png,16,512.0,119.0,borderline_shifted,105,0.07782870612886328,0.22210562229156494,0.24313725531101227
gated_t0.9_d2_s0,mote2-A_Anti-2M.png,16,251.0,182.0,borderline_shifted,189,0.4009661606952568,0.7446091175079346,0.1921568661928177
gated_t0.9_d2_s0,mote2-A_Anti-2M.png,16,258.0,179.0,borderline_shifted,189,0.4009661606952568,0.7046442627906799,0.23529411852359772
gated_t0.9_d2_s0,mote2-A_Anti-2M.png,16,100.0,306.0,borderline_shifted,189,0.4009661606952568,0.7766427993774414,0.08627451211214066
gated_t0.9_d2_s0,mote2-A_Anti-2M.png,16,249.0,166.0,invented_undamaged,189,0.4009661606952568,0.74071204662323,0.11372549086809158
gated_t0.9_d2_s0,mote2-A_Anti-2M.png,16,248.0,472.0,invented_undamaged,189,0.4009661606952568,0.12156862765550613,0.12156862765550613
gated_t0.9_d2_s0,mote2-A_Anti-2M.png,16,252.0,491.0,borderline_shifted,189,0.4009661606952568,0.6104334592819214,0.27450981736183167
gated_t0.9_d2_s0,mote2-A_Anti-2M.png,16,240.0,177.0,boundary_edge,189,0.4009661606952568,0.6300219297409058,0.14509804546833038
gated_t0.9_d2_s0,mote2-A_Anti-2M.png,16,255.0,490.0,borderline_shifted,189,0.4009661606952568,0.6442539095878601,0.3019607961177826
gated_t0.9_d2_s0,mote2-A_Anti-2M.png,16,256.0,192.0,borderline_shifted,189,0.4009661606952568,0.6149423718452454,0.4117647111415863
gated_t0.9_d2_s0,mote2-A_Anti-2M.png,16,265.0,468.0,invented_undamaged,189,0.4009661606952568,0.43450623750686646,0.11372549086809158
gated_t0.9_d2_s0,mote2-A_Anti-2M.png,16,266.0,474.0,borderline_shifted,189,0.4009661606952568,0.4539329409599304,0.11764705926179886
gated_t0.9_d2_s0,mote2-A_Anti-2M.png,16,242.0,491.0,borderline_shifted,189,0.4009661606952568,0.4373164176940918,0.16470588743686676
gated_t0.9_d2_s0,mote2-A_Anti-2M.png,16,0.0,385.0,boundary_edge,189,0.4009661606952568,0.45327699184417725,0.08627451211214066
gated_t0.9_d2_s0,mote2-A_Anti-2M.png,16,0.0,82.0,boundary_edge,189,0.4009661606952568,0.4117259383201599,0.062745101749897
gated_t0.9_d2_s0,mote2-A_Anti-2M.png,16,251.0,498.0,borderline_shifted,189,0.4009661606952568,0.4965461790561676,0.33725491166114807
gated_t0.9_d2_s0,mote2-A_Anti-2M.png,16,257.0,457.0,borderline_shifted,189,0.4009661606952568,0.4104773998260498,0.1411764770746231
gated_t0.9_d2_s0,tate2-A_Fe_doped.png,16,0.0,183.0,boundary_edge,122,0.17506756756756756,0.5936936736106873,0.06666667014360428
gated_t0.9_d2_s0,tate2-A_Fe_doped.png,16,0.0,503.0,boundary_edge,122,0.17506756756756756,0.5921685099601746,0.06666667014360428
gated_t0.9_d2_s0,tate2-A_Fe_doped.png,16,0.0,92.0,boundary_edge,122,0.17506756756756756,0.583998441696167,0.15294118225574493
gated_t0.9_d2_s0,tate2-A_Fe_doped.png,16,0.0,412.0,boundary_edge,122,0.17506756756756756,0.5851966142654419,0.16078431904315948
gated_t0.9_d2_s0,tate2-A_Fe_doped.png,16,0.0,597.0,boundary_edge,122,0.17506756756756756,0.5037130117416382,0.054901961237192154
gated_t0.9_d2_s0,tate2-A_Fe_doped.png,16,0.0,277.0,boundary_edge,122,0.17506756756756756,0.49859321117401123,0.05882352963089943
gated_t0.9_d2_s0,tate2-A_Fe_doped.png,16,8.0,7.0,boundary_edge,122,0.17506756756756756,1.0,0.0470588244497776
gated_t0.9_d2_s0,tate2-A_Fe_doped.png,16,0.0,612.0,boundary_edge,122,0.17506756756756756,0.26694366335868835,0.05098039284348488
gated_t0.9_d2_s0,vse2-A_Vacancy-Anion-06A.png,16,278.0,469.0,borderline_shifted,84,0.7558829072340074,0.3835945725440979,0.3333333432674408
gated_t0.9_d2_s0,vse2-A_Vacancy-Anion-06A.png,16,8.0,7.0,boundary_edge,84,0.7558829072340074,1.0,0.1411764770746231
gated_t0.9_d2_s0,vse2-A_Vacancy-Anion-06A.png,16,294.0,361.0,borderline_shifted,84,0.7558829072340074,0.21016305685043335,0.1764705926179886
gated_t0.9_d2_s0,vse2-A_Vacancy-Anion-06A.png,16,169.0,433.0,borderline_shifted,84,0.7558829072340074,0.27843138575553894,0.20000000298023224
gated_t0.9_d2_s0,vse2-A_Vacancy-Anion-06A.png,16,544.0,507.0,borderline_shifted,84,0.7558829072340074,0.26274511218070984,0.24313725531101227
gated_t0.9_d2_s0,vse2-A_Vacancy-Anion-06A.png,16,502.0,435.0,borderline_shifted,84,0.7558829072340074,0.2666666805744171,0.18431372940540314
gated_t0.9_d2_s0,vse2-A_Vacancy-Anion-06A.png,16,0.0,435.0,boundary_edge,84,0.7558829072340074,0.23374509811401367,0.20392157137393951
gated_t0.9_d2_s0,vse2-A_Vacancy-Anion-06A.png,16,337.0,145.0,borderline_shifted,84,0.7558829072340074,0.21720129251480103,0.2078431397676468
gated_t0.9_d2_s0,vse2-A_Vacancy-Anion-06A.png,16,464.0,71.0,borderline_shifted,84,0.7558829072340074,0.23137255012989044,0.1725490242242813
gated_t0.9_d2_s0,vse2-A_Vacancy-Anion-06A.png,16,628.0,359.0,borderline_shifted,84,0.7558829072340074,0.20197418332099915,0.1725490242242813
gated_t0.9_d2_s0,vse2-A_Vacancy-Anion-06A.png,16,668.0,287.0,boundary_edge,84,0.7558829072340074,0.23605501651763916,0.24313725531101227
gated_t0.9_d2_s0,vse2-A_Vacancy-Anion-06A.png,16,629.0,217.0,borderline_shifted,84,0.7558829072340074,0.23135441541671753,0.21960784494876862
gated_t0.9_d2_s0,tas2-A_Doped-Li.png,16,0.0,381.0,boundary_edge,68,0.029236838112577757,0.6530003547668457,0.027450980618596077
gated_t0.9_d2_s0,tase2-A_Vacancy-Anion-12B.png,16,440.0,561.0,borderline_shifted,121,0.0407837138150153,0.31368714570999146,0.14901961386203766
gated_t0.9_d2_s0,tase2-A_Vacancy-Anion-12B.png,16,438.0,260.0,borderline_shifted,121,0.0407837138150153,0.28293097019195557,0.13725490868091583
gated_t0.9_d2_s0,tase2-A_Vacancy-Anion-12B.png,16,397.0,290.0,borderline_shifted,121,0.0407837138150153,0.1341732144355774,0.08627451211214066
gated_t0.9_d2_s0,tase2-A_Vacancy-Anion-12B.png,16,418.0,562.0,borderline_shifted,121,0.0407837138150153,0.17001819610595703,0.13725490868091583
gated_t0.9_d2_s0,nbs2_Anti-Metal.png,16,8.0,7.0,boundary_edge,106,0.12205467392623227,1.0,0.062745101749897
gated_t0.9_d2_s0,nbte2_Vacancy-Anion-12A.png,16,96.0,444.0,boundary_edge,170,0.17893990929705214,0.5509876012802124,0.06666667014360428
gated_t0.9_d2_s0,nbte2_Vacancy-Anion-12A.png,16,721.0,430.0,boundary_edge,170,0.17893990929705214,0.3640333116054535,0.01568627543747425
gated_t0.9_d2_s0,nbte2_Vacancy-Anion-12A.png,16,721.0,392.0,boundary_edge,170,0.17893990929705214,0.536141037940979,0.0313725508749485
gated_t0.9_d2_s0,nbte2_Vacancy-Anion-12A.png,16,270.0,450.0,invented_undamaged,170,0.17893990929705214,0.4741414189338684,0.06666667014360428
gated_t0.9_d2_s0,nbte2_Vacancy-Anion-12A.png,16,279.0,456.0,invented_undamaged,170,0.17893990929705214,0.4638705253601074,0.0784313753247261
gated_t0.9_d2_s0,nbte2_Vacancy-Anion-12A.png,16,182.0,603.0,invented_undamaged,170,0.17893990929705214,0.4615370035171509,0.07058823853731155
gated_t0.9_d2_s0,nbte2_Vacancy-Anion-12A.png,16,720.0,495.0,boundary_edge,170,0.17893990929705214,0.41695165634155273,0.03529411926865578
gated_t0.9_d2_s0,nbte2_Vacancy-Anion-12A.png,16,93.0,142.0,invented_undamaged,170,0.17893990929705214,0.33798184990882874,0.05882352963089943
gated_t0.9_d2_s0,nbte2_Vacancy-Anion-12A.png,16,702.0,428.0,borderline_shifted,170,0.17893990929705214,0.23863448202610016,0.04313725605607033
gated_t0.9_d2_s0,nbte2_Vacancy-Anion-12A.png,16,720.0,463.0,boundary_edge,170,0.17893990929705214,0.27416282892227173,0.0235294122248888
gated_t0.9_d2_s0,nbte2_Vacancy-Anion-12A.png,16,89.0,129.0,invented_undamaged,170,0.17893990929705214,0.3238593339920044,0.054901961237192154
gated_t0.9_d2_s0,nbte2_Vacancy-Anion-12A.png,16,285.0,460.0,borderline_shifted,170,0.17893990929705214,0.34874260425567627,0.08235294371843338
gated_t0.9_d2_s0,nbte2_Vacancy-Anion-12A.png,16,83.0,125.0,invented_undamaged,170,0.17893990929705214,0.26587551832199097,0.05098039284348488
gated_t0.9_d2_s0,nbte2_Vacancy-Anion-12A.png,16,710.0,464.0,invented_undamaged,170,0.17893990929705214,0.23578685522079468,0.027450980618596077
gated_t0.9_d2_s0,nbte2_Vacancy-Anion-12A.png,16,260.0,441.0,borderline_shifted,170,0.17893990929705214,0.2829156517982483,0.08627451211214066
gated_t0.9_d2_s0,nbte2_Vacancy-Anion-12A.png,16,727.0,465.0,boundary_edge,170,0.17893990929705214,0.21354129910469055,0.0235294122248888
gated_t0.9_d2_s0,nbte2_Vacancy-Anion-12A.png,16,98.0,629.0,boundary_edge,170,0.17893990929705214,0.131921648979187,0.16862745583057404
gated_t0.9_d2_s0,nbte2_Vacancy-Anion-12A.png,16,287.0,464.0,borderline_shifted,170,0.17893990929705214,0.2737886309623718,0.08235294371843338
gated_t0.9_d2_s0,tis2_Vacancy-Anion-12A.png,16,231.0,9.0,boundary_edge,118,0.5267780385231999,0.5480008125305176,0.0941176488995552
gated_t0.9_d2_s0,tis2_Vacancy-Anion-12A.png,16,318.0,279.0,boundary_edge,118,0.5267780385231999,0.2666666805744171,0.239215686917305
gated_t0.9_d2_s0,tis2_Vacancy-Anion-12A.png,16,75.0,280.0,borderline_shifted,118,0.5267780385231999,0.3860986530780792,0.3333333432674408
gated_t0.9_d2_s0,tise2_Adatom-Li.png,16,33.0,441.0,invented_undamaged,157,0.7827629401595622,0.3815764784812927,0.07058823853731155
gated_t0.9_d2_s0,tise2_Adatom-Li.png,16,520.0,415.0,borderline_shifted,157,0.7827629401595622,0.32875555753707886,0.2705882489681244
gated_t0.9_d2_s0,vs2_Vacancy-Anion-06A.png,16,52.0,278.0,boundary_edge,158,0.7963816655205495,0.5539766550064087,0.01568627543747425
gated_t0.9_d2_s0,vs2_Vacancy-Anion-06A.png,16,49.0,323.0,invented_undamaged,158,0.7963816655205495,0.33977580070495605,0.04313725605607033
gated_t0.9_d2_s0,vs2_Vacancy-Anion-06A.png,16,48.0,369.0,boundary_edge,158,0.7963816655205495,0.3053354024887085,0.05098039284348488
gated_t0.9_d2_s0,vs2_Vacancy-Anion-06A.png,16,367.0,448.0,boundary_edge,158,0.7963816655205495,0.5423147678375244,0.5607843399047852
gated_t0.9_d2_s0,vs2_Vacancy-Anion-06A.png,16,254.0,297.0,boundary_edge,158,0.7963816655205495,0.3914194405078888,0.38823530077934265
gated_t0.9_d2_s0,vs2_Vacancy-Anion-06A.png,16,404.0,507.0,boundary_edge,158,0.7963816655205495,0.4155460000038147,0.4274509847164154
gated_t0.9_d2_s0,ws2-A_Vacancy-Metal.png,16,150.0,278.0,borderline_shifted,59,0.09985666507405638,0.3948798179626465,0.3843137323856354
gated_t0.9_d2_s0,ws2-A_Vacancy-Metal.png,16,157.0,279.0,borderline_shifted,59,0.09985666507405638,0.27395427227020264,0.25882354378700256
gated_t0.9_d2_s0,ws2-A_Vacancy-Metal.png,16,136.0,269.0,borderline_shifted,59,0.09985666507405638,0.2633817493915558,0.25882354378700256
gated_t0.9_d2_s0,ws2-A_Vacancy-Metal.png,16,230.0,208.0,borderline_shifted,59,0.09985666507405638,0.2211855798959732,0.22745098173618317
gated_t0.9_d2_s0,ws2-A_Vacancy-Metal.png,16,93.0,284.0,borderline_shifted,59,0.09985666507405638,0.22785110771656036,0.20392157137393951
gated_t0.9_d2_s0,ws2-A_Vacancy-Metal.png,16,225.0,174.0,borderline_shifted,59,0.09985666507405638,0.2930535078048706,0.2823529541492462
gated_t0.9_d2_s0,ws2-A_Vacancy-Metal.png,16,160.0,169.0,borderline_shifted,59,0.09985666507405638,0.2150723934173584,0.22745098173618317
gated_t0.9_d2_s0,ws2-A_Vacancy-Metal.png,16,90.0,209.0,borderline_shifted,59,0.09985666507405638,0.21047861874103546,0.21568627655506134
gated_t0.9_d2_s0,cose2_Fe_doped.png,16,557.0,583.0,boundary_edge,96,0.09939382545424982,0.7108503580093384,0.007843137718737125
gated_t0.9_d2_s0,cose2_Fe_doped.png,16,534.0,54.0,invented_undamaged,96,0.09939382545424982,0.6786863803863525,0.019607843831181526
gated_t0.9_d2_s0,cose2_Fe_doped.png,16,543.0,41.0,borderline_shifted,96,0.09939382545424982,0.4882793426513672,0.0117647061124444
gated_t0.9_d2_s0,cose2_Fe_doped.png,16,522.0,55.0,borderline_shifted,96,0.09939382545424982,0.4755205512046814,0.03529411926865578
gated_t0.9_d2_s0,cose2_Fe_doped.png,16,533.0,30.0,invented_undamaged,96,0.09939382545424982,0.32512062788009644,0.01568627543747425
gated_t0.9_d2_s0,cose2_Fe_doped.png,16,514.0,52.0,borderline_shifted,96,0.09939382545424982,0.26996123790740967,0.0235294122248888
gated_t0.9_d2_s0,cose2_Fe_doped.png,16,541.0,36.0,invented_undamaged,96,0.09939382545424982,0.41623687744140625,0.019607843831181526
gated_t0.9_d2_s0,cose2_Fe_doped.png,16,525.0,32.0,invented_undamaged,96,0.09939382545424982,0.32495495676994324,0.01568627543747425
gated_t0.9_d2_s0,cose2_Fe_doped.png,16,573.0,407.0,borderline_shifted,96,0.09939382545424982,0.3155837059020996,0.16862745583057404
gated_t0.9_d2_s0,cose2_Fe_doped.png,16,507.0,45.0,invented_undamaged,96,0.09939382545424982,0.13456641137599945,0.019607843831181526
gated_t0.9_d2_s0,cose2_Fe_doped.png,16,512.0,36.0,invented_undamaged,96,0.09939382545424982,0.16402405500411987,0.0235294122248888
gated_t0.9_d2_s0,cro2_Vacancy-Anion-03.png,16,0.0,0.0,boundary_edge,80,0.8467367422350944,0.524852454662323,0.07450980693101883
gated_t0.9_d2_s0,cro2_Vacancy-Anion-03.png,16,0.0,231.0,boundary_edge,80,0.8467367422350944,0.5504430532455444,0.027450980618596077
gated_t0.9_d2_s0,cro2_Vacancy-Anion-03.png,16,378.0,287.0,borderline_shifted,80,0.8467367422350944,0.4252833127975464,0.1725490242242813
gated_t0.9_d2_s0,cro2_Vacancy-Anion-03.png,16,382.0,294.0,boundary_edge,80,0.8467367422350944,0.4359484314918518,0.16862745583057404
gated_t0.9_d2_s0,cro2_Vacancy-Anion-03.png,16,385.0,60.0,borderline_shifted,80,0.8467367422350944,0.41574642062187195,0.19607843458652496
gated_t0.9_d2_s0,cro2_Vacancy-Anion-03.png,16,376.0,67.0,borderline_shifted,80,0.8467367422350944,0.4399246573448181,0.22745098173618317
gated_t0.9_d2_s0,cro2_Vacancy-Anion-03.png,16,372.0,291.0,borderline_shifted,80,0.8467367422350944,0.4245484471321106,0.24313725531101227
gated_t0.9_d2_s0,cro2_Vacancy-Anion-03.png,16,385.0,70.0,borderline_shifted,80,0.8467367422350944,0.42486125230789185,0.239215686917305
gated_t0.9_d2_s0,cro2_Vacancy-Anion-03.png,16,376.0,53.0,borderline_shifted,80,0.8467367422350944,0.3420548141002655,0.19607843458652496
gated_t0.9_d2_s0,cro2_Vacancy-Anion-03.png,16,379.0,302.0,borderline_shifted,80,0.8467367422350944,0.3968447744846344,0.20392157137393951
gated_t0.9_d2_s0,cro2_Vacancy-Anion-03.png,16,369.0,59.0,borderline_shifted,80,0.8467367422350944,0.39503902196884155,0.23137255012989044
gated_t0.9_d2_s0,cro2_Vacancy-Anion-03.png,16,393.0,67.0,borderline_shifted,80,0.8467367422350944,0.33466240763664246,0.16470588743686676
gated_t0.9_d2_s0,cro2_Vacancy-Anion-03.png,16,383.0,280.0,borderline_shifted,80,0.8467367422350944,0.4100190997123718,0.2862745225429535
gated_t0.9_d2_s0,vo2_Vacancy-Anion-03.png,20,549.0,438.0,boundary_edge,100,0.846157372039725,0.42535531520843506,0.21176470816135406
gated_t0.9_d2_s0,vo2_Vacancy-Anion-03.png,20,549.0,318.0,boundary_edge,100,0.846157372039725,0.5000756978988647,0.45098039507865906
gated_t0.9_d2_s0,vo2_Vacancy-Anion-03.png,20,171.0,377.0,boundary_edge,100,0.846157372039725,0.5035906434059143,0.49803921580314636
gated_t0.9_d2_s0,vo2_Vacancy-Anion-03.png,20,242.0,20.0,boundary_edge,100,0.846157372039725,0.4864036738872528,0.5254902243614197
gated_t0.9_d2_s0,vo2_Vacancy-Anion-03.png,20,378.0,258.0,boundary_edge,100,0.846157372039725,0.49287527799606323,0.40392157435417175
gated_t0.9_d2_s0,vo2_Vacancy-Anion-03.png,20,171.0,257.0,boundary_edge,100,0.846157372039725,0.49649590253829956,0.529411792755127
gated_t0.9_d2_s0,vo2_Vacancy-Anion-03.png,20,172.0,140.0,boundary_edge,100,0.846157372039725,0.49947476387023926,0.49803921580314636
gated_t0.9_d2_s0,vo2_Vacancy-Anion-03.png,20,516.0,20.0,boundary_edge,100,0.846157372039725,0.4843248724937439,0.45490196347236633
gated_t0.9_d2_s0,vo2_Vacancy-Anion-03.png,20,412.0,80.0,boundary_edge,100,0.846157372039725,0.47898799180984497,0.5176470875740051
gated_t0.9_d2_s0,vo2_Vacancy-Anion-03.png,20,447.0,377.0,boundary_edge,100,0.846157372039725,0.4988326132297516,0.4745098054409027
gated_t0.9_d2_s0,vo2_Vacancy-Anion-03.png,20,481.0,318.0,boundary_edge,100,0.846157372039725,0.5005673766136169,0.5254902243614197
gated_t0.9_d2_s0,vo2_Vacancy-Anion-03.png,20,104.0,377.0,boundary_edge,100,0.846157372039725,0.500932514667511,0.48627451062202454
gated_t0.9_d2_s0,vo2_Vacancy-Anion-03.png,20,206.0,79.0,boundary_edge,100,0.846157372039725,0.4965185821056366,0.5411764979362488
gated_t0.9_d2_s0,vo2_Vacancy-Anion-03.png,20,345.0,79.0,boundary_edge,100,0.846157372039725,0.49731194972991943,0.5411764979362488
gated_t0.9_d2_s0,vo2_Vacancy-Anion-03.png,20,447.0,139.0,boundary_edge,100,0.846157372039725,0.4924255609512329,0.48235294222831726
gated_t0.9_d2_s0,vo2_Vacancy-Anion-03.png,20,33.0,20.0,boundary_edge,100,0.846157372039725,0.4913958013057709,0.4745098054409027
gated_t0.9_d2_s0,vo2_Vacancy-Anion-03.png,20,206.0,318.0,invented_damaged,100,0.846157372039725,0.496946781873703,0.501960813999176
gated_t0.9_d2_s0,vo2_Vacancy-Anion-03.png,20,34.0,138.0,boundary_edge,100,0.846157372039725,0.49986201524734497,0.45098039507865906
gated_t0.9_d2_s0,vo2_Vacancy-Anion-03.png,20,309.0,139.0,boundary_edge,100,0.846157372039725,0.49656161665916443,0.47058823704719543
gated_t0.9_d2_s0,vo2_Vacancy-Anion-03.png,20,69.0,318.0,boundary_edge,100,0.846157372039725,0.4912673830986023,0.5176470875740051
gated_t0.9_d2_s0,vo2_Vacancy-Anion-03.png,20,378.0,377.0,boundary_edge,100,0.846157372039725,0.49780476093292236,0.5176470875740051
gated_t0.9_d2_s0,vo2_Vacancy-Anion-03.png,20,241.0,139.0,invented_damaged,100,0.846157372039725,0.49671152234077454,0.5254902243614197
gated_t0.9_d2_s0,vo2_Vacancy-Anion-03.png,20,69.0,79.0,boundary_edge,100,0.846157372039725,0.49369022250175476,0.4274509847164154
gated_t0.9_d2_s0,vo2_Vacancy-Anion-03.png,20,344.0,318.0,boundary_edge,100,0.846157372039725,0.4945451021194458,0.5372549295425415
gated_t0.9_d2_s0,vo2_Vacancy-Anion-03.png,20,137.0,80.0,boundary_edge,100,0.846157372039725,0.47508949041366577,0.47843137383461
gated_t0.9_d2_s0,vo2_Vacancy-Anion-03.png,20,481.0,79.0,invented_damaged,100,0.846157372039725,0.49323856830596924,0.5215686559677124
gated_t0.9_d2_s0,vo2_Vacancy-Anion-03.png,20,309.0,20.0,boundary_edge,100,0.846157372039725,0.48792511224746704,0.45098039507865906
gated_t0.9_d2_s0,vo2_Vacancy-Anion-03.png,20,103.0,140.0,boundary_edge,100,0.846157372039725,0.4920819103717804,0.45490196347236633
gated_t0.9_d2_s0,vo2_Vacancy-Anion-03.png,20,516.0,139.0,boundary_edge,100,0.846157372039725,0.4978255033493042,0.49803921580314636
gated_t0.9_d2_s0,vo2_Vacancy-Anion-03.png,20,378.0,140.0,boundary_edge,100,0.846157372039725,0.4890183210372925,0.5215686559677124
gated_t0.9_d2_s0,mose2-A_Doped-Na.png,20,8.0,7.0,boundary_edge,105,0.09216605552645364,1.0,0.003921568859368563
gated_t0.9_d2_s0,mose2-A_Doped-Na.png,20,211.0,106.0,borderline_shifted,105,0.09216605552645364,0.18551863729953766,0.1764705926179886
gated_t0.9_d2_s0,mote2-A_Anti-2M.png,20,537.0,353.0,borderline_shifted,189,0.4209784745080395,0.3884148597717285,0.5686274766921997
gated_t0.9_d2_s0,mote2-A_Anti-2M.png,20,522.0,342.0,borderline_shifted,189,0.4209784745080395,0.39175745844841003,0.3450980484485626
gated_t0.9_d2_s0,mote2-A_Anti-2M.png,20,369.0,141.0,borderline_shifted,189,0.4209784745080395,0.41642409563064575,0.3607843220233917
gated_t0.9_d2_s0,mote2-A_Anti-2M.png,20,538.0,49.0,borderline_shifted,189,0.4209784745080395,0.37383127212524414,0.5529412031173706
gated_t0.9_d2_s0,mote2-A_Anti-2M.png,20,366.0,434.0,borderline_shifted,189,0.4209784745080395,0.31606900691986084,0.29411765933036804
gated_t0.9_d2_s0,mote2-A_Anti-2M.png,20,368.0,445.0,borderline_shifted,189,0.4209784745080395,0.3844587802886963,0.3490196168422699
gated_t0.9_d2_s0,mote2-A_Anti-2M.png,20,527.0,334.0,borderline_shifted,189,0.4209784745080395,0.2695614993572235,0.25882354378700256
gated_t0.9_d2_s0,tate2-A_Fe_doped.png,20,321.0,277.0,invented_damaged,122,0.15879011824324324,0.5389523506164551,0.19607843458652496
gated_t0.9_d2_s0,tate2-A_Fe_doped.png,20,321.0,597.0,invented_damaged,122,0.15879011824324324,0.5460051894187927,0.21176470816135406
gated_t0.9_d2_s0,vse2-A_Vacancy-Anion-06A.png,20,628.0,217.0,borderline_shifted,84,0.057534380961969896,0.24705882370471954,0.21176470816135406
gated_t0.9_d2_s0,vse2-A_Vacancy-Anion-06A.png,20,377.0,362.0,borderline_shifted,84,0.057534380961969896,0.21960784494876862,0.22745098173618317
gated_t0.9_d2_s0,vse2-A_Vacancy-Anion-06A.png,20,294.0,217.0,borderline_shifted,84,0.057534380961969896,0.2235294133424759,0.239215686917305
gated_t0.9_d2_s0,vse2-A_Vacancy-Anion-06A.png,20,210.0,72.0,borderline_shifted,84,0.057534380961969896,0.23137255012989044,0.21960784494876862
gated_t0.9_d2_s0,tase2-A_Vacancy-Anion-12B.png,20,179.0,524.0,invented_undamaged,121,0.0021463873852671216,0.26274511218070984,0.2549019753932953
gated_t0.9_d2_s0,nbs2_Anti-Metal.png,20,48.0,386.0,invented_undamaged,106,0.14268454192708938,0.24393366277217865,0.12156862765550613
gated_t0.9_d2_s0,nbs2_Anti-Metal.png,20,617.0,363.0,invented_damaged,106,0.14268454192708938,0.2948184013366699,0.2078431397676468
gated_t0.9_d2_s0,nbs2_Anti-Metal.png,20,576.0,292.0,invented_damaged,106,0.14268454192708938,0.2906593382358551,0.19607843458652496
gated_t0.9_d2_s0,nbs2_Anti-Metal.png,20,668.0,290.0,boundary_edge,106,0.14268454192708938,0.24722667038440704,0.11372549086809158
gated_t0.9_d2_s0,nbs2_Anti-Metal.png,20,492.0,292.0,invented_damaged,106,0.14268454192708938,0.28531280159950256,0.239215686917305
gated_t0.9_d2_s0,nbs2_Anti-Metal.png,20,663.0,434.0,boundary_edge,106,0.14268454192708938,0.26817554235458374,0.1411764770746231
gated_t0.9_d2_s0,nbs2_Anti-Metal.png,20,49.0,249.0,invented_undamaged,106,0.14268454192708938,0.16803078353405,0.0941176488995552
gated_t0.9_d2_s0,nbse2_Cu_doped.png,20,654.0,531.0,borderline_shifted,145,0.8168230662632404,0.343549907207489,0.3686274588108063
gated_t0.9_d2_s0,nbse2_Cu_doped.png,20,297.0,516.0,borderline_shifted,145,0.8168230662632404,0.2815128266811371,0.2666666805744171
gated_t0.9_d2_s0,nbse2_Cu_doped.png,20,653.0,538.0,borderline_shifted,145,0.8168230662632404,0.2339862734079361,0.26274511218070984
gated_t0.9_d2_s0,nbte2_Vacancy-Anion-12A.png,20,361.0,288.0,boundary_edge,170,0.2220499738356881,0.8356314897537231,0.10588235408067703
gated_t0.9_d2_s0,nbte2_Vacancy-Anion-12A.png,20,488.0,312.0,invented_undamaged,170,0.2220499738356881,0.6150264739990234,0.07450980693101883
gated_t0.9_d2_s0,nbte2_Vacancy-Anion-12A.png,20,579.0,156.0,boundary_edge,170,0.2220499738356881,0.6036505699157715,0.062745101749897
gated_t0.9_d2_s0,nbte2_Vacancy-Anion-12A.png,20,399.0,156.0,boundary_edge,170,0.2220499738356881,0.6826227903366089,0.15294118225574493
gated_t0.9_d2_s0,nbte2_Vacancy-Anion-12A.png,20,331.0,231.0,borderline_shifted,170,0.2220499738356881,0.4678158760070801,0.24705882370471954
gated_t0.9_d2_s0,nbte2_Vacancy-Anion-12A.png,20,332.0,281.0,borderline_shifted,170,0.2220499738356881,0.4385055899620056,0.250980406999588
gated_t0.9_d2_s0,nbte2_Vacancy-Anion-12A.png,20,337.0,306.0,borderline_shifted,170,0.2220499738356881,0.41649329662323,0.3333333432674408
gated_t0.9_d2_s0,nbte2_Vacancy-Anion-12A.png,20,337.0,236.0,borderline_shifted,170,0.2220499738356881,0.5601754188537598,0.18039216101169586
gated_t0.9_d2_s0,nbte2_Vacancy-Anion-12A.png,20,341.0,289.0,borderline_shifted,170,0.2220499738356881,0.4797664284706116,0.14901961386203766
gated_t0.9_d2_s0,nbte2_Vacancy-Anion-12A.png,20,340.0,241.0,borderline_shifted,170,0.2220499738356881,0.5967879891395569,0.21176470816135406
gated_t0.9_d2_s0,tis2_Vacancy-Anion-12A.png,20,519.0,17.0,borderline_shifted,118,0.3280229042909403,0.33390936255455017,0.14901961386203766
gated_t0.9_d2_s0,tise2_Adatom-Li.png,20,426.0,317.0,borderline_shifted,157,0.5786255096097845,0.3779987394809723,0.3686274588108063
gated_t0.9_d2_s0,tise2_Adatom-Li.png,20,540.0,425.0,borderline_shifted,157,0.5786255096097845,0.4214850962162018,0.3843137323856354
gated_t0.9_d2_s0,tise2_Adatom-Li.png,20,531.0,420.0,borderline_shifted,157,0.5786255096097845,0.34622547030448914,0.3333333432674408
gated_t0.9_d2_s0,tise2_Adatom-Li.png,20,423.0,328.0,borderline_shifted,157,0.5786255096097845,0.42086705565452576,0.3921568691730499
gated_t0.9_d2_s0,tite2-B_Cu_doped.png,20,726.0,273.0,borderline_shifted,72,0.5777090846642624,0.3453744947910309,0.2666666805744171
gated_t0.9_d2_s0,tite2-B_Cu_doped.png,20,353.0,264.0,borderline_shifted,72,0.5777090846642624,0.2543041706085205,0.250980406999588
gated_t0.9_d2_s0,tite2-B_Cu_doped.png,20,727.0,262.0,borderline_shifted,72,0.5777090846642624,0.3350312113761902,0.2705882489681244
gated_t0.9_d2_s0,tite2-B_Cu_doped.png,20,728.0,280.0,borderline_shifted,72,0.5777090846642624,0.2937943935394287,0.250980406999588
gated_t0.9_d2_s0,vs2_Vacancy-Anion-06A.png,20,368.0,61.0,borderline_shifted,158,0.7683230182784471,0.6115097999572754,0.6078431606292725
gated_t0.9_d2_s0,vs2_Vacancy-Anion-06A.png,20,92.0,113.0,boundary_edge,158,0.7683230182784471,0.38260889053344727,0.06666667014360428
gated_t0.9_d2_s0,vs2_Vacancy-Anion-06A.png,20,367.0,446.0,invented_damaged,158,0.7683230182784471,0.5395137071609497,0.545098066329956
gated_t0.9_d2_s0,vte2_Defect-Free.png,20,221.0,594.0,borderline_shifted,119,0.11809107112468539,0.2841871380805969,0.239215686917305
gated_t0.9_d2_s0,ws2-A_Vacancy-Metal.png,20,345.0,499.0,invented_undamaged,59,0.09741655859668281,0.6350744366645813,0.04313725605607033
gated_t0.9_d2_s0,ws2-A_Vacancy-Metal.png,20,415.0,50.0,borderline_shifted,59,0.09741655859668281,0.574110209941864,0.03921568766236305
gated_t0.9_d2_s0,cose2_Fe_doped.png,20,387.0,111.0,borderline_shifted,96,0.13462105198975652,0.25775110721588135,0.2862745225429535
gated_t0.9_d2_s0,cose2_Fe_doped.png,20,368.0,130.0,borderline_shifted,96,0.13462105198975652,0.29832419753074646,0.364705890417099
gated_t0.9_d2_s0,cose2_Fe_doped.png,20,404.0,122.0,borderline_shifted,96,0.13462105198975652,0.31795239448547363,0.3176470696926117
gated_t0.9_d2_s0,cose2_Fe_doped.png,20,402.0,115.0,borderline_shifted,96,0.13462105198975652,0.22766676545143127,0.21568627655506134
gated_t0.9_d2_s0,cro2_Vacancy-Anion-03.png,20,382.0,296.0,borderline_shifted,80,0.8332209793934552,0.45300790667533875,0.23529411852359772
gated_t0.9_d2_s0,cro2_Vacancy-Anion-03.png,20,378.0,64.0,borderline_shifted,80,0.8332209793934552,0.45391029119491577,0.19607843458652496
gated_t0.9_d2_s0,cro2_Vacancy-Anion-03.png,20,384.0,73.0,borderline_shifted,80,0.8332209793934552,0.4451744556427002,0.1764705926179886
gated_t0.9_d2_s0,cro2_Vacancy-Anion-03.png,20,372.0,70.0,borderline_shifted,80,0.8332209793934552,0.4515225291252136,0.23137255012989044
gated_t0.9_d2_s0,cro2_Vacancy-Anion-03.png,20,386.0,290.0,borderline_shifted,80,0.8332209793934552,0.4357781708240509,0.24313725531101227
gated_t0.9_d2_s0,vo2_Vacancy-Anion-03.png,28,412.0,80.0,boundary_edge,100,0.8501107715813598,0.4732121229171753,0.5176470875740051
gated_t0.9_d2_s0,vo2_Vacancy-Anion-03.png,28,241.0,138.0,boundary_edge,100,0.8501107715813598,0.4904562830924988,0.5098039507865906
gated_t0.9_d2_s0,vo2_Vacancy-Anion-03.png,28,310.0,138.0,boundary_edge,100,0.8501107715813598,0.4883629083633423,0.47843137383461
gated_t0.9_d2_s0,vo2_Vacancy-Anion-03.png,28,379.0,258.0,boundary_edge,100,0.8501107715813598,0.48657479882240295,0.4588235318660736
gated_t0.9_d2_s0,vo2_Vacancy-Anion-03.png,28,516.0,20.0,invented_damaged,100,0.8501107715813598,0.4787716269493103,0.45490196347236633
gated_t0.9_d2_s0,vo2_Vacancy-Anion-03.png,28,34.0,139.0,boundary_edge,100,0.8501107715813598,0.4808400273323059,0.48627451062202454
gated_t0.9_d2_s0,vo2_Vacancy-Anion-03.png,28,138.0,79.0,boundary_edge,100,0.8501107715813598,0.4737691879272461,0.501960813999176
gated_t0.9_d2_s0,vo2_Vacancy-Anion-03.png,28,309.0,21.0,boundary_edge,100,0.8501107715813598,0.48195427656173706,0.49803921580314636
gated_t0.9_d2_s0,vo2_Vacancy-Anion-03.png,28,172.0,377.0,boundary_edge,100,0.8501107715813598,0.49283161759376526,0.45098039507865906
gated_t0.9_d2_s0,vo2_Vacancy-Anion-03.png,28,34.0,20.0,invented_damaged,100,0.8501107715813598,0.47035637497901917,0.46666666865348816
gated_t0.9_d2_s0,vo2_Vacancy-Anion-03.png,28,516.0,139.0,boundary_edge,100,0.8501107715813598,0.4854254424571991,0.49803921580314636
gated_t0.9_d2_s0,vo2_Vacancy-Anion-03.png,28,344.0,317.0,boundary_edge,100,0.8501107715813598,0.4811602830886841,0.4431372582912445
gated_t0.9_d2_s0,vo2_Vacancy-Anion-03.png,28,103.0,377.0,invented_damaged,100,0.8501107715813598,0.48482000827789307,0.5176470875740051
gated_t0.9_d2_s0,vo2_Vacancy-Anion-03.png,28,205.0,80.0,invented_damaged,100,0.8501107715813598,0.4840393364429474,0.49803921580314636
gated_t0.9_d2_s0,vo2_Vacancy-Anion-03.png,28,379.0,377.0,boundary_edge,100,0.8501107715813598,0.48772236704826355,0.46666666865348816
gated_t0.9_d2_s0,vo2_Vacancy-Anion-03.png,28,447.0,377.0,boundary_edge,100,0.8501107715813598,0.4891701936721802,0.4745098054409027
gated_t0.9_d2_s0,vo2_Vacancy-Anion-03.png,28,171.0,140.0,boundary_edge,100,0.8501107715813598,0.4822678864002228,0.48627451062202454
gated_t0.9_d2_s0,vo2_Vacancy-Anion-03.png,28,104.0,140.0,boundary_edge,100,0.8501107715813598,0.4846532344818115,0.48627451062202454
gated_t0.9_d2_s0,vo2_Vacancy-Anion-03.png,28,549.0,80.0,boundary_edge,100,0.8501107715813598,0.46555572748184204,0.4745098054409027
gated_t0.9_d2_s0,vo2_Vacancy-Anion-03.png,28,171.0,258.0,boundary_edge,100,0.8501107715813598,0.4804413616657257,0.45098039507865906
gated_t0.9_d2_s0,vo2_Vacancy-Anion-03.png,28,69.0,317.0,boundary_edge,100,0.8501107715813598,0.48111358284950256,0.5411764979362488
gated_t0.9_d2_s0,mos2-A_Adatom-Li.png,28,118.0,0.0,boundary_edge,84,0.31663115118276464,0.5589742660522461,0.06666667014360428
gated_t0.9_d2_s0,mos2-A_Adatom-Li.png,28,0.0,285.0,boundary_edge,84,0.31663115118276464,0.39887458086013794,0.027450980618596077
gated_t0.9_d2_s0,mos2-A_Adatom-Li.png,28,8.0,7.0,boundary_edge,84,0.31663115118276464,1.0,0.0235294122248888
gated_t0.9_d2_s0,mose2-A_Doped-Na.png,28,13.0,477.0,boundary_edge,105,0.27534311157674174,0.23861359059810638,0.01568627543747425
gated_t0.9_d2_s0,mose2-A_Doped-Na.png,28,8.0,7.0,boundary_edge,105,0.27534311157674174,1.0,0.003921568859368563
gated_t0.9_d2_s0,mose2-A_Doped-Na.png,28,285.0,303.0,invented_damaged,105,0.27534311157674174,0.27856695652008057,0.10980392247438431
gated_t0.9_d2_s0,mose2-A_Doped-Na.png,28,525.0,0.0,boundary_edge,105,0.27534311157674174,0.19607843458652496,0.1725490242242813
gated_t0.9_d2_s0,tate2-A_Fe_doped.png,28,0.0,598.0,boundary_edge,122,0.29657094594594596,0.5992459654808044,0.05098039284348488
gated_t0.9_d2_s0,tate2-A_Fe_doped.png,28,0.0,185.0,boundary_edge,122,0.29657094594594596,0.6292763948440552,0.05882352963089943
gated_t0.9_d2_s0,tate2-A_Fe_doped.png,28,0.0,411.0,boundary_edge,122,0.29657094594594596,0.6224410533905029,0.14901961386203766
gated_t0.9_d2_s0,tate2-A_Fe_doped.png,28,0.0,505.0,boundary_edge,122,0.29657094594594596,0.6185194849967957,0.05882352963089943
gated_t0.9_d2_s0,tate2-A_Fe_doped.png,28,0.0,91.0,boundary_edge,122,0.29657094594594596,0.5862488746643066,0.16078431904315948
gated_t0.9_d2_s0,tate2-A_Fe_doped.png,28,0.0,276.0,boundary_edge,122,0.29657094594594596,0.5361616611480713,0.054901961237192154
gated_t0.9_d2_s0,tate2-A_Fe_doped.png,28,184.0,603.0,borderline_shifted,122,0.29657094594594596,0.2053857445716858,0.20392157137393951
gated_t0.9_d2_s0,tate2-A_Fe_doped.png,28,179.0,12.0,boundary_edge,122,0.29657094594594596,0.24740290641784668,0.30588236451148987
gated_t0.9_d2_s0,tate2-A_Fe_doped.png,28,182.0,283.0,borderline_shifted,122,0.29657094594594596,0.23216566443443298,0.2078431397676468
gated_t0.9_d2_s0,vse2-A_Vacancy-Anion-06A.png,28,293.0,11.0,boundary_edge,84,0.3680718521444375,0.5716549754142761,0.48235294222831726
gated_t0.9_d2_s0,vse2-A_Vacancy-Anion-06A.png,28,629.0,11.0,boundary_edge,84,0.3680718521444375,0.5665467977523804,0.529411792755127
gated_t0.9_d2_s0,vse2-A_Vacancy-Anion-06A.png,28,616.0,32.0,borderline_shifted,84,0.3680718521444375,0.432004451751709,0.5647059082984924
gated_t0.9_d2_s0,vse2-A_Vacancy-Anion-06A.png,28,297.0,0.0,boundary_edge,84,0.3680718521444375,0.2203758955001831,0.14901961386203766
gated_t0.9_d2_s0,vse2-A_Vacancy-Anion-06A.png,28,289.0,0.0,boundary_edge,84,0.3680718521444375,0.20669002830982208,0.1725490242242813
gated_t0.9_d2_s0,vse2-A_Vacancy-Anion-06A.png,28,572.0,87.0,borderline_shifted,84,0.3680718521444375,0.39441633224487305,0.42352941632270813
gated_t0.9_d2_s0,vse2-A_Vacancy-Anion-06A.png,28,236.0,89.0,borderline_shifted,84,0.3680718521444375,0.38675403594970703,0.45490196347236633
gated_t0.9_d2_s0,vse2-A_Vacancy-Anion-06A.png,28,282.0,32.0,borderline_shifted,84,0.3680718521444375,0.48326730728149414,0.545098066329956
gated_t0.9_d2_s0,vse2-A_Vacancy-Anion-06A.png,28,637.0,9.0,boundary_edge,84,0.3680718521444375,0.4245229959487915,0.3019607961177826
gated_t0.9_d2_s0,vse2-A_Vacancy-Anion-06A.png,28,237.0,106.0,borderline_shifted,84,0.3680718521444375,0.3609417676925659,0.3686274588108063
gated_t0.9_d2_s0,vse2-A_Vacancy-Anion-06A.png,28,633.0,0.0,boundary_edge,84,0.3680718521444375,0.20997866988182068,0.16078431904315948
gated_t0.9_d2_s0,vse2-A_Vacancy-Anion-06A.png,28,307.0,14.0,boundary_edge,84,0.3680718521444375,0.4027227461338043,0.3333333432674408
gated_t0.9_d2_s0,vse2-A_Vacancy-Anion-06A.png,28,305.0,4.0,boundary_edge,84,0.3680718521444375,0.24938637018203735,0.1568627506494522
gated_t0.9_d2_s0,vse2-A_Vacancy-Anion-06A.png,28,590.0,0.0,boundary_edge,84,0.3680718521444375,0.20392157137393951,0.21960784494876862
gated_t0.9_d2_s0,vse2-A_Vacancy-Anion-06A.png,28,255.0,0.0,boundary_edge,84,0.3680718521444375,0.20000000298023224,0.21176470816135406
gated_t0.9_d2_s0,vse2-A_Vacancy-Anion-06A.png,28,668.0,287.0,boundary_edge,84,0.3680718521444375,0.22737619280815125,0.24313725531101227
gated_t0.9_d2_s0,vse2-A_Vacancy-Anion-06A.png,28,377.0,362.0,borderline_shifted,84,0.3680718521444375,0.24313725531101227,0.22745098173618317
gated_t0.9_d2_s0,vse2-A_Vacancy-Anion-06A.png,28,212.0,73.0,borderline_shifted,84,0.3680718521444375,0.21568627655506134,0.239215686917305
gated_t0.9_d2_s0,tas2-A_Doped-Li.png,28,0.0,381.0,boundary_edge,68,0.033449653567996764,0.4650648534297943,0.027450980618596077
gated_t0.9_d2_s0,tas2-A_Doped-Li.png,28,0.0,85.0,boundary_edge,68,0.033449653567996764,0.3271682858467102,0.0235294122248888
gated_t0.9_d2_s0,tase2-A_Vacancy-Anion-12B.png,28,233.0,606.0,boundary_edge,121,0.015954342198164273,0.0313725508749485,0.10980392247438431
gated_t0.9_d2_s0,tase2-A_Vacancy-Anion-12B.png,28,244.0,289.0,borderline_shifted,121,0.015954342198164273,0.24346047639846802,0.35686275362968445
gated_t0.9_d2_s0,tase2-A_Vacancy-Anion-12B.png,28,267.0,288.0,invented_damaged,121,0.015954342198164273,0.17016655206680298,0.1725490242242813
gated_t0.9_d2_s0,nbs2_Anti-Metal.png,28,55.0,436.0,invented_undamaged,106,0.1717925086033081,0.36878249049186707,0.01568627543747425
gated_t0.9_d2_s0,nbte2_Vacancy-Anion-12A.png,28,360.0,289.0,invented_damaged,170,0.4029216814931101,0.8945953249931335,0.10980392247438431
gated_t0.9_d2_s0,nbte2_Vacancy-Anion-12A.png,28,487.0,313.0,invented_damaged,170,0.4029216814931101,0.6799982786178589,0.0941176488995552
gated_t0.9_d2_s0,nbte2_Vacancy-Anion-12A.png,28,673.0,317.0,boundary_edge,170,0.4029216814931101,0.4153065085411072,0.05882352963089943
gated_t0.9_d2_s0,nbte2_Vacancy-Anion-12A.png,28,399.0,155.0,boundary_edge,170,0.4029216814931101,0.6687781810760498,0.125490203499794
gated_t0.9_d2_s0,nbte2_Vacancy-Anion-12A.png,28,673.0,331.0,borderline_shifted,170,0.4029216814931101,0.2499462515115738,0.07058823853731155
gated_t0.9_d2_s0,tise2_Adatom-Li.png,28,523.0,220.0,borderline_shifted,157,0.7974295328692533,0.4395955801010132,0.4117647111415863
gated_t0.9_d2_s0,tise2_Adatom-Li.png,28,484.0,229.0,borderline_shifted,157,0.7974295328692533,0.275534987449646,0.1921568661928177
gated_t0.9_d2_s0,tise2_Adatom-Li.png,28,417.0,343.0,borderline_shifted,157,0.7974295328692533,0.4189123809337616,0.4431372582912445
gated_t0.9_d2_s0,tite2-B_Cu_doped.png,28,53.0,28.0,borderline_shifted,72,0.737464024050866,0.802220344543457,0.8470588326454163
gated_t0.9_d2_s0,tite2-B_Cu_doped.png,28,412.0,28.0,borderline_shifted,72,0.737464024050866,0.7851217985153198,0.7647058963775635
gated_t0.9_d2_s0,tite2-B_Cu_doped.png,28,513.0,201.0,borderline_shifted,72,0.737464024050866,0.6038088798522949,0.6078431606292725
gated_t0.9_d2_s0,tite2-B_Cu_doped.png,28,513.0,179.0,borderline_shifted,72,0.737464024050866,0.6967791318893433,0.7372549176216125
gated_t0.9_d2_s0,tite2-B_Cu_doped.png,28,529.0,29.0,borderline_shifted,72,0.737464024050866,0.4905245900154114,0.48627451062202454
gated_t0.9_d2_s0,tite2-B_Cu_doped.png,28,425.0,200.0,borderline_shifted,72,0.737464024050866,0.6066586971282959,0.5921568870544434
gated_t0.9_d2_s0,tite2-B_Cu_doped.png,28,501.0,30.0,borderline_shifted,72,0.737464024050866,0.5321991443634033,0.5686274766921997
gated_t0.9_d2_s0,tite2-B_Cu_doped.png,28,153.0,33.0,borderline_shifted,72,0.737464024050866,0.5094010829925537,0.5137255191802979
gated_t0.9_d2_s0,tite2-B_Cu_doped.png,28,429.0,17.0,borderline_shifted,72,0.737464024050866,0.4983677268028259,0.5764706134796143
gated_t0.9_d2_s0,tite2-B_Cu_doped.png,28,422.0,42.0,borderline_shifted,72,0.737464024050866,0.5218719244003296,0.5176470875740051
gated_t0.9_d2_s0,tite2-B_Cu_doped.png,28,161.0,29.0,borderline_shifted,72,0.737464024050866,0.2639685869216919,0.27843138575553894
gated_t0.9_d2_s0,tite2-B_Cu_doped.png,28,61.0,17.0,borderline_shifted,72,0.737464024050866,0.3669256567955017,0.3960784375667572
gated_t0.9_d2_s0,tite2-B_Cu_doped.png,28,122.0,32.0,borderline_shifted,72,0.737464024050866,0.3141924738883972,0.3294117748737335
gated_t0.9_d2_s0,tite2-B_Cu_doped.png,28,587.0,26.0,borderline_shifted,72,0.737464024050866,0.33058488368988037,0.3019607961177826
gated_t0.9_d2_s0,tite2-B_Cu_doped.png,28,32.0,178.0,borderline_shifted,72,0.737464024050866,0.34875524044036865,0.35686275362968445
gated_t0.9_d2_s0,tite2-B_Cu_doped.png,28,123.0,187.0,borderline_shifted,72,0.737464024050866,0.37903082370758057,0.40784314274787903
gated_t0.9_d2_s0,tite2-B_Cu_doped.png,28,414.0,169.0,borderline_shifted,72,0.737464024050866,0.26432162523269653,0.29019609093666077
gated_t0.9_d2_s0,tite2-B_Cu_doped.png,28,53.0,209.0,borderline_shifted,72,0.737464024050866,0.27752381563186646,0.250980406999588
gated_t0.9_d2_s0,tite2-B_Cu_doped.png,28,529.0,39.0,borderline_shifted,72,0.737464024050866,0.3227417469024658,0.3333333432674408
gated_t0.9_d2_s0,tite2-B_Cu_doped.png,28,117.0,31.0,borderline_shifted,72,0.737464024050866,0.18737809360027313,0.1921568661928177
gated_t0.9_d2_s0,tite2-B_Cu_doped.png,28,575.0,117.0,borderline_shifted,72,0.737464024050866,0.3690566420555115,0.3843137323856354
gated_t0.9_d2_s0,tite2-B_Cu_doped.png,28,154.0,39.0,borderline_shifted,72,0.737464024050866,0.339840292930603,0.3529411852359772
gated_t0.9_d2_s0,tite2-B_Cu_doped.png,28,438.0,20.0,borderline_shifted,72,0.737464024050866,0.2906882166862488,0.364705890417099
gated_t0.9_d2_s0,tite2-B_Cu_doped.png,28,205.0,110.0,borderline_shifted,72,0.737464024050866,0.3412777781486511,0.33725491166114807
gated_t0.9_d2_s0,tite2-B_Cu_doped.png,28,492.0,186.0,borderline_shifted,72,0.737464024050866,0.2525695264339447,0.24705882370471954
gated_t0.9_d2_s0,tite2-B_Cu_doped.png,28,585.0,109.0,borderline_shifted,72,0.737464024050866,0.15746818482875824,0.1764705926179886
gated_t0.9_d2_s0,tite2-B_Cu_doped.png,28,162.0,184.0,borderline_shifted,72,0.737464024050866,0.22479064762592316,0.22745098173618317
gated_t0.9_d2_s0,tite2-B_Cu_doped.png,28,66.0,39.0,borderline_shifted,72,0.737464024050866,0.2183723896741867,0.23137255012989044
gated_t0.9_d2_s0,tite2-B_Cu_doped.png,28,202.0,120.0,borderline_shifted,72,0.737464024050866,0.30173420906066895,0.2980392277240753
gated_t0.9_d2_s0,tite2-B_Cu_doped.png,28,386.0,119.0,borderline_shifted,72,0.737464024050866,0.31992974877357483,0.4313725531101227
gated_t0.9_d2_s0,tite2-B_Cu_doped.png,28,580.0,103.0,borderline_shifted,72,0.737464024050866,0.27893611788749695,0.2980392277240753
gated_t0.9_d2_s0,tite2-B_Cu_doped.png,28,0.0,0.0,boundary_edge,72,0.737464024050866,0.14509804546833038,0.10980392247438431
gated_t0.9_d2_s0,tite2-B_Cu_doped.png,28,201.0,125.0,borderline_shifted,72,0.737464024050866,0.21374467015266418,0.23529411852359772
gated_t0.9_d2_s0,vs2_Vacancy-Anion-06A.png,28,371.0,108.0,invented_undamaged,158,0.7803473442624806,0.410301148891449,0.09803921729326248
gated_t0.9_d2_s0,vs2_Vacancy-Anion-06A.png,28,368.0,449.0,boundary_edge,158,0.7803473442624806,0.5340739488601685,0.5254902243614197
gated_t0.9_d2_s0,vte2_Defect-Free.png,28,336.0,378.0,borderline_shifted,119,0.15707037232756227,0.6873428821563721,0.6235294342041016
gated_t0.9_d2_s0,vte2_Defect-Free.png,28,346.0,375.0,borderline_shifted,119,0.15707037232756227,0.6267294883728027,0.5568627715110779
gated_t0.9_d2_s0,vte2_Defect-Free.png,28,252.0,330.0,borderline_shifted,119,0.15707037232756227,0.27450981736183167,0.6901960968971252
gated_t0.9_d2_s0,vte2_Defect-Free.png,28,323.0,376.0,borderline_shifted,119,0.15707037232756227,0.5150368809700012,0.4274509847164154
gated_t0.9_d2_s0,vte2_Defect-Free.png,28,167.0,376.0,borderline_shifted,119,0.15707037232756227,0.4779148995876312,0.42352941632270813
gated_t0.9_d2_s0,vte2_Defect-Free.png,28,319.0,370.0,borderline_shifted,119,0.15707037232756227,0.5012848377227783,0.4000000059604645
gated_t0.9_d2_s0,vte2_Defect-Free.png,28,160.0,366.0,borderline_shifted,119,0.15707037232756227,0.41139253973960876,0.3803921639919281
gated_t0.9_d2_s0,vte2_Defect-Free.png,28,316.0,362.0,borderline_shifted,119,0.15707037232756227,0.4327523112297058,0.37254902720451355
gated_t0.9_d2_s0,vte2_Defect-Free.png,28,357.0,373.0,borderline_shifted,119,0.15707037232756227,0.337846040725708,0.30980393290519714
gated_t0.9_d2_s0,vte2_Defect-Free.png,28,238.0,318.0,borderline_shifted,119,0.15707037232756227,0.4230053722858429,0.35686275362968445
gated_t0.9_d2_s0,vte2_Defect-Free.png,28,237.0,311.0,borderline_shifted,119,0.15707037232756227,0.33098140358924866,0.2705882489681244
gated_t0.9_d2_s0,vte2_Defect-Free.png,28,275.0,340.0,borderline_shifted,119,0.15707037232756227,0.4307193458080292,0.33725491166114807
gated_t0.9_d2_s0,vte2_Defect-Free.png,28,312.0,351.0,borderline_shifted,119,0.15707037232756227,0.29369232058525085,0.21960784494876862
gated_t0.9_d2_s0,ws2-A_Vacancy-Metal.png,28,44.0,457.0,borderline_shifted,59,0.15548711123245285,0.21551433205604553,0.18431372940540314
gated_t0.9_d2_s0,ws2-A_Vacancy-Metal.png,28,183.0,379.0,borderline_shifted,59,0.15548711123245285,0.22632506489753723,0.23529411852359772
gated_t0.9_d2_s0,ws2-A_Vacancy-Metal.png,28,160.0,344.0,borderline_shifted,59,0.15548711123245285,0.2252744436264038,0.19607843458652496
gated_t0.9_d2_s0,cose2_Fe_doped.png,28,169.0,0.0,boundary_edge,96,0.14149323198243974,0.30449166893959045,0.04313725605607033
gated_t0.9_d2_s0,cose2_Fe_doped.png,28,25.0,13.0,boundary_edge,96,0.14149323198243974,0.33827659487724304,0.027450980618596077
gated_t0.9_d2_s0,cose2_Fe_doped.png,28,8.0,7.0,boundary_edge,96,0.14149323198243974,1.0,0.019607843831181526
gated_t0.9_d2_s0,cose2_Fe_doped.png,28,144.0,49.0,boundary_edge,96,0.14149323198243974,0.25737255811691284,0.07058823853731155
gated_t0.9_d2_s0,cose2_Fe_doped.png,28,0.0,218.0,boundary_edge,96,0.14149323198243974,0.25471800565719604,0.062745101749897
gated_t0.9_d2_s0,cro2_Vacancy-Anion-03.png,28,343.0,234.0,borderline_shifted,80,0.7167390725390326,0.5593711137771606,0.10980392247438431
gated_t0.9_d2_s0,cro2_Vacancy-Anion-03.png,28,386.0,294.0,borderline_shifted,80,0.7167390725390326,0.40317726135253906,0.1882352977991104
gated_t0.9_d2_s0,cro2_Vacancy-Anion-03.png,28,378.0,63.0,borderline_shifted,80,0.7167390725390326,0.4177159368991852,0.20000000298023224
gated_t0.9_d2_s0,cro2_Vacancy-Anion-03.png,28,382.0,300.0,borderline_shifted,80,0.7167390725390326,0.41843482851982117,0.16862745583057404
gated_t0.9_d2_s0,cro2_Vacancy-Anion-03.png,28,355.0,235.0,boundary_edge,80,0.7167390725390326,0.40298792719841003,0.12941177189350128
gated_t0.9_d2_s0,cro2_Vacancy-Anion-03.png,28,388.0,73.0,borderline_shifted,80,0.7167390725390326,0.3998483717441559,0.2235294133424759
gated_t0.9_d2_s0,cro2_Vacancy-Anion-03.png,28,377.0,285.0,borderline_shifted,80,0.7167390725390326,0.3928626775741577,0.20392157137393951
gated_t0.9_d2_s0,cro2_Vacancy-Anion-03.png,28,387.0,60.0,borderline_shifted,80,0.7167390725390326,0.38512036204338074,0.22745098173618317
gated_t0.9_d2_s0,cro2_Vacancy-Anion-03.png,28,260.0,217.0,borderline_shifted,80,0.7167390725390326,0.3672904968261719,0.3333333432674408
gated_t0.9_d2_s0,cro2_Vacancy-Anion-03.png,28,251.0,229.0,borderline_shifted,80,0.7167390725390326,0.37469878792762756,0.27843138575553894
gated_t0.9_d2_s0,cro2_Vacancy-Anion-03.png,28,372.0,282.0,borderline_shifted,80,0.7167390725390326,0.3419454097747803,0.1921568661928177
gated_t0.9_d2_s0,cro2_Vacancy-Anion-03.png,28,372.0,302.0,borderline_shifted,80,0.7167390725390326,0.37793299555778503,0.23137255012989044
gated_t0.9_d2_s0,cro2_Vacancy-Anion-03.png,28,361.0,228.0,borderline_shifted,80,0.7167390725390326,0.3167388141155243,0.1921568661928177
gated_t0.9_d2_s0,cro2_Vacancy-Anion-03.png,28,390.0,299.0,borderline_shifted,80,0.7167390725390326,0.381949245929718,0.21960784494876862
gated_t0.9_d2_s0,cro2_Vacancy-Anion-03.png,28,381.0,307.0,borderline_shifted,80,0.7167390725390326,0.3748311698436737,0.18039216101169586
gated_t0.9_d2_s0,cro2_Vacancy-Anion-03.png,28,364.0,0.0,boundary_edge,80,0.7167390725390326,0.30124807357788086,0.1568627506494522
gated_t0.9_d2_s0,cro2_Vacancy-Anion-03.png,28,145.0,197.0,borderline_shifted,80,0.7167390725390326,0.3708464801311493,0.20000000298023224
gated_t0.9_d2_s0,cro2_Vacancy-Anion-03.png,28,367.0,293.0,borderline_shifted,80,0.7167390725390326,0.42591238021850586,0.29411765933036804
gated_t0.9_d2_s0,cro2_Vacancy-Anion-03.png,28,279.0,238.0,borderline_shifted,80,0.7167390725390326,0.3980642557144165,0.2549019753932953
gated_t0.9_d2_s0,cro2_Vacancy-Anion-03.png,28,349.0,225.0,borderline_shifted,80,0.7167390725390326,0.3872639238834381,0.16470588743686676
gated_t0.9_d2_s0,cro2_Vacancy-Anion-03.png,28,313.0,218.0,borderline_shifted,80,0.7167390725390326,0.30535897612571716,0.35686275362968445
gated_t0.9_d2_s0,cro2_Vacancy-Anion-03.png,28,379.0,80.0,borderline_shifted,80,0.7167390725390326,0.3663322329521179,0.23137255012989044
gated_t0.9_d2_s0,cro2_Vacancy-Anion-03.png,28,388.0,283.0,borderline_shifted,80,0.7167390725390326,0.4095010757446289,0.27450981736183167
gated_t0.9_d2_s0,cro2_Vacancy-Anion-03.png,28,368.0,65.0,borderline_shifted,80,0.7167390725390326,0.4238380789756775,0.29019609093666077
gated_t0.9_d2_s0,cro2_Vacancy-Anion-03.png,28,157.0,193.0,borderline_shifted,80,0.7167390725390326,0.4052515923976898,0.22745098173618317
gated_t0.9_d2_s0,cro2_Vacancy-Anion-03.png,28,281.0,11.0,boundary_edge,80,0.7167390725390326,0.3765460252761841,0.30980393290519714
gated_t0.9_d2_s0,cro2_Vacancy-Anion-03.png,28,381.0,280.0,borderline_shifted,80,0.7167390725390326,0.3793830871582031,0.25882354378700256
gated_t0.9_d2_s0,cro2_Vacancy-Anion-03.png,28,381.0,56.0,borderline_shifted,80,0.7167390725390326,0.3879828453063965,0.23529411852359772
gated_t0.9_d2_s0,cro2_Vacancy-Anion-03.png,28,369.0,8.0,boundary_edge,80,0.7167390725390326,0.2937643527984619,0.16078431904315948
gated_t0.9_d2_s0,vo2_Vacancy-Anion-03.png,36,134.0,0.0,boundary_edge,100,0.9097402597402597,0.7769997119903564,0.12156862765550613
gated_t0.9_d2_s0,vo2_Vacancy-Anion-03.png,36,411.0,0.0,boundary_edge,100,0.9097402597402597,0.8017256855964661,0.1411764770746231
gated_t0.9_d2_s0,vo2_Vacancy-Anion-03.png,36,275.0,257.0,borderline_shifted,100,0.9097402597402597,0.3732890784740448,0.13333334028720856
gated_t0.9_d2_s0,vo2_Vacancy-Anion-03.png,36,537.0,77.0,boundary_edge,100,0.9097402597402597,0.5084904432296753,0.42352941632270813
gated_t0.9_d2_s0,vo2_Vacancy-Anion-03.png,36,284.0,257.0,borderline_shifted,100,0.9097402597402597,0.40117406845092773,0.1882352977991104
gated_t0.9_d2_s0,vo2_Vacancy-Anion-03.png,36,68.0,79.0,invented_damaged,100,0.9097402597402597,0.5022443532943726,0.5137255191802979
gated_t0.9_d2_s0,vo2_Vacancy-Anion-03.png,36,516.0,139.0,boundary_edge,100,0.9097402597402597,0.545128345489502,0.49803921580314636
gated_t0.9_d2_s0,vo2_Vacancy-Anion-03.png,36,342.0,80.0,invented_damaged,100,0.9097402597402597,0.5048863887786865,0.45490196347236633
gated_t0.9_d2_s0,vo2_Vacancy-Anion-03.png,36,34.0,137.0,invented_damaged,100,0.9097402597402597,0.5374969840049744,0.43529412150382996
gated_t0.9_d2_s0,vo2_Vacancy-Anion-03.png,36,241.0,139.0,boundary_edge,100,0.9097402597402597,0.5371304154396057,0.5254902243614197
gated_t0.9_d2_s0,vo2_Vacancy-Anion-03.png,36,172.0,258.0,boundary_edge,100,0.9097402597402597,0.5182321071624756,0.5215686559677124
gated_t0.9_d2_s0,vo2_Vacancy-Anion-03.png,36,412.0,79.0,invented_damaged,100,0.9097402597402597,0.47941696643829346,0.48627451062202454
gated_t0.9_d2_s0,vo2_Vacancy-Anion-03.png,36,205.0,80.0,invented_damaged,100,0.9097402597402597,0.5149600505828857,0.49803921580314636
gated_t0.9_d2_s0,vo2_Vacancy-Anion-03.png,36,136.0,79.0,invented_damaged,100,0.9097402597402597,0.4696338176727295,0.5137255191802979
gated_t0.9_d2_s0,vo2_Vacancy-Anion-03.png,36,310.0,20.0,invented_damaged,100,0.9097402597402597,0.5127857327461243,0.49803921580314636
gated_t0.9_d2_s0,vo2_Vacancy-Anion-03.png,36,379.0,260.0,invented_damaged,100,0.9097402597402597,0.5160320997238159,0.5137255191802979
gated_t0.9_d2_s0,vo2_Vacancy-Anion-03.png,36,34.0,20.0,boundary_edge,100,0.9097402597402597,0.5157372951507568,0.46666666865348816
gated_t0.9_d2_s0,vo2_Vacancy-Anion-03.png,36,414.0,199.0,invented_damaged,100,0.9097402597402597,0.509427011013031,0.2549019753932953
gated_t0.9_d2_s0,vo2_Vacancy-Anion-03.png,36,447.0,139.0,invented_damaged,100,0.9097402597402597,0.5015838742256165,0.48235294222831726
gated_t0.9_d2_s0,vo2_Vacancy-Anion-03.png,36,139.0,199.0,invented_damaged,100,0.9097402597402597,0.5061659216880798,0.2549019753932953
gated_t0.9_d2_s0,vo2_Vacancy-Anion-03.png,36,516.0,20.0,boundary_edge,100,0.9097402597402597,0.5064032673835754,0.45490196347236633
gated_t0.9_d2_s0,vo2_Vacancy-Anion-03.png,36,172.0,139.0,invented_damaged,100,0.9097402597402597,0.5022443532943726,0.5137255191802979
gated_t0.9_d2_s0,vo2_Vacancy-Anion-03.png,36,480.0,80.0,invented_damaged,100,0.9097402597402597,0.5016478300094604,0.5411764979362488
gated_t0.9_d2_s0,vo2_Vacancy-Anion-03.png,36,69.0,318.0,boundary_edge,100,0.9097402597402597,0.5030326843261719,0.5176470875740051
gated_t0.9_d2_s0,vo2_Vacancy-Anion-03.png,36,481.0,318.0,boundary_edge,100,0.9097402597402597,0.5121667385101318,0.5254902243614197
gated_t0.9_d2_s0,vo2_Vacancy-Anion-03.png,36,104.0,377.0,boundary_edge,100,0.9097402597402597,0.5065731406211853,0.48627451062202454
gated_t0.9_d2_s0,vo2_Vacancy-Anion-03.png,36,206.0,317.0,boundary_edge,100,0.9097402597402597,0.5067617893218994,0.501960813999176
gated_t0.9_d2_s0,vo2_Vacancy-Anion-03.png,36,549.0,318.0,boundary_edge,100,0.9097402597402597,0.47885411977767944,0.45098039507865906
gated_t0.9_d2_s0,vo2_Vacancy-Anion-03.png,36,171.0,376.0,invented_damaged,100,0.9097402597402597,0.506161630153656,0.501960813999176
gated_t0.9_d2_s0,mos2-A_Adatom-Li.png,36,128.0,552.0,boundary_edge,84,0.4344463404901986,0.29309529066085815,0.062745101749897
gated_t0.9_d2_s0,mos2-A_Adatom-Li.png,36,100.0,543.0,boundary_edge,84,0.4344463404901986,0.1731441169977188,0.07058823853731155
gated_t0.9_d2_s0,mos2-A_Adatom-Li.png,36,141.0,512.0,invented_damaged,84,0.4344463404901986,0.2609178423881531,0.22745098173618317
gated_t0.9_d2_s0,mos2-A_Adatom-Li.png,36,304.0,387.0,invented_damaged,84,0.4344463404901986,0.26172274351119995,0.26274511218070984
gated_t0.9_d2_s0,mos2-A_Adatom-Li.png,36,162.0,88.0,boundary_edge,84,0.4344463404901986,0.2980392277240753,0.2705882489681244
gated_t0.9_d2_s0,mos2-A_Adatom-Li.png,36,367.0,290.0,boundary_edge,84,0.4344463404901986,0.27450981736183167,0.2823529541492462
gated_t0.9_d2_s0,mos2-A_Adatom-Li.png,36,91.0,290.0,boundary_edge,84,0.4344463404901986,0.27450981736183167,0.2823529541492462
gated_t0.9_d2_s0,mos2-A_Adatom-Li.png,36,439.0,88.0,boundary_edge,84,0.4344463404901986,0.32156863808631897,0.29411765933036804
gated_t0.9_d2_s0,mose2-A_Doped-Na.png,36,439.0,297.0,borderline_shifted,105,0.17656102671555787,0.21529316902160645,0.21960784494876862
gated_t0.9_d2_s0,mose2-A_Doped-Na.png,36,525.0,0.0,boundary_edge,105,0.17656102671555787,0.16078431904315948,0.1725490242242813
gated_t0.9_d2_s0,tate2-A_Fe_doped.png,36,321.0,598.0,invented_damaged,122,0.34993243243243244,0.5207957625389099,0.20392157137393951
gated_t0.9_d2_s0,tate2-A_Fe_doped.png,36,321.0,278.0,invented_damaged,122,0.34993243243243244,0.519443690776825,0.2078431397676468
gated_t0.9_d2_s0,tate2-A_Fe_doped.png,36,264.0,616.0,borderline_shifted,122,0.34993243243243244,0.38825854659080505,0.4117647111415863
gated_t0.9_d2_s0,vse2-A_Vacancy-Anion-06A.png,36,388.0,18.0,borderline_shifted,84,0.6393839179452228,0.5596861839294434,0.49803921580314636
gated_t0.9_d2_s0,vse2-A_Vacancy-Anion-06A.png,36,225.0,29.0,borderline_shifted,84,0.6393839179452228,0.41383299231529236,0.4745098054409027
gated_t0.9_d2_s0,vse2-A_Vacancy-Anion-06A.png,36,561.0,29.0,borderline_shifted,84,0.6393839179452228,0.3588242530822754,0.3843137323856354
gated_t0.9_d2_s0,vse2-A_Vacancy-Anion-06A.png,36,209.0,38.0,borderline_shifted,84,0.6393839179452228,0.4821242392063141,0.5372549295425415
gated_t0.9_d2_s0,vse2-A_Vacancy-Anion-06A.png,36,477.0,20.0,borderline_shifted,84,0.6393839179452228,0.46750447154045105,0.4000000059604645
gated_t0.9_d2_s0,vse2-A_Vacancy-Anion-06A.png,36,524.0,19.0,borderline_shifted,84,0.6393839179452228,0.3093450963497162,0.30588236451148987
gated_t0.9_d2_s0,vse2-A_Vacancy-Anion-06A.png,36,525.0,23.0,borderline_shifted,84,0.6393839179452228,0.34420448541641235,0.3450980484485626
gated_t0.9_d2_s0,vse2-A_Vacancy-Anion-06A.png,36,188.0,20.0,borderline_shifted,84,0.6393839179452228,0.2772505283355713,0.2549019753932953
gated_t0.9_d2_s0,vse2-A_Vacancy-Anion-06A.png,36,452.0,13.0,boundary_edge,84,0.6393839179452228,0.41526052355766296,0.5254902243614197
gated_t0.9_d2_s0,vse2-A_Vacancy-Anion-06A.png,36,266.0,88.0,borderline_shifted,84,0.6393839179452228,0.41240549087524414,0.45490196347236633
gated_t0.9_d2_s0,vse2-A_Vacancy-Anion-06A.png,36,168.0,0.0,boundary_edge,84,0.6393839179452228,0.20000000298023224,0.21568627655506134
gated_t0.9_d2_s0,vse2-A_Vacancy-Anion-06A.png,36,602.0,90.0,borderline_shifted,84,0.6393839179452228,0.39742469787597656,0.4156862795352936
gated_t0.9_d2_s0,vse2-A_Vacancy-Anion-06A.png,36,117.0,13.0,boundary_edge,84,0.6393839179452228,0.41383299231529236,0.5137255191802979
gated_t0.9_d2_s0,vse2-A_Vacancy-Anion-06A.png,36,502.0,0.0,boundary_edge,84,0.6393839179452228,0.1921568661928177,0.23529411852359772
gated_t0.9_d2_s0,vse2-A_Vacancy-Anion-06A.png,36,256.0,79.0,borderline_shifted,84,0.6393839179452228,0.36149880290031433,0.3921568691730499
gated_t0.9_d2_s0,vse2-A_Vacancy-Anion-06A.png,36,592.0,78.0,borderline_shifted,84,0.6393839179452228,0.32147082686424255,0.3490196168422699
gated_t0.9_d2_s0,vse2-A_Vacancy-Anion-06A.png,36,44.0,74.0,borderline_shifted,84,0.6393839179452228,0.19385138154029846,0.10980392247438431
gated_t0.9_d2_s0,vse2-A_Vacancy-Anion-06A.png,36,21.0,25.0,borderline_shifted,84,0.6393839179452228,0.301846444606781,0.2705882489681244
gated_t0.9_d2_s0,vse2-A_Vacancy-Anion-06A.png,36,379.0,72.0,borderline_shifted,84,0.6393839179452228,0.1877433955669403,0.12156862765550613
gated_t0.9_d2_s0,vse2-A_Vacancy-Anion-06A.png,36,272.0,94.0,borderline_shifted,84,0.6393839179452228,0.2903524935245514,0.2980392277240753
gated_t0.9_d2_s0,vse2-A_Vacancy-Anion-06A.png,36,362.0,157.0,borderline_shifted,84,0.6393839179452228,0.29517662525177,0.33725491166114807
gated_t0.9_d2_s0,vse2-A_Vacancy-Anion-06A.png,36,583.0,0.0,boundary_edge,84,0.6393839179452228,0.21960784494876862,0.19607843458652496
gated_t0.9_d2_s0,vse2-A_Vacancy-Anion-06A.png,36,249.0,0.0,boundary_edge,84,0.6393839179452228,0.21960784494876862,0.1882352977991104
gated_t0.9_d2_s0,vse2-A_Vacancy-Anion-06A.png,36,377.0,362.0,borderline_shifted,84,0.6393839179452228,0.2666666805744171,0.22745098173618317
gated_t0.9_d2_s0,vse2-A_Vacancy-Anion-06A.png,36,604.0,95.0,borderline_shifted,84,0.6393839179452228,0.3667576313018799,0.3921568691730499
gated_t0.9_d2_s0,vse2-A_Vacancy-Anion-06A.png,36,149.0,22.0,borderline_shifted,84,0.6393839179452228,0.268160343170166,0.2235294133424759
gated_t0.9_d2_s0,vse2-A_Vacancy-Anion-06A.png,36,503.0,434.0,borderline_shifted,84,0.6393839179452228,0.2666666805744171,0.21568627655506134
gated_t0.9_d2_s0,tas2-A_Doped-Li.png,36,513.0,334.0,borderline_shifted,68,0.33740201284579985,0.8025528788566589,0.027450980618596077
gated_t0.9_d2_s0,tas2-A_Doped-Li.png,36,513.0,40.0,invented_undamaged,68,0.33740201284579985,0.7253842949867249,0.04313725605607033
gated_t0.9_d2_s0,tase2-A_Vacancy-Anion-12B.png,36,120.0,595.0,boundary_edge,121,0.005267121675688397,0.15294118225574493,0.16470588743686676
gated_t0.9_d2_s0,nbs2_Anti-Metal.png,36,362.0,215.0,borderline_shifted,106,0.43878549429328956,0.6164856553077698,0.46666666865348816
gated_t0.9_d2_s0,nbs2_Anti-Metal.png,36,362.0,205.0,borderline_shifted,106,0.43878549429328956,0.3965124189853668,0.32549020648002625
gated_t0.9_d2_s0,nbs2_Anti-Metal.png,36,360.0,225.0,borderline_shifted,106,0.43878549429328956,0.5523534417152405,0.48627451062202454
gated_t0.9_d2_s0,nbs2_Anti-Metal.png,36,370.0,211.0,borderline_shifted,106,0.43878549429328956,0.4185805320739746,0.3333333432674408
gated_t0.9_d2_s0,nbs2_Anti-Metal.png,36,373.0,218.0,borderline_shifted,106,0.43878549429328956,0.4264408349990845,0.35686275362968445
gated_t0.9_d2_s0,nbs2_Anti-Metal.png,36,452.0,75.0,invented_damaged,106,0.43878549429328956,0.3174816966056824,0.2078431397676468
gated_t0.9_d2_s0,nbs2_Anti-Metal.png,36,355.0,206.0,borderline_shifted,106,0.43878549429328956,0.49543070793151855,0.3921568691730499
gated_t0.9_d2_s0,nbs2_Anti-Metal.png,36,363.0,235.0,borderline_shifted,106,0.43878549429328956,0.33893895149230957,0.2980392277240753
gated_t0.9_d2_s0,nbs2_Anti-Metal.png,36,372.0,228.0,borderline_shifted,106,0.43878549429328956,0.3740732669830322,0.3450980484485626
gated_t0.9_d2_s0,nbs2_Anti-Metal.png,36,447.0,0.0,boundary_edge,106,0.43878549429328956,0.210449680685997,0.1764705926179886
gated_t0.9_d2_s0,nbs2_Anti-Metal.png,36,453.0,364.0,boundary_edge,106,0.43878549429328956,0.29019609093666077,0.250980406999588
gated_t0.9_d2_s0,nbs2_Anti-Metal.png,36,493.0,434.0,boundary_edge,106,0.43878549429328956,0.27450981736183167,0.22745098173618317
gated_t0.9_d2_s0,nbs2_Anti-Metal.png,36,494.0,293.0,boundary_edge,106,0.43878549429328956,0.250980406999588,0.22745098173618317
gated_t0.9_d2_s0,nbs2_Anti-Metal.png,36,615.0,364.0,boundary_edge,106,0.43878549429328956,0.2666666805744171,0.2078431397676468
gated_t0.9_d2_s0,nbs2_Anti-Metal.png,36,574.0,293.0,boundary_edge,106,0.43878549429328956,0.2666666805744171,0.21960784494876862
gated_t0.9_d2_s0,nbs2_Anti-Metal.png,36,619.0,0.0,boundary_edge,106,0.43878549429328956,0.1882352977991104,0.16078431904315948
gated_t0.9_d2_s0,nbs2_Anti-Metal.png,36,366.0,0.0,boundary_edge,106,0.43878549429328956,0.22660617530345917,0.21960784494876862
gated_t0.9_d2_s0,nbte2_Vacancy-Anion-12A.png,36,487.0,312.0,boundary_edge,170,0.30871707657421943,0.6188489198684692,0.09803921729326248
gated_t0.9_d2_s0,nbte2_Vacancy-Anion-12A.png,36,280.0,131.0,boundary_edge,170,0.30871707657421943,0.6116670370101929,0.0784313753247261
gated_t0.9_d2_s0,nbte2_Vacancy-Anion-12A.png,36,578.0,156.0,invented_undamaged,170,0.30871707657421943,0.6055588126182556,0.07450980693101883
gated_t0.9_d2_s0,nbte2_Vacancy-Anion-12A.png,36,361.0,288.0,invented_damaged,170,0.30871707657421943,0.7618783712387085,0.10588235408067703
gated_t0.9_d2_s0,nbte2_Vacancy-Anion-12A.png,36,401.0,156.0,invented_damaged,170,0.30871707657421943,0.7667492628097534,0.125490203499794
gated_t0.9_d2_s0,nbte2_Vacancy-Anion-12A.png,36,444.0,33.0,invented_undamaged,170,0.30871707657421943,0.4111365079879761,0.08235294371843338
gated_t0.9_d2_s0,nbte2_Vacancy-Anion-12A.png,36,436.0,30.0,invented_undamaged,170,0.30871707657421943,0.40923792123794556,0.09019608050584793
gated_t0.9_d2_s0,tis2_Vacancy-Anion-12A.png,36,315.0,280.0,borderline_shifted,118,0.39352938291110645,0.4767552614212036,0.239215686917305
gated_t0.9_d2_s0,tis2_Vacancy-Anion-12A.png,36,313.0,568.0,boundary_edge,118,0.39352938291110645,0.4149013161659241,0.21568627655506134
gated_t0.9_d2_s0,tis2_Vacancy-Anion-12A.png,36,314.0,193.0,borderline_shifted,118,0.39352938291110645,0.41672784090042114,0.4313725531101227
gated_t0.9_d2_s0,tis2_Vacancy-Anion-12A.png,36,326.0,200.0,borderline_shifted,118,0.39352938291110645,0.44870826601982117,0.4745098054409027
gated_t0.9_d2_s0,tis2_Vacancy-Anion-12A.png,36,315.0,482.0,borderline_shifted,118,0.39352938291110645,0.4049956202507019,0.40784314274787903
gated_t0.9_d2_s0,tis2_Vacancy-Anion-12A.png,36,327.0,490.0,borderline_shifted,118,0.39352938291110645,0.44011563062667847,0.4745098054409027
gated_t0.9_d2_s0,tis2_Vacancy-Anion-12A.png,36,357.0,279.0,borderline_shifted,118,0.39352938291110645,0.29753753542900085,0.27450981736183167
gated_t0.9_d2_s0,tise2_Adatom-Li.png,36,0.0,395.0,boundary_edge,157,0.32370274842610314,0.5853307843208313,0.05882352963089943
gated_t0.9_d2_s0,tise2_Adatom-Li.png,36,31.0,443.0,boundary_edge,157,0.32370274842610314,0.35068947076797485,0.09019608050584793
gated_t0.9_d2_s0,tise2_Adatom-Li.png,36,28.0,449.0,invented_undamaged,157,0.32370274842610314,0.3015444874763489,0.0470588244497776
gated_t0.9_d2_s0,tise2_Adatom-Li.png,36,19.0,477.0,borderline_shifted,157,0.32370274842610314,0.27858155965805054,0.07058823853731155
gated_t0.9_d2_s0,tise2_Adatom-Li.png,36,0.0,228.0,boundary_edge,157,0.32370274842610314,0.35807371139526367,0.054901961237192154
gated_t0.9_d2_s0,tise2_Adatom-Li.png,36,28.0,431.0,boundary_edge,157,0.32370274842610314,0.3461872339248657,0.07450980693101883
gated_t0.9_d2_s0,tise2_Adatom-Li.png,36,170.0,478.0,borderline_shifted,157,0.32370274842610314,0.32702404260635376,0.32156863808631897
gated_t0.9_d2_s0,tise2_Adatom-Li.png,36,20.0,468.0,borderline_shifted,157,0.32370274842610314,0.22482673823833466,0.06666667014360428
gated_t0.9_d2_s0,tise2_Adatom-Li.png,36,23.0,460.0,borderline_shifted,157,0.32370274842610314,0.2106388509273529,0.062745101749897
gated_t0.9_d2_s0,tise2_Adatom-Li.png,36,174.0,479.0,borderline_shifted,157,0.32370274842610314,0.27615126967430115,0.2666666805744171
gated_t0.9_d2_s0,tise2_Adatom-Li.png,36,52.0,536.0,borderline_shifted,157,0.32370274842610314,0.19944772124290466,0.18039216101169586
gated_t0.9_d2_s0,tise2_Adatom-Li.png,36,61.0,521.0,borderline_shifted,157,0.32370274842610314,0.3175749182701111,0.35686275362968445
gated_t0.9_d2_s0,tise2_Adatom-Li.png,36,61.0,531.0,borderline_shifted,157,0.32370274842610314,0.33153337240219116,0.37254902720451355
gated_t0.9_d2_s0,tise2_Adatom-Li.png,36,5.0,434.0,boundary_edge,157,0.32370274842610314,0.18330258131027222,0.03921568766236305
gated_t0.9_d2_s0,tise2_Adatom-Li.png,36,126.0,478.0,borderline_shifted,157,0.32370274842610314,0.20844507217407227,0.2078431397676468
gated_t0.9_d2_s0,tise2_Adatom-Li.png,36,124.0,488.0,borderline_shifted,157,0.32370274842610314,0.20348399877548218,0.21176470816135406
gated_t0.9_d2_s0,vs2_Vacancy-Anion-06A.png,36,290.0,418.0,invented_damaged,158,0.7356997116312503,0.5963155031204224,0.5686274766921997
gated_t0.9_d2_s0,vs2_Vacancy-Anion-06A.png,36,96.0,20.0,boundary_edge,158,0.7356997116312503,0.33777210116386414,0.3764705955982208
gated_t0.9_d2_s0,vte2_Defect-Free.png,36,325.0,369.0,borderline_shifted,119,0.18411494952932853,0.6413044929504395,0.6117647290229797
gated_t0.9_d2_s0,vte2_Defect-Free.png,36,383.0,329.0,borderline_shifted,119,0.18411494952932853,0.3824600875377655,0.239215686917305
gated_t0.9_d2_s0,vte2_Defect-Free.png,36,116.0,307.0,borderline_shifted,119,0.18411494952932853,0.42501145601272583,0.45098039507865906
gated_t0.9_d2_s0,vte2_Defect-Free.png,36,376.0,338.0,borderline_shifted,119,0.18411494952932853,0.41079336404800415,0.20392157137393951
gated_t0.9_d2_s0,vte2_Defect-Free.png,36,322.0,360.0,borderline_shifted,119,0.18411494952932853,0.5152214765548706,0.4901960790157318
gated_t0.9_d2_s0,vte2_Defect-Free.png,36,375.0,311.0,borderline_shifted,119,0.18411494952932853,0.4198012351989746,0.27843138575553894
gated_t0.9_d2_s0,vte2_Defect-Free.png,36,317.0,365.0,borderline_shifted,119,0.18411494952932853,0.4039563536643982,0.40392157435417175
gated_t0.9_d2_s0,vte2_Defect-Free.png,36,374.0,308.0,borderline_shifted,119,0.18411494952932853,0.3839212656021118,0.2823529541492462
gated_t0.9_d2_s0,vte2_Defect-Free.png,36,379.0,328.0,borderline_shifted,119,0.18411494952932853,0.4503054618835449,0.2705882489681244
gated_t0.9_d2_s0,vte2_Defect-Free.png,36,116.0,272.0,borderline_shifted,119,0.18411494952932853,0.277590811252594,0.29019609093666077
gated_t0.9_d2_s0,vte2_Defect-Free.png,36,195.0,213.0,borderline_shifted,119,0.18411494952932853,0.18941399455070496,0.2078431397676468
gated_t0.9_d2_s0,vte2_Defect-Free.png,36,129.0,258.0,borderline_shifted,119,0.18411494952932853,0.2237708568572998,0.23529411852359772
gated_t0.9_d2_s0,vte2_Defect-Free.png,36,113.0,344.0,borderline_shifted,119,0.18411494952932853,0.30249863862991333,0.3137255012989044
gated_t0.9_d2_s0,ws2-A_Vacancy-Metal.png,36,414.0,50.0,borderline_shifted,59,0.19601051122790253,0.6170123815536499,0.03529411926865578
gated_t0.9_d2_s0,ws2-A_Vacancy-Metal.png,36,345.0,501.0,invented_undamaged,59,0.19601051122790253,0.6339280009269714,0.03921568766236305
gated_t0.9_d2_s0,ws2-A_Vacancy-Metal.png,36,436.0,334.0,borderline_shifted,59,0.19601051122790253,0.2228599190711975,0.24705882370471954
gated_t0.9_d2_s0,ws2-A_Vacancy-Metal.png,36,367.0,339.0,borderline_shifted,59,0.19601051122790253,0.33135902881622314,0.30980393290519714
gated_t0.9_d2_s0,ws2-A_Vacancy-Metal.png,36,255.0,501.0,borderline_shifted,59,0.19601051122790253,0.21660155057907104,0.239215686917305
gated_t0.9_d2_s0,cose2_Fe_doped.png,36,96.0,391.0,borderline_shifted,96,0.22732053575057926,0.7834612131118774,0.0784313753247261
gated_t0.9_d2_s0,cose2_Fe_doped.png,36,241.0,388.0,borderline_shifted,96,0.22732053575057926,0.8104074001312256,0.0941176488995552
gated_t0.9_d2_s0,cose2_Fe_doped.png,36,219.0,246.0,borderline_shifted,96,0.22732053575057926,0.16306564211845398,0.1882352977991104
gated_t0.9_d2_s0,cose2_Fe_doped.png,36,0.0,305.0,boundary_edge,96,0.22732053575057926,0.239215686917305,0.21960784494876862
gated_t0.9_d2_s0,cro2_Vacancy-Anion-03.png,36,339.0,235.0,borderline_shifted,80,0.9045449249309231,0.7943387627601624,0.12156862765550613
gated_t0.9_d2_s0,cro2_Vacancy-Anion-03.png,36,152.0,197.0,borderline_shifted,80,0.9045449249309231,0.5306079983711243,0.22745098173618317
gated_t0.9_d2_s0,cro2_Vacancy-Anion-03.png,36,315.0,445.0,boundary_edge,80,0.9045449249309231,0.40871506929397583,0.35686275362968445
gated_t0.9_d2_s0,cro2_Vacancy-Anion-03.png,36,389.0,235.0,borderline_shifted,80,0.9045449249309231,0.3325119614601135,0.21568627655506134
