model,structure,level,y,x,cls,n_true_cols,frac_damaged,pred_val,tgt_val
gatedv2_t0.95_d2_s400,vo2_Vacancy-Anion-03.png,1,379.0,258.0,boundary_edge,100,0.8208365164247517,0.5023812651634216,0.4588235318660736
gatedv2_t0.95_d2_s400,vo2_Vacancy-Anion-03.png,1,171.0,257.0,boundary_edge,100,0.8208365164247517,0.5020426511764526,0.529411792755127
gatedv2_t0.95_d2_s400,vo2_Vacancy-Anion-03.png,1,137.0,80.0,boundary_edge,100,0.8208365164247517,0.4888392686843872,0.47843137383461
gatedv2_t0.95_d2_s400,vo2_Vacancy-Anion-03.png,1,378.0,140.0,boundary_edge,100,0.8208365164247517,0.5027321577072144,0.5215686559677124
gatedv2_t0.95_d2_s400,vo2_Vacancy-Anion-03.png,1,413.0,80.0,boundary_edge,100,0.8208365164247517,0.48505523800849915,0.4941176474094391
gatedv2_t0.95_d2_s400,vo2_Vacancy-Anion-03.png,1,103.0,139.0,invented_damaged,100,0.8208365164247517,0.49881231784820557,0.5372549295425415
gatedv2_t0.95_d2_s400,vo2_Vacancy-Anion-03.png,1,206.0,79.0,invented_damaged,100,0.8208365164247517,0.5014719367027283,0.5411764979362488
gatedv2_t0.95_d2_s400,vo2_Vacancy-Anion-03.png,1,481.0,79.0,boundary_edge,100,0.8208365164247517,0.5000576972961426,0.5215686559677124
gatedv2_t0.95_d2_s400,vo2_Vacancy-Anion-03.png,1,309.0,139.0,boundary_edge,100,0.8208365164247517,0.5051314830780029,0.47058823704719543
gatedv2_t0.95_d2_s400,vo2_Vacancy-Anion-03.png,1,378.0,377.0,boundary_edge,100,0.8208365164247517,0.5053508877754211,0.5176470875740051
gatedv2_t0.95_d2_s400,vo2_Vacancy-Anion-03.png,1,516.0,139.0,boundary_edge,100,0.8208365164247517,0.50590980052948,0.49803921580314636
gatedv2_t0.95_d2_s400,vo2_Vacancy-Anion-03.png,1,446.0,139.0,invented_damaged,100,0.8208365164247517,0.49653005599975586,0.49803921580314636
gatedv2_t0.95_d2_s400,vo2_Vacancy-Anion-03.png,1,104.0,377.0,boundary_edge,100,0.8208365164247517,0.4993215799331665,0.48627451062202454
gatedv2_t0.95_d2_s400,vo2_Vacancy-Anion-03.png,1,172.0,377.0,boundary_edge,100,0.8208365164247517,0.5003476142883301,0.45098039507865906
gatedv2_t0.95_d2_s400,vo2_Vacancy-Anion-03.png,1,344.0,80.0,boundary_edge,100,0.8208365164247517,0.5003828406333923,0.40784314274787903
gatedv2_t0.95_d2_s400,vo2_Vacancy-Anion-03.png,1,69.0,317.0,boundary_edge,100,0.8208365164247517,0.49479997158050537,0.5411764979362488
gatedv2_t0.95_d2_s400,vo2_Vacancy-Anion-03.png,1,241.0,20.0,boundary_edge,100,0.8208365164247517,0.49552279710769653,0.5098039507865906
gatedv2_t0.95_d2_s400,vo2_Vacancy-Anion-03.png,1,308.0,20.0,boundary_edge,100,0.8208365164247517,0.49594414234161377,0.5333333611488342
gatedv2_t0.95_d2_s400,vo2_Vacancy-Anion-03.png,1,482.0,317.0,boundary_edge,100,0.8208365164247517,0.4979288876056671,0.4274509847164154
gatedv2_t0.95_d2_s400,vo2_Vacancy-Anion-03.png,1,344.0,317.0,boundary_edge,100,0.8208365164247517,0.4931604266166687,0.4431372582912445
gatedv2_t0.95_d2_s400,vo2_Vacancy-Anion-03.png,1,34.0,139.0,boundary_edge,100,0.8208365164247517,0.5011476278305054,0.48627451062202454
gatedv2_t0.95_d2_s400,vo2_Vacancy-Anion-03.png,1,172.0,140.0,boundary_edge,100,0.8208365164247517,0.49331843852996826,0.49803921580314636
gatedv2_t0.95_d2_s400,vo2_Vacancy-Anion-03.png,1,241.0,139.0,boundary_edge,100,0.8208365164247517,0.5015751123428345,0.5254902243614197
gatedv2_t0.95_d2_s400,mote2-A_Anti-2M.png,1,6.0,604.0,boundary_edge,189,0.2322716616543134,0.48627451062202454,0.5215686559677124
gatedv2_t0.95_d2_s400,vse2-A_Vacancy-Anion-06A.png,1,628.0,217.0,borderline_shifted,84,0.04060658162751613,0.23137255012989044,0.21176470816135406
gatedv2_t0.95_d2_s400,nbs2_Anti-Metal.png,1,186.0,225.0,borderline_shifted,106,0.046149358075750414,0.35580599308013916,0.3921568691730499
gatedv2_t0.95_d2_s400,vs2_Vacancy-Anion-06A.png,1,304.0,417.0,borderline_shifted,158,0.5798871994272244,0.7952746152877808,0.7647058963775635
gatedv2_t0.95_d2_s400,vs2_Vacancy-Anion-06A.png,1,367.0,447.0,invented_damaged,158,0.5798871994272244,0.5356027483940125,0.5098039507865906
gatedv2_t0.95_d2_s400,vs2_Vacancy-Anion-06A.png,1,404.0,507.0,boundary_edge,158,0.5798871994272244,0.4105374217033386,0.4274509847164154
gatedv2_t0.95_d2_s400,vo2_Vacancy-Anion-03.png,2,172.0,258.0,boundary_edge,100,0.8481016042780749,0.4832040071487427,0.5215686559677124
gatedv2_t0.95_d2_s400,vo2_Vacancy-Anion-03.png,2,378.0,140.0,boundary_edge,100,0.8481016042780749,0.4847688376903534,0.5215686559677124
gatedv2_t0.95_d2_s400,vo2_Vacancy-Anion-03.png,2,138.0,80.0,boundary_edge,100,0.8481016042780749,0.4677014946937561,0.48627451062202454
gatedv2_t0.95_d2_s400,vo2_Vacancy-Anion-03.png,2,69.0,318.0,invented_damaged,100,0.8481016042780749,0.4787461459636688,0.5176470875740051
gatedv2_t0.95_d2_s400,vo2_Vacancy-Anion-03.png,2,378.0,257.0,invented_damaged,100,0.8481016042780749,0.4773550033569336,0.4745098054409027
gatedv2_t0.95_d2_s400,vo2_Vacancy-Anion-03.png,2,103.0,140.0,boundary_edge,100,0.8481016042780749,0.4869707226753235,0.45490196347236633
gatedv2_t0.95_d2_s400,vo2_Vacancy-Anion-03.png,2,412.0,80.0,boundary_edge,100,0.8481016042780749,0.46512195467948914,0.5176470875740051
gatedv2_t0.95_d2_s400,vo2_Vacancy-Anion-03.png,2,103.0,377.0,invented_damaged,100,0.8481016042780749,0.4861108660697937,0.5176470875740051
gatedv2_t0.95_d2_s400,vo2_Vacancy-Anion-03.png,2,241.0,139.0,boundary_edge,100,0.8481016042780749,0.48455482721328735,0.5254902243614197
gatedv2_t0.95_d2_s400,vo2_Vacancy-Anion-03.png,2,481.0,79.0,boundary_edge,100,0.8481016042780749,0.48218804597854614,0.5215686559677124
gatedv2_t0.95_d2_s400,vo2_Vacancy-Anion-03.png,2,206.0,80.0,boundary_edge,100,0.8481016042780749,0.48234665393829346,0.4588235318660736
gatedv2_t0.95_d2_s400,vo2_Vacancy-Anion-03.png,2,34.0,20.0,invented_damaged,100,0.8481016042780749,0.47531425952911377,0.46666666865348816
gatedv2_t0.95_d2_s400,vo2_Vacancy-Anion-03.png,2,206.0,317.0,boundary_edge,100,0.8481016042780749,0.48068487644195557,0.501960813999176
gatedv2_t0.95_d2_s400,vo2_Vacancy-Anion-03.png,2,171.0,377.0,invented_damaged,100,0.8481016042780749,0.48277974128723145,0.49803921580314636
gatedv2_t0.95_d2_s400,vo2_Vacancy-Anion-03.png,2,343.0,317.0,invented_damaged,100,0.8481016042780749,0.47523370385169983,0.46666666865348816
gatedv2_t0.95_d2_s400,vo2_Vacancy-Anion-03.png,2,516.0,139.0,boundary_edge,100,0.8481016042780749,0.4840739369392395,0.49803921580314636
gatedv2_t0.95_d2_s400,vo2_Vacancy-Anion-03.png,2,446.0,377.0,boundary_edge,100,0.8481016042780749,0.479963481426239,0.5254902243614197
gatedv2_t0.95_d2_s400,mote2-A_Anti-2M.png,2,6.0,604.0,boundary_edge,189,0.22246323616472094,0.501960813999176,0.5215686559677124
gatedv2_t0.95_d2_s400,vse2-A_Vacancy-Anion-06A.png,2,0.0,436.0,boundary_edge,84,0.06335339265937096,0.18431372940540314,0.1921568661928177
gatedv2_t0.95_d2_s400,vse2-A_Vacancy-Anion-06A.png,2,35.0,504.0,borderline_shifted,84,0.06335339265937096,0.1615578532218933,0.11372549086809158
gatedv2_t0.95_d2_s400,vs2_Vacancy-Anion-06A.png,2,367.0,446.0,boundary_edge,158,0.6361799488916622,0.5484133958816528,0.545098066329956
gatedv2_t0.95_d2_s400,vs2_Vacancy-Anion-06A.png,2,404.0,507.0,boundary_edge,158,0.6361799488916622,0.41910606622695923,0.4274509847164154
gatedv2_t0.95_d2_s400,ws2-A_Vacancy-Metal.png,2,255.0,497.0,borderline_shifted,59,0.01815006939230542,0.21960784494876862,0.239215686917305
gatedv2_t0.95_d2_s400,vo2_Vacancy-Anion-03.png,4,130.0,74.0,invented_damaged,100,0.8810847975553858,0.4423442482948303,0.4745098054409027
gatedv2_t0.95_d2_s400,vo2_Vacancy-Anion-03.png,4,76.0,75.0,invented_damaged,100,0.8810847975553858,0.4601256549358368,0.4901960790157318
gatedv2_t0.95_d2_s400,vo2_Vacancy-Anion-03.png,4,349.0,76.0,invented_damaged,100,0.8810847975553858,0.47326892614364624,0.5098039507865906
gatedv2_t0.95_d2_s400,vo2_Vacancy-Anion-03.png,4,406.0,74.0,invented_damaged,100,0.8810847975553858,0.44104868173599243,0.4431372582912445
gatedv2_t0.95_d2_s400,vo2_Vacancy-Anion-03.png,4,318.0,18.0,boundary_edge,100,0.8810847975553858,0.44453439116477966,0.4745098054409027
gatedv2_t0.95_d2_s400,vo2_Vacancy-Anion-03.png,4,43.0,18.0,invented_damaged,100,0.8810847975553858,0.43775415420532227,0.5098039507865906
gatedv2_t0.95_d2_s400,vo2_Vacancy-Anion-03.png,4,420.0,19.0,borderline_shifted,100,0.8810847975553858,0.2768743336200714,0.1764705926179886
gatedv2_t0.95_d2_s400,vo2_Vacancy-Anion-03.png,4,58.0,18.0,borderline_shifted,100,0.8810847975553858,0.3104204535484314,0.3686274588108063
gatedv2_t0.95_d2_s400,vo2_Vacancy-Anion-03.png,4,378.0,140.0,boundary_edge,100,0.8810847975553858,0.4860418438911438,0.5215686559677124
gatedv2_t0.95_d2_s400,vo2_Vacancy-Anion-03.png,4,549.0,318.0,boundary_edge,100,0.8810847975553858,0.4603637754917145,0.45098039507865906
gatedv2_t0.95_d2_s400,vo2_Vacancy-Anion-03.png,4,310.0,138.0,boundary_edge,100,0.8810847975553858,0.49180787801742554,0.47843137383461
gatedv2_t0.95_d2_s400,vo2_Vacancy-Anion-03.png,4,379.0,258.0,boundary_edge,100,0.8810847975553858,0.48013219237327576,0.4588235318660736
gatedv2_t0.95_d2_s400,vo2_Vacancy-Anion-03.png,4,172.0,140.0,boundary_edge,100,0.8810847975553858,0.48546290397644043,0.49803921580314636
gatedv2_t0.95_d2_s400,vo2_Vacancy-Anion-03.png,4,103.0,377.0,boundary_edge,100,0.8810847975553858,0.487307071685791,0.5176470875740051
gatedv2_t0.95_d2_s400,vo2_Vacancy-Anion-03.png,4,357.0,61.0,borderline_shifted,100,0.8810847975553858,0.29854175448417664,0.4156862795352936
gatedv2_t0.95_d2_s400,vo2_Vacancy-Anion-03.png,4,171.0,257.0,boundary_edge,100,0.8810847975553858,0.4789447784423828,0.529411792755127
gatedv2_t0.95_d2_s400,vo2_Vacancy-Anion-03.png,4,241.0,139.0,invented_damaged,100,0.8810847975553858,0.4903872609138489,0.5254902243614197
gatedv2_t0.95_d2_s400,vo2_Vacancy-Anion-03.png,4,34.0,138.0,boundary_edge,100,0.8810847975553858,0.48579171299934387,0.45098039507865906
gatedv2_t0.95_d2_s400,vo2_Vacancy-Anion-03.png,4,344.0,317.0,boundary_edge,100,0.8810847975553858,0.48089683055877686,0.4431372582912445
gatedv2_t0.95_d2_s400,vo2_Vacancy-Anion-03.png,4,69.0,318.0,invented_damaged,100,0.8810847975553858,0.47937464714050293,0.5176470875740051
gatedv2_t0.95_d2_s400,vo2_Vacancy-Anion-03.png,4,447.0,140.0,invented_damaged,100,0.8810847975553858,0.4801071286201477,0.4588235318660736
gatedv2_t0.95_d2_s400,vo2_Vacancy-Anion-03.png,4,171.0,377.0,boundary_edge,100,0.8810847975553858,0.48580917716026306,0.49803921580314636
gatedv2_t0.95_d2_s400,mote2-A_Anti-2M.png,4,6.0,604.0,boundary_edge,189,0.2722986573207985,0.5098039507865906,0.5215686559677124
gatedv2_t0.95_d2_s400,tate2-A_Fe_doped.png,4,576.0,144.0,borderline_shifted,122,0.0488133445945946,0.3326372504234314,0.33725491166114807
gatedv2_t0.95_d2_s400,tate2-A_Fe_doped.png,4,576.0,463.0,borderline_shifted,122,0.0488133445945946,0.33976101875305176,0.35686275362968445
gatedv2_t0.95_d2_s400,tate2-A_Fe_doped.png,4,581.0,42.0,borderline_shifted,122,0.0488133445945946,0.2158835381269455,0.20000000298023224
gatedv2_t0.95_d2_s400,tate2-A_Fe_doped.png,4,579.0,357.0,borderline_shifted,122,0.0488133445945946,0.2363731563091278,0.23137255012989044
gatedv2_t0.95_d2_s400,tate2-A_Fe_doped.png,4,572.0,348.0,borderline_shifted,122,0.0488133445945946,0.21261537075042725,0.21568627655506134
gatedv2_t0.95_d2_s400,vse2-A_Vacancy-Anion-06A.png,4,628.0,217.0,borderline_shifted,84,0.05164308340497378,0.239215686917305,0.21176470816135406
gatedv2_t0.95_d2_s400,vse2-A_Vacancy-Anion-06A.png,4,126.0,578.0,boundary_edge,84,0.05164308340497378,0.1921568661928177,0.18039216101169586
gatedv2_t0.95_d2_s400,vse2-A_Vacancy-Anion-06A.png,4,294.0,217.0,borderline_shifted,84,0.05164308340497378,0.23529411852359772,0.239215686917305
gatedv2_t0.95_d2_s400,vse2-A_Vacancy-Anion-06A.png,4,668.0,288.0,boundary_edge,84,0.05164308340497378,0.21960784494876862,0.24705882370471954
gatedv2_t0.95_d2_s400,vse2-A_Vacancy-Anion-06A.png,4,210.0,72.0,borderline_shifted,84,0.05164308340497378,0.23529411852359772,0.21960784494876862
gatedv2_t0.95_d2_s400,vse2-A_Vacancy-Anion-06A.png,4,0.0,435.0,boundary_edge,84,0.05164308340497378,0.19607843458652496,0.20392157137393951
gatedv2_t0.95_d2_s400,tase2-A_Vacancy-Anion-12B.png,4,121.0,595.0,boundary_edge,121,0.041567427630030594,0.16470588743686676,0.16470588743686676
gatedv2_t0.95_d2_s400,nbs2_Anti-Metal.png,4,366.0,412.0,borderline_shifted,106,0.06295582043159821,0.48235294222831726,0.5843137502670288
gatedv2_t0.95_d2_s400,tis2_Vacancy-Anion-12A.png,4,75.0,281.0,borderline_shifted,118,0.32701348389445234,0.3529411852359772,0.3137255012989044
gatedv2_t0.95_d2_s400,vs2_Vacancy-Anion-06A.png,4,303.0,417.0,borderline_shifted,158,0.5639575851734882,0.7772507667541504,0.7411764860153198
gatedv2_t0.95_d2_s400,vs2_Vacancy-Anion-06A.png,4,368.0,450.0,boundary_edge,158,0.5639575851734882,0.5322226285934448,0.5215686559677124
gatedv2_t0.95_d2_s400,ws2-A_Vacancy-Metal.png,4,210.0,485.0,borderline_shifted,59,0.04382806634359429,0.29891929030418396,0.4117647111415863
gatedv2_t0.95_d2_s400,ws2-A_Vacancy-Metal.png,4,255.0,502.0,borderline_shifted,59,0.04382806634359429,0.2205449938774109,0.23137255012989044
gatedv2_t0.95_d2_s400,ws2-A_Vacancy-Metal.png,4,321.0,541.0,boundary_edge,59,0.04382806634359429,0.14509804546833038,0.18431372940540314
gatedv2_t0.95_d2_s400,ws2-A_Vacancy-Metal.png,4,295.0,476.0,borderline_shifted,59,0.04382806634359429,0.16087706387043,0.16470588743686676
gatedv2_t0.95_d2_s400,vo2_Vacancy-Anion-03.png,8,549.0,434.0,boundary_edge,100,0.8846180290297937,0.45663464069366455,0.21568627655506134
gatedv2_t0.95_d2_s400,vo2_Vacancy-Anion-03.png,8,466.0,369.0,borderline_shifted,100,0.8846180290297937,0.46967217326164246,0.48235294222831726
gatedv2_t0.95_d2_s400,vo2_Vacancy-Anion-03.png,8,450.0,386.0,invented_damaged,100,0.8846180290297937,0.44250768423080444,0.4470588266849518
gatedv2_t0.95_d2_s400,vo2_Vacancy-Anion-03.png,8,206.0,319.0,invented_damaged,100,0.8846180290297937,0.49312812089920044,0.4901960790157318
gatedv2_t0.95_d2_s400,vo2_Vacancy-Anion-03.png,8,481.0,320.0,invented_damaged,100,0.8846180290297937,0.4862845540046692,0.47843137383461
gatedv2_t0.95_d2_s400,vo2_Vacancy-Anion-03.png,8,549.0,321.0,boundary_edge,100,0.8846180290297937,0.36406946182250977,0.43921568989753723
gatedv2_t0.95_d2_s400,vo2_Vacancy-Anion-03.png,8,241.0,20.0,boundary_edge,100,0.8846180290297937,0.479408860206604,0.5098039507865906
gatedv2_t0.95_d2_s400,vo2_Vacancy-Anion-03.png,8,412.0,80.0,boundary_edge,100,0.8846180290297937,0.47589415311813354,0.5176470875740051
gatedv2_t0.95_d2_s400,vo2_Vacancy-Anion-03.png,8,172.0,258.0,boundary_edge,100,0.8846180290297937,0.48321008682250977,0.5215686559677124
gatedv2_t0.95_d2_s400,vo2_Vacancy-Anion-03.png,8,450.0,375.0,invented_damaged,100,0.8846180290297937,0.3051665425300598,0.5411764979362488
gatedv2_t0.95_d2_s400,vo2_Vacancy-Anion-03.png,8,481.0,79.0,boundary_edge,100,0.8846180290297937,0.4906463027000427,0.5215686559677124
gatedv2_t0.95_d2_s400,vo2_Vacancy-Anion-03.png,8,344.0,317.0,boundary_edge,100,0.8846180290297937,0.48821863532066345,0.4431372582912445
gatedv2_t0.95_d2_s400,vo2_Vacancy-Anion-03.png,8,378.0,377.0,boundary_edge,100,0.8846180290297937,0.49014121294021606,0.5176470875740051
gatedv2_t0.95_d2_s400,vo2_Vacancy-Anion-03.png,8,69.0,318.0,boundary_edge,100,0.8846180290297937,0.4870983064174652,0.5176470875740051
gatedv2_t0.95_d2_s400,vo2_Vacancy-Anion-03.png,8,103.0,139.0,boundary_edge,100,0.8846180290297937,0.4855048656463623,0.5372549295425415
gatedv2_t0.95_d2_s400,vo2_Vacancy-Anion-03.png,8,137.0,79.0,invented_damaged,100,0.8846180290297937,0.47427988052368164,0.5058823823928833
gatedv2_t0.95_d2_s400,vo2_Vacancy-Anion-03.png,8,34.0,20.0,boundary_edge,100,0.8846180290297937,0.4814733862876892,0.46666666865348816
gatedv2_t0.95_d2_s400,vo2_Vacancy-Anion-03.png,8,309.0,20.0,boundary_edge,100,0.8846180290297937,0.49075669050216675,0.45098039507865906
gatedv2_t0.95_d2_s400,vo2_Vacancy-Anion-03.png,8,378.0,140.0,boundary_edge,100,0.8846180290297937,0.4878894090652466,0.5215686559677124
gatedv2_t0.95_d2_s400,vo2_Vacancy-Anion-03.png,8,379.0,257.0,boundary_edge,100,0.8846180290297937,0.4832429885864258,0.5137255191802979
gatedv2_t0.95_d2_s400,vo2_Vacancy-Anion-03.png,8,447.0,140.0,boundary_edge,100,0.8846180290297937,0.4865269064903259,0.4588235318660736
gatedv2_t0.95_d2_s400,vo2_Vacancy-Anion-03.png,8,241.0,139.0,boundary_edge,100,0.8846180290297937,0.4930306673049927,0.5254902243614197
gatedv2_t0.95_d2_s400,vo2_Vacancy-Anion-03.png,8,344.0,79.0,boundary_edge,100,0.8846180290297937,0.48911967873573303,0.48627451062202454
gatedv2_t0.95_d2_s400,vo2_Vacancy-Anion-03.png,8,172.0,140.0,boundary_edge,100,0.8846180290297937,0.4861762225627899,0.49803921580314636
gatedv2_t0.95_d2_s400,vo2_Vacancy-Anion-03.png,8,206.0,79.0,boundary_edge,100,0.8846180290297937,0.48594504594802856,0.5411764979362488
gatedv2_t0.95_d2_s400,vo2_Vacancy-Anion-03.png,8,413.0,318.0,boundary_edge,100,0.8846180290297937,0.4823862910270691,0.43529412150382996
gatedv2_t0.95_d2_s400,vo2_Vacancy-Anion-03.png,8,104.0,377.0,boundary_edge,100,0.8846180290297937,0.48358243703842163,0.48627451062202454
gatedv2_t0.95_d2_s400,vo2_Vacancy-Anion-03.png,8,549.0,80.0,boundary_edge,100,0.8846180290297937,0.481781929731369,0.4745098054409027
gatedv2_t0.95_d2_s400,vo2_Vacancy-Anion-03.png,8,171.0,389.0,borderline_shifted,100,0.8846180290297937,0.44146478176116943,0.45490196347236633
gatedv2_t0.95_d2_s400,vo2_Vacancy-Anion-03.png,8,516.0,20.0,boundary_edge,100,0.8846180290297937,0.47147825360298157,0.45490196347236633
gatedv2_t0.95_d2_s400,vo2_Vacancy-Anion-03.png,8,309.0,139.0,boundary_edge,100,0.8846180290297937,0.49152466654777527,0.47058823704719543
gatedv2_t0.95_d2_s400,vo2_Vacancy-Anion-03.png,8,516.0,138.0,boundary_edge,100,0.8846180290297937,0.4915587902069092,0.47058823704719543
gatedv2_t0.95_d2_s400,vo2_Vacancy-Anion-03.png,8,69.0,80.0,boundary_edge,100,0.8846180290297937,0.48645108938217163,0.5137255191802979
gatedv2_t0.95_d2_s400,vo2_Vacancy-Anion-03.png,8,35.0,139.0,boundary_edge,100,0.8846180290297937,0.4876255691051483,0.501960813999176
gatedv2_t0.95_d2_s400,mno2_Defect-Free.png,8,324.0,376.0,borderline_shifted,74,0.567795847750865,0.35080283880233765,0.3490196168422699
gatedv2_t0.95_d2_s400,mos2-A_Adatom-Li.png,8,0.0,116.0,boundary_edge,84,0.2219420602376566,0.38410893082618713,0.0235294122248888
gatedv2_t0.95_d2_s400,mos2-A_Adatom-Li.png,8,34.0,128.0,borderline_shifted,84,0.2219420602376566,0.20454120635986328,0.16862745583057404
gatedv2_t0.95_d2_s400,mos2-A_Adatom-Li.png,8,20.0,118.0,borderline_shifted,84,0.2219420602376566,0.2375173717737198,0.07058823853731155
gatedv2_t0.95_d2_s400,mos2-A_Adatom-Li.png,8,57.0,108.0,borderline_shifted,84,0.2219420602376566,0.21634632349014282,0.15294118225574493
gatedv2_t0.95_d2_s400,mos2-A_Adatom-Li.png,8,6.0,115.0,boundary_edge,84,0.2219420602376566,0.1971689909696579,0.05098039284348488
gatedv2_t0.95_d2_s400,mote2-A_Anti-2M.png,8,6.0,604.0,boundary_edge,189,0.22890430746643303,0.4901960790157318,0.5215686559677124
gatedv2_t0.95_d2_s400,mote2-A_Anti-2M.png,8,381.0,292.0,boundary_edge,189,0.22890430746643303,0.25882354378700256,0.29019609093666077
gatedv2_t0.95_d2_s400,tate2-A_Fe_doped.png,8,158.0,81.0,borderline_shifted,122,0.13390625,0.41323843598365784,0.364705890417099
gatedv2_t0.95_d2_s400,tate2-A_Fe_doped.png,8,154.0,401.0,borderline_shifted,122,0.13390625,0.3758782744407654,0.33725491166114807
gatedv2_t0.95_d2_s400,tate2-A_Fe_doped.png,8,146.0,89.0,borderline_shifted,122,0.13390625,0.32738161087036133,0.27843138575553894
gatedv2_t0.95_d2_s400,tate2-A_Fe_doped.png,8,146.0,409.0,borderline_shifted,122,0.13390625,0.3272617757320404,0.2862745225429535
gatedv2_t0.95_d2_s400,tate2-A_Fe_doped.png,8,224.0,445.0,borderline_shifted,122,0.13390625,0.2440991997718811,0.2705882489681244
gatedv2_t0.95_d2_s400,tate2-A_Fe_doped.png,8,225.0,123.0,borderline_shifted,122,0.13390625,0.23050808906555176,0.2549019753932953
gatedv2_t0.95_d2_s400,tate2-A_Fe_doped.png,8,253.0,473.0,borderline_shifted,122,0.13390625,0.2499689757823944,0.23137255012989044
gatedv2_t0.95_d2_s400,tate2-A_Fe_doped.png,8,255.0,153.0,borderline_shifted,122,0.13390625,0.23957853019237518,0.2235294133424759
gatedv2_t0.95_d2_s400,vse2-A_Vacancy-Anion-06A.png,8,405.0,96.0,borderline_shifted,84,0.502884980289195,0.2006203532218933,0.19607843458652496
gatedv2_t0.95_d2_s400,vse2-A_Vacancy-Anion-06A.png,8,92.0,93.0,borderline_shifted,84,0.502884980289195,0.20202137529850006,0.21176470816135406
gatedv2_t0.95_d2_s400,vse2-A_Vacancy-Anion-06A.png,8,70.0,96.0,borderline_shifted,84,0.502884980289195,0.19053176045417786,0.1764705926179886
gatedv2_t0.95_d2_s400,vse2-A_Vacancy-Anion-06A.png,8,426.0,94.0,borderline_shifted,84,0.502884980289195,0.2065058797597885,0.2235294133424759
gatedv2_t0.95_d2_s400,vse2-A_Vacancy-Anion-06A.png,8,0.0,9.0,boundary_edge,84,0.502884980289195,0.19607843458652496,0.1725490242242813
gatedv2_t0.95_d2_s400,vse2-A_Vacancy-Anion-06A.png,8,165.0,0.0,boundary_edge,84,0.502884980289195,0.21960784494876862,0.23137255012989044
gatedv2_t0.95_d2_s400,vse2-A_Vacancy-Anion-06A.png,8,497.0,0.0,boundary_edge,84,0.502884980289195,0.24313725531101227,0.21960784494876862
gatedv2_t0.95_d2_s400,vse2-A_Vacancy-Anion-06A.png,8,373.0,72.0,borderline_shifted,84,0.502884980289195,0.17077361047267914,0.16470588743686676
gatedv2_t0.95_d2_s400,tas2-A_Doped-Li.png,8,307.0,371.0,borderline_shifted,68,0.13661811561219844,0.525546669960022,0.45098039507865906
gatedv2_t0.95_d2_s400,tas2-A_Doped-Li.png,8,362.0,398.0,borderline_shifted,68,0.13661811561219844,0.3019699454307556,0.3019607961177826
gatedv2_t0.95_d2_s400,tas2-A_Doped-Li.png,8,377.0,317.0,borderline_shifted,68,0.13661811561219844,0.2810152769088745,0.27450981736183167
gatedv2_t0.95_d2_s400,tas2-A_Doped-Li.png,8,348.0,405.0,borderline_shifted,68,0.13661811561219844,0.2576429545879364,0.2666666805744171
gatedv2_t0.95_d2_s400,tas2-A_Doped-Li.png,8,379.0,323.0,borderline_shifted,68,0.13661811561219844,0.3789929449558258,0.3960784375667572
gatedv2_t0.95_d2_s400,tas2-A_Doped-Li.png,8,306.0,362.0,borderline_shifted,68,0.13661811561219844,0.2623591125011444,0.2980392277240753
gatedv2_t0.95_d2_s400,tas2-A_Doped-Li.png,8,345.0,82.0,borderline_shifted,68,0.13661811561219844,0.1879637986421585,0.16862745583057404
gatedv2_t0.95_d2_s400,tas2-A_Doped-Li.png,8,305.0,73.0,borderline_shifted,68,0.13661811561219844,0.24159975349903107,0.3843137323856354
gatedv2_t0.95_d2_s400,nbse2_Cu_doped.png,8,676.0,100.0,borderline_shifted,145,0.20733216013656394,0.5546363592147827,0.3686274588108063
gatedv2_t0.95_d2_s400,nbse2_Cu_doped.png,8,676.0,90.0,borderline_shifted,145,0.20733216013656394,0.41171109676361084,0.3019607961177826
gatedv2_t0.95_d2_s400,nbte2_Vacancy-Anion-12A.png,8,385.0,78.0,borderline_shifted,170,0.10455913134484562,0.38409683108329773,0.3921568691730499
gatedv2_t0.95_d2_s400,tis2_Vacancy-Anion-12A.png,8,531.0,554.0,borderline_shifted,118,0.3999318447609532,0.5876141786575317,0.45490196347236633
gatedv2_t0.95_d2_s400,tite2-B_Cu_doped.png,8,558.0,606.0,borderline_shifted,72,0.6632568398271086,0.5598000288009644,0.5607843399047852
gatedv2_t0.95_d2_s400,tite2-B_Cu_doped.png,8,0.0,0.0,boundary_edge,72,0.6632568398271086,0.14901961386203766,0.10980392247438431
gatedv2_t0.95_d2_s400,tite2-B_Cu_doped.png,8,746.0,0.0,boundary_edge,72,0.6632568398271086,0.14509804546833038,0.11764705926179886
gatedv2_t0.95_d2_s400,vs2_Vacancy-Anion-06A.png,8,140.0,128.0,borderline_shifted,158,0.6853469622234107,0.3136693835258484,0.45490196347236633
gatedv2_t0.95_d2_s400,vs2_Vacancy-Anion-06A.png,8,367.0,447.0,boundary_edge,158,0.6853469622234107,0.5344891548156738,0.5098039507865906
gatedv2_t0.95_d2_s400,vs2_Vacancy-Anion-06A.png,8,150.0,136.0,borderline_shifted,158,0.6853469622234107,0.3129775822162628,0.4627451002597809
gatedv2_t0.95_d2_s400,ws2-A_Vacancy-Metal.png,8,345.0,496.0,invented_undamaged,59,0.049382294723909634,0.6366863250732422,0.05098039284348488
gatedv2_t0.95_d2_s400,ws2-A_Vacancy-Metal.png,8,369.0,489.0,borderline_shifted,59,0.049382294723909634,0.1634291112422943,0.07058823853731155
gatedv2_t0.95_d2_s400,cro2_Vacancy-Anion-03.png,8,45.0,431.0,borderline_shifted,80,0.7192441492726123,0.39385682344436646,0.4156862795352936
gatedv2_t0.95_d2_s400,cro2_Vacancy-Anion-03.png,8,97.0,389.0,borderline_shifted,80,0.7192441492726123,0.44261449575424194,0.45490196347236633
gatedv2_t0.95_d2_s400,cro2_Vacancy-Anion-03.png,8,98.0,163.0,borderline_shifted,80,0.7192441492726123,0.44601112604141235,0.41960784792900085
gatedv2_t0.95_d2_s400,cro2_Vacancy-Anion-03.png,8,149.0,418.0,borderline_shifted,80,0.7192441492726123,0.3543626666069031,0.21176470816135406
gatedv2_t0.95_d2_s400,cro2_Vacancy-Anion-03.png,8,26.0,425.0,borderline_shifted,80,0.7192441492726123,0.3999709486961365,0.41960784792900085
gatedv2_t0.95_d2_s400,cro2_Vacancy-Anion-03.png,8,29.0,455.0,boundary_edge,80,0.7192441492726123,0.3490196168422699,0.4000000059604645
gatedv2_t0.95_d2_s400,cro2_Vacancy-Anion-03.png,8,153.0,410.0,borderline_shifted,80,0.7192441492726123,0.4135875403881073,0.23137255012989044
gatedv2_t0.95_d2_s400,cro2_Vacancy-Anion-03.png,8,154.0,181.0,borderline_shifted,80,0.7192441492726123,0.41377294063568115,0.29411765933036804
gatedv2_t0.95_d2_s400,cro2_Vacancy-Anion-03.png,8,94.0,185.0,borderline_shifted,80,0.7192441492726123,0.29591527581214905,0.3686274588108063
gatedv2_t0.95_d2_s400,vo2_Vacancy-Anion-03.png,12,309.0,139.0,boundary_edge,100,0.8351451489686784,0.4960815906524658,0.47058823704719543
gatedv2_t0.95_d2_s400,vo2_Vacancy-Anion-03.png,12,241.0,139.0,boundary_edge,100,0.8351451489686784,0.48844224214553833,0.5254902243614197
gatedv2_t0.95_d2_s400,vo2_Vacancy-Anion-03.png,12,378.0,377.0,boundary_edge,100,0.8351451489686784,0.4913715422153473,0.5176470875740051
gatedv2_t0.95_d2_s400,vo2_Vacancy-Anion-03.png,12,241.0,20.0,boundary_edge,100,0.8351451489686784,0.470167875289917,0.5098039507865906
gatedv2_t0.95_d2_s400,vo2_Vacancy-Anion-03.png,12,206.0,79.0,invented_damaged,100,0.8351451489686784,0.48670750856399536,0.5411764979362488
gatedv2_t0.95_d2_s400,vo2_Vacancy-Anion-03.png,12,378.0,258.0,boundary_edge,100,0.8351451489686784,0.48130059242248535,0.40392157435417175
gatedv2_t0.95_d2_s400,vo2_Vacancy-Anion-03.png,12,516.0,21.0,boundary_edge,100,0.8351451489686784,0.46807605028152466,0.4588235318660736
gatedv2_t0.95_d2_s400,vo2_Vacancy-Anion-03.png,12,171.0,376.0,invented_damaged,100,0.8351451489686784,0.4893935024738312,0.501960813999176
gatedv2_t0.95_d2_s400,vo2_Vacancy-Anion-03.png,12,309.0,20.0,boundary_edge,100,0.8351451489686784,0.4890490770339966,0.45098039507865906
gatedv2_t0.95_d2_s400,vo2_Vacancy-Anion-03.png,12,344.0,79.0,boundary_edge,100,0.8351451489686784,0.4911330044269562,0.48627451062202454
gatedv2_t0.95_d2_s400,vo2_Vacancy-Anion-03.png,12,171.0,257.0,boundary_edge,100,0.8351451489686784,0.4837055206298828,0.529411792755127
gatedv2_t0.95_d2_s400,vo2_Vacancy-Anion-03.png,12,69.0,317.0,boundary_edge,100,0.8351451489686784,0.4835694432258606,0.5411764979362488
gatedv2_t0.95_d2_s400,vo2_Vacancy-Anion-03.png,12,137.0,80.0,boundary_edge,100,0.8351451489686784,0.46938586235046387,0.47843137383461
gatedv2_t0.95_d2_s400,vo2_Vacancy-Anion-03.png,12,378.0,139.0,boundary_edge,100,0.8351451489686784,0.48848652839660645,0.47058823704719543
gatedv2_t0.95_d2_s400,vo2_Vacancy-Anion-03.png,12,103.0,140.0,boundary_edge,100,0.8351451489686784,0.48648616671562195,0.45490196347236633
gatedv2_t0.95_d2_s400,vo2_Vacancy-Anion-03.png,12,276.0,80.0,boundary_edge,100,0.8351451489686784,0.474737286567688,0.48627451062202454
gatedv2_t0.95_d2_s400,vo2_Vacancy-Anion-03.png,12,34.0,139.0,invented_damaged,100,0.8351451489686784,0.48940932750701904,0.48627451062202454
gatedv2_t0.95_d2_s400,vo2_Vacancy-Anion-03.png,12,413.0,80.0,boundary_edge,100,0.8351451489686784,0.466151624917984,0.4941176474094391
gatedv2_t0.95_d2_s400,mos2-A_Adatom-Li.png,12,342.0,319.0,borderline_shifted,84,0.2720627562845427,0.5897297859191895,0.40392157435417175
gatedv2_t0.95_d2_s400,mos2-A_Adatom-Li.png,12,331.0,330.0,borderline_shifted,84,0.2720627562845427,0.2498151659965515,0.34117648005485535
gatedv2_t0.95_d2_s400,mos2-A_Adatom-Li.png,12,296.0,255.0,invented_damaged,84,0.2720627562845427,0.24357445538043976,0.23529411852359772
gatedv2_t0.95_d2_s400,mos2-A_Adatom-Li.png,12,325.0,320.0,borderline_shifted,84,0.2720627562845427,0.3124786913394928,0.16862745583057404
gatedv2_t0.95_d2_s400,mote2-A_Anti-2M.png,12,279.0,526.0,borderline_shifted,189,0.33133865353193304,0.7342779636383057,0.29411765933036804
gatedv2_t0.95_d2_s400,mote2-A_Anti-2M.png,12,281.0,225.0,borderline_shifted,189,0.33133865353193304,0.6720372438430786,0.25882354378700256
gatedv2_t0.95_d2_s400,mote2-A_Anti-2M.png,12,305.0,562.0,borderline_shifted,189,0.33133865353193304,0.398516446352005,0.3490196168422699
gatedv2_t0.95_d2_s400,mote2-A_Anti-2M.png,12,265.0,276.0,borderline_shifted,189,0.33133865353193304,0.44431424140930176,0.42352941632270813
gatedv2_t0.95_d2_s400,mote2-A_Anti-2M.png,12,314.0,585.0,borderline_shifted,189,0.33133865353193304,0.26719582080841064,0.2705882489681244
gatedv2_t0.95_d2_s400,mote2-A_Anti-2M.png,12,6.0,604.0,boundary_edge,189,0.33133865353193304,0.48627451062202454,0.5215686559677124
gatedv2_t0.95_d2_s400,mote2-A_Anti-2M.png,12,307.0,545.0,borderline_shifted,189,0.33133865353193304,0.2967430651187897,0.4588235318660736
gatedv2_t0.95_d2_s400,mote2-A_Anti-2M.png,12,289.0,516.0,borderline_shifted,189,0.33133865353193304,0.4111328125,0.21568627655506134
gatedv2_t0.95_d2_s400,mote2-A_Anti-2M.png,12,271.0,584.0,borderline_shifted,189,0.33133865353193304,0.3391786217689514,0.33725491166114807
gatedv2_t0.95_d2_s400,mote2-A_Anti-2M.png,12,290.0,211.0,borderline_shifted,189,0.33133865353193304,0.3664993643760681,0.2235294133424759
gatedv2_t0.95_d2_s400,mote2-A_Anti-2M.png,12,312.0,261.0,borderline_shifted,189,0.33133865353193304,0.20785798132419586,0.2549019753932953
gatedv2_t0.95_d2_s400,vse2-A_Vacancy-Anion-06A.png,12,668.0,288.0,boundary_edge,84,0.06952867037906188,0.21960784494876862,0.24705882370471954
gatedv2_t0.95_d2_s400,vse2-A_Vacancy-Anion-06A.png,12,294.0,218.0,borderline_shifted,84,0.06952867037906188,0.20000000298023224,0.23137255012989044
gatedv2_t0.95_d2_s400,vse2-A_Vacancy-Anion-06A.png,12,629.0,218.0,borderline_shifted,84,0.06952867037906188,0.20392157137393951,0.23137255012989044
gatedv2_t0.95_d2_s400,tase2-A_Vacancy-Anion-12B.png,12,0.0,92.0,boundary_edge,121,0.14422923040715463,0.43799272179603577,0.03529411926865578
gatedv2_t0.95_d2_s400,tase2-A_Vacancy-Anion-12B.png,12,0.0,394.0,boundary_edge,121,0.14422923040715463,0.35368603467941284,0.03529411926865578
gatedv2_t0.95_d2_s400,tase2-A_Vacancy-Anion-12B.png,12,93.0,46.0,borderline_shifted,121,0.14422923040715463,0.20000697672367096,0.12941177189350128
gatedv2_t0.95_d2_s400,tase2-A_Vacancy-Anion-12B.png,12,138.0,378.0,borderline_shifted,121,0.14422923040715463,0.21234095096588135,0.10196078568696976
gatedv2_t0.95_d2_s400,tase2-A_Vacancy-Anion-12B.png,12,54.0,353.0,borderline_shifted,121,0.14422923040715463,0.19663359224796295,0.3176470696926117
gatedv2_t0.95_d2_s400,tase2-A_Vacancy-Anion-12B.png,12,120.0,595.0,boundary_edge,121,0.14422923040715463,0.16862745583057404,0.16470588743686676
gatedv2_t0.95_d2_s400,tase2-A_Vacancy-Anion-12B.png,12,179.0,523.0,invented_undamaged,121,0.14422923040715463,0.2078431397676468,0.2549019753932953
gatedv2_t0.95_d2_s400,tase2-A_Vacancy-Anion-12B.png,12,137.0,73.0,borderline_shifted,121,0.14422923040715463,0.18803846836090088,0.09803921729326248
gatedv2_t0.95_d2_s400,tase2-A_Vacancy-Anion-12B.png,12,180.0,220.0,invented_undamaged,121,0.14422923040715463,0.239215686917305,0.24705882370471954
gatedv2_t0.95_d2_s400,nbs2_Anti-Metal.png,12,618.0,360.0,invented_damaged,106,0.10422071970899778,0.29200494289398193,0.18431372940540314
gatedv2_t0.95_d2_s400,nbs2_Anti-Metal.png,12,48.0,255.0,invented_undamaged,106,0.10422071970899778,0.18191543221473694,0.054901961237192154
gatedv2_t0.95_d2_s400,nbs2_Anti-Metal.png,12,566.0,292.0,invented_damaged,106,0.10422071970899778,0.23085114359855652,0.18431372940540314
gatedv2_t0.95_d2_s400,nbte2_Vacancy-Anion-12A.png,12,245.0,536.0,borderline_shifted,170,0.18202729809872667,0.33856043219566345,0.30980393290519714
gatedv2_t0.95_d2_s400,nbte2_Vacancy-Anion-12A.png,12,227.0,537.0,borderline_shifted,170,0.18202729809872667,0.3835729956626892,0.34117648005485535
gatedv2_t0.95_d2_s400,nbte2_Vacancy-Anion-12A.png,12,194.0,580.0,borderline_shifted,170,0.18202729809872667,0.2555052936077118,0.09019608050584793
gatedv2_t0.95_d2_s400,nbte2_Vacancy-Anion-12A.png,12,291.0,524.0,borderline_shifted,170,0.18202729809872667,0.27728843688964844,0.16470588743686676
gatedv2_t0.95_d2_s400,nbte2_Vacancy-Anion-12A.png,12,212.0,521.0,borderline_shifted,170,0.18202729809872667,0.2646505832672119,0.21568627655506134
gatedv2_t0.95_d2_s400,nbte2_Vacancy-Anion-12A.png,12,243.0,549.0,borderline_shifted,170,0.18202729809872667,0.22238647937774658,0.16862745583057404
gatedv2_t0.95_d2_s400,nbte2_Vacancy-Anion-12A.png,12,266.0,527.0,borderline_shifted,170,0.18202729809872667,0.2336500734090805,0.14509804546833038
gatedv2_t0.95_d2_s400,nbte2_Vacancy-Anion-12A.png,12,227.0,552.0,borderline_shifted,170,0.18202729809872667,0.23128876090049744,0.19607843458652496
gatedv2_t0.95_d2_s400,tise2_Adatom-Li.png,12,52.0,67.0,borderline_shifted,157,0.28078459106414844,0.30230721831321716,0.2980392277240753
gatedv2_t0.95_d2_s400,tise2_Adatom-Li.png,12,53.0,104.0,borderline_shifted,157,0.28078459106414844,0.20278041064739227,0.18431372940540314
gatedv2_t0.95_d2_s400,tise2_Adatom-Li.png,12,52.0,90.0,borderline_shifted,157,0.28078459106414844,0.20415252447128296,0.1882352977991104
gatedv2_t0.95_d2_s400,tite2-B_Cu_doped.png,12,698.0,566.0,borderline_shifted,72,0.6634285726108969,0.16470588743686676,0.09803921729326248
gatedv2_t0.95_d2_s400,tite2-B_Cu_doped.png,12,138.0,566.0,borderline_shifted,72,0.6634285726108969,0.16470588743686676,0.11372549086809158
gatedv2_t0.95_d2_s400,tite2-B_Cu_doped.png,12,698.0,403.0,borderline_shifted,72,0.6634285726108969,0.16862745583057404,0.125490203499794
gatedv2_t0.95_d2_s400,tite2-B_Cu_doped.png,12,91.0,485.0,borderline_shifted,72,0.6634285726108969,0.15663865208625793,0.12156862765550613
gatedv2_t0.95_d2_s400,vs2_Vacancy-Anion-06A.png,12,251.0,392.0,boundary_edge,158,0.7171099734836587,0.39894330501556396,0.0941176488995552
gatedv2_t0.95_d2_s400,vs2_Vacancy-Anion-06A.png,12,252.0,302.0,invented_damaged,158,0.7171099734836587,0.4083286225795746,0.3450980484485626
gatedv2_t0.95_d2_s400,vs2_Vacancy-Anion-06A.png,12,367.0,447.0,boundary_edge,158,0.7171099734836587,0.5398845672607422,0.5098039507865906
gatedv2_t0.95_d2_s400,vte2_Defect-Free.png,12,346.0,186.0,borderline_shifted,119,0.09101514567976426,0.33794641494750977,0.35686275362968445
gatedv2_t0.95_d2_s400,vte2_Defect-Free.png,12,426.0,229.0,borderline_shifted,119,0.09101514567976426,0.28096839785575867,0.364705890417099
gatedv2_t0.95_d2_s400,vte2_Defect-Free.png,12,396.0,234.0,borderline_shifted,119,0.09101514567976426,0.20368729531764984,0.2235294133424759
gatedv2_t0.95_d2_s400,ws2-A_Vacancy-Metal.png,12,233.0,210.0,borderline_shifted,59,0.08480934179691944,0.20392157137393951,0.23137255012989044
gatedv2_t0.95_d2_s400,cose2_Fe_doped.png,12,37.0,185.0,borderline_shifted,96,0.09612414129506931,0.3360631763935089,0.4941176474094391
gatedv2_t0.95_d2_s400,cose2_Fe_doped.png,12,23.0,280.0,borderline_shifted,96,0.09612414129506931,0.2717532515525818,0.2980392277240753
gatedv2_t0.95_d2_s400,cose2_Fe_doped.png,12,31.0,277.0,borderline_shifted,96,0.09612414129506931,0.3621833622455597,0.32156863808631897
gatedv2_t0.95_d2_s400,cose2_Fe_doped.png,12,56.0,185.0,borderline_shifted,96,0.09612414129506931,0.17041714489459991,0.14509804546833038
gatedv2_t0.95_d2_s400,cose2_Fe_doped.png,12,0.0,304.0,boundary_edge,96,0.09612414129506931,0.1882352977991104,0.22745098173618317
gatedv2_t0.95_d2_s400,cro2_Vacancy-Anion-03.png,12,314.0,445.0,boundary_edge,80,0.7821207430340558,0.4000000059604645,0.3803921639919281
gatedv2_t0.95_d2_s400,vo2_Vacancy-Anion-03.png,16,549.0,228.0,boundary_edge,100,0.8327616501145912,0.629745602607727,0.20392157137393951
gatedv2_t0.95_d2_s400,vo2_Vacancy-Anion-03.png,16,243.0,142.0,invented_damaged,100,0.8327616501145912,0.45520225167274475,0.4627451002597809
gatedv2_t0.95_d2_s400,vo2_Vacancy-Anion-03.png,16,233.0,133.0,invented_damaged,100,0.8327616501145912,0.41174331307411194,0.5137255191802979
gatedv2_t0.95_d2_s400,vo2_Vacancy-Anion-03.png,16,205.0,79.0,boundary_edge,100,0.8327616501145912,0.49478375911712646,0.4431372582912445
gatedv2_t0.95_d2_s400,vo2_Vacancy-Anion-03.png,16,137.0,80.0,boundary_edge,100,0.8327616501145912,0.476764440536499,0.47843137383461
gatedv2_t0.95_d2_s400,vo2_Vacancy-Anion-03.png,16,549.0,318.0,boundary_edge,100,0.8327616501145912,0.4675820767879486,0.45098039507865906
gatedv2_t0.95_d2_s400,vo2_Vacancy-Anion-03.png,16,536.0,227.0,boundary_edge,100,0.8327616501145912,0.29624754190444946,0.5215686559677124
gatedv2_t0.95_d2_s400,vo2_Vacancy-Anion-03.png,16,379.0,139.0,boundary_edge,100,0.8327616501145912,0.4892016351222992,0.4745098054409027
gatedv2_t0.95_d2_s400,vo2_Vacancy-Anion-03.png,16,172.0,140.0,boundary_edge,100,0.8327616501145912,0.48719191551208496,0.49803921580314636
gatedv2_t0.95_d2_s400,vo2_Vacancy-Anion-03.png,16,447.0,140.0,boundary_edge,100,0.8327616501145912,0.48477375507354736,0.4588235318660736
gatedv2_t0.95_d2_s400,vo2_Vacancy-Anion-03.png,16,171.0,377.0,boundary_edge,100,0.8327616501145912,0.4925388693809509,0.49803921580314636
gatedv2_t0.95_d2_s400,vo2_Vacancy-Anion-03.png,16,412.0,80.0,boundary_edge,100,0.8327616501145912,0.47116991877555847,0.5176470875740051
gatedv2_t0.95_d2_s400,vo2_Vacancy-Anion-03.png,16,344.0,318.0,boundary_edge,100,0.8327616501145912,0.4861967861652374,0.5372549295425415
gatedv2_t0.95_d2_s400,vo2_Vacancy-Anion-03.png,16,172.0,258.0,boundary_edge,100,0.8327616501145912,0.4782645106315613,0.5215686559677124
gatedv2_t0.95_d2_s400,vo2_Vacancy-Anion-03.png,16,104.0,140.0,boundary_edge,100,0.8327616501145912,0.48618873953819275,0.48627451062202454
gatedv2_t0.95_d2_s400,vo2_Vacancy-Anion-03.png,16,69.0,317.0,boundary_edge,100,0.8327616501145912,0.48619344830513,0.5411764979362488
gatedv2_t0.95_d2_s400,vo2_Vacancy-Anion-03.png,16,378.0,377.0,boundary_edge,100,0.8327616501145912,0.4864423871040344,0.5176470875740051
gatedv2_t0.95_d2_s400,vo2_Vacancy-Anion-03.png,16,104.0,377.0,boundary_edge,100,0.8327616501145912,0.4865456819534302,0.48627451062202454
gatedv2_t0.95_d2_s400,vo2_Vacancy-Anion-03.png,16,481.0,80.0,boundary_edge,100,0.8327616501145912,0.4875676929950714,0.48627451062202454
gatedv2_t0.95_d2_s400,vo2_Vacancy-Anion-03.png,16,380.0,257.0,boundary_edge,100,0.8327616501145912,0.4801810681819916,0.5529412031173706
gatedv2_t0.95_d2_s400,vo2_Vacancy-Anion-03.png,16,517.0,20.0,boundary_edge,100,0.8327616501145912,0.4824373722076416,0.47843137383461
gatedv2_t0.95_d2_s400,vo2_Vacancy-Anion-03.png,16,206.0,317.0,boundary_edge,100,0.8327616501145912,0.48604506254196167,0.501960813999176
gatedv2_t0.95_d2_s400,vo2_Vacancy-Anion-03.png,16,34.0,20.0,boundary_edge,100,0.8327616501145912,0.47584807872772217,0.46666666865348816
gatedv2_t0.95_d2_s400,vo2_Vacancy-Anion-03.png,16,241.0,20.0,boundary_edge,100,0.8327616501145912,0.4771694839000702,0.5098039507865906
gatedv2_t0.95_d2_s400,vo2_Vacancy-Anion-03.png,16,69.0,79.0,invented_damaged,100,0.8327616501145912,0.48310214281082153,0.4274509847164154
gatedv2_t0.95_d2_s400,vo2_Vacancy-Anion-03.png,16,412.0,318.0,boundary_edge,100,0.8327616501145912,0.4866953492164612,0.5098039507865906
gatedv2_t0.95_d2_s400,vo2_Vacancy-Anion-03.png,16,447.0,377.0,boundary_edge,100,0.8327616501145912,0.4818527102470398,0.4745098054409027
gatedv2_t0.95_d2_s400,vo2_Vacancy-Anion-03.png,16,481.0,317.0,boundary_edge,100,0.8327616501145912,0.48435327410697937,0.5176470875740051
gatedv2_t0.95_d2_s400,vo2_Vacancy-Anion-03.png,16,273.0,79.0,boundary_edge,100,0.8327616501145912,0.4865456819534302,0.49803921580314636
gatedv2_t0.95_d2_s400,vo2_Vacancy-Anion-03.png,16,310.0,20.0,boundary_edge,100,0.8327616501145912,0.4787684679031372,0.49803921580314636
gatedv2_t0.95_d2_s400,mno2_Defect-Free.png,16,252.0,256.0,borderline_shifted,74,0.6576332179930796,0.6862884759902954,0.03921568766236305
gatedv2_t0.95_d2_s400,mno2_Defect-Free.png,16,244.0,10.0,boundary_edge,74,0.6576332179930796,0.5951966643333435,0.07058823853731155
gatedv2_t0.95_d2_s400,mno2_Defect-Free.png,16,261.0,10.0,boundary_edge,74,0.6576332179930796,0.495120108127594,0.10196078568696976
gatedv2_t0.95_d2_s400,mno2_Defect-Free.png,16,228.0,10.0,boundary_edge,74,0.6576332179930796,0.2738693654537201,0.08235294371843338
gatedv2_t0.95_d2_s400,mos2-A_Adatom-Li.png,16,484.0,418.0,borderline_shifted,84,0.29974502429485494,0.15013641119003296,0.29411765933036804
gatedv2_t0.95_d2_s400,mos2-A_Adatom-Li.png,16,584.0,552.0,boundary_edge,84,0.29974502429485494,0.1764705926179886,0.2078431397676468
gatedv2_t0.95_d2_s400,mos2-A_Adatom-Li.png,16,439.0,334.0,borderline_shifted,84,0.29974502429485494,0.2549019753932953,0.33725491166114807
gatedv2_t0.95_d2_s400,mos2-A_Adatom-Li.png,16,504.0,430.0,invented_damaged,84,0.29974502429485494,0.22845451533794403,0.24705882370471954
gatedv2_t0.95_d2_s400,mos2-A_Adatom-Li.png,16,560.0,430.0,invented_damaged,84,0.29974502429485494,0.23703569173812866,0.21960784494876862
gatedv2_t0.95_d2_s400,mos2-A_Adatom-Li.png,16,445.0,389.0,invented_damaged,84,0.29974502429485494,0.2078431397676468,0.2666666805744171
gatedv2_t0.95_d2_s400,mos2-A_Adatom-Li.png,16,90.0,289.0,boundary_edge,84,0.29974502429485494,0.2862745225429535,0.26274511218070984
gatedv2_t0.95_d2_s400,mote2-A_Anti-2M.png,16,168.0,136.0,borderline_shifted,189,0.4009661606952568,0.6684005260467529,0.5647059082984924
gatedv2_t0.95_d2_s400,mote2-A_Anti-2M.png,16,100.0,309.0,borderline_shifted,189,0.4009661606952568,0.7131485939025879,0.125490203499794
gatedv2_t0.95_d2_s400,mote2-A_Anti-2M.png,16,168.0,55.0,borderline_shifted,189,0.4009661606952568,0.5425234436988831,0.5058823823928833
gatedv2_t0.95_d2_s400,mote2-A_Anti-2M.png,16,148.0,390.0,borderline_shifted,189,0.4009661606952568,0.5160467028617859,0.40392157435417175
gatedv2_t0.95_d2_s400,mote2-A_Anti-2M.png,16,148.0,85.0,borderline_shifted,189,0.4009661606952568,0.5009723901748657,0.3686274588108063
gatedv2_t0.95_d2_s400,mote2-A_Anti-2M.png,16,67.0,70.0,borderline_shifted,189,0.4009661606952568,0.34222450852394104,0.239215686917305
gatedv2_t0.95_d2_s400,mote2-A_Anti-2M.png,16,49.0,64.0,borderline_shifted,189,0.4009661606952568,0.37384676933288574,0.3176470696926117
gatedv2_t0.95_d2_s400,mote2-A_Anti-2M.png,16,68.0,87.0,borderline_shifted,189,0.4009661606952568,0.438633531332016,0.37254902720451355
gatedv2_t0.95_d2_s400,mote2-A_Anti-2M.png,16,219.0,147.0,borderline_shifted,189,0.4009661606952568,0.3405011296272278,0.2862745225429535
gatedv2_t0.95_d2_s400,mote2-A_Anti-2M.png,16,49.0,371.0,borderline_shifted,189,0.4009661606952568,0.2756018340587616,0.38823530077934265
gatedv2_t0.95_d2_s400,mote2-A_Anti-2M.png,16,61.0,68.0,borderline_shifted,189,0.4009661606952568,0.3317784070968628,0.29019609093666077
gatedv2_t0.95_d2_s400,mote2-A_Anti-2M.png,16,196.0,442.0,borderline_shifted,189,0.4009661606952568,0.3248148560523987,0.47843137383461
gatedv2_t0.95_d2_s400,mote2-A_Anti-2M.png,16,224.0,138.0,borderline_shifted,189,0.4009661606952568,0.3000583052635193,0.4431372582912445
gatedv2_t0.95_d2_s400,mote2-A_Anti-2M.png,16,195.0,141.0,borderline_shifted,189,0.4009661606952568,0.3248148560523987,0.4627451002597809
gatedv2_t0.95_d2_s400,mote2-A_Anti-2M.png,16,163.0,374.0,borderline_shifted,189,0.4009661606952568,0.307111531496048,0.24705882370471954
gatedv2_t0.95_d2_s400,mote2-A_Anti-2M.png,16,213.0,412.0,borderline_shifted,189,0.4009661606952568,0.36477968096733093,0.4588235318660736
gatedv2_t0.95_d2_s400,mote2-A_Anti-2M.png,16,162.0,70.0,borderline_shifted,189,0.4009661606952568,0.307111531496048,0.24313725531101227
gatedv2_t0.95_d2_s400,mote2-A_Anti-2M.png,16,71.0,375.0,borderline_shifted,189,0.4009661606952568,0.3188762366771698,0.20000000298023224
gatedv2_t0.95_d2_s400,mote2-A_Anti-2M.png,16,218.0,451.0,borderline_shifted,189,0.4009661606952568,0.31916993856430054,0.23137255012989044
gatedv2_t0.95_d2_s400,mote2-A_Anti-2M.png,16,207.0,413.0,borderline_shifted,189,0.4009661606952568,0.26703888177871704,0.43921568989753723
gatedv2_t0.95_d2_s400,mote2-A_Anti-2M.png,16,188.0,145.0,borderline_shifted,189,0.4009661606952568,0.361651211977005,0.5490196347236633
gatedv2_t0.95_d2_s400,mote2-A_Anti-2M.png,16,199.0,434.0,borderline_shifted,189,0.4009661606952568,0.24183355271816254,0.45490196347236633
gatedv2_t0.95_d2_s400,mote2-A_Anti-2M.png,16,154.0,120.0,borderline_shifted,189,0.4009661606952568,0.34247422218322754,0.3450980484485626
gatedv2_t0.95_d2_s400,mote2-A_Anti-2M.png,16,154.0,424.0,borderline_shifted,189,0.4009661606952568,0.3573673963546753,0.3803921639919281
gatedv2_t0.95_d2_s400,mote2-A_Anti-2M.png,16,201.0,33.0,borderline_shifted,189,0.4009661606952568,0.26977574825286865,0.2549019753932953
gatedv2_t0.95_d2_s400,mote2-A_Anti-2M.png,16,206.0,110.0,borderline_shifted,189,0.4009661606952568,0.2526210844516754,0.40784314274787903
gatedv2_t0.95_d2_s400,mote2-A_Anti-2M.png,16,198.0,135.0,borderline_shifted,189,0.4009661606952568,0.23901519179344177,0.4745098054409027
gatedv2_t0.95_d2_s400,mote2-A_Anti-2M.png,16,49.0,364.0,borderline_shifted,189,0.4009661606952568,0.34377989172935486,0.2980392277240753
gatedv2_t0.95_d2_s400,mote2-A_Anti-2M.png,16,188.0,447.0,borderline_shifted,189,0.4009661606952568,0.3395310342311859,0.5960784554481506
gatedv2_t0.95_d2_s400,mote2-A_Anti-2M.png,16,166.0,74.0,borderline_shifted,189,0.4009661606952568,0.2088848501443863,0.26274511218070984
gatedv2_t0.95_d2_s400,tate2-A_Fe_doped.png,16,0.0,183.0,boundary_edge,122,0.17506756756756756,0.5936936736106873,0.06666667014360428
gatedv2_t0.95_d2_s400,tate2-A_Fe_doped.png,16,0.0,503.0,boundary_edge,122,0.17506756756756756,0.5921685099601746,0.06666667014360428
gatedv2_t0.95_d2_s400,tate2-A_Fe_doped.png,16,0.0,92.0,boundary_edge,122,0.17506756756756756,0.583998441696167,0.15294118225574493
gatedv2_t0.95_d2_s400,tate2-A_Fe_doped.png,16,0.0,412.0,boundary_edge,122,0.17506756756756756,0.5851966142654419,0.16078431904315948
gatedv2_t0.95_d2_s400,tate2-A_Fe_doped.png,16,0.0,274.0,boundary_edge,122,0.17506756756756756,0.4822530448436737,0.054901961237192154
gatedv2_t0.95_d2_s400,tate2-A_Fe_doped.png,16,0.0,592.0,boundary_edge,122,0.17506756756756756,0.47408294677734375,0.054901961237192154
gatedv2_t0.95_d2_s400,tate2-A_Fe_doped.png,16,8.0,603.0,boundary_edge,122,0.17506756756756756,0.3731549382209778,0.06666667014360428
gatedv2_t0.95_d2_s400,tate2-A_Fe_doped.png,16,65.0,442.0,borderline_shifted,122,0.17506756756756756,0.20136556029319763,0.20000000298023224
gatedv2_t0.95_d2_s400,tate2-A_Fe_doped.png,16,76.0,68.0,borderline_shifted,122,0.17506756756756756,0.21737879514694214,0.239215686917305
gatedv2_t0.95_d2_s400,tate2-A_Fe_doped.png,16,41.0,67.0,borderline_shifted,122,0.17506756756756756,0.23115910589694977,0.23137255012989044
gatedv2_t0.95_d2_s400,tate2-A_Fe_doped.png,16,61.0,142.0,borderline_shifted,122,0.17506756756756756,0.2422160506248474,0.21568627655506134
gatedv2_t0.95_d2_s400,tate2-A_Fe_doped.png,16,107.0,523.0,borderline_shifted,122,0.17506756756756756,0.33573561906814575,0.37254902720451355
gatedv2_t0.95_d2_s400,vse2-A_Vacancy-Anion-06A.png,16,668.0,435.0,boundary_edge,84,0.7558829072340074,0.21568627655506134,0.21176470816135406
gatedv2_t0.95_d2_s400,vse2-A_Vacancy-Anion-06A.png,16,668.0,290.0,boundary_edge,84,0.7558829072340074,0.25882354378700256,0.23137255012989044
gatedv2_t0.95_d2_s400,vse2-A_Vacancy-Anion-06A.png,16,337.0,435.0,borderline_shifted,84,0.7558829072340074,0.240445077419281,0.20392157137393951
gatedv2_t0.95_d2_s400,vse2-A_Vacancy-Anion-06A.png,16,0.0,435.0,boundary_edge,84,0.7558829072340074,0.25882354378700256,0.20392157137393951
gatedv2_t0.95_d2_s400,tase2-A_Vacancy-Anion-12B.png,16,401.0,606.0,boundary_edge,121,0.0407837138150153,0.1882352977991104,0.1882352977991104
gatedv2_t0.95_d2_s400,nbs2_Anti-Metal.png,16,191.0,226.0,borderline_shifted,106,0.12205467392623227,0.2792051434516907,0.27450981736183167
gatedv2_t0.95_d2_s400,nbs2_Anti-Metal.png,16,166.0,182.0,borderline_shifted,106,0.12205467392623227,0.17388027906417847,0.1764705926179886
gatedv2_t0.95_d2_s400,nbs2_Anti-Metal.png,16,200.0,92.0,borderline_shifted,106,0.12205467392623227,0.17388027906417847,0.18431372940540314
gatedv2_t0.95_d2_s400,nbs2_Anti-Metal.png,16,183.0,195.0,borderline_shifted,106,0.12205467392623227,0.1852695196866989,0.16078431904315948
gatedv2_t0.95_d2_s400,nbs2_Anti-Metal.png,16,54.0,237.0,invented_undamaged,106,0.12205467392623227,0.12037774920463562,0.10980392247438431
gatedv2_t0.95_d2_s400,nbs2_Anti-Metal.png,16,190.0,212.0,borderline_shifted,106,0.12205467392623227,0.16227108240127563,0.3019607961177826
gatedv2_t0.95_d2_s400,nbte2_Vacancy-Anion-12A.png,16,97.0,448.0,invented_damaged,170,0.17893990929705214,0.5342274308204651,0.0784313753247261
gatedv2_t0.95_d2_s400,nbte2_Vacancy-Anion-12A.png,16,199.0,499.0,borderline_shifted,170,0.17893990929705214,0.457475483417511,0.38823530077934265
gatedv2_t0.95_d2_s400,nbte2_Vacancy-Anion-12A.png,16,132.0,426.0,borderline_shifted,170,0.17893990929705214,0.4473445415496826,0.45098039507865906
gatedv2_t0.95_d2_s400,nbte2_Vacancy-Anion-12A.png,16,182.0,485.0,borderline_shifted,170,0.17893990929705214,0.42787665128707886,0.364705890417099
gatedv2_t0.95_d2_s400,nbte2_Vacancy-Anion-12A.png,16,132.0,411.0,borderline_shifted,170,0.17893990929705214,0.44342297315597534,0.40392157435417175
gatedv2_t0.95_d2_s400,nbte2_Vacancy-Anion-12A.png,16,183.0,607.0,invented_undamaged,170,0.17893990929705214,0.44641053676605225,0.07058823853731155
gatedv2_t0.95_d2_s400,nbte2_Vacancy-Anion-12A.png,16,196.0,551.0,borderline_shifted,170,0.17893990929705214,0.3507048487663269,0.37254902720451355
gatedv2_t0.95_d2_s400,nbte2_Vacancy-Anion-12A.png,16,180.0,517.0,borderline_shifted,170,0.17893990929705214,0.2762407064437866,0.24705882370471954
gatedv2_t0.95_d2_s400,nbte2_Vacancy-Anion-12A.png,16,142.0,400.0,borderline_shifted,170,0.17893990929705214,0.30567532777786255,0.2705882489681244
gatedv2_t0.95_d2_s400,nbte2_Vacancy-Anion-12A.png,16,180.0,536.0,borderline_shifted,170,0.17893990929705214,0.27110525965690613,0.22745098173618317
gatedv2_t0.95_d2_s400,nbte2_Vacancy-Anion-12A.png,16,84.0,438.0,boundary_edge,170,0.17893990929705214,0.34300166368484497,0.06666667014360428
gatedv2_t0.95_d2_s400,nbte2_Vacancy-Anion-12A.png,16,197.0,535.0,borderline_shifted,170,0.17893990929705214,0.2165646255016327,0.2078431397676468
gatedv2_t0.95_d2_s400,nbte2_Vacancy-Anion-12A.png,16,211.0,569.0,borderline_shifted,170,0.17893990929705214,0.25462496280670166,0.1921568661928177
gatedv2_t0.95_d2_s400,nbte2_Vacancy-Anion-12A.png,16,164.0,488.0,borderline_shifted,170,0.17893990929705214,0.23637095093727112,0.1764705926179886
gatedv2_t0.95_d2_s400,nbte2_Vacancy-Anion-12A.png,16,116.0,427.0,borderline_shifted,170,0.17893990929705214,0.21989063918590546,0.11764705926179886
gatedv2_t0.95_d2_s400,nbte2_Vacancy-Anion-12A.png,16,116.0,412.0,borderline_shifted,170,0.17893990929705214,0.19131971895694733,0.16862745583057404
gatedv2_t0.95_d2_s400,nbte2_Vacancy-Anion-12A.png,16,84.0,425.0,borderline_shifted,170,0.17893990929705214,0.1940734088420868,0.06666667014360428
gatedv2_t0.95_d2_s400,nbte2_Vacancy-Anion-12A.png,16,197.0,512.0,borderline_shifted,170,0.17893990929705214,0.26889145374298096,0.2823529541492462
gatedv2_t0.95_d2_s400,nbte2_Vacancy-Anion-12A.png,16,132.0,441.0,borderline_shifted,170,0.17893990929705214,0.2172529399394989,0.18431372940540314
gatedv2_t0.95_d2_s400,nbte2_Vacancy-Anion-12A.png,16,149.0,442.0,borderline_shifted,170,0.17893990929705214,0.19199764728546143,0.1764705926179886
gatedv2_t0.95_d2_s400,nbte2_Vacancy-Anion-12A.png,16,211.0,551.0,borderline_shifted,170,0.17893990929705214,0.19671110808849335,0.16470588743686676
gatedv2_t0.95_d2_s400,nbte2_Vacancy-Anion-12A.png,16,164.0,457.0,borderline_shifted,170,0.17893990929705214,0.20954975485801697,0.16862745583057404
gatedv2_t0.95_d2_s400,nbte2_Vacancy-Anion-12A.png,16,180.0,475.0,borderline_shifted,170,0.17893990929705214,0.2368846833705902,0.20000000298023224
gatedv2_t0.95_d2_s400,nbte2_Vacancy-Anion-12A.png,16,115.0,435.0,borderline_shifted,170,0.17893990929705214,0.2519872486591339,0.08627451211214066
gatedv2_t0.95_d2_s400,nbte2_Vacancy-Anion-12A.png,16,194.0,566.0,borderline_shifted,170,0.17893990929705214,0.2570527195930481,0.239215686917305
gatedv2_t0.95_d2_s400,nbte2_Vacancy-Anion-12A.png,16,163.0,471.0,borderline_shifted,170,0.17893990929705214,0.21461524069309235,0.15294118225574493
gatedv2_t0.95_d2_s400,nbte2_Vacancy-Anion-12A.png,16,116.0,441.0,borderline_shifted,170,0.17893990929705214,0.2646859288215637,0.08235294371843338
gatedv2_t0.95_d2_s400,nbte2_Vacancy-Anion-12A.png,16,98.0,629.0,boundary_edge,170,0.17893990929705214,0.131921648979187,0.16862745583057404
gatedv2_t0.95_d2_s400,tis2_Vacancy-Anion-12A.png,16,74.0,280.0,borderline_shifted,118,0.5267780385231999,0.364705890417099,0.32156863808631897
gatedv2_t0.95_d2_s400,tis2_Vacancy-Anion-12A.png,16,318.0,279.0,boundary_edge,118,0.5267780385231999,0.2666666805744171,0.239215686917305
gatedv2_t0.95_d2_s400,tis2_Vacancy-Anion-12A.png,16,75.0,568.0,boundary_edge,118,0.5267780385231999,0.3843137323856354,0.3686274588108063
gatedv2_t0.95_d2_s400,tise2_Adatom-Li.png,16,446.0,373.0,borderline_shifted,157,0.7827629401595622,0.3623976707458496,0.46666666865348816
gatedv2_t0.95_d2_s400,vs2_Vacancy-Anion-06A.png,16,52.0,278.0,boundary_edge,158,0.7963816655205495,0.5539766550064087,0.01568627543747425
gatedv2_t0.95_d2_s400,vs2_Vacancy-Anion-06A.png,16,49.0,323.0,invented_undamaged,158,0.7963816655205495,0.33977580070495605,0.04313725605607033
gatedv2_t0.95_d2_s400,vs2_Vacancy-Anion-06A.png,16,48.0,369.0,boundary_edge,158,0.7963816655205495,0.3053354024887085,0.05098039284348488
gatedv2_t0.95_d2_s400,vte2_Defect-Free.png,16,469.0,377.0,borderline_shifted,119,0.09160404481903107,0.3606065511703491,0.2823529541492462
gatedv2_t0.95_d2_s400,vte2_Defect-Free.png,16,550.0,311.0,borderline_shifted,119,0.09160404481903107,0.2980079650878906,0.30980393290519714
gatedv2_t0.95_d2_s400,vte2_Defect-Free.png,16,536.0,417.0,borderline_shifted,119,0.09160404481903107,0.22075380384922028,0.21568627655506134
gatedv2_t0.95_d2_s400,ws2-A_Vacancy-Metal.png,16,25.0,252.0,borderline_shifted,59,0.09985666507405638,0.16470588743686676,0.20392157137393951
gatedv2_t0.95_d2_s400,cose2_Fe_doped.png,16,425.0,496.0,borderline_shifted,96,0.09939382545424982,0.458637535572052,0.5843137502670288
gatedv2_t0.95_d2_s400,cose2_Fe_doped.png,16,425.0,514.0,borderline_shifted,96,0.09939382545424982,0.26847603917121887,0.27450981736183167
gatedv2_t0.95_d2_s400,cose2_Fe_doped.png,16,434.0,510.0,borderline_shifted,96,0.09939382545424982,0.236397847533226,0.2235294133424759
gatedv2_t0.95_d2_s400,cro2_Vacancy-Anion-03.png,16,0.0,20.0,boundary_edge,80,0.8467367422350944,0.4679466485977173,0.07450980693101883
gatedv2_t0.95_d2_s400,cro2_Vacancy-Anion-03.png,16,0.0,231.0,boundary_edge,80,0.8467367422350944,0.5504430532455444,0.027450980618596077
gatedv2_t0.95_d2_s400,cro2_Vacancy-Anion-03.png,16,103.0,82.0,borderline_shifted,80,0.8467367422350944,0.5176293849945068,0.5490196347236633
gatedv2_t0.95_d2_s400,cro2_Vacancy-Anion-03.png,16,96.0,97.0,borderline_shifted,80,0.8467367422350944,0.476409912109375,0.4588235318660736
gatedv2_t0.95_d2_s400,cro2_Vacancy-Anion-03.png,16,96.0,324.0,borderline_shifted,80,0.8467367422350944,0.47378596663475037,0.40392157435417175
gatedv2_t0.95_d2_s400,vo2_Vacancy-Anion-03.png,20,277.0,339.0,borderline_shifted,100,0.846157372039725,0.5190247893333435,0.2078431397676468
gatedv2_t0.95_d2_s400,vo2_Vacancy-Anion-03.png,20,549.0,334.0,boundary_edge,100,0.846157372039725,0.48375141620635986,0.3137255012989044
gatedv2_t0.95_d2_s400,vo2_Vacancy-Anion-03.png,20,244.0,399.0,borderline_shifted,100,0.846157372039725,0.4851706326007843,0.5490196347236633
gatedv2_t0.95_d2_s400,vo2_Vacancy-Anion-03.png,20,286.0,370.0,borderline_shifted,100,0.846157372039725,0.48801741003990173,0.21176470816135406
gatedv2_t0.95_d2_s400,vo2_Vacancy-Anion-03.png,20,549.0,437.0,boundary_edge,100,0.846157372039725,0.4231911897659302,0.23137255012989044
gatedv2_t0.95_d2_s400,vo2_Vacancy-Anion-03.png,20,274.0,376.0,borderline_shifted,100,0.846157372039725,0.39743539690971375,0.16078431904315948
gatedv2_t0.95_d2_s400,vo2_Vacancy-Anion-03.png,20,549.0,377.0,boundary_edge,100,0.846157372039725,0.3416101336479187,0.16470588743686676
gatedv2_t0.95_d2_s400,vo2_Vacancy-Anion-03.png,20,506.0,430.0,borderline_shifted,100,0.846157372039725,0.5220707654953003,0.4941176474094391
gatedv2_t0.95_d2_s400,vo2_Vacancy-Anion-03.png,20,529.0,421.0,borderline_shifted,100,0.846157372039725,0.5713621377944946,0.38823530077934265
gatedv2_t0.95_d2_s400,vo2_Vacancy-Anion-03.png,20,273.0,435.0,boundary_edge,100,0.846157372039725,0.2756260931491852,0.23529411852359772
gatedv2_t0.95_d2_s400,vo2_Vacancy-Anion-03.png,20,270.0,423.0,boundary_edge,100,0.846157372039725,0.28400665521621704,0.1725490242242813
gatedv2_t0.95_d2_s400,vo2_Vacancy-Anion-03.png,20,228.0,368.0,borderline_shifted,100,0.846157372039725,0.4290839433670044,0.42352941632270813
gatedv2_t0.95_d2_s400,vo2_Vacancy-Anion-03.png,20,171.0,377.0,boundary_edge,100,0.846157372039725,0.5035906434059143,0.49803921580314636
gatedv2_t0.95_d2_s400,vo2_Vacancy-Anion-03.png,20,242.0,20.0,boundary_edge,100,0.846157372039725,0.4864036738872528,0.5254902243614197
gatedv2_t0.95_d2_s400,vo2_Vacancy-Anion-03.png,20,378.0,258.0,boundary_edge,100,0.846157372039725,0.49287527799606323,0.40392157435417175
gatedv2_t0.95_d2_s400,vo2_Vacancy-Anion-03.png,20,171.0,257.0,boundary_edge,100,0.846157372039725,0.49649590253829956,0.529411792755127
gatedv2_t0.95_d2_s400,vo2_Vacancy-Anion-03.png,20,172.0,140.0,boundary_edge,100,0.846157372039725,0.49947476387023926,0.49803921580314636
gatedv2_t0.95_d2_s400,vo2_Vacancy-Anion-03.png,20,447.0,377.0,boundary_edge,100,0.846157372039725,0.4988326132297516,0.4745098054409027
gatedv2_t0.95_d2_s400,vo2_Vacancy-Anion-03.png,20,516.0,20.0,boundary_edge,100,0.846157372039725,0.4843248724937439,0.45490196347236633
gatedv2_t0.95_d2_s400,vo2_Vacancy-Anion-03.png,20,412.0,80.0,boundary_edge,100,0.846157372039725,0.47898799180984497,0.5176470875740051
gatedv2_t0.95_d2_s400,vo2_Vacancy-Anion-03.png,20,482.0,318.0,boundary_edge,100,0.846157372039725,0.4985973536968231,0.49803921580314636
gatedv2_t0.95_d2_s400,vo2_Vacancy-Anion-03.png,20,104.0,377.0,boundary_edge,100,0.846157372039725,0.500932514667511,0.48627451062202454
gatedv2_t0.95_d2_s400,vo2_Vacancy-Anion-03.png,20,206.0,79.0,boundary_edge,100,0.846157372039725,0.4965185821056366,0.5411764979362488
gatedv2_t0.95_d2_s400,vo2_Vacancy-Anion-03.png,20,206.0,318.0,invented_damaged,100,0.846157372039725,0.496946781873703,0.501960813999176
gatedv2_t0.95_d2_s400,vo2_Vacancy-Anion-03.png,20,33.0,20.0,boundary_edge,100,0.846157372039725,0.4913958013057709,0.4745098054409027
gatedv2_t0.95_d2_s400,vo2_Vacancy-Anion-03.png,20,345.0,79.0,boundary_edge,100,0.846157372039725,0.49731194972991943,0.5411764979362488
gatedv2_t0.95_d2_s400,vo2_Vacancy-Anion-03.png,20,447.0,139.0,boundary_edge,100,0.846157372039725,0.4924255609512329,0.48235294222831726
gatedv2_t0.95_d2_s400,vo2_Vacancy-Anion-03.png,20,34.0,138.0,boundary_edge,100,0.846157372039725,0.49986201524734497,0.45098039507865906
gatedv2_t0.95_d2_s400,vo2_Vacancy-Anion-03.png,20,309.0,139.0,boundary_edge,100,0.846157372039725,0.49656161665916443,0.47058823704719543
gatedv2_t0.95_d2_s400,vo2_Vacancy-Anion-03.png,20,69.0,318.0,boundary_edge,100,0.846157372039725,0.4912673830986023,0.5176470875740051
gatedv2_t0.95_d2_s400,vo2_Vacancy-Anion-03.png,20,378.0,377.0,boundary_edge,100,0.846157372039725,0.49780476093292236,0.5176470875740051
gatedv2_t0.95_d2_s400,vo2_Vacancy-Anion-03.png,20,344.0,318.0,boundary_edge,100,0.846157372039725,0.4945451021194458,0.5372549295425415
gatedv2_t0.95_d2_s400,vo2_Vacancy-Anion-03.png,20,241.0,139.0,invented_damaged,100,0.846157372039725,0.49671152234077454,0.5254902243614197
gatedv2_t0.95_d2_s400,vo2_Vacancy-Anion-03.png,20,69.0,79.0,boundary_edge,100,0.846157372039725,0.49369022250175476,0.4274509847164154
gatedv2_t0.95_d2_s400,vo2_Vacancy-Anion-03.png,20,137.0,79.0,boundary_edge,100,0.846157372039725,0.47568875551223755,0.5058823823928833
gatedv2_t0.95_d2_s400,vo2_Vacancy-Anion-03.png,20,309.0,20.0,boundary_edge,100,0.846157372039725,0.48792511224746704,0.45098039507865906
gatedv2_t0.95_d2_s400,vo2_Vacancy-Anion-03.png,20,481.0,79.0,invented_damaged,100,0.846157372039725,0.49323856830596924,0.5215686559677124
gatedv2_t0.95_d2_s400,vo2_Vacancy-Anion-03.png,20,103.0,140.0,boundary_edge,100,0.846157372039725,0.4920819103717804,0.45490196347236633
gatedv2_t0.95_d2_s400,mote2-A_Anti-2M.png,20,486.0,425.0,borderline_shifted,189,0.4209784745080395,0.5489907264709473,0.6039215922355652
gatedv2_t0.95_d2_s400,mote2-A_Anti-2M.png,20,562.0,553.0,borderline_shifted,189,0.4209784745080395,0.5795933604240417,0.4313725531101227
gatedv2_t0.95_d2_s400,mote2-A_Anti-2M.png,20,561.0,250.0,borderline_shifted,189,0.4209784745080395,0.5857617259025574,0.4274509847164154
gatedv2_t0.95_d2_s400,mote2-A_Anti-2M.png,20,540.0,559.0,borderline_shifted,189,0.4209784745080395,0.491588830947876,0.4941176474094391
gatedv2_t0.95_d2_s400,mote2-A_Anti-2M.png,20,413.0,432.0,borderline_shifted,189,0.4209784745080395,0.5521008968353271,0.4901960790157318
gatedv2_t0.95_d2_s400,mote2-A_Anti-2M.png,20,540.0,263.0,borderline_shifted,189,0.4209784745080395,0.4971851706504822,0.501960813999176
gatedv2_t0.95_d2_s400,mote2-A_Anti-2M.png,20,490.0,170.0,borderline_shifted,189,0.4209784745080395,0.5549982190132141,0.4431372582912445
gatedv2_t0.95_d2_s400,mote2-A_Anti-2M.png,20,413.0,128.0,borderline_shifted,189,0.4209784745080395,0.5347234010696411,0.49803921580314636
gatedv2_t0.95_d2_s400,mote2-A_Anti-2M.png,20,542.0,253.0,borderline_shifted,189,0.4209784745080395,0.48038238286972046,0.5058823823928833
gatedv2_t0.95_d2_s400,mote2-A_Anti-2M.png,20,458.0,485.0,borderline_shifted,189,0.4209784745080395,0.4428207278251648,0.3333333432674408
gatedv2_t0.95_d2_s400,mote2-A_Anti-2M.png,20,458.0,182.0,borderline_shifted,189,0.4209784745080395,0.4478588104248047,0.34117648005485535
gatedv2_t0.95_d2_s400,mote2-A_Anti-2M.png,20,485.0,108.0,borderline_shifted,189,0.4209784745080395,0.3127152919769287,0.3686274588108063
gatedv2_t0.95_d2_s400,mote2-A_Anti-2M.png,20,504.0,155.0,borderline_shifted,189,0.4209784745080395,0.4041918218135834,0.3333333432674408
gatedv2_t0.95_d2_s400,mote2-A_Anti-2M.png,20,471.0,458.0,borderline_shifted,189,0.4209784745080395,0.32286471128463745,0.3529411852359772
gatedv2_t0.95_d2_s400,mote2-A_Anti-2M.png,20,472.0,154.0,borderline_shifted,189,0.4209784745080395,0.34080469608306885,0.34117648005485535
gatedv2_t0.95_d2_s400,mote2-A_Anti-2M.png,20,484.0,413.0,borderline_shifted,189,0.4209784745080395,0.34529823064804077,0.38823530077934265
gatedv2_t0.95_d2_s400,mote2-A_Anti-2M.png,20,467.0,465.0,borderline_shifted,189,0.4209784745080395,0.32454636693000793,0.33725491166114807
gatedv2_t0.95_d2_s400,mote2-A_Anti-2M.png,20,444.0,481.0,borderline_shifted,189,0.4209784745080395,0.4495404362678528,0.4627451002597809
gatedv2_t0.95_d2_s400,mote2-A_Anti-2M.png,20,412.0,444.0,borderline_shifted,189,0.4209784745080395,0.3367956578731537,0.45490196347236633
gatedv2_t0.95_d2_s400,mote2-A_Anti-2M.png,20,471.0,169.0,borderline_shifted,189,0.4209784745080395,0.31445640325546265,0.2705882489681244
gatedv2_t0.95_d2_s400,mote2-A_Anti-2M.png,20,444.0,177.0,borderline_shifted,189,0.4209784745080395,0.4685969650745392,0.501960813999176
gatedv2_t0.95_d2_s400,mote2-A_Anti-2M.png,20,423.0,235.0,borderline_shifted,189,0.4209784745080395,0.47265076637268066,0.5254902243614197
gatedv2_t0.95_d2_s400,mote2-A_Anti-2M.png,20,5.0,604.0,boundary_edge,189,0.4209784745080395,0.4672834277153015,0.4470588266849518
gatedv2_t0.95_d2_s400,mote2-A_Anti-2M.png,20,500.0,363.0,borderline_shifted,189,0.4209784745080395,0.36958569288253784,0.2980392277240753
gatedv2_t0.95_d2_s400,mote2-A_Anti-2M.png,20,517.0,155.0,borderline_shifted,189,0.4209784745080395,0.3368831276893616,0.2823529541492462
gatedv2_t0.95_d2_s400,mote2-A_Anti-2M.png,20,433.0,410.0,borderline_shifted,189,0.4209784745080395,0.3553399443626404,0.30588236451148987
gatedv2_t0.95_d2_s400,mote2-A_Anti-2M.png,20,471.0,475.0,borderline_shifted,189,0.4209784745080395,0.32062476873397827,0.24313725531101227
gatedv2_t0.95_d2_s400,mote2-A_Anti-2M.png,20,475.0,413.0,borderline_shifted,189,0.4209784745080395,0.28128981590270996,0.4901960790157318
gatedv2_t0.95_d2_s400,mote2-A_Anti-2M.png,20,499.0,59.0,borderline_shifted,189,0.4209784745080395,0.3497021794319153,0.27450981736183167
gatedv2_t0.95_d2_s400,mote2-A_Anti-2M.png,20,426.0,200.0,borderline_shifted,189,0.4209784745080395,0.4517596364021301,0.37254902720451355
gatedv2_t0.95_d2_s400,mote2-A_Anti-2M.png,20,487.0,87.0,borderline_shifted,189,0.4209784745080395,0.2689422070980072,0.43921568989753723
gatedv2_t0.95_d2_s400,mote2-A_Anti-2M.png,20,424.0,500.0,borderline_shifted,189,0.4209784745080395,0.39568591117858887,0.30588236451148987
gatedv2_t0.95_d2_s400,mote2-A_Anti-2M.png,20,432.0,107.0,borderline_shifted,189,0.4209784745080395,0.34917154908180237,0.2862745225429535
gatedv2_t0.95_d2_s400,mote2-A_Anti-2M.png,20,471.0,76.0,borderline_shifted,189,0.4209784745080395,0.26632845401763916,0.2666666805744171
gatedv2_t0.95_d2_s400,mote2-A_Anti-2M.png,20,466.0,76.0,borderline_shifted,189,0.4209784745080395,0.24827200174331665,0.24705882370471954
gatedv2_t0.95_d2_s400,mote2-A_Anti-2M.png,20,462.0,159.0,borderline_shifted,189,0.4209784745080395,0.34640103578567505,0.4156862795352936
gatedv2_t0.95_d2_s400,tate2-A_Fe_doped.png,20,328.0,590.0,invented_damaged,122,0.15879011824324324,0.41860687732696533,0.16078431904315948
gatedv2_t0.95_d2_s400,tate2-A_Fe_doped.png,20,489.0,564.0,borderline_shifted,122,0.15879011824324324,0.313366174697876,0.27843138575553894
gatedv2_t0.95_d2_s400,tate2-A_Fe_doped.png,20,329.0,270.0,invented_damaged,122,0.15879011824324324,0.40371090173721313,0.16078431904315948
gatedv2_t0.95_d2_s400,tate2-A_Fe_doped.png,20,428.0,293.0,borderline_shifted,122,0.15879011824324324,0.45230525732040405,0.46666666865348816
gatedv2_t0.95_d2_s400,tate2-A_Fe_doped.png,20,484.0,611.0,borderline_shifted,122,0.15879011824324324,0.3588292598724365,0.34117648005485535
gatedv2_t0.95_d2_s400,tate2-A_Fe_doped.png,20,476.0,266.0,borderline_shifted,122,0.15879011824324324,0.34667691588401794,0.3450980484485626
gatedv2_t0.95_d2_s400,tate2-A_Fe_doped.png,20,474.0,586.0,borderline_shifted,122,0.15879011824324324,0.337074339389801,0.32156863808631897
gatedv2_t0.95_d2_s400,tate2-A_Fe_doped.png,20,491.0,217.0,borderline_shifted,122,0.15879011824324324,0.3020041584968567,0.30980393290519714
gatedv2_t0.95_d2_s400,tate2-A_Fe_doped.png,20,484.0,292.0,borderline_shifted,122,0.15879011824324324,0.3245343565940857,0.30980393290519714
gatedv2_t0.95_d2_s400,tate2-A_Fe_doped.png,20,355.0,634.0,boundary_edge,122,0.15879011824324324,0.3159310221672058,0.42352941632270813
gatedv2_t0.95_d2_s400,tate2-A_Fe_doped.png,20,468.0,612.0,borderline_shifted,122,0.15879011824324324,0.2616255283355713,0.2078431397676468
gatedv2_t0.95_d2_s400,tate2-A_Fe_doped.png,20,478.0,611.0,borderline_shifted,122,0.15879011824324324,0.3027794361114502,0.3176470696926117
gatedv2_t0.95_d2_s400,tate2-A_Fe_doped.png,20,467.0,293.0,borderline_shifted,122,0.15879011824324324,0.23144599795341492,0.1921568661928177
gatedv2_t0.95_d2_s400,tate2-A_Fe_doped.png,20,330.0,297.0,borderline_shifted,122,0.15879011824324324,0.24245047569274902,0.16862745583057404
gatedv2_t0.95_d2_s400,tate2-A_Fe_doped.png,20,332.0,617.0,borderline_shifted,122,0.15879011824324324,0.23107340931892395,0.16862745583057404
gatedv2_t0.95_d2_s400,tate2-A_Fe_doped.png,20,306.0,271.0,borderline_shifted,122,0.15879011824324324,0.21968907117843628,0.1568627506494522
gatedv2_t0.95_d2_s400,tate2-A_Fe_doped.png,20,461.0,599.0,borderline_shifted,122,0.15879011824324324,0.22275793552398682,0.21960784494876862
gatedv2_t0.95_d2_s400,vse2-A_Vacancy-Anion-06A.png,20,628.0,217.0,borderline_shifted,84,0.057534380961969896,0.24705882370471954,0.21176470816135406
gatedv2_t0.95_d2_s400,vse2-A_Vacancy-Anion-06A.png,20,377.0,362.0,borderline_shifted,84,0.057534380961969896,0.21960784494876862,0.22745098173618317
gatedv2_t0.95_d2_s400,vse2-A_Vacancy-Anion-06A.png,20,294.0,217.0,borderline_shifted,84,0.057534380961969896,0.2235294133424759,0.239215686917305
gatedv2_t0.95_d2_s400,vse2-A_Vacancy-Anion-06A.png,20,210.0,72.0,borderline_shifted,84,0.057534380961969896,0.23137255012989044,0.21960784494876862
gatedv2_t0.95_d2_s400,tase2-A_Vacancy-Anion-12B.png,20,179.0,524.0,invented_undamaged,121,0.0021463873852671216,0.26274511218070984,0.2549019753932953
gatedv2_t0.95_d2_s400,nbs2_Anti-Metal.png,20,612.0,366.0,invented_damaged,106,0.14268454192708938,0.27218103408813477,0.21568627655506134
gatedv2_t0.95_d2_s400,nbs2_Anti-Metal.png,20,493.0,289.0,invented_damaged,106,0.14268454192708938,0.2777969539165497,0.20392157137393951
gatedv2_t0.95_d2_s400,nbs2_Anti-Metal.png,20,519.0,272.0,borderline_shifted,106,0.14268454192708938,0.28923436999320984,0.26274511218070984
gatedv2_t0.95_d2_s400,nbs2_Anti-Metal.png,20,553.0,409.0,borderline_shifted,106,0.14268454192708938,0.15679386258125305,0.2549019753932953
gatedv2_t0.95_d2_s400,nbs2_Anti-Metal.png,20,603.0,346.0,borderline_shifted,106,0.14268454192708938,0.15096622705459595,0.13725490868091583
gatedv2_t0.95_d2_s400,nbs2_Anti-Metal.png,20,628.0,371.0,invented_damaged,106,0.14268454192708938,0.1426457315683365,0.13333334028720856
gatedv2_t0.95_d2_s400,nbte2_Vacancy-Anion-12A.png,20,488.0,313.0,invented_undamaged,170,0.2220499738356881,0.6154152750968933,0.08235294371843338
gatedv2_t0.95_d2_s400,nbte2_Vacancy-Anion-12A.png,20,375.0,289.0,borderline_shifted,170,0.2220499738356881,0.7061522006988525,0.14901961386203766
gatedv2_t0.95_d2_s400,nbte2_Vacancy-Anion-12A.png,20,403.0,158.0,boundary_edge,170,0.2220499738356881,0.6346343755722046,0.125490203499794
gatedv2_t0.95_d2_s400,nbte2_Vacancy-Anion-12A.png,20,359.0,274.0,borderline_shifted,170,0.2220499738356881,0.5676635503768921,0.12941177189350128
gatedv2_t0.95_d2_s400,nbte2_Vacancy-Anion-12A.png,20,568.0,155.0,invented_undamaged,170,0.2220499738356881,0.450641930103302,0.05882352963089943
gatedv2_t0.95_d2_s400,nbte2_Vacancy-Anion-12A.png,20,392.0,164.0,borderline_shifted,170,0.2220499738356881,0.6128968000411987,0.1882352977991104
gatedv2_t0.95_d2_s400,nbte2_Vacancy-Anion-12A.png,20,355.0,249.0,borderline_shifted,170,0.2220499738356881,0.5385053157806396,0.2666666805744171
gatedv2_t0.95_d2_s400,nbte2_Vacancy-Anion-12A.png,20,354.0,278.0,borderline_shifted,170,0.2220499738356881,0.46123120188713074,0.11372549086809158
gatedv2_t0.95_d2_s400,nbte2_Vacancy-Anion-12A.png,20,393.0,145.0,borderline_shifted,170,0.2220499738356881,0.5608346462249756,0.1882352977991104
gatedv2_t0.95_d2_s400,nbte2_Vacancy-Anion-12A.png,20,586.0,172.0,borderline_shifted,170,0.2220499738356881,0.3007012605667114,0.06666667014360428
gatedv2_t0.95_d2_s400,nbte2_Vacancy-Anion-12A.png,20,357.0,220.0,borderline_shifted,170,0.2220499738356881,0.43304207921028137,0.239215686917305
gatedv2_t0.95_d2_s400,nbte2_Vacancy-Anion-12A.png,20,583.0,137.0,borderline_shifted,170,0.2220499738356881,0.28055253624916077,0.0941176488995552
gatedv2_t0.95_d2_s400,tise2_Adatom-Li.png,20,598.0,370.0,borderline_shifted,157,0.5786255096097845,0.3394472897052765,0.45098039507865906
gatedv2_t0.95_d2_s400,tise2_Adatom-Li.png,20,583.0,319.0,borderline_shifted,157,0.5786255096097845,0.26723310351371765,0.25882354378700256
gatedv2_t0.95_d2_s400,tise2_Adatom-Li.png,20,511.0,371.0,borderline_shifted,157,0.5786255096097845,0.3332042992115021,0.29019609093666077
gatedv2_t0.95_d2_s400,tite2-B_Cu_doped.png,20,746.0,162.0,boundary_edge,72,0.5777090846642624,0.1568627506494522,0.125490203499794
gatedv2_t0.95_d2_s400,tite2-B_Cu_doped.png,20,376.0,162.0,borderline_shifted,72,0.5777090846642624,0.16862745583057404,0.12156862765550613
gatedv2_t0.95_d2_s400,vs2_Vacancy-Anion-06A.png,20,365.0,61.0,borderline_shifted,158,0.7683230182784471,0.61418217420578,0.6627451181411743
gatedv2_t0.95_d2_s400,vs2_Vacancy-Anion-06A.png,20,312.0,64.0,borderline_shifted,158,0.7683230182784471,0.5254715085029602,0.3176470696926117
gatedv2_t0.95_d2_s400,vs2_Vacancy-Anion-06A.png,20,92.0,113.0,boundary_edge,158,0.7683230182784471,0.38260889053344727,0.06666667014360428
gatedv2_t0.95_d2_s400,vs2_Vacancy-Anion-06A.png,20,315.0,92.0,borderline_shifted,158,0.7683230182784471,0.423763245344162,0.34117648005485535
gatedv2_t0.95_d2_s400,vs2_Vacancy-Anion-06A.png,20,281.0,17.0,borderline_shifted,158,0.7683230182784471,0.38851335644721985,0.45490196347236633
gatedv2_t0.95_d2_s400,vs2_Vacancy-Anion-06A.png,20,297.0,16.0,borderline_shifted,158,0.7683230182784471,0.3835561275482178,0.30980393290519714
gatedv2_t0.95_d2_s400,vs2_Vacancy-Anion-06A.png,20,174.0,158.0,boundary_edge,158,0.7683230182784471,0.3993207812309265,0.364705890417099
gatedv2_t0.95_d2_s400,vs2_Vacancy-Anion-06A.png,20,94.0,21.0,boundary_edge,158,0.7683230182784471,0.39657023549079895,0.32549020648002625
gatedv2_t0.95_d2_s400,vs2_Vacancy-Anion-06A.png,20,367.0,447.0,invented_damaged,158,0.7683230182784471,0.5430507659912109,0.5098039507865906
gatedv2_t0.95_d2_s400,vte2_Defect-Free.png,20,405.0,602.0,borderline_shifted,119,0.11809107112468539,0.3527376055717468,0.29411765933036804
gatedv2_t0.95_d2_s400,vte2_Defect-Free.png,20,423.0,589.0,borderline_shifted,119,0.11809107112468539,0.3113101124763489,0.3333333432674408
gatedv2_t0.95_d2_s400,vte2_Defect-Free.png,20,355.0,550.0,borderline_shifted,119,0.11809107112468539,0.21707063913345337,0.1921568661928177
gatedv2_t0.95_d2_s400,vte2_Defect-Free.png,20,404.0,582.0,borderline_shifted,119,0.11809107112468539,0.20203430950641632,0.23137255012989044
gatedv2_t0.95_d2_s400,vte2_Defect-Free.png,20,325.0,536.0,borderline_shifted,119,0.11809107112468539,0.20377875864505768,0.2078431397676468
gatedv2_t0.95_d2_s400,vte2_Defect-Free.png,20,224.0,584.0,borderline_shifted,119,0.11809107112468539,0.18243257701396942,0.16862745583057404
gatedv2_t0.95_d2_s400,vte2_Defect-Free.png,20,387.0,551.0,invented_damaged,119,0.11809107112468539,0.14637798070907593,0.1882352977991104
gatedv2_t0.95_d2_s400,vte2_Defect-Free.png,20,243.0,603.0,borderline_shifted,119,0.11809107112468539,0.16258293390274048,0.2078431397676468
gatedv2_t0.95_d2_s400,vte2_Defect-Free.png,20,388.0,602.0,borderline_shifted,119,0.11809107112468539,0.1663660705089569,0.14509804546833038
gatedv2_t0.95_d2_s400,vte2_Defect-Free.png,20,426.0,565.0,borderline_shifted,119,0.11809107112468539,0.1744673252105713,0.1882352977991104
gatedv2_t0.95_d2_s400,vte2_Defect-Free.png,20,308.0,536.0,borderline_shifted,119,0.11809107112468539,0.14156551659107208,0.14509804546833038
gatedv2_t0.95_d2_s400,vte2_Defect-Free.png,20,227.0,604.0,borderline_shifted,119,0.11809107112468539,0.183140829205513,0.1411764770746231
gatedv2_t0.95_d2_s400,ws2-A_Vacancy-Metal.png,20,346.0,499.0,invented_undamaged,59,0.09741655859668281,0.635906457901001,0.03529411926865578
gatedv2_t0.95_d2_s400,ws2-A_Vacancy-Metal.png,20,466.0,417.0,borderline_shifted,59,0.09741655859668281,0.33262988924980164,0.34117648005485535
gatedv2_t0.95_d2_s400,ws2-A_Vacancy-Metal.png,20,389.0,497.0,borderline_shifted,59,0.09741655859668281,0.2039274275302887,0.20000000298023224
gatedv2_t0.95_d2_s400,ws2-A_Vacancy-Metal.png,20,393.0,341.0,borderline_shifted,59,0.09741655859668281,0.2235294133424759,0.26274511218070984
gatedv2_t0.95_d2_s400,cose2_Fe_doped.png,20,382.0,311.0,borderline_shifted,96,0.13462105198975652,0.6948015689849854,0.6117647290229797
gatedv2_t0.95_d2_s400,cose2_Fe_doped.png,20,376.0,297.0,borderline_shifted,96,0.13462105198975652,0.27498576045036316,0.4000000059604645
gatedv2_t0.95_d2_s400,cose2_Fe_doped.png,20,356.0,161.0,borderline_shifted,96,0.13462105198975652,0.16616715490818024,0.16470588743686676
gatedv2_t0.95_d2_s400,cose2_Fe_doped.png,20,350.0,270.0,borderline_shifted,96,0.13462105198975652,0.18449285626411438,0.2078431397676468
gatedv2_t0.95_d2_s400,cose2_Fe_doped.png,20,365.0,292.0,borderline_shifted,96,0.13462105198975652,0.18971890211105347,0.15294118225574493
gatedv2_t0.95_d2_s400,cro2_Vacancy-Anion-03.png,20,365.0,137.0,borderline_shifted,80,0.8332209793934552,0.44357290863990784,0.43529412150382996
gatedv2_t0.95_d2_s400,cro2_Vacancy-Anion-03.png,20,391.0,354.0,borderline_shifted,80,0.8332209793934552,0.4138793349266052,0.41960784792900085
gatedv2_t0.95_d2_s400,cro2_Vacancy-Anion-03.png,20,390.0,130.0,borderline_shifted,80,0.8332209793934552,0.4101126492023468,0.3960784375667572
gatedv2_t0.95_d2_s400,cro2_Vacancy-Anion-03.png,20,370.0,371.0,borderline_shifted,80,0.8332209793934552,0.2827381193637848,0.34117648005485535
gatedv2_t0.95_d2_s400,cro2_Vacancy-Anion-03.png,20,383.0,132.0,borderline_shifted,80,0.8332209793934552,0.26709261536598206,0.4117647111415863
gatedv2_t0.95_d2_s400,cro2_Vacancy-Anion-03.png,20,393.0,141.0,borderline_shifted,80,0.8332209793934552,0.3961150348186493,0.4274509847164154
gatedv2_t0.95_d2_s400,vo2_Vacancy-Anion-03.png,28,412.0,80.0,boundary_edge,100,0.8501107715813598,0.4732121229171753,0.5176470875740051
gatedv2_t0.95_d2_s400,vo2_Vacancy-Anion-03.png,28,241.0,138.0,boundary_edge,100,0.8501107715813598,0.4904562830924988,0.5098039507865906
gatedv2_t0.95_d2_s400,vo2_Vacancy-Anion-03.png,28,310.0,138.0,boundary_edge,100,0.8501107715813598,0.4883629083633423,0.47843137383461
gatedv2_t0.95_d2_s400,vo2_Vacancy-Anion-03.png,28,379.0,258.0,boundary_edge,100,0.8501107715813598,0.48657479882240295,0.4588235318660736
gatedv2_t0.95_d2_s400,vo2_Vacancy-Anion-03.png,28,516.0,20.0,invented_damaged,100,0.8501107715813598,0.4787716269493103,0.45490196347236633
gatedv2_t0.95_d2_s400,vo2_Vacancy-Anion-03.png,28,309.0,21.0,boundary_edge,100,0.8501107715813598,0.48195427656173706,0.49803921580314636
gatedv2_t0.95_d2_s400,vo2_Vacancy-Anion-03.png,28,34.0,139.0,boundary_edge,100,0.8501107715813598,0.4808400273323059,0.48627451062202454
gatedv2_t0.95_d2_s400,vo2_Vacancy-Anion-03.png,28,138.0,79.0,boundary_edge,100,0.8501107715813598,0.4737691879272461,0.501960813999176
gatedv2_t0.95_d2_s400,vo2_Vacancy-Anion-03.png,28,34.0,20.0,invented_damaged,100,0.8501107715813598,0.47035637497901917,0.46666666865348816
gatedv2_t0.95_d2_s400,vo2_Vacancy-Anion-03.png,28,172.0,377.0,boundary_edge,100,0.8501107715813598,0.49283161759376526,0.45098039507865906
gatedv2_t0.95_d2_s400,vo2_Vacancy-Anion-03.png,28,516.0,139.0,boundary_edge,100,0.8501107715813598,0.4854254424571991,0.49803921580314636
gatedv2_t0.95_d2_s400,vo2_Vacancy-Anion-03.png,28,344.0,317.0,boundary_edge,100,0.8501107715813598,0.4811602830886841,0.4431372582912445
gatedv2_t0.95_d2_s400,vo2_Vacancy-Anion-03.png,28,103.0,377.0,invented_damaged,100,0.8501107715813598,0.48482000827789307,0.5176470875740051
gatedv2_t0.95_d2_s400,vo2_Vacancy-Anion-03.png,28,549.0,80.0,boundary_edge,100,0.8501107715813598,0.46555572748184204,0.4745098054409027
gatedv2_t0.95_d2_s400,vo2_Vacancy-Anion-03.png,28,205.0,80.0,invented_damaged,100,0.8501107715813598,0.4840393364429474,0.49803921580314636
gatedv2_t0.95_d2_s400,vo2_Vacancy-Anion-03.png,28,379.0,377.0,boundary_edge,100,0.8501107715813598,0.48772236704826355,0.46666666865348816
gatedv2_t0.95_d2_s400,vo2_Vacancy-Anion-03.png,28,171.0,140.0,boundary_edge,100,0.8501107715813598,0.4822678864002228,0.48627451062202454
gatedv2_t0.95_d2_s400,vo2_Vacancy-Anion-03.png,28,447.0,377.0,boundary_edge,100,0.8501107715813598,0.4891701936721802,0.4745098054409027
gatedv2_t0.95_d2_s400,vo2_Vacancy-Anion-03.png,28,104.0,140.0,boundary_edge,100,0.8501107715813598,0.4846532344818115,0.48627451062202454
gatedv2_t0.95_d2_s400,vo2_Vacancy-Anion-03.png,28,171.0,258.0,boundary_edge,100,0.8501107715813598,0.4804413616657257,0.45098039507865906
gatedv2_t0.95_d2_s400,mos2-A_Adatom-Li.png,28,206.0,160.0,borderline_shifted,84,0.31663115118276464,0.7007681131362915,0.7960784435272217
gatedv2_t0.95_d2_s400,mos2-A_Adatom-Li.png,28,203.0,87.0,borderline_shifted,84,0.31663115118276464,0.6054469347000122,0.6470588445663452
gatedv2_t0.95_d2_s400,mos2-A_Adatom-Li.png,28,118.0,250.0,invented_damaged,84,0.31663115118276464,0.26848751306533813,0.2705882489681244
gatedv2_t0.95_d2_s400,mos2-A_Adatom-Li.png,28,90.0,289.0,invented_damaged,84,0.31663115118276464,0.2549019753932953,0.26274511218070984
gatedv2_t0.95_d2_s400,mos2-A_Adatom-Li.png,28,118.0,17.0,borderline_shifted,84,0.31663115118276464,0.20668648183345795,0.0470588244497776
gatedv2_t0.95_d2_s400,mos2-A_Adatom-Li.png,28,184.0,128.0,invented_damaged,84,0.31663115118276464,0.24614599347114563,0.30588236451148987
gatedv2_t0.95_d2_s400,mose2-A_Doped-Na.png,28,389.0,295.0,borderline_shifted,105,0.27534311157674174,0.3823103904724121,0.3843137323856354
gatedv2_t0.95_d2_s400,mose2-A_Doped-Na.png,28,383.0,315.0,borderline_shifted,105,0.27534311157674174,0.39226800203323364,0.3843137323856354
gatedv2_t0.95_d2_s400,mose2-A_Doped-Na.png,28,447.0,357.0,borderline_shifted,105,0.27534311157674174,0.4194730818271637,0.3960784375667572
gatedv2_t0.95_d2_s400,mose2-A_Doped-Na.png,28,315.0,334.0,borderline_shifted,105,0.27534311157674174,0.25573650002479553,0.5176470875740051
gatedv2_t0.95_d2_s400,mose2-A_Doped-Na.png,28,299.0,339.0,borderline_shifted,105,0.27534311157674174,0.32437190413475037,0.4901960790157318
gatedv2_t0.95_d2_s400,mose2-A_Doped-Na.png,28,298.0,346.0,borderline_shifted,105,0.27534311157674174,0.32348692417144775,0.5529412031173706
gatedv2_t0.95_d2_s400,mose2-A_Doped-Na.png,28,378.0,235.0,borderline_shifted,105,0.27534311157674174,0.29045456647872925,0.23529411852359772
gatedv2_t0.95_d2_s400,mose2-A_Doped-Na.png,28,373.0,307.0,borderline_shifted,105,0.27534311157674174,0.2624205946922302,0.4627451002597809
gatedv2_t0.95_d2_s400,mose2-A_Doped-Na.png,28,303.0,325.0,borderline_shifted,105,0.27534311157674174,0.20400787889957428,0.21960784494876862
gatedv2_t0.95_d2_s400,mose2-A_Doped-Na.png,28,280.0,308.0,invented_damaged,105,0.27534311157674174,0.2477598488330841,0.0941176488995552
gatedv2_t0.95_d2_s400,mose2-A_Doped-Na.png,28,362.0,298.0,borderline_shifted,105,0.27534311157674174,0.19168388843536377,0.24705882370471954
gatedv2_t0.95_d2_s400,mose2-A_Doped-Na.png,28,362.0,313.0,borderline_shifted,105,0.27534311157674174,0.20711809396743774,0.250980406999588
gatedv2_t0.95_d2_s400,mose2-A_Doped-Na.png,28,369.0,233.0,borderline_shifted,105,0.27534311157674174,0.25161993503570557,0.23137255012989044
gatedv2_t0.95_d2_s400,mose2-A_Doped-Na.png,28,433.0,266.0,borderline_shifted,105,0.27534311157674174,0.1930360496044159,0.1921568661928177
gatedv2_t0.95_d2_s400,mose2-A_Doped-Na.png,28,340.0,354.0,borderline_shifted,105,0.27534311157674174,0.15515416860580444,0.47058823704719543
gatedv2_t0.95_d2_s400,mose2-A_Doped-Na.png,28,278.0,297.0,invented_damaged,105,0.27534311157674174,0.23369625210762024,0.08235294371843338
gatedv2_t0.95_d2_s400,mose2-A_Doped-Na.png,28,361.0,326.0,borderline_shifted,105,0.27534311157674174,0.22790612280368805,0.3450980484485626
gatedv2_t0.95_d2_s400,mose2-A_Doped-Na.png,28,525.0,0.0,boundary_edge,105,0.27534311157674174,0.19607843458652496,0.1725490242242813
gatedv2_t0.95_d2_s400,mose2-A_Doped-Na.png,28,346.0,327.0,borderline_shifted,105,0.27534311157674174,0.16921773552894592,0.24705882370471954
gatedv2_t0.95_d2_s400,mose2-A_Doped-Na.png,28,373.0,338.0,borderline_shifted,105,0.27534311157674174,0.23022955656051636,0.4470588266849518
gatedv2_t0.95_d2_s400,mose2-A_Doped-Na.png,28,395.0,228.0,borderline_shifted,105,0.27534311157674174,0.2982977330684662,0.27843138575553894
gatedv2_t0.95_d2_s400,mote2-A_Anti-2M.png,28,6.0,604.0,boundary_edge,189,0.2446209950507945,0.4745098054409027,0.5215686559677124
gatedv2_t0.95_d2_s400,tate2-A_Fe_doped.png,28,0.0,598.0,boundary_edge,122,0.29657094594594596,0.5992459654808044,0.05098039284348488
gatedv2_t0.95_d2_s400,tate2-A_Fe_doped.png,28,0.0,411.0,boundary_edge,122,0.29657094594594596,0.6224410533905029,0.14901961386203766
gatedv2_t0.95_d2_s400,tate2-A_Fe_doped.png,28,0.0,185.0,boundary_edge,122,0.29657094594594596,0.6292763948440552,0.05882352963089943
gatedv2_t0.95_d2_s400,tate2-A_Fe_doped.png,28,0.0,505.0,boundary_edge,122,0.29657094594594596,0.6185194849967957,0.05882352963089943
gatedv2_t0.95_d2_s400,tate2-A_Fe_doped.png,28,0.0,90.0,boundary_edge,122,0.29657094594594596,0.5835596919059753,0.1568627506494522
gatedv2_t0.95_d2_s400,tate2-A_Fe_doped.png,28,0.0,267.0,boundary_edge,122,0.29657094594594596,0.41660383343696594,0.0470588244497776
gatedv2_t0.95_d2_s400,tate2-A_Fe_doped.png,28,180.0,127.0,borderline_shifted,122,0.29657094594594596,0.5894969701766968,0.545098066329956
gatedv2_t0.95_d2_s400,tate2-A_Fe_doped.png,28,96.0,36.0,borderline_shifted,122,0.29657094594594596,0.2537940740585327,0.24313725531101227
gatedv2_t0.95_d2_s400,tate2-A_Fe_doped.png,28,148.0,280.0,borderline_shifted,122,0.29657094594594596,0.3658430874347687,0.35686275362968445
gatedv2_t0.95_d2_s400,tate2-A_Fe_doped.png,28,165.0,517.0,borderline_shifted,122,0.29657094594594596,0.3274107277393341,0.32549020648002625
gatedv2_t0.95_d2_s400,tate2-A_Fe_doped.png,28,83.0,245.0,borderline_shifted,122,0.29657094594594596,0.31183671951293945,0.32549020648002625
gatedv2_t0.95_d2_s400,tate2-A_Fe_doped.png,28,163.0,194.0,borderline_shifted,122,0.29657094594594596,0.33783161640167236,0.40392157435417175
gatedv2_t0.95_d2_s400,tate2-A_Fe_doped.png,28,150.0,174.0,borderline_shifted,122,0.29657094594594596,0.3613626956939697,0.3529411852359772
gatedv2_t0.95_d2_s400,tate2-A_Fe_doped.png,28,114.0,80.0,borderline_shifted,122,0.29657094594594596,0.4987371563911438,0.572549045085907
gatedv2_t0.95_d2_s400,tate2-A_Fe_doped.png,28,80.0,565.0,borderline_shifted,122,0.29657094594594596,0.31183671951293945,0.32549020648002625
gatedv2_t0.95_d2_s400,tate2-A_Fe_doped.png,28,147.0,506.0,borderline_shifted,122,0.29657094594594596,0.3841087222099304,0.3137255012989044
gatedv2_t0.95_d2_s400,tate2-A_Fe_doped.png,28,146.0,187.0,borderline_shifted,122,0.29657094594594596,0.3625950217247009,0.29411765933036804
gatedv2_t0.95_d2_s400,tate2-A_Fe_doped.png,28,32.0,67.0,borderline_shifted,122,0.29657094594594596,0.30511367321014404,0.32156863808631897
gatedv2_t0.95_d2_s400,tate2-A_Fe_doped.png,28,162.0,189.0,borderline_shifted,122,0.29657094594594596,0.2562587857246399,0.48627451062202454
gatedv2_t0.95_d2_s400,tate2-A_Fe_doped.png,28,101.0,229.0,borderline_shifted,122,0.29657094594594596,0.23396171629428864,0.21960784494876862
gatedv2_t0.95_d2_s400,tate2-A_Fe_doped.png,28,147.0,498.0,borderline_shifted,122,0.29657094594594596,0.36013031005859375,0.34117648005485535
gatedv2_t0.95_d2_s400,tate2-A_Fe_doped.png,28,100.0,548.0,borderline_shifted,122,0.29657094594594596,0.23642641305923462,0.21960784494876862
gatedv2_t0.95_d2_s400,tate2-A_Fe_doped.png,28,115.0,296.0,borderline_shifted,122,0.29657094594594596,0.26611924171447754,0.3686274588108063
gatedv2_t0.95_d2_s400,tate2-A_Fe_doped.png,28,30.0,386.0,borderline_shifted,122,0.29657094594594596,0.303769052028656,0.38823530077934265
gatedv2_t0.95_d2_s400,tate2-A_Fe_doped.png,28,114.0,291.0,borderline_shifted,122,0.29657094594594596,0.3136287033557892,0.45098039507865906
gatedv2_t0.95_d2_s400,tate2-A_Fe_doped.png,28,149.0,516.0,borderline_shifted,122,0.29657094594594596,0.30892297625541687,0.250980406999588
gatedv2_t0.95_d2_s400,tate2-A_Fe_doped.png,28,6.0,291.0,boundary_edge,122,0.29657094594594596,0.22093656659126282,0.062745101749897
gatedv2_t0.95_d2_s400,tate2-A_Fe_doped.png,28,149.0,196.0,borderline_shifted,122,0.29657094594594596,0.3074661195278168,0.23529411852359772
gatedv2_t0.95_d2_s400,tate2-A_Fe_doped.png,28,76.0,385.0,borderline_shifted,122,0.29657094594594596,0.22309260070323944,0.2823529541492462
gatedv2_t0.95_d2_s400,tate2-A_Fe_doped.png,28,107.0,393.0,borderline_shifted,122,0.29657094594594596,0.34007346630096436,0.3607843220233917
gatedv2_t0.95_d2_s400,tate2-A_Fe_doped.png,28,100.0,213.0,borderline_shifted,122,0.29657094594594596,0.21771417558193207,0.19607843458652496
gatedv2_t0.95_d2_s400,tate2-A_Fe_doped.png,28,100.0,532.0,borderline_shifted,122,0.29657094594594596,0.21771417558193207,0.19607843458652496
gatedv2_t0.95_d2_s400,tate2-A_Fe_doped.png,28,179.0,513.0,borderline_shifted,122,0.29657094594594596,0.2156960368156433,0.239215686917305
gatedv2_t0.95_d2_s400,tate2-A_Fe_doped.png,28,179.0,192.0,borderline_shifted,122,0.29657094594594596,0.22230681777000427,0.250980406999588
gatedv2_t0.95_d2_s400,tate2-A_Fe_doped.png,28,6.0,374.0,boundary_edge,122,0.29657094594594596,0.24436011910438538,0.2980392277240753
gatedv2_t0.95_d2_s400,tate2-A_Fe_doped.png,28,178.0,267.0,borderline_shifted,122,0.29657094594594596,0.2601779103279114,0.239215686917305
gatedv2_t0.95_d2_s400,tate2-A_Fe_doped.png,28,178.0,587.0,borderline_shifted,122,0.29657094594594596,0.2604024112224579,0.24705882370471954
gatedv2_t0.95_d2_s400,tate2-A_Fe_doped.png,28,48.0,34.0,borderline_shifted,122,0.29657094594594596,0.15720625221729279,0.1921568661928177
gatedv2_t0.95_d2_s400,tate2-A_Fe_doped.png,28,104.0,75.0,borderline_shifted,122,0.29657094594594596,0.39654695987701416,0.40392157435417175
gatedv2_t0.95_d2_s400,vse2-A_Vacancy-Anion-06A.png,28,668.0,145.0,boundary_edge,84,0.3680718521444375,0.21176470816135406,0.22745098173618317
gatedv2_t0.95_d2_s400,vse2-A_Vacancy-Anion-06A.png,28,337.0,145.0,borderline_shifted,84,0.3680718521444375,0.250980406999588,0.2078431397676468
gatedv2_t0.95_d2_s400,vse2-A_Vacancy-Anion-06A.png,28,668.0,11.0,boundary_edge,84,0.3680718521444375,0.18431372940540314,0.19607843458652496
gatedv2_t0.95_d2_s400,vse2-A_Vacancy-Anion-06A.png,28,336.0,11.0,boundary_edge,84,0.3680718521444375,0.21176470816135406,0.1725490242242813
gatedv2_t0.95_d2_s400,vse2-A_Vacancy-Anion-06A.png,28,668.0,287.0,boundary_edge,84,0.3680718521444375,0.25882354378700256,0.24313725531101227
gatedv2_t0.95_d2_s400,vse2-A_Vacancy-Anion-06A.png,28,337.0,578.0,boundary_edge,84,0.3680718521444375,0.1921568661928177,0.12941177189350128
gatedv2_t0.95_d2_s400,vse2-A_Vacancy-Anion-06A.png,28,668.0,578.0,boundary_edge,84,0.3680718521444375,0.16862745583057404,0.1411764770746231
gatedv2_t0.95_d2_s400,vse2-A_Vacancy-Anion-06A.png,28,591.0,0.0,boundary_edge,84,0.3680718521444375,0.1882352977991104,0.20000000298023224
gatedv2_t0.95_d2_s400,vse2-A_Vacancy-Anion-06A.png,28,257.0,0.0,boundary_edge,84,0.3680718521444375,0.1921568661928177,0.21568627655506134
gatedv2_t0.95_d2_s400,vse2-A_Vacancy-Anion-06A.png,28,0.0,144.0,boundary_edge,84,0.3680718521444375,0.25882354378700256,0.19607843458652496
gatedv2_t0.95_d2_s400,vse2-A_Vacancy-Anion-06A.png,28,213.0,74.0,borderline_shifted,84,0.3680718521444375,0.22745098173618317,0.2235294133424759
gatedv2_t0.95_d2_s400,tase2-A_Vacancy-Anion-12B.png,28,252.0,266.0,borderline_shifted,121,0.015954342198164273,0.23529411852359772,0.250980406999588
gatedv2_t0.95_d2_s400,tase2-A_Vacancy-Anion-12B.png,28,252.0,569.0,borderline_shifted,121,0.015954342198164273,0.22745098173618317,0.24705882370471954
gatedv2_t0.95_d2_s400,nbs2_Anti-Metal.png,28,54.0,445.0,invented_undamaged,106,0.1717925086033081,0.29367372393608093,0.0117647061124444
gatedv2_t0.95_d2_s400,nbs2_Anti-Metal.png,28,257.0,517.0,borderline_shifted,106,0.1717925086033081,0.38619768619537354,0.40784314274787903
gatedv2_t0.95_d2_s400,nbs2_Anti-Metal.png,28,272.0,514.0,borderline_shifted,106,0.1717925086033081,0.32997241616249084,0.2823529541492462
gatedv2_t0.95_d2_s400,nbs2_Anti-Metal.png,28,243.0,515.0,borderline_shifted,106,0.1717925086033081,0.25457388162612915,0.24313725531101227
gatedv2_t0.95_d2_s400,nbs2_Anti-Metal.png,28,255.0,377.0,borderline_shifted,106,0.1717925086033081,0.32579970359802246,0.2549019753932953
gatedv2_t0.95_d2_s400,nbs2_Anti-Metal.png,28,102.0,486.0,borderline_shifted,106,0.1717925086033081,0.16511178016662598,0.125490203499794
gatedv2_t0.95_d2_s400,nbs2_Anti-Metal.png,28,230.0,390.0,borderline_shifted,106,0.1717925086033081,0.19511276483535767,0.16470588743686676
gatedv2_t0.95_d2_s400,nbte2_Vacancy-Anion-12A.png,28,360.0,289.0,invented_damaged,170,0.4029216814931101,0.8945953249931335,0.10980392247438431
gatedv2_t0.95_d2_s400,nbte2_Vacancy-Anion-12A.png,28,487.0,313.0,invented_damaged,170,0.4029216814931101,0.6799982786178589,0.0941176488995552
gatedv2_t0.95_d2_s400,nbte2_Vacancy-Anion-12A.png,28,342.0,187.0,borderline_shifted,170,0.4029216814931101,0.49385330080986023,0.5254902243614197
gatedv2_t0.95_d2_s400,nbte2_Vacancy-Anion-12A.png,28,386.0,168.0,borderline_shifted,170,0.4029216814931101,0.5643040537834167,0.25882354378700256
gatedv2_t0.95_d2_s400,nbte2_Vacancy-Anion-12A.png,28,425.0,410.0,borderline_shifted,170,0.4029216814931101,0.5416436195373535,0.21960784494876862
gatedv2_t0.95_d2_s400,nbte2_Vacancy-Anion-12A.png,28,422.0,151.0,borderline_shifted,170,0.4029216814931101,0.30764222145080566,0.16470588743686676
gatedv2_t0.95_d2_s400,nbte2_Vacancy-Anion-12A.png,28,396.0,175.0,borderline_shifted,170,0.4029216814931101,0.43304431438446045,0.20392157137393951
gatedv2_t0.95_d2_s400,nbte2_Vacancy-Anion-12A.png,28,344.0,221.0,borderline_shifted,170,0.4029216814931101,0.42435958981513977,0.250980406999588
gatedv2_t0.95_d2_s400,tise2_Adatom-Li.png,28,607.0,470.0,borderline_shifted,157,0.7974295328692533,0.4901529550552368,0.4000000059604645
gatedv2_t0.95_d2_s400,tise2_Adatom-Li.png,28,579.0,314.0,borderline_shifted,157,0.7974295328692533,0.36583495140075684,0.30980393290519714
gatedv2_t0.95_d2_s400,tise2_Adatom-Li.png,28,519.0,470.0,borderline_shifted,157,0.7974295328692533,0.42593419551849365,0.3764705955982208
gatedv2_t0.95_d2_s400,tise2_Adatom-Li.png,28,615.0,470.0,borderline_shifted,157,0.7974295328692533,0.48230981826782227,0.40784314274787903
gatedv2_t0.95_d2_s400,tise2_Adatom-Li.png,28,594.0,539.0,borderline_shifted,157,0.7974295328692533,0.438097208738327,0.3686274588108063
gatedv2_t0.95_d2_s400,tise2_Adatom-Li.png,28,581.0,299.0,borderline_shifted,157,0.7974295328692533,0.27376416325569153,0.2078431397676468
gatedv2_t0.95_d2_s400,tise2_Adatom-Li.png,28,560.0,468.0,borderline_shifted,157,0.7974295328692533,0.3138795793056488,0.27843138575553894
gatedv2_t0.95_d2_s400,tise2_Adatom-Li.png,28,554.0,363.0,borderline_shifted,157,0.7974295328692533,0.28978797793388367,0.2549019753932953
gatedv2_t0.95_d2_s400,tise2_Adatom-Li.png,28,555.0,423.0,borderline_shifted,157,0.7974295328692533,0.27141621708869934,0.22745098173618317
gatedv2_t0.95_d2_s400,tise2_Adatom-Li.png,28,553.0,346.0,borderline_shifted,157,0.7974295328692533,0.19352076947689056,0.2235294133424759
gatedv2_t0.95_d2_s400,tise2_Adatom-Li.png,28,489.0,333.0,borderline_shifted,157,0.7974295328692533,0.3441767692565918,0.34117648005485535
gatedv2_t0.95_d2_s400,tise2_Adatom-Li.png,28,554.0,408.0,borderline_shifted,157,0.7974295328692533,0.25700369477272034,0.239215686917305
gatedv2_t0.95_d2_s400,tise2_Adatom-Li.png,28,562.0,408.0,borderline_shifted,157,0.7974295328692533,0.31942498683929443,0.2666666805744171
gatedv2_t0.95_d2_s400,tise2_Adatom-Li.png,28,626.0,499.0,borderline_shifted,157,0.7974295328692533,0.23963168263435364,0.25882354378700256
gatedv2_t0.95_d2_s400,tise2_Adatom-Li.png,28,546.0,421.0,borderline_shifted,157,0.7974295328692533,0.15864579379558563,0.2823529541492462
gatedv2_t0.95_d2_s400,tise2_Adatom-Li.png,28,514.0,272.0,borderline_shifted,157,0.7974295328692533,0.23640142381191254,0.20392157137393951
gatedv2_t0.95_d2_s400,tite2-B_Cu_doped.png,28,462.0,125.0,borderline_shifted,72,0.737464024050866,0.35712459683418274,0.40392157435417175
gatedv2_t0.95_d2_s400,tite2-B_Cu_doped.png,28,478.0,125.0,borderline_shifted,72,0.737464024050866,0.2180130034685135,0.30588236451148987
gatedv2_t0.95_d2_s400,tite2-B_Cu_doped.png,28,140.0,81.0,borderline_shifted,72,0.737464024050866,0.12289910018444061,0.11764705926179886
gatedv2_t0.95_d2_s400,tite2-B_Cu_doped.png,28,0.0,0.0,boundary_edge,72,0.737464024050866,0.14509804546833038,0.10980392247438431
gatedv2_t0.95_d2_s400,tite2-B_Cu_doped.png,28,509.0,81.0,borderline_shifted,72,0.737464024050866,0.11577469855546951,0.11372549086809158
gatedv2_t0.95_d2_s400,vs2_Vacancy-Anion-06A.png,28,421.0,85.0,borderline_shifted,158,0.7803473442624806,0.28862035274505615,0.24705882370471954
gatedv2_t0.95_d2_s400,vs2_Vacancy-Anion-06A.png,28,446.0,160.0,invented_damaged,158,0.7803473442624806,0.3751794695854187,0.4117647111415863
gatedv2_t0.95_d2_s400,vs2_Vacancy-Anion-06A.png,28,367.0,450.0,boundary_edge,158,0.7803473442624806,0.5387415885925293,0.5333333611488342
gatedv2_t0.95_d2_s400,vte2_Defect-Free.png,28,252.0,351.0,borderline_shifted,119,0.15707037232756227,0.27698197960853577,0.23529411852359772
gatedv2_t0.95_d2_s400,vte2_Defect-Free.png,28,356.0,433.0,borderline_shifted,119,0.15707037232756227,0.20553676784038544,0.21176470816135406
gatedv2_t0.95_d2_s400,vte2_Defect-Free.png,28,213.0,383.0,borderline_shifted,119,0.15707037232756227,0.17324648797512054,0.14901961386203766
gatedv2_t0.95_d2_s400,ws2-A_Vacancy-Metal.png,28,182.0,459.0,borderline_shifted,59,0.15548711123245285,0.23306027054786682,0.21960784494876862
gatedv2_t0.95_d2_s400,ws2-A_Vacancy-Metal.png,28,84.0,346.0,borderline_shifted,59,0.15548711123245285,0.2245137244462967,0.22745098173618317
gatedv2_t0.95_d2_s400,ws2-A_Vacancy-Metal.png,28,190.0,410.0,borderline_shifted,59,0.15548711123245285,0.2890128493309021,0.2862745225429535
gatedv2_t0.95_d2_s400,ws2-A_Vacancy-Metal.png,28,44.0,460.0,borderline_shifted,59,0.15548711123245285,0.20742063224315643,0.21568627655506134
gatedv2_t0.95_d2_s400,ws2-A_Vacancy-Metal.png,28,131.0,438.0,borderline_shifted,59,0.15548711123245285,0.2168453484773636,0.2549019753932953
gatedv2_t0.95_d2_s400,ws2-A_Vacancy-Metal.png,28,167.0,455.0,borderline_shifted,59,0.15548711123245285,0.1817326694726944,0.1725490242242813
gatedv2_t0.95_d2_s400,ws2-A_Vacancy-Metal.png,28,81.0,482.0,borderline_shifted,59,0.15548711123245285,0.14680644869804382,0.21568627655506134
gatedv2_t0.95_d2_s400,ws2-A_Vacancy-Metal.png,28,251.0,499.0,borderline_shifted,59,0.15548711123245285,0.2235294133424759,0.23529411852359772
gatedv2_t0.95_d2_s400,cose2_Fe_doped.png,28,25.0,279.0,borderline_shifted,96,0.14149323198243974,0.36983001232147217,0.30588236451148987
gatedv2_t0.95_d2_s400,cose2_Fe_doped.png,28,79.0,61.0,borderline_shifted,96,0.14149323198243974,0.30312374234199524,0.3294117748737335
gatedv2_t0.95_d2_s400,cose2_Fe_doped.png,28,108.0,57.0,borderline_shifted,96,0.14149323198243974,0.23088715970516205,0.48235294222831726
gatedv2_t0.95_d2_s400,cose2_Fe_doped.png,28,0.0,215.0,boundary_edge,96,0.14149323198243974,0.2468145787715912,0.05882352963089943
gatedv2_t0.95_d2_s400,cose2_Fe_doped.png,28,115.0,63.0,borderline_shifted,96,0.14149323198243974,0.18752920627593994,0.21176470816135406
gatedv2_t0.95_d2_s400,cose2_Fe_doped.png,28,136.0,69.0,borderline_shifted,96,0.14149323198243974,0.12458799034357071,0.08235294371843338
gatedv2_t0.95_d2_s400,cose2_Fe_doped.png,28,0.0,304.0,boundary_edge,96,0.14149323198243974,0.20392157137393951,0.22745098173618317
gatedv2_t0.95_d2_s400,vo2_Vacancy-Anion-03.png,36,425.0,9.0,boundary_edge,100,0.9097402597402597,0.49663177132606506,0.21960784494876862
gatedv2_t0.95_d2_s400,vo2_Vacancy-Anion-03.png,36,150.0,9.0,boundary_edge,100,0.9097402597402597,0.45979011058807373,0.2235294133424759
gatedv2_t0.95_d2_s400,vo2_Vacancy-Anion-03.png,36,537.0,77.0,boundary_edge,100,0.9097402597402597,0.5084904432296753,0.42352941632270813
gatedv2_t0.95_d2_s400,vo2_Vacancy-Anion-03.png,36,516.0,138.0,boundary_edge,100,0.9097402597402597,0.5442488789558411,0.47058823704719543
gatedv2_t0.95_d2_s400,vo2_Vacancy-Anion-03.png,36,68.0,79.0,invented_damaged,100,0.9097402597402597,0.5022443532943726,0.5137255191802979
gatedv2_t0.95_d2_s400,vo2_Vacancy-Anion-03.png,36,121.0,20.0,borderline_shifted,100,0.9097402597402597,0.3605128526687622,0.2666666805744171
gatedv2_t0.95_d2_s400,vo2_Vacancy-Anion-03.png,36,241.0,137.0,boundary_edge,100,0.9097402597402597,0.5356131792068481,0.5137255191802979
gatedv2_t0.95_d2_s400,vo2_Vacancy-Anion-03.png,36,342.0,80.0,invented_damaged,100,0.9097402597402597,0.5048863887786865,0.45490196347236633
gatedv2_t0.95_d2_s400,vo2_Vacancy-Anion-03.png,36,34.0,137.0,invented_damaged,100,0.9097402597402597,0.5374969840049744,0.43529412150382996
gatedv2_t0.95_d2_s400,vo2_Vacancy-Anion-03.png,36,379.0,260.0,invented_damaged,100,0.9097402597402597,0.5160320997238159,0.5137255191802979
gatedv2_t0.95_d2_s400,vo2_Vacancy-Anion-03.png,36,206.0,80.0,invented_damaged,100,0.9097402597402597,0.5150015354156494,0.4588235318660736
gatedv2_t0.95_d2_s400,vo2_Vacancy-Anion-03.png,36,285.0,219.0,borderline_shifted,100,0.9097402597402597,0.3399350047111511,0.21176470816135406
gatedv2_t0.95_d2_s400,vo2_Vacancy-Anion-03.png,36,172.0,258.0,boundary_edge,100,0.9097402597402597,0.5182321071624756,0.5215686559677124
gatedv2_t0.95_d2_s400,vo2_Vacancy-Anion-03.png,36,221.0,194.0,borderline_shifted,100,0.9097402597402597,0.47136980295181274,0.4117647111415863
gatedv2_t0.95_d2_s400,vo2_Vacancy-Anion-03.png,36,412.0,79.0,invented_damaged,100,0.9097402597402597,0.47941696643829346,0.48627451062202454
gatedv2_t0.95_d2_s400,vo2_Vacancy-Anion-03.png,36,481.0,80.0,invented_damaged,100,0.9097402597402597,0.5035463571548462,0.48627451062202454
gatedv2_t0.95_d2_s400,vo2_Vacancy-Anion-03.png,36,310.0,20.0,invented_damaged,100,0.9097402597402597,0.5127857327461243,0.49803921580314636
gatedv2_t0.95_d2_s400,vo2_Vacancy-Anion-03.png,36,495.0,192.0,borderline_shifted,100,0.9097402597402597,0.4732268452644348,0.4000000059604645
gatedv2_t0.95_d2_s400,vo2_Vacancy-Anion-03.png,36,34.0,20.0,boundary_edge,100,0.9097402597402597,0.5157372951507568,0.46666666865348816
gatedv2_t0.95_d2_s400,vo2_Vacancy-Anion-03.png,36,136.0,79.0,invented_damaged,100,0.9097402597402597,0.4696338176727295,0.5137255191802979
gatedv2_t0.95_d2_s400,vo2_Vacancy-Anion-03.png,36,516.0,20.0,boundary_edge,100,0.9097402597402597,0.5064032673835754,0.45490196347236633
gatedv2_t0.95_d2_s400,vo2_Vacancy-Anion-03.png,36,414.0,199.0,invented_damaged,100,0.9097402597402597,0.509427011013031,0.2549019753932953
gatedv2_t0.95_d2_s400,vo2_Vacancy-Anion-03.png,36,447.0,139.0,invented_damaged,100,0.9097402597402597,0.5015838742256165,0.48235294222831726
gatedv2_t0.95_d2_s400,vo2_Vacancy-Anion-03.png,36,139.0,199.0,invented_damaged,100,0.9097402597402597,0.5061659216880798,0.2549019753932953
gatedv2_t0.95_d2_s400,vo2_Vacancy-Anion-03.png,36,69.0,317.0,boundary_edge,100,0.9097402597402597,0.5020211935043335,0.5411764979362488
gatedv2_t0.95_d2_s400,vo2_Vacancy-Anion-03.png,36,172.0,139.0,invented_damaged,100,0.9097402597402597,0.5022443532943726,0.5137255191802979
gatedv2_t0.95_d2_s400,vo2_Vacancy-Anion-03.png,36,241.0,20.0,boundary_edge,100,0.9097402597402597,0.5060097575187683,0.5098039507865906
gatedv2_t0.95_d2_s400,vo2_Vacancy-Anion-03.png,36,481.0,318.0,boundary_edge,100,0.9097402597402597,0.5121667385101318,0.5254902243614197
gatedv2_t0.95_d2_s400,vo2_Vacancy-Anion-03.png,36,343.0,317.0,boundary_edge,100,0.9097402597402597,0.49612945318222046,0.46666666865348816
gatedv2_t0.95_d2_s400,vo2_Vacancy-Anion-03.png,36,549.0,318.0,boundary_edge,100,0.9097402597402597,0.47885411977767944,0.45098039507865906
gatedv2_t0.95_d2_s400,vo2_Vacancy-Anion-03.png,36,104.0,377.0,boundary_edge,100,0.9097402597402597,0.5065731406211853,0.48627451062202454
gatedv2_t0.95_d2_s400,vo2_Vacancy-Anion-03.png,36,206.0,317.0,boundary_edge,100,0.9097402597402597,0.5067617893218994,0.501960813999176
gatedv2_t0.95_d2_s400,vo2_Vacancy-Anion-03.png,36,137.0,317.0,boundary_edge,100,0.9097402597402597,0.502791166305542,0.46666666865348816
gatedv2_t0.95_d2_s400,vo2_Vacancy-Anion-03.png,36,413.0,317.0,boundary_edge,100,0.9097402597402597,0.5055615901947021,0.49803921580314636
gatedv2_t0.95_d2_s400,mos2-A_Adatom-Li.png,36,139.0,552.0,boundary_edge,84,0.4344463404901986,0.22220949828624725,0.07450980693101883
gatedv2_t0.95_d2_s400,mos2-A_Adatom-Li.png,36,339.0,387.0,invented_damaged,84,0.4344463404901986,0.23397420346736908,0.2078431397676468
gatedv2_t0.95_d2_s400,mos2-A_Adatom-Li.png,36,344.0,469.0,invented_damaged,84,0.4344463404901986,0.2624284625053406,0.23529411852359772
gatedv2_t0.95_d2_s400,mos2-A_Adatom-Li.png,36,343.0,454.0,borderline_shifted,84,0.4344463404901986,0.24895474314689636,0.3019607961177826
gatedv2_t0.95_d2_s400,mos2-A_Adatom-Li.png,36,344.0,413.0,borderline_shifted,84,0.4344463404901986,0.28947508335113525,0.3921568691730499
gatedv2_t0.95_d2_s400,mos2-A_Adatom-Li.png,36,140.0,514.0,invented_damaged,84,0.4344463404901986,0.2546845078468323,0.27843138575553894
gatedv2_t0.95_d2_s400,mos2-A_Adatom-Li.png,36,304.0,387.0,invented_damaged,84,0.4344463404901986,0.26172274351119995,0.26274511218070984
gatedv2_t0.95_d2_s400,mos2-A_Adatom-Li.png,36,300.0,252.0,boundary_edge,84,0.4344463404901986,0.24313725531101227,0.25882354378700256
gatedv2_t0.95_d2_s400,mos2-A_Adatom-Li.png,36,162.0,88.0,boundary_edge,84,0.4344463404901986,0.2980392277240753,0.2705882489681244
gatedv2_t0.95_d2_s400,mos2-A_Adatom-Li.png,36,367.0,290.0,boundary_edge,84,0.4344463404901986,0.27450981736183167,0.2823529541492462
gatedv2_t0.95_d2_s400,mos2-A_Adatom-Li.png,36,91.0,290.0,boundary_edge,84,0.4344463404901986,0.27450981736183167,0.2823529541492462
gatedv2_t0.95_d2_s400,mos2-A_Adatom-Li.png,36,439.0,88.0,boundary_edge,84,0.4344463404901986,0.32156863808631897,0.29411765933036804
gatedv2_t0.95_d2_s400,mose2-A_Doped-Na.png,36,524.0,0.0,boundary_edge,105,0.17656102671555787,0.1411764770746231,0.1725490242242813
gatedv2_t0.95_d2_s400,mote2-A_Anti-2M.png,36,6.0,604.0,boundary_edge,189,0.23815861138080466,0.49803921580314636,0.5215686559677124
gatedv2_t0.95_d2_s400,tate2-A_Fe_doped.png,36,321.0,599.0,invented_damaged,122,0.34993243243243244,0.51809161901474,0.20392157137393951
gatedv2_t0.95_d2_s400,tate2-A_Fe_doped.png,36,321.0,279.0,invented_damaged,122,0.34993243243243244,0.5168741941452026,0.21176470816135406
gatedv2_t0.95_d2_s400,tate2-A_Fe_doped.png,36,497.0,639.0,boundary_edge,122,0.34993243243243244,0.34802737832069397,0.11372549086809158
gatedv2_t0.95_d2_s400,tate2-A_Fe_doped.png,36,491.0,472.0,borderline_shifted,122,0.34993243243243244,0.32652896642684937,0.3176470696926117
gatedv2_t0.95_d2_s400,tate2-A_Fe_doped.png,36,491.0,150.0,borderline_shifted,122,0.34993243243243244,0.3574303388595581,0.3490196168422699
gatedv2_t0.95_d2_s400,tate2-A_Fe_doped.png,36,466.0,509.0,borderline_shifted,122,0.34993243243243244,0.33538758754730225,0.2980392277240753
gatedv2_t0.95_d2_s400,tate2-A_Fe_doped.png,36,422.0,395.0,borderline_shifted,122,0.34993243243243244,0.3423498570919037,0.3803921639919281
gatedv2_t0.95_d2_s400,tate2-A_Fe_doped.png,36,483.0,233.0,borderline_shifted,122,0.34993243243243244,0.2441702038049698,0.23137255012989044
gatedv2_t0.95_d2_s400,tate2-A_Fe_doped.png,36,415.0,94.0,borderline_shifted,122,0.34993243243243244,0.39745956659317017,0.5882353186607361
gatedv2_t0.95_d2_s400,tate2-A_Fe_doped.png,36,484.0,550.0,borderline_shifted,122,0.34993243243243244,0.2518787086009979,0.24705882370471954
gatedv2_t0.95_d2_s400,tate2-A_Fe_doped.png,36,522.0,565.0,borderline_shifted,122,0.34993243243243244,0.2126815915107727,0.3686274588108063
gatedv2_t0.95_d2_s400,tate2-A_Fe_doped.png,36,411.0,101.0,borderline_shifted,122,0.34993243243243244,0.3820425271987915,0.37254902720451355
gatedv2_t0.95_d2_s400,tate2-A_Fe_doped.png,36,419.0,104.0,borderline_shifted,122,0.34993243243243244,0.4975355863571167,0.5098039507865906
gatedv2_t0.95_d2_s400,tate2-A_Fe_doped.png,36,417.0,76.0,borderline_shifted,122,0.34993243243243244,0.32173067331314087,0.34117648005485535
gatedv2_t0.95_d2_s400,vse2-A_Vacancy-Anion-06A.png,36,595.0,95.0,borderline_shifted,84,0.6393839179452228,0.7094609141349792,0.7372549176216125
gatedv2_t0.95_d2_s400,vse2-A_Vacancy-Anion-06A.png,36,346.0,237.0,borderline_shifted,84,0.6393839179452228,0.560211181640625,0.6392157077789307
gatedv2_t0.95_d2_s400,vse2-A_Vacancy-Anion-06A.png,36,489.0,112.0,borderline_shifted,84,0.6393839179452228,0.29812192916870117,0.2823529541492462
gatedv2_t0.95_d2_s400,vse2-A_Vacancy-Anion-06A.png,36,153.0,112.0,borderline_shifted,84,0.6393839179452228,0.2687018811702728,0.2235294133424759
gatedv2_t0.95_d2_s400,vse2-A_Vacancy-Anion-06A.png,36,168.0,0.0,boundary_edge,84,0.6393839179452228,0.20000000298023224,0.21568627655506134
gatedv2_t0.95_d2_s400,vse2-A_Vacancy-Anion-06A.png,36,502.0,0.0,boundary_edge,84,0.6393839179452228,0.1921568661928177,0.23529411852359772
gatedv2_t0.95_d2_s400,vse2-A_Vacancy-Anion-06A.png,36,138.0,158.0,borderline_shifted,84,0.6393839179452228,0.24444173276424408,0.40784314274787903
gatedv2_t0.95_d2_s400,vse2-A_Vacancy-Anion-06A.png,36,0.0,8.0,boundary_edge,84,0.6393839179452228,0.21176470816135406,0.18431372940540314
gatedv2_t0.95_d2_s400,vse2-A_Vacancy-Anion-06A.png,36,583.0,0.0,boundary_edge,84,0.6393839179452228,0.21960784494876862,0.19607843458652496
gatedv2_t0.95_d2_s400,vse2-A_Vacancy-Anion-06A.png,36,249.0,0.0,boundary_edge,84,0.6393839179452228,0.21960784494876862,0.1882352977991104
gatedv2_t0.95_d2_s400,vse2-A_Vacancy-Anion-06A.png,36,475.0,98.0,borderline_shifted,84,0.6393839179452228,0.13320870697498322,0.12156862765550613
gatedv2_t0.95_d2_s400,vse2-A_Vacancy-Anion-06A.png,36,393.0,239.0,borderline_shifted,84,0.6393839179452228,0.18445360660552979,0.18039216101169586
gatedv2_t0.95_d2_s400,tas2-A_Doped-Li.png,36,513.0,334.0,borderline_shifted,68,0.33740201284579985,0.8025528788566589,0.027450980618596077
gatedv2_t0.95_d2_s400,tas2-A_Doped-Li.png,36,513.0,40.0,invented_undamaged,68,0.33740201284579985,0.7253842949867249,0.04313725605607033
gatedv2_t0.95_d2_s400,tase2-A_Vacancy-Anion-12B.png,36,120.0,595.0,boundary_edge,121,0.005267121675688397,0.15294118225574493,0.16470588743686676
gatedv2_t0.95_d2_s400,nbs2_Anti-Metal.png,36,292.0,115.0,borderline_shifted,106,0.43878549429328956,0.18489035964012146,0.15294118225574493
gatedv2_t0.95_d2_s400,nbs2_Anti-Metal.png,36,325.0,150.0,borderline_shifted,106,0.43878549429328956,0.2400549203157425,0.27843138575553894
gatedv2_t0.95_d2_s400,nbs2_Anti-Metal.png,36,366.0,0.0,boundary_edge,106,0.43878549429328956,0.19607843458652496,0.21960784494876862
gatedv2_t0.95_d2_s400,nbs2_Anti-Metal.png,36,426.0,211.0,borderline_shifted,106,0.43878549429328956,0.21007230877876282,0.16470588743686676
gatedv2_t0.95_d2_s400,nbs2_Anti-Metal.png,36,449.0,0.0,boundary_edge,106,0.43878549429328956,0.18039216101169586,0.1725490242242813
gatedv2_t0.95_d2_s400,nbs2_Anti-Metal.png,36,453.0,364.0,boundary_edge,106,0.43878549429328956,0.29019609093666077,0.250980406999588
gatedv2_t0.95_d2_s400,nbs2_Anti-Metal.png,36,493.0,434.0,boundary_edge,106,0.43878549429328956,0.27450981736183167,0.22745098173618317
gatedv2_t0.95_d2_s400,nbs2_Anti-Metal.png,36,494.0,293.0,boundary_edge,106,0.43878549429328956,0.250980406999588,0.22745098173618317
gatedv2_t0.95_d2_s400,nbs2_Anti-Metal.png,36,618.0,0.0,boundary_edge,106,0.43878549429328956,0.18431372940540314,0.12941177189350128
gatedv2_t0.95_d2_s400,nbs2_Anti-Metal.png,36,410.0,0.0,boundary_edge,106,0.43878549429328956,0.16862745583057404,0.15294118225574493
gatedv2_t0.95_d2_s400,nbs2_Anti-Metal.png,36,420.0,211.0,borderline_shifted,106,0.43878549429328956,0.2720745801925659,0.18431372940540314
gatedv2_t0.95_d2_s400,nbs2_Anti-Metal.png,36,615.0,364.0,boundary_edge,106,0.43878549429328956,0.2666666805744171,0.2078431397676468
gatedv2_t0.95_d2_s400,nbs2_Anti-Metal.png,36,574.0,293.0,boundary_edge,106,0.43878549429328956,0.2666666805744171,0.21960784494876862
gatedv2_t0.95_d2_s400,nbse2_Cu_doped.png,36,338.0,450.0,borderline_shifted,145,0.8592691335766038,0.31939050555229187,0.32549020648002625
gatedv2_t0.95_d2_s400,nbte2_Vacancy-Anion-12A.png,36,487.0,312.0,boundary_edge,170,0.30871707657421943,0.6188489198684692,0.09803921729326248
gatedv2_t0.95_d2_s400,nbte2_Vacancy-Anion-12A.png,36,361.0,288.0,invented_damaged,170,0.30871707657421943,0.7618783712387085,0.10588235408067703
gatedv2_t0.95_d2_s400,nbte2_Vacancy-Anion-12A.png,36,401.0,156.0,invented_damaged,170,0.30871707657421943,0.7667492628097534,0.125490203499794
gatedv2_t0.95_d2_s400,nbte2_Vacancy-Anion-12A.png,36,401.0,357.0,borderline_shifted,170,0.30871707657421943,0.5906974077224731,0.5411764979362488
gatedv2_t0.95_d2_s400,nbte2_Vacancy-Anion-12A.png,36,290.0,138.0,borderline_shifted,170,0.30871707657421943,0.4420115649700165,0.0941176488995552
gatedv2_t0.95_d2_s400,nbte2_Vacancy-Anion-12A.png,36,275.0,143.0,invented_undamaged,170,0.30871707657421943,0.4046551585197449,0.07058823853731155
gatedv2_t0.95_d2_s400,nbte2_Vacancy-Anion-12A.png,36,281.0,113.0,borderline_shifted,170,0.30871707657421943,0.31859004497528076,0.08627451211214066
gatedv2_t0.95_d2_s400,nbte2_Vacancy-Anion-12A.png,36,531.0,270.0,borderline_shifted,170,0.30871707657421943,0.36866047978401184,0.3294117748737335
gatedv2_t0.95_d2_s400,nbte2_Vacancy-Anion-12A.png,36,479.0,85.0,borderline_shifted,170,0.30871707657421943,0.3732629418373108,0.1921568661928177
gatedv2_t0.95_d2_s400,nbte2_Vacancy-Anion-12A.png,36,501.0,99.0,borderline_shifted,170,0.30871707657421943,0.3462047278881073,0.2862745225429535
gatedv2_t0.95_d2_s400,nbte2_Vacancy-Anion-12A.png,36,552.0,281.0,borderline_shifted,170,0.30871707657421943,0.2985697388648987,0.2705882489681244
gatedv2_t0.95_d2_s400,nbte2_Vacancy-Anion-12A.png,36,485.0,83.0,borderline_shifted,170,0.30871707657421943,0.33752837777137756,0.20392157137393951
gatedv2_t0.95_d2_s400,nbte2_Vacancy-Anion-12A.png,36,296.0,126.0,borderline_shifted,170,0.30871707657421943,0.34418174624443054,0.0941176488995552
gatedv2_t0.95_d2_s400,nbte2_Vacancy-Anion-12A.png,36,493.0,83.0,borderline_shifted,170,0.30871707657421943,0.23433783650398254,0.19607843458652496
gatedv2_t0.95_d2_s400,tis2_Vacancy-Anion-12A.png,36,377.0,539.0,borderline_shifted,118,0.39352938291110645,0.6853036284446716,0.6352941393852234
gatedv2_t0.95_d2_s400,tis2_Vacancy-Anion-12A.png,36,386.0,555.0,borderline_shifted,118,0.39352938291110645,0.5286916494369507,0.49803921580314636
gatedv2_t0.95_d2_s400,tis2_Vacancy-Anion-12A.png,36,315.0,279.0,borderline_shifted,118,0.39352938291110645,0.47136715054512024,0.23529411852359772
gatedv2_t0.95_d2_s400,tis2_Vacancy-Anion-12A.png,36,313.0,568.0,boundary_edge,118,0.39352938291110645,0.4149013161659241,0.21568627655506134
gatedv2_t0.95_d2_s400,tis2_Vacancy-Anion-12A.png,36,371.0,230.0,borderline_shifted,118,0.39352938291110645,0.3125185966491699,0.2823529541492462
gatedv2_t0.95_d2_s400,tis2_Vacancy-Anion-12A.png,36,358.0,563.0,boundary_edge,118,0.39352938291110645,0.2396051585674286,0.24705882370471954
gatedv2_t0.95_d2_s400,tis2_Vacancy-Anion-12A.png,36,375.0,523.0,borderline_shifted,118,0.39352938291110645,0.3535696566104889,0.3450980484485626
gatedv2_t0.95_d2_s400,tis2_Vacancy-Anion-12A.png,36,208.0,277.0,borderline_shifted,118,0.39352938291110645,0.268044650554657,0.29411765933036804
gatedv2_t0.95_d2_s400,tis2_Vacancy-Anion-12A.png,36,358.0,278.0,borderline_shifted,118,0.39352938291110645,0.2995145618915558,0.2862745225429535
gatedv2_t0.95_d2_s400,tise2_Adatom-Li.png,36,0.0,393.0,boundary_edge,157,0.32370274842610314,0.5841765403747559,0.062745101749897
gatedv2_t0.95_d2_s400,tise2_Adatom-Li.png,36,184.0,369.0,borderline_shifted,157,0.32370274842610314,0.5507107377052307,0.5254902243614197
gatedv2_t0.95_d2_s400,tise2_Adatom-Li.png,36,142.0,395.0,borderline_shifted,157,0.32370274842610314,0.48334866762161255,0.4470588266849518
gatedv2_t0.95_d2_s400,tise2_Adatom-Li.png,36,67.0,221.0,borderline_shifted,157,0.32370274842610314,0.32657939195632935,0.33725491166114807
gatedv2_t0.95_d2_s400,tise2_Adatom-Li.png,36,67.0,233.0,borderline_shifted,157,0.32370274842610314,0.3277336359024048,0.33725491166114807
gatedv2_t0.95_d2_s400,tise2_Adatom-Li.png,36,131.0,251.0,borderline_shifted,157,0.32370274842610314,0.27731969952583313,0.2705882489681244
gatedv2_t0.95_d2_s400,tise2_Adatom-Li.png,36,84.0,235.0,borderline_shifted,157,0.32370274842610314,0.2808971107006073,0.25882354378700256
gatedv2_t0.95_d2_s400,tise2_Adatom-Li.png,36,33.0,229.0,borderline_shifted,157,0.32370274842610314,0.29324251413345337,0.2666666805744171
gatedv2_t0.95_d2_s400,tise2_Adatom-Li.png,36,26.0,424.0,borderline_shifted,157,0.32370274842610314,0.26705336570739746,0.062745101749897
gatedv2_t0.95_d2_s400,tise2_Adatom-Li.png,36,52.0,202.0,borderline_shifted,157,0.32370274842610314,0.21260316669940948,0.1882352977991104
gatedv2_t0.95_d2_s400,tise2_Adatom-Li.png,36,37.0,406.0,borderline_shifted,157,0.32370274842610314,0.3442299962043762,0.2666666805744171
gatedv2_t0.95_d2_s400,tise2_Adatom-Li.png,36,85.0,219.0,borderline_shifted,157,0.32370274842610314,0.28643178939819336,0.3176470696926117
gatedv2_t0.95_d2_s400,tise2_Adatom-Li.png,36,0.0,226.0,boundary_edge,157,0.32370274842610314,0.3465384840965271,0.07058823853731155
gatedv2_t0.95_d2_s400,tise2_Adatom-Li.png,36,116.0,345.0,borderline_shifted,157,0.32370274842610314,0.4293644428253174,0.3176470696926117
gatedv2_t0.95_d2_s400,tise2_Adatom-Li.png,36,20.0,203.0,borderline_shifted,157,0.32370274842610314,0.21268202364444733,0.1882352977991104
gatedv2_t0.95_d2_s400,tise2_Adatom-Li.png,36,101.0,387.0,borderline_shifted,157,0.32370274842610314,0.300415962934494,0.37254902720451355
gatedv2_t0.95_d2_s400,tise2_Adatom-Li.png,36,51.0,246.0,borderline_shifted,157,0.32370274842610314,0.2832055985927582,0.27843138575553894
gatedv2_t0.95_d2_s400,tise2_Adatom-Li.png,36,100.0,251.0,borderline_shifted,157,0.32370274842610314,0.22367960214614868,0.18039216101169586
gatedv2_t0.95_d2_s400,tise2_Adatom-Li.png,36,157.0,411.0,borderline_shifted,157,0.32370274842610314,0.27772295475006104,0.3176470696926117
gatedv2_t0.95_d2_s400,tise2_Adatom-Li.png,36,117.0,250.0,borderline_shifted,157,0.32370274842610314,0.2477896809577942,0.23137255012989044
gatedv2_t0.95_d2_s400,tise2_Adatom-Li.png,36,88.0,396.0,borderline_shifted,157,0.32370274842610314,0.2620922923088074,0.239215686917305
gatedv2_t0.95_d2_s400,tise2_Adatom-Li.png,36,0.0,194.0,boundary_edge,157,0.32370274842610314,0.1819189041852951,0.08627451211214066
gatedv2_t0.95_d2_s400,tise2_Adatom-Li.png,36,81.0,410.0,borderline_shifted,157,0.32370274842610314,0.2012583315372467,0.1921568661928177
gatedv2_t0.95_d2_s400,tise2_Adatom-Li.png,36,146.0,412.0,borderline_shifted,157,0.32370274842610314,0.32080110907554626,0.30588236451148987
gatedv2_t0.95_d2_s400,tise2_Adatom-Li.png,36,36.0,453.0,borderline_shifted,157,0.32370274842610314,0.23105677962303162,0.0784313753247261
gatedv2_t0.95_d2_s400,tise2_Adatom-Li.png,36,168.0,386.0,borderline_shifted,157,0.32370274842610314,0.3871378004550934,0.3764705955982208
gatedv2_t0.95_d2_s400,tise2_Adatom-Li.png,36,172.0,391.0,borderline_shifted,157,0.32370274842610314,0.3415631949901581,0.3333333432674408
gatedv2_t0.95_d2_s400,tise2_Adatom-Li.png,36,6.0,187.0,boundary_edge,157,0.32370274842610314,0.18810217082500458,0.20000000298023224
gatedv2_t0.95_d2_s400,tise2_Adatom-Li.png,36,53.0,439.0,borderline_shifted,157,0.32370274842610314,0.21219812333583832,0.1764705926179886
gatedv2_t0.95_d2_s400,tise2_Adatom-Li.png,36,38.0,221.0,borderline_shifted,157,0.32370274842610314,0.18814896047115326,0.3529411852359772
gatedv2_t0.95_d2_s400,tise2_Adatom-Li.png,36,170.0,397.0,borderline_shifted,157,0.32370274842610314,0.26731160283088684,0.3019607961177826
gatedv2_t0.95_d2_s400,tise2_Adatom-Li.png,36,115.0,396.0,borderline_shifted,157,0.32370274842610314,0.274896502494812,0.2823529541492462
gatedv2_t0.95_d2_s400,tise2_Adatom-Li.png,36,108.0,394.0,borderline_shifted,157,0.32370274842610314,0.22810915112495422,0.3176470696926117
gatedv2_t0.95_d2_s400,tise2_Adatom-Li.png,36,153.0,341.0,borderline_shifted,157,0.32370274842610314,0.24386809766292572,0.21568627655506134
gatedv2_t0.95_d2_s400,tise2_Adatom-Li.png,36,0.0,417.0,boundary_edge,157,0.32370274842610314,0.2428285777568817,0.05098039284348488
gatedv2_t0.95_d2_s400,tise2_Adatom-Li.png,36,92.0,430.0,borderline_shifted,157,0.32370274842610314,0.31953924894332886,0.34117648005485535
gatedv2_t0.95_d2_s400,vs2_Vacancy-Anion-06A.png,36,290.0,418.0,invented_damaged,158,0.7356997116312503,0.5963155031204224,0.5686274766921997
gatedv2_t0.95_d2_s400,vs2_Vacancy-Anion-06A.png,36,283.0,524.0,borderline_shifted,158,0.7356997116312503,0.2905116081237793,0.23137255012989044
gatedv2_t0.95_d2_s400,vs2_Vacancy-Anion-06A.png,36,96.0,19.0,boundary_edge,158,0.7356997116312503,0.3490196168422699,0.3803921639919281
gatedv2_t0.95_d2_s400,vs2_Vacancy-Anion-06A.png,36,284.0,458.0,borderline_shifted,158,0.7356997116312503,0.2970788776874542,0.364705890417099
gatedv2_t0.95_d2_s400,vte2_Defect-Free.png,36,243.0,329.0,borderline_shifted,119,0.18411494952932853,0.32713091373443604,0.45490196347236633
gatedv2_t0.95_d2_s400,vte2_Defect-Free.png,36,136.0,345.0,borderline_shifted,119,0.18411494952932853,0.28442084789276123,0.30980393290519714
gatedv2_t0.95_d2_s400,vte2_Defect-Free.png,36,356.0,375.0,borderline_shifted,119,0.18411494952932853,0.35979902744293213,0.29019609093666077
gatedv2_t0.95_d2_s400,vte2_Defect-Free.png,36,324.0,342.0,borderline_shifted,119,0.18411494952932853,0.2595750093460083,0.26274511218070984
gatedv2_t0.95_d2_s400,vte2_Defect-Free.png,36,356.0,391.0,borderline_shifted,119,0.18411494952932853,0.2538408637046814,0.18431372940540314
gatedv2_t0.95_d2_s400,vte2_Defect-Free.png,36,245.0,315.0,borderline_shifted,119,0.18411494952932853,0.3425620496273041,0.545098066329956
gatedv2_t0.95_d2_s400,vte2_Defect-Free.png,36,312.0,414.0,invented_damaged,119,0.18411494952932853,0.20939409732818604,0.20392157137393951
gatedv2_t0.95_d2_s400,vte2_Defect-Free.png,36,323.0,315.0,borderline_shifted,119,0.18411494952932853,0.24018771946430206,0.26274511218070984
gatedv2_t0.95_d2_s400,vte2_Defect-Free.png,36,247.0,394.0,borderline_shifted,119,0.18411494952932853,0.20692674815654755,0.16470588743686676
gatedv2_t0.95_d2_s400,ws2-A_Vacancy-Metal.png,36,345.0,501.0,invented_undamaged,59,0.19601051122790253,0.6339280009269714,0.03921568766236305
gatedv2_t0.95_d2_s400,ws2-A_Vacancy-Metal.png,36,421.0,442.0,borderline_shifted,59,0.19601051122790253,0.2679031491279602,0.2666666805744171
gatedv2_t0.95_d2_s400,ws2-A_Vacancy-Metal.png,36,407.0,442.0,borderline_shifted,59,0.19601051122790253,0.24682898819446564,0.27843138575553894
gatedv2_t0.95_d2_s400,ws2-A_Vacancy-Metal.png,36,436.0,458.0,borderline_shifted,59,0.19601051122790253,0.21295993030071259,0.250980406999588
gatedv2_t0.95_d2_s400,ws2-A_Vacancy-Metal.png,36,405.0,523.0,borderline_shifted,59,0.19601051122790253,0.15144069492816925,0.3176470696926117
gatedv2_t0.95_d2_s400,ws2-A_Vacancy-Metal.png,36,388.0,504.0,borderline_shifted,59,0.19601051122790253,0.1984277218580246,0.1764705926179886
gatedv2_t0.95_d2_s400,ws2-A_Vacancy-Metal.png,36,391.0,491.0,borderline_shifted,59,0.19601051122790253,0.17302994430065155,0.18431372940540314
gatedv2_t0.95_d2_s400,ws2-A_Vacancy-Metal.png,36,395.0,458.0,borderline_shifted,59,0.19601051122790253,0.20441393554210663,0.27843138575553894
gatedv2_t0.95_d2_s400,ws2-A_Vacancy-Metal.png,36,363.0,357.0,borderline_shifted,59,0.19601051122790253,0.1996876448392868,0.21176470816135406
gatedv2_t0.95_d2_s400,ws2-A_Vacancy-Metal.png,36,395.0,505.0,borderline_shifted,59,0.19601051122790253,0.17654229700565338,0.1921568661928177
gatedv2_t0.95_d2_s400,ws2-A_Vacancy-Metal.png,36,390.0,520.0,borderline_shifted,59,0.19601051122790253,0.12925736606121063,0.1411764770746231
gatedv2_t0.95_d2_s400,cose2_Fe_doped.png,36,96.0,388.0,borderline_shifted,96,0.22732053575057926,0.7834612131118774,0.06666667014360428
gatedv2_t0.95_d2_s400,cose2_Fe_doped.png,36,241.0,387.0,borderline_shifted,96,0.22732053575057926,0.8064858913421631,0.10196078568696976
gatedv2_t0.95_d2_s400,cose2_Fe_doped.png,36,262.0,491.0,borderline_shifted,96,0.22732053575057926,0.5506029725074768,0.4627451002597809
gatedv2_t0.95_d2_s400,cose2_Fe_doped.png,36,108.0,493.0,borderline_shifted,96,0.22732053575057926,0.3672368824481964,0.25882354378700256
gatedv2_t0.95_d2_s400,cose2_Fe_doped.png,36,135.0,488.0,borderline_shifted,96,0.22732053575057926,0.31009092926979065,0.24313725531101227
gatedv2_t0.95_d2_s400,cose2_Fe_doped.png,36,246.0,489.0,borderline_shifted,96,0.22732053575057926,0.21369194984436035,0.1725490242242813
gatedv2_t0.95_d2_s400,cose2_Fe_doped.png,36,0.0,453.0,boundary_edge,96,0.22732053575057926,0.1921568661928177,0.2078431397676468
gatedv2_t0.95_d2_s400,cose2_Fe_doped.png,36,0.0,305.0,boundary_edge,96,0.22732053575057926,0.239215686917305,0.21960784494876862
gatedv2_t0.95_d2_s400,cro2_Vacancy-Anion-03.png,36,337.0,235.0,borderline_shifted,80,0.9045449249309231,0.7904171943664551,0.125490203499794
gatedv2_t0.95_d2_s400,cro2_Vacancy-Anion-03.png,36,123.0,242.0,borderline_shifted,80,0.9045449249309231,0.5253469944000244,0.501960813999176
gatedv2_t0.95_d2_s400,cro2_Vacancy-Anion-03.png,36,385.0,308.0,borderline_shifted,80,0.9045449249309231,0.4722731113433838,0.2980392277240753
gatedv2_t0.95_d2_s400,cro2_Vacancy-Anion-03.png,36,97.0,28.0,borderline_shifted,80,0.9045449249309231,0.4365830421447754,0.47843137383461
gatedv2_t0.95_d2_s400,cro2_Vacancy-Anion-03.png,36,139.0,233.0,borderline_shifted,80,0.9045449249309231,0.3723720908164978,0.32156863808631897
gatedv2_t0.95_d2_s400,cro2_Vacancy-Anion-03.png,36,102.0,328.0,borderline_shifted,80,0.9045449249309231,0.4273203909397125,0.4627451002597809
gatedv2_t0.95_d2_s400,cro2_Vacancy-Anion-03.png,36,156.0,421.0,borderline_shifted,80,0.9045449249309231,0.501295268535614,0.23137255012989044
gatedv2_t0.95_d2_s400,cro2_Vacancy-Anion-03.png,36,388.0,280.0,borderline_shifted,80,0.9045449249309231,0.4636043906211853,0.30980393290519714
gatedv2_t0.95_d2_s400,cro2_Vacancy-Anion-03.png,36,373.0,73.0,borderline_shifted,80,0.9045449249309231,0.44280868768692017,0.20000000298023224
gatedv2_t0.95_d2_s400,cro2_Vacancy-Anion-03.png,36,107.0,88.0,borderline_shifted,80,0.9045449249309231,0.44511276483535767,0.4627451002597809
gatedv2_t0.95_d2_s400,cro2_Vacancy-Anion-03.png,36,148.0,183.0,borderline_shifted,80,0.9045449249309231,0.41375285387039185,0.21960784494876862
gatedv2_t0.95_d2_s400,cro2_Vacancy-Anion-03.png,36,119.0,23.0,borderline_shifted,80,0.9045449249309231,0.32712873816490173,0.4117647111415863
gatedv2_t0.95_d2_s400,cro2_Vacancy-Anion-03.png,36,101.0,101.0,borderline_shifted,80,0.9045449249309231,0.42986878752708435,0.501960813999176
gatedv2_t0.95_d2_s400,cro2_Vacancy-Anion-03.png,36,385.0,80.0,borderline_shifted,80,0.9045449249309231,0.45908889174461365,0.26274511218070984
gatedv2_t0.95_d2_s400,cro2_Vacancy-Anion-03.png,36,388.0,51.0,borderline_shifted,80,0.9045449249309231,0.4506939649581909,0.32156863808631897
gatedv2_t0.95_d2_s400,cro2_Vacancy-Anion-03.png,36,85.0,325.0,borderline_shifted,80,0.9045449249309231,0.4197341799736023,0.4470588266849518
gatedv2_t0.95_d2_s400,cro2_Vacancy-Anion-03.png,36,367.0,294.0,borderline_shifted,80,0.9045449249309231,0.47074830532073975,0.25882354378700256
gatedv2_t0.95_d2_s400,cro2_Vacancy-Anion-03.png,36,89.0,89.0,borderline_shifted,80,0.9045449249309231,0.3746298551559448,0.4000000059604645
gatedv2_t0.95_d2_s400,cro2_Vacancy-Anion-03.png,36,316.0,445.0,boundary_edge,80,0.9045449249309231,0.43921568989753723,0.37254902720451355
gatedv2_t0.95_d2_s400,cro2_Vacancy-Anion-03.png,36,87.0,103.0,borderline_shifted,80,0.9045449249309231,0.3950759172439575,0.4313725531101227
gatedv2_t0.95_d2_s400,cro2_Vacancy-Anion-03.png,36,351.0,243.0,borderline_shifted,80,0.9045449249309231,0.4026157855987549,0.125490203499794
