model,structure,level,y,x,cls,n_true_cols,frac_damaged,pred_val,tgt_val
gated_t0.95_d2_s400,vo2_Vacancy-Anion-03.png,1,171.0,257.0,boundary_edge,100,0.8208365164247517,0.5020426511764526,0.529411792755127
gated_t0.95_d2_s400,vo2_Vacancy-Anion-03.png,1,379.0,258.0,boundary_edge,100,0.8208365164247517,0.5023812651634216,0.4588235318660736
gated_t0.95_d2_s400,vo2_Vacancy-Anion-03.png,1,137.0,80.0,boundary_edge,100,0.8208365164247517,0.4888392686843872,0.47843137383461
gated_t0.95_d2_s400,vo2_Vacancy-Anion-03.png,1,378.0,139.0,boundary_edge,100,0.8208365164247517,0.5025593638420105,0.47058823704719543
gated_t0.95_d2_s400,vo2_Vacancy-Anion-03.png,1,412.0,80.0,invented_damaged,100,0.8208365164247517,0.48516494035720825,0.5176470875740051
gated_t0.95_d2_s400,vo2_Vacancy-Anion-03.png,1,103.0,139.0,invented_damaged,100,0.8208365164247517,0.49881231784820557,0.5372549295425415
gated_t0.95_d2_s400,vo2_Vacancy-Anion-03.png,1,206.0,79.0,invented_damaged,100,0.8208365164247517,0.5014719367027283,0.5411764979362488
gated_t0.95_d2_s400,vo2_Vacancy-Anion-03.png,1,309.0,139.0,boundary_edge,100,0.8208365164247517,0.5051314830780029,0.47058823704719543
gated_t0.95_d2_s400,vo2_Vacancy-Anion-03.png,1,481.0,79.0,boundary_edge,100,0.8208365164247517,0.5000576972961426,0.5215686559677124
gated_t0.95_d2_s400,vo2_Vacancy-Anion-03.png,1,378.0,377.0,boundary_edge,100,0.8208365164247517,0.5053508877754211,0.5176470875740051
gated_t0.95_d2_s400,vo2_Vacancy-Anion-03.png,1,516.0,139.0,boundary_edge,100,0.8208365164247517,0.50590980052948,0.49803921580314636
gated_t0.95_d2_s400,vo2_Vacancy-Anion-03.png,1,104.0,377.0,boundary_edge,100,0.8208365164247517,0.4993215799331665,0.48627451062202454
gated_t0.95_d2_s400,vo2_Vacancy-Anion-03.png,1,172.0,377.0,boundary_edge,100,0.8208365164247517,0.5003476142883301,0.45098039507865906
gated_t0.95_d2_s400,vo2_Vacancy-Anion-03.png,1,446.0,139.0,invented_damaged,100,0.8208365164247517,0.49653005599975586,0.49803921580314636
gated_t0.95_d2_s400,vo2_Vacancy-Anion-03.png,1,344.0,80.0,boundary_edge,100,0.8208365164247517,0.5003828406333923,0.40784314274787903
gated_t0.95_d2_s400,vo2_Vacancy-Anion-03.png,1,69.0,317.0,boundary_edge,100,0.8208365164247517,0.49479997158050537,0.5411764979362488
gated_t0.95_d2_s400,vo2_Vacancy-Anion-03.png,1,241.0,20.0,boundary_edge,100,0.8208365164247517,0.49552279710769653,0.5098039507865906
gated_t0.95_d2_s400,vo2_Vacancy-Anion-03.png,1,344.0,317.0,boundary_edge,100,0.8208365164247517,0.4931604266166687,0.4431372582912445
gated_t0.95_d2_s400,vo2_Vacancy-Anion-03.png,1,308.0,20.0,boundary_edge,100,0.8208365164247517,0.49594414234161377,0.5333333611488342
gated_t0.95_d2_s400,vo2_Vacancy-Anion-03.png,1,34.0,139.0,boundary_edge,100,0.8208365164247517,0.5011476278305054,0.48627451062202454
gated_t0.95_d2_s400,vo2_Vacancy-Anion-03.png,1,482.0,317.0,boundary_edge,100,0.8208365164247517,0.4979288876056671,0.4274509847164154
gated_t0.95_d2_s400,vo2_Vacancy-Anion-03.png,1,172.0,140.0,boundary_edge,100,0.8208365164247517,0.49331843852996826,0.49803921580314636
gated_t0.95_d2_s400,vo2_Vacancy-Anion-03.png,1,241.0,139.0,boundary_edge,100,0.8208365164247517,0.5015751123428345,0.5254902243614197
gated_t0.95_d2_s400,vo2_Vacancy-Anion-03.png,1,138.0,318.0,boundary_edge,100,0.8208365164247517,0.4948136806488037,0.5647059082984924
gated_t0.95_d2_s400,mote2-A_Anti-2M.png,1,6.0,604.0,boundary_edge,189,0.2322716616543134,0.48627451062202454,0.5215686559677124
gated_t0.95_d2_s400,vse2-A_Vacancy-Anion-06A.png,1,628.0,217.0,borderline_shifted,84,0.04060658162751613,0.23137255012989044,0.21176470816135406
gated_t0.95_d2_s400,nbs2_Anti-Metal.png,1,176.0,200.0,borderline_shifted,106,0.046149358075750414,0.2261669933795929,0.24705882370471954
gated_t0.95_d2_s400,nbs2_Anti-Metal.png,1,191.0,207.0,borderline_shifted,106,0.046149358075750414,0.2175682783126831,0.2235294133424759
gated_t0.95_d2_s400,nbs2_Anti-Metal.png,1,175.0,237.0,borderline_shifted,106,0.046149358075750414,0.2046283483505249,0.2235294133424759
gated_t0.95_d2_s400,nbte2_Vacancy-Anion-12A.png,1,95.0,445.0,invented_undamaged,170,0.054897087039944184,0.6070511341094971,0.07450980693101883
gated_t0.95_d2_s400,nbte2_Vacancy-Anion-12A.png,1,721.0,393.0,boundary_edge,170,0.054897087039944184,0.5982064008712769,0.03921568766236305
gated_t0.95_d2_s400,nbte2_Vacancy-Anion-12A.png,1,96.0,131.0,invented_undamaged,170,0.054897087039944184,0.5811024904251099,0.06666667014360428
gated_t0.95_d2_s400,nbte2_Vacancy-Anion-12A.png,1,720.0,495.0,boundary_edge,170,0.054897087039944184,0.43127933144569397,0.03529411926865578
gated_t0.95_d2_s400,nbte2_Vacancy-Anion-12A.png,1,111.0,446.0,borderline_shifted,170,0.054897087039944184,0.34492412209510803,0.06666667014360428
gated_t0.95_d2_s400,nbte2_Vacancy-Anion-12A.png,1,719.0,463.0,boundary_edge,170,0.054897087039944184,0.26337894797325134,0.01568627543747425
gated_t0.95_d2_s400,nbte2_Vacancy-Anion-12A.png,1,109.0,433.0,borderline_shifted,170,0.054897087039944184,0.28326550126075745,0.054901961237192154
gated_t0.95_d2_s400,nbte2_Vacancy-Anion-12A.png,1,719.0,414.0,boundary_edge,170,0.054897087039944184,0.2350112348794937,0.019607843831181526
gated_t0.95_d2_s400,nbte2_Vacancy-Anion-12A.png,1,710.0,465.0,invented_undamaged,170,0.054897087039944184,0.21615460515022278,0.01568627543747425
gated_t0.95_d2_s400,nbte2_Vacancy-Anion-12A.png,1,100.0,430.0,borderline_shifted,170,0.054897087039944184,0.3349122405052185,0.05882352963089943
gated_t0.95_d2_s400,nbte2_Vacancy-Anion-12A.png,1,104.0,456.0,invented_undamaged,170,0.054897087039944184,0.3828878104686737,0.07058823853731155
gated_t0.95_d2_s400,nbte2_Vacancy-Anion-12A.png,1,105.0,461.0,borderline_shifted,170,0.054897087039944184,0.2800951302051544,0.07450980693101883
gated_t0.95_d2_s400,nbte2_Vacancy-Anion-12A.png,1,110.0,81.0,borderline_shifted,170,0.054897087039944184,0.2976997494697571,0.25882354378700256
gated_t0.95_d2_s400,nbte2_Vacancy-Anion-12A.png,1,697.0,400.0,borderline_shifted,170,0.054897087039944184,0.21888074278831482,0.03921568766236305
gated_t0.95_d2_s400,nbte2_Vacancy-Anion-12A.png,1,86.0,433.0,invented_undamaged,170,0.054897087039944184,0.3236200213432312,0.05098039284348488
gated_t0.95_d2_s400,vs2_Vacancy-Anion-06A.png,1,304.0,417.0,borderline_shifted,158,0.5798871994272244,0.7952746152877808,0.7647058963775635
gated_t0.95_d2_s400,vs2_Vacancy-Anion-06A.png,1,367.0,448.0,boundary_edge,158,0.5798871994272244,0.5403028726577759,0.5607843399047852
gated_t0.95_d2_s400,vs2_Vacancy-Anion-06A.png,1,404.0,507.0,boundary_edge,158,0.5798871994272244,0.4105374217033386,0.4274509847164154
gated_t0.95_d2_s400,vs2_Vacancy-Anion-06A.png,1,567.0,459.0,boundary_edge,158,0.5798871994272244,0.36036089062690735,0.32549020648002625
gated_t0.95_d2_s400,vte2_Defect-Free.png,1,348.0,273.0,borderline_shifted,119,0.012906519538912127,0.32387620210647583,0.3333333432674408
gated_t0.95_d2_s400,cro2_Vacancy-Anion-03.png,1,386.0,80.0,borderline_shifted,80,0.6890084556742901,0.4254554212093353,0.24313725531101227
gated_t0.95_d2_s400,cro2_Vacancy-Anion-03.png,1,209.0,152.0,borderline_shifted,80,0.6890084556742901,0.3955240547657013,0.4117647111415863
gated_t0.95_d2_s400,cro2_Vacancy-Anion-03.png,1,198.0,163.0,borderline_shifted,80,0.6890084556742901,0.4737381935119629,0.4941176474094391
gated_t0.95_d2_s400,cro2_Vacancy-Anion-03.png,1,389.0,307.0,borderline_shifted,80,0.6890084556742901,0.427141398191452,0.2823529541492462
gated_t0.95_d2_s400,cro2_Vacancy-Anion-03.png,1,364.0,69.0,borderline_shifted,80,0.6890084556742901,0.4370677173137665,0.250980406999588
gated_t0.95_d2_s400,cro2_Vacancy-Anion-03.png,1,200.0,386.0,borderline_shifted,80,0.6890084556742901,0.44573765993118286,0.4313725531101227
gated_t0.95_d2_s400,cro2_Vacancy-Anion-03.png,1,365.0,297.0,borderline_shifted,80,0.6890084556742901,0.42395421862602234,0.2862745225429535
gated_t0.95_d2_s400,cro2_Vacancy-Anion-03.png,1,384.0,51.0,borderline_shifted,80,0.6890084556742901,0.38408035039901733,0.3176470696926117
gated_t0.95_d2_s400,cro2_Vacancy-Anion-03.png,1,155.0,436.0,borderline_shifted,80,0.6890084556742901,0.3796529769897461,0.24313725531101227
gated_t0.95_d2_s400,cro2_Vacancy-Anion-03.png,1,198.0,396.0,borderline_shifted,80,0.6890084556742901,0.4514213800430298,0.4588235318660736
gated_t0.95_d2_s400,cro2_Vacancy-Anion-03.png,1,163.0,416.0,borderline_shifted,80,0.6890084556742901,0.42470481991767883,0.2666666805744171
gated_t0.95_d2_s400,cro2_Vacancy-Anion-03.png,1,219.0,380.0,borderline_shifted,80,0.6890084556742901,0.4404996931552887,0.3843137323856354
gated_t0.95_d2_s400,vo2_Vacancy-Anion-03.png,2,262.0,253.0,borderline_shifted,100,0.8481016042780749,0.42581698298454285,0.5568627715110779
gated_t0.95_d2_s400,vo2_Vacancy-Anion-03.png,2,172.0,258.0,boundary_edge,100,0.8481016042780749,0.4832040071487427,0.5215686559677124
gated_t0.95_d2_s400,vo2_Vacancy-Anion-03.png,2,378.0,139.0,boundary_edge,100,0.8481016042780749,0.48417338728904724,0.47058823704719543
gated_t0.95_d2_s400,vo2_Vacancy-Anion-03.png,2,138.0,80.0,boundary_edge,100,0.8481016042780749,0.4677014946937561,0.48627451062202454
gated_t0.95_d2_s400,vo2_Vacancy-Anion-03.png,2,69.0,318.0,invented_damaged,100,0.8481016042780749,0.4787461459636688,0.5176470875740051
gated_t0.95_d2_s400,vo2_Vacancy-Anion-03.png,2,103.0,140.0,boundary_edge,100,0.8481016042780749,0.4869707226753235,0.45490196347236633
gated_t0.95_d2_s400,vo2_Vacancy-Anion-03.png,2,412.0,80.0,boundary_edge,100,0.8481016042780749,0.46512195467948914,0.5176470875740051
gated_t0.95_d2_s400,vo2_Vacancy-Anion-03.png,2,241.0,139.0,boundary_edge,100,0.8481016042780749,0.48455482721328735,0.5254902243614197
gated_t0.95_d2_s400,vo2_Vacancy-Anion-03.png,2,378.0,257.0,invented_damaged,100,0.8481016042780749,0.4773550033569336,0.4745098054409027
gated_t0.95_d2_s400,vo2_Vacancy-Anion-03.png,2,103.0,377.0,invented_damaged,100,0.8481016042780749,0.4861108660697937,0.5176470875740051
gated_t0.95_d2_s400,vo2_Vacancy-Anion-03.png,2,481.0,79.0,boundary_edge,100,0.8481016042780749,0.48218804597854614,0.5215686559677124
gated_t0.95_d2_s400,vo2_Vacancy-Anion-03.png,2,206.0,80.0,boundary_edge,100,0.8481016042780749,0.48234665393829346,0.4588235318660736
gated_t0.95_d2_s400,vo2_Vacancy-Anion-03.png,2,171.0,377.0,invented_damaged,100,0.8481016042780749,0.48277974128723145,0.49803921580314636
gated_t0.95_d2_s400,vo2_Vacancy-Anion-03.png,2,206.0,317.0,boundary_edge,100,0.8481016042780749,0.48068487644195557,0.501960813999176
gated_t0.95_d2_s400,vo2_Vacancy-Anion-03.png,2,34.0,20.0,invented_damaged,100,0.8481016042780749,0.47531425952911377,0.46666666865348816
gated_t0.95_d2_s400,vo2_Vacancy-Anion-03.png,2,343.0,317.0,invented_damaged,100,0.8481016042780749,0.47523370385169983,0.46666666865348816
gated_t0.95_d2_s400,vo2_Vacancy-Anion-03.png,2,516.0,139.0,boundary_edge,100,0.8481016042780749,0.4840739369392395,0.49803921580314636
gated_t0.95_d2_s400,vo2_Vacancy-Anion-03.png,2,446.0,377.0,boundary_edge,100,0.8481016042780749,0.479963481426239,0.5254902243614197
gated_t0.95_d2_s400,vo2_Vacancy-Anion-03.png,2,344.0,79.0,invented_damaged,100,0.8481016042780749,0.4830113649368286,0.48627451062202454
gated_t0.95_d2_s400,vo2_Vacancy-Anion-03.png,2,482.0,317.0,boundary_edge,100,0.8481016042780749,0.47568565607070923,0.4274509847164154
gated_t0.95_d2_s400,vo2_Vacancy-Anion-03.png,2,379.0,377.0,boundary_edge,100,0.8481016042780749,0.4820973873138428,0.46666666865348816
gated_t0.95_d2_s400,vo2_Vacancy-Anion-03.png,2,309.0,138.0,invented_damaged,100,0.8481016042780749,0.4836408197879791,0.5254902243614197
gated_t0.95_d2_s400,vo2_Vacancy-Anion-03.png,2,241.0,20.0,boundary_edge,100,0.8481016042780749,0.47615018486976624,0.5098039507865906
gated_t0.95_d2_s400,vo2_Vacancy-Anion-03.png,2,35.0,139.0,boundary_edge,100,0.8481016042780749,0.4834834933280945,0.501960813999176
gated_t0.95_d2_s400,mno2_Defect-Free.png,2,200.0,194.0,borderline_shifted,74,0.5092214532871973,0.3962218165397644,0.3960784375667572
gated_t0.95_d2_s400,mno2_Defect-Free.png,2,207.0,190.0,borderline_shifted,74,0.5092214532871973,0.31665003299713135,0.32156863808631897
gated_t0.95_d2_s400,mote2-A_Anti-2M.png,2,6.0,604.0,boundary_edge,189,0.22246323616472094,0.501960813999176,0.5215686559677124
gated_t0.95_d2_s400,vse2-A_Vacancy-Anion-06A.png,2,365.0,458.0,borderline_shifted,84,0.06335339265937096,0.5690147876739502,0.6000000238418579
gated_t0.95_d2_s400,vse2-A_Vacancy-Anion-06A.png,2,26.0,469.0,borderline_shifted,84,0.06335339265937096,0.2934552729129791,0.27843138575553894
gated_t0.95_d2_s400,vse2-A_Vacancy-Anion-06A.png,2,48.0,502.0,borderline_shifted,84,0.06335339265937096,0.17887353897094727,0.1882352977991104
gated_t0.95_d2_s400,vse2-A_Vacancy-Anion-06A.png,2,0.0,436.0,boundary_edge,84,0.06335339265937096,0.18431372940540314,0.1921568661928177
gated_t0.95_d2_s400,vse2-A_Vacancy-Anion-06A.png,2,384.0,503.0,borderline_shifted,84,0.06335339265937096,0.16818585991859436,0.1882352977991104
gated_t0.95_d2_s400,tas2-A_Doped-Li.png,2,561.0,337.0,borderline_shifted,68,0.050531027158246096,0.17878709733486176,0.15294118225574493
gated_t0.95_d2_s400,nbs2_Anti-Metal.png,2,208.0,157.0,borderline_shifted,106,0.05819269861185333,0.2963123321533203,0.27450981736183167
gated_t0.95_d2_s400,nbs2_Anti-Metal.png,2,224.0,131.0,borderline_shifted,106,0.05819269861185333,0.2613368034362793,0.26274511218070984
gated_t0.95_d2_s400,nbs2_Anti-Metal.png,2,224.0,128.0,borderline_shifted,106,0.05819269861185333,0.21242031455039978,0.22745098173618317
gated_t0.95_d2_s400,nbte2_Vacancy-Anion-12A.png,2,96.0,447.0,invented_undamaged,170,0.05821123321123321,0.6163837909698486,0.07450980693101883
gated_t0.95_d2_s400,nbte2_Vacancy-Anion-12A.png,2,720.0,392.0,boundary_edge,170,0.05821123321123321,0.6255784034729004,0.03529411926865578
gated_t0.95_d2_s400,nbte2_Vacancy-Anion-12A.png,2,403.0,469.0,invented_undamaged,170,0.05821123321123321,0.6092323064804077,0.12156862765550613
gated_t0.95_d2_s400,nbte2_Vacancy-Anion-12A.png,2,434.0,446.0,borderline_shifted,170,0.05821123321123321,0.5115548372268677,0.545098066329956
gated_t0.95_d2_s400,nbte2_Vacancy-Anion-12A.png,2,99.0,144.0,invented_undamaged,170,0.05821123321123321,0.37083858251571655,0.062745101749897
gated_t0.95_d2_s400,nbte2_Vacancy-Anion-12A.png,2,82.0,130.0,invented_undamaged,170,0.05821123321123321,0.36530205607414246,0.05098039284348488
gated_t0.95_d2_s400,nbte2_Vacancy-Anion-12A.png,2,720.0,495.0,boundary_edge,170,0.05821123321123321,0.43961507081985474,0.03529411926865578
gated_t0.95_d2_s400,nbte2_Vacancy-Anion-12A.png,2,439.0,432.0,borderline_shifted,170,0.05821123321123321,0.4221488833427429,0.4156862795352936
gated_t0.95_d2_s400,nbte2_Vacancy-Anion-12A.png,2,436.0,456.0,borderline_shifted,170,0.05821123321123321,0.4081759452819824,0.4117647111415863
gated_t0.95_d2_s400,nbte2_Vacancy-Anion-12A.png,2,405.0,478.0,invented_undamaged,170,0.05821123321123321,0.513696551322937,0.125490203499794
gated_t0.95_d2_s400,nbte2_Vacancy-Anion-12A.png,2,719.0,422.0,boundary_edge,170,0.05821123321123321,0.24844512343406677,0.019607843831181526
gated_t0.95_d2_s400,nbte2_Vacancy-Anion-12A.png,2,720.0,463.0,boundary_edge,170,0.05821123321123321,0.27192533016204834,0.0235294122248888
gated_t0.95_d2_s400,nbte2_Vacancy-Anion-12A.png,2,111.0,446.0,borderline_shifted,170,0.05821123321123321,0.3490716814994812,0.06666667014360428
gated_t0.95_d2_s400,nbte2_Vacancy-Anion-12A.png,2,87.0,140.0,invented_undamaged,170,0.05821123321123321,0.38652485609054565,0.0470588244497776
gated_t0.95_d2_s400,nbte2_Vacancy-Anion-12A.png,2,393.0,458.0,borderline_shifted,170,0.05821123321123321,0.45946893095970154,0.2078431397676468
gated_t0.95_d2_s400,nbte2_Vacancy-Anion-12A.png,2,434.0,500.0,borderline_shifted,170,0.05821123321123321,0.41423916816711426,0.4470588266849518
gated_t0.95_d2_s400,nbte2_Vacancy-Anion-12A.png,2,441.0,509.0,borderline_shifted,170,0.05821123321123321,0.36587801575660706,0.3607843220233917
gated_t0.95_d2_s400,nbte2_Vacancy-Anion-12A.png,2,710.0,464.0,invented_undamaged,170,0.05821123321123321,0.23076477646827698,0.027450980618596077
gated_t0.95_d2_s400,nbte2_Vacancy-Anion-12A.png,2,106.0,461.0,borderline_shifted,170,0.05821123321123321,0.27449533343315125,0.07058823853731155
gated_t0.95_d2_s400,nbte2_Vacancy-Anion-12A.png,2,443.0,468.0,borderline_shifted,170,0.05821123321123321,0.23817957937717438,0.21176470816135406
gated_t0.95_d2_s400,nbte2_Vacancy-Anion-12A.png,2,436.0,465.0,borderline_shifted,170,0.05821123321123321,0.27159538865089417,0.239215686917305
gated_t0.95_d2_s400,nbte2_Vacancy-Anion-12A.png,2,446.0,481.0,borderline_shifted,170,0.05821123321123321,0.2823384702205658,0.25882354378700256
gated_t0.95_d2_s400,tis2_Vacancy-Anion-12A.png,2,528.0,214.0,borderline_shifted,118,0.3364571151229763,0.27034860849380493,0.30980393290519714
gated_t0.95_d2_s400,tis2_Vacancy-Anion-12A.png,2,524.0,200.0,borderline_shifted,118,0.3364571151229763,0.32268840074539185,0.4156862795352936
gated_t0.95_d2_s400,tite2-B_Cu_doped.png,2,32.0,344.0,borderline_shifted,72,0.028741446983192948,0.4439001977443695,0.45490196347236633
gated_t0.95_d2_s400,vs2_Vacancy-Anion-06A.png,2,367.0,447.0,boundary_edge,158,0.6361799488916622,0.5500181317329407,0.5098039507865906
gated_t0.95_d2_s400,vs2_Vacancy-Anion-06A.png,2,111.0,10.0,boundary_edge,158,0.6361799488916622,0.29789313673973083,0.26274511218070984
gated_t0.95_d2_s400,vs2_Vacancy-Anion-06A.png,2,404.0,507.0,boundary_edge,158,0.6361799488916622,0.41910606622695923,0.4274509847164154
gated_t0.95_d2_s400,ws2-A_Vacancy-Metal.png,2,351.0,501.0,invented_undamaged,59,0.01815006939230542,0.5835707187652588,0.03529411926865578
gated_t0.95_d2_s400,ws2-A_Vacancy-Metal.png,2,333.0,504.0,invented_undamaged,59,0.01815006939230542,0.4022919535636902,0.03921568766236305
gated_t0.95_d2_s400,ws2-A_Vacancy-Metal.png,2,355.0,487.0,invented_undamaged,59,0.01815006939230542,0.3591436445713043,0.03921568766236305
gated_t0.95_d2_s400,ws2-A_Vacancy-Metal.png,2,342.0,509.0,invented_undamaged,59,0.01815006939230542,0.4635140299797058,0.03921568766236305
gated_t0.95_d2_s400,ws2-A_Vacancy-Metal.png,2,255.0,497.0,borderline_shifted,59,0.01815006939230542,0.21960784494876862,0.239215686917305
gated_t0.95_d2_s400,cose2_Fe_doped.png,2,545.0,65.0,borderline_shifted,96,0.060856266005446934,0.25879985094070435,0.027450980618596077
gated_t0.95_d2_s400,cose2_Fe_doped.png,2,550.0,60.0,borderline_shifted,96,0.060856266005446934,0.24418139457702637,0.0313725508749485
gated_t0.95_d2_s400,cro2_Vacancy-Anion-03.png,2,369.0,61.0,borderline_shifted,80,0.6971978095142981,0.4253672957420349,0.24705882370471954
gated_t0.95_d2_s400,cro2_Vacancy-Anion-03.png,2,44.0,77.0,borderline_shifted,80,0.6971978095142981,0.44873926043510437,0.4627451002597809
gated_t0.95_d2_s400,cro2_Vacancy-Anion-03.png,2,15.0,310.0,boundary_edge,80,0.6971978095142981,0.3372194766998291,0.3019607961177826
gated_t0.95_d2_s400,cro2_Vacancy-Anion-03.png,2,42.0,280.0,borderline_shifted,80,0.6971978095142981,0.45105013251304626,0.4156862795352936
gated_t0.95_d2_s400,cro2_Vacancy-Anion-03.png,2,40.0,305.0,borderline_shifted,80,0.6971978095142981,0.42617267370224,0.3843137323856354
gated_t0.95_d2_s400,cro2_Vacancy-Anion-03.png,2,389.0,280.0,borderline_shifted,80,0.6971978095142981,0.4364931583404541,0.27843138575553894
gated_t0.95_d2_s400,cro2_Vacancy-Anion-03.png,2,39.0,49.0,borderline_shifted,80,0.6971978095142981,0.41525718569755554,0.37254902720451355
gated_t0.95_d2_s400,cro2_Vacancy-Anion-03.png,2,48.0,55.0,borderline_shifted,80,0.6971978095142981,0.45631974935531616,0.48627451062202454
gated_t0.95_d2_s400,cro2_Vacancy-Anion-03.png,2,24.0,310.0,borderline_shifted,80,0.6971978095142981,0.2826240062713623,0.2823529541492462
gated_t0.95_d2_s400,cro2_Vacancy-Anion-03.png,2,52.0,60.0,borderline_shifted,80,0.6971978095142981,0.3910798728466034,0.3686274588108063
gated_t0.95_d2_s400,cro2_Vacancy-Anion-03.png,2,158.0,410.0,borderline_shifted,80,0.6971978095142981,0.4498685598373413,0.34117648005485535
gated_t0.95_d2_s400,cro2_Vacancy-Anion-03.png,2,48.0,303.0,borderline_shifted,80,0.6971978095142981,0.43995073437690735,0.42352941632270813
gated_t0.95_d2_s400,cro2_Vacancy-Anion-03.png,2,16.0,87.0,borderline_shifted,80,0.6971978095142981,0.21513456106185913,0.1725490242242813
gated_t0.95_d2_s400,cro2_Vacancy-Anion-03.png,2,51.0,284.0,borderline_shifted,80,0.6971978095142981,0.43468111753463745,0.40392157435417175
gated_t0.95_d2_s400,cro2_Vacancy-Anion-03.png,2,363.0,300.0,borderline_shifted,80,0.6971978095142981,0.4171040654182434,0.30980393290519714
gated_t0.95_d2_s400,vo2_Vacancy-Anion-03.png,4,141.0,7.0,boundary_edge,100,0.8810847975553858,0.7480235695838928,0.13333334028720856
gated_t0.95_d2_s400,vo2_Vacancy-Anion-03.png,4,412.0,0.0,boundary_edge,100,0.8810847975553858,0.832884669303894,0.09019608050584793
gated_t0.95_d2_s400,vo2_Vacancy-Anion-03.png,4,130.0,0.0,boundary_edge,100,0.8810847975553858,0.6859885454177856,0.13333334028720856
gated_t0.95_d2_s400,vo2_Vacancy-Anion-03.png,4,132.0,17.0,borderline_shifted,100,0.8810847975553858,0.4431766867637634,0.1568627506494522
gated_t0.95_d2_s400,vo2_Vacancy-Anion-03.png,4,155.0,7.0,boundary_edge,100,0.8810847975553858,0.49575626850128174,0.25882354378700256
gated_t0.95_d2_s400,vo2_Vacancy-Anion-03.png,4,374.0,78.0,borderline_shifted,100,0.8810847975553858,0.46046873927116394,0.47058823704719543
gated_t0.95_d2_s400,vo2_Vacancy-Anion-03.png,4,145.0,17.0,borderline_shifted,100,0.8810847975553858,0.4542248249053955,0.1725490242242813
gated_t0.95_d2_s400,vo2_Vacancy-Anion-03.png,4,115.0,79.0,borderline_shifted,100,0.8810847975553858,0.39966800808906555,0.42352941632270813
gated_t0.95_d2_s400,vo2_Vacancy-Anion-03.png,4,390.0,76.0,borderline_shifted,100,0.8810847975553858,0.4722268581390381,0.3843137323856354
gated_t0.95_d2_s400,vo2_Vacancy-Anion-03.png,4,92.0,78.0,borderline_shifted,100,0.8810847975553858,0.4196341335773468,0.3921568691730499
gated_t0.95_d2_s400,vo2_Vacancy-Anion-03.png,4,94.0,74.0,borderline_shifted,100,0.8810847975553858,0.5212563276290894,0.4941176474094391
gated_t0.95_d2_s400,vo2_Vacancy-Anion-03.png,4,345.0,80.0,invented_damaged,100,0.8810847975553858,0.49570536613464355,0.4901960790157318
gated_t0.95_d2_s400,vo2_Vacancy-Anion-03.png,4,413.0,80.0,invented_damaged,100,0.8810847975553858,0.48570212721824646,0.4941176474094391
gated_t0.95_d2_s400,vo2_Vacancy-Anion-03.png,4,390.0,81.0,borderline_shifted,100,0.8810847975553858,0.3755115568637848,0.32549020648002625
gated_t0.95_d2_s400,vo2_Vacancy-Anion-03.png,4,137.0,80.0,boundary_edge,100,0.8810847975553858,0.4811655580997467,0.47843137383461
gated_t0.95_d2_s400,vo2_Vacancy-Anion-03.png,4,34.0,20.0,boundary_edge,100,0.8810847975553858,0.48664483428001404,0.46666666865348816
gated_t0.95_d2_s400,vo2_Vacancy-Anion-03.png,4,310.0,138.0,boundary_edge,100,0.8810847975553858,0.49180787801742554,0.47843137383461
gated_t0.95_d2_s400,vo2_Vacancy-Anion-03.png,4,549.0,318.0,boundary_edge,100,0.8810847975553858,0.4603637754917145,0.45098039507865906
gated_t0.95_d2_s400,vo2_Vacancy-Anion-03.png,4,378.0,140.0,boundary_edge,100,0.8810847975553858,0.4860418438911438,0.5215686559677124
gated_t0.95_d2_s400,vo2_Vacancy-Anion-03.png,4,70.0,80.0,boundary_edge,100,0.8810847975553858,0.4856300354003906,0.5137255191802979
gated_t0.95_d2_s400,vo2_Vacancy-Anion-03.png,4,379.0,258.0,boundary_edge,100,0.8810847975553858,0.48013219237327576,0.4588235318660736
gated_t0.95_d2_s400,vo2_Vacancy-Anion-03.png,4,103.0,377.0,boundary_edge,100,0.8810847975553858,0.487307071685791,0.5176470875740051
gated_t0.95_d2_s400,vo2_Vacancy-Anion-03.png,4,172.0,140.0,boundary_edge,100,0.8810847975553858,0.48546290397644043,0.49803921580314636
gated_t0.95_d2_s400,vo2_Vacancy-Anion-03.png,4,309.0,21.0,boundary_edge,100,0.8810847975553858,0.4828488826751709,0.49803921580314636
gated_t0.95_d2_s400,vo2_Vacancy-Anion-03.png,4,171.0,257.0,boundary_edge,100,0.8810847975553858,0.4789447784423828,0.529411792755127
gated_t0.95_d2_s400,vo2_Vacancy-Anion-03.png,4,241.0,139.0,invented_damaged,100,0.8810847975553858,0.4903872609138489,0.5254902243614197
gated_t0.95_d2_s400,vo2_Vacancy-Anion-03.png,4,34.0,138.0,boundary_edge,100,0.8810847975553858,0.48579171299934387,0.45098039507865906
gated_t0.95_d2_s400,vo2_Vacancy-Anion-03.png,4,344.0,317.0,boundary_edge,100,0.8810847975553858,0.48089683055877686,0.4431372582912445
gated_t0.95_d2_s400,vo2_Vacancy-Anion-03.png,4,171.0,377.0,boundary_edge,100,0.8810847975553858,0.48580917716026306,0.49803921580314636
gated_t0.95_d2_s400,vo2_Vacancy-Anion-03.png,4,69.0,318.0,invented_damaged,100,0.8810847975553858,0.47937464714050293,0.5176470875740051
gated_t0.95_d2_s400,vo2_Vacancy-Anion-03.png,4,447.0,140.0,invented_damaged,100,0.8810847975553858,0.4801071286201477,0.4588235318660736
gated_t0.95_d2_s400,vo2_Vacancy-Anion-03.png,4,482.0,317.0,boundary_edge,100,0.8810847975553858,0.48605385422706604,0.4274509847164154
gated_t0.95_d2_s400,vo2_Vacancy-Anion-03.png,4,446.0,377.0,invented_damaged,100,0.8810847975553858,0.48540937900543213,0.5254902243614197
gated_t0.95_d2_s400,vo2_Vacancy-Anion-03.png,4,103.0,140.0,boundary_edge,100,0.8810847975553858,0.4812966287136078,0.45490196347236633
gated_t0.95_d2_s400,vo2_Vacancy-Anion-03.png,4,412.0,317.0,boundary_edge,100,0.8810847975553858,0.4822874069213867,0.529411792755127
gated_t0.95_d2_s400,mos2-A_Adatom-Li.png,4,54.0,414.0,borderline_shifted,84,0.19147515189590425,0.2759057879447937,0.42352941632270813
gated_t0.95_d2_s400,mos2-A_Adatom-Li.png,4,78.0,427.0,borderline_shifted,84,0.19147515189590425,0.2573060095310211,0.3803921639919281
gated_t0.95_d2_s400,mote2-A_Anti-2M.png,4,165.0,553.0,borderline_shifted,189,0.2722986573207985,0.3854934573173523,0.2705882489681244
gated_t0.95_d2_s400,mote2-A_Anti-2M.png,4,165.0,251.0,borderline_shifted,189,0.2722986573207985,0.3760131597518921,0.25882354378700256
gated_t0.95_d2_s400,mote2-A_Anti-2M.png,4,185.0,507.0,borderline_shifted,189,0.2722986573207985,0.4764317274093628,0.4274509847164154
gated_t0.95_d2_s400,mote2-A_Anti-2M.png,4,6.0,604.0,boundary_edge,189,0.2722986573207985,0.5098039507865906,0.5215686559677124
gated_t0.95_d2_s400,mote2-A_Anti-2M.png,4,185.0,205.0,borderline_shifted,189,0.2722986573207985,0.49316495656967163,0.43921568989753723
gated_t0.95_d2_s400,mote2-A_Anti-2M.png,4,181.0,535.0,borderline_shifted,189,0.2722986573207985,0.5255273580551147,0.4470588266849518
gated_t0.95_d2_s400,mote2-A_Anti-2M.png,4,187.0,201.0,borderline_shifted,189,0.2722986573207985,0.3994854986667633,0.3686274588108063
gated_t0.95_d2_s400,mote2-A_Anti-2M.png,4,162.0,244.0,borderline_shifted,189,0.2722986573207985,0.3320573568344116,0.20392157137393951
gated_t0.95_d2_s400,mote2-A_Anti-2M.png,4,150.0,499.0,borderline_shifted,189,0.2722986573207985,0.2464779168367386,0.24313725531101227
gated_t0.95_d2_s400,mote2-A_Anti-2M.png,4,194.0,238.0,borderline_shifted,189,0.2722986573207985,0.3321622312068939,0.2823529541492462
gated_t0.95_d2_s400,mote2-A_Anti-2M.png,4,166.0,492.0,borderline_shifted,189,0.2722986573207985,0.27195847034454346,0.21568627655506134
gated_t0.95_d2_s400,mote2-A_Anti-2M.png,4,173.0,555.0,borderline_shifted,189,0.2722986573207985,0.31805601716041565,0.25882354378700256
gated_t0.95_d2_s400,mote2-A_Anti-2M.png,4,185.0,499.0,borderline_shifted,189,0.2722986573207985,0.36384880542755127,0.3686274588108063
gated_t0.95_d2_s400,mote2-A_Anti-2M.png,4,167.0,191.0,borderline_shifted,189,0.2722986573207985,0.2711113691329956,0.23529411852359772
gated_t0.95_d2_s400,tate2-A_Fe_doped.png,4,571.0,54.0,borderline_shifted,122,0.0488133445945946,0.33904170989990234,0.3294117748737335
gated_t0.95_d2_s400,tate2-A_Fe_doped.png,4,565.0,374.0,borderline_shifted,122,0.0488133445945946,0.40763434767723083,0.37254902720451355
gated_t0.95_d2_s400,tate2-A_Fe_doped.png,4,550.0,46.0,borderline_shifted,122,0.0488133445945946,0.3443439304828644,0.34117648005485535
gated_t0.95_d2_s400,tate2-A_Fe_doped.png,4,548.0,379.0,borderline_shifted,122,0.0488133445945946,0.21019843220710754,0.21176470816135406
gated_t0.95_d2_s400,tate2-A_Fe_doped.png,4,567.0,62.0,borderline_shifted,122,0.0488133445945946,0.24051515758037567,0.20392157137393951
gated_t0.95_d2_s400,tate2-A_Fe_doped.png,4,558.0,382.0,borderline_shifted,122,0.0488133445945946,0.22996869683265686,0.23137255012989044
gated_t0.95_d2_s400,tate2-A_Fe_doped.png,4,559.0,64.0,borderline_shifted,122,0.0488133445945946,0.20442628860473633,0.19607843458652496
gated_t0.95_d2_s400,vse2-A_Vacancy-Anion-06A.png,4,628.0,217.0,borderline_shifted,84,0.05164308340497378,0.239215686917305,0.21176470816135406
gated_t0.95_d2_s400,vse2-A_Vacancy-Anion-06A.png,4,126.0,578.0,boundary_edge,84,0.05164308340497378,0.1921568661928177,0.18039216101169586
gated_t0.95_d2_s400,vse2-A_Vacancy-Anion-06A.png,4,294.0,217.0,borderline_shifted,84,0.05164308340497378,0.23529411852359772,0.239215686917305
gated_t0.95_d2_s400,vse2-A_Vacancy-Anion-06A.png,4,668.0,288.0,boundary_edge,84,0.05164308340497378,0.21960784494876862,0.24705882370471954
gated_t0.95_d2_s400,vse2-A_Vacancy-Anion-06A.png,4,210.0,72.0,borderline_shifted,84,0.05164308340497378,0.23529411852359772,0.21960784494876862
gated_t0.95_d2_s400,vse2-A_Vacancy-Anion-06A.png,4,0.0,435.0,boundary_edge,84,0.05164308340497378,0.19607843458652496,0.20392157137393951
gated_t0.95_d2_s400,tas2-A_Doped-Li.png,4,78.0,193.0,borderline_shifted,68,0.07274566327820765,0.36793702840805054,0.3450980484485626
gated_t0.95_d2_s400,tas2-A_Doped-Li.png,4,90.0,195.0,borderline_shifted,68,0.07274566327820765,0.2656819224357605,0.23529411852359772
gated_t0.95_d2_s400,tas2-A_Doped-Li.png,4,61.0,192.0,borderline_shifted,68,0.07274566327820765,0.25626540184020996,0.25882354378700256
gated_t0.95_d2_s400,tas2-A_Doped-Li.png,4,54.0,222.0,borderline_shifted,68,0.07274566327820765,0.2731257975101471,0.2823529541492462
gated_t0.95_d2_s400,tas2-A_Doped-Li.png,4,80.0,483.0,borderline_shifted,68,0.07274566327820765,0.29610365629196167,0.27843138575553894
gated_t0.95_d2_s400,tase2-A_Vacancy-Anion-12B.png,4,504.0,399.0,invented_damaged,121,0.041567427630030594,0.20570750534534454,0.20392157137393951
gated_t0.95_d2_s400,tase2-A_Vacancy-Anion-12B.png,4,509.0,78.0,invented_damaged,121,0.041567427630030594,0.20000524818897247,0.1921568661928177
gated_t0.95_d2_s400,tase2-A_Vacancy-Anion-12B.png,4,483.0,45.0,invented_damaged,121,0.041567427630030594,0.2391195148229599,0.250980406999588
gated_t0.95_d2_s400,tase2-A_Vacancy-Anion-12B.png,4,509.0,381.0,invented_damaged,121,0.041567427630030594,0.19546474516391754,0.20000000298023224
gated_t0.95_d2_s400,tase2-A_Vacancy-Anion-12B.png,4,483.0,348.0,invented_damaged,121,0.041567427630030594,0.23641043901443481,0.250980406999588
gated_t0.95_d2_s400,tase2-A_Vacancy-Anion-12B.png,4,121.0,595.0,boundary_edge,121,0.041567427630030594,0.16470588743686676,0.16470588743686676
gated_t0.95_d2_s400,nbs2_Anti-Metal.png,4,366.0,412.0,borderline_shifted,106,0.06295582043159821,0.48235294222831726,0.5843137502670288
gated_t0.95_d2_s400,nbte2_Vacancy-Anion-12A.png,4,95.0,450.0,invented_undamaged,170,0.08330716902145474,0.562991738319397,0.06666667014360428
gated_t0.95_d2_s400,nbte2_Vacancy-Anion-12A.png,4,579.0,469.0,invented_undamaged,170,0.08330716902145474,0.6199472546577454,0.08235294371843338
gated_t0.95_d2_s400,nbte2_Vacancy-Anion-12A.png,4,714.0,443.0,boundary_edge,170,0.08330716902145474,0.6273516416549683,0.01568627543747425
gated_t0.95_d2_s400,nbte2_Vacancy-Anion-12A.png,4,718.0,391.0,boundary_edge,170,0.08330716902145474,0.6149265766143799,0.0313725508749485
gated_t0.95_d2_s400,nbte2_Vacancy-Anion-12A.png,4,96.0,144.0,invented_undamaged,170,0.08330716902145474,0.38105714321136475,0.054901961237192154
gated_t0.95_d2_s400,nbte2_Vacancy-Anion-12A.png,4,110.0,447.0,borderline_shifted,170,0.08330716902145474,0.3781985342502594,0.06666667014360428
gated_t0.95_d2_s400,nbte2_Vacancy-Anion-12A.png,4,82.0,131.0,invented_undamaged,170,0.08330716902145474,0.36412474513053894,0.05098039284348488
gated_t0.95_d2_s400,nbte2_Vacancy-Anion-12A.png,4,88.0,437.0,invented_undamaged,170,0.08330716902145474,0.4255513548851013,0.05098039284348488
gated_t0.95_d2_s400,nbte2_Vacancy-Anion-12A.png,4,87.0,140.0,invented_undamaged,170,0.08330716902145474,0.3833662271499634,0.0470588244497776
gated_t0.95_d2_s400,nbte2_Vacancy-Anion-12A.png,4,718.0,563.0,boundary_edge,170,0.08330716902145474,0.3455798625946045,0.27450981736183167
gated_t0.95_d2_s400,nbte2_Vacancy-Anion-12A.png,4,703.0,560.0,borderline_shifted,170,0.08330716902145474,0.2904200255870819,0.25882354378700256
gated_t0.95_d2_s400,nbte2_Vacancy-Anion-12A.png,4,106.0,461.0,borderline_shifted,170,0.08330716902145474,0.2803040146827698,0.07058823853731155
gated_t0.95_d2_s400,nbte2_Vacancy-Anion-12A.png,4,707.0,497.0,invented_undamaged,170,0.08330716902145474,0.29980334639549255,0.03529411926865578
gated_t0.95_d2_s400,nbte2_Vacancy-Anion-12A.png,4,568.0,456.0,borderline_shifted,170,0.08330716902145474,0.31145718693733215,0.07450980693101883
gated_t0.95_d2_s400,tise2_Adatom-Li.png,4,299.0,447.0,borderline_shifted,157,0.24425908977452368,0.24615953862667084,0.27450981736183167
gated_t0.95_d2_s400,tite2-B_Cu_doped.png,4,636.0,95.0,borderline_shifted,72,0.046032662334034746,0.24855652451515198,0.22745098173618317
gated_t0.95_d2_s400,tite2-B_Cu_doped.png,4,635.0,103.0,borderline_shifted,72,0.046032662334034746,0.3166274130344391,0.3137255012989044
gated_t0.95_d2_s400,tite2-B_Cu_doped.png,4,671.0,97.0,borderline_shifted,72,0.046032662334034746,0.29968246817588806,0.2862745225429535
gated_t0.95_d2_s400,vs2_Vacancy-Anion-06A.png,4,303.0,417.0,borderline_shifted,158,0.5639575851734882,0.7772507667541504,0.7411764860153198
gated_t0.95_d2_s400,ws2-A_Vacancy-Metal.png,4,254.0,526.0,borderline_shifted,59,0.04382806634359429,0.1516849845647812,0.1568627506494522
gated_t0.95_d2_s400,ws2-A_Vacancy-Metal.png,4,255.0,502.0,borderline_shifted,59,0.04382806634359429,0.2205449938774109,0.23137255012989044
gated_t0.95_d2_s400,ws2-A_Vacancy-Metal.png,4,189.0,505.0,borderline_shifted,59,0.04382806634359429,0.28283190727233887,0.27843138575553894
gated_t0.95_d2_s400,ws2-A_Vacancy-Metal.png,4,296.0,526.0,borderline_shifted,59,0.04382806634359429,0.17938996851444244,0.18039216101169586
gated_t0.95_d2_s400,cro2_Vacancy-Anion-03.png,4,155.0,419.0,borderline_shifted,80,0.678255767502247,0.43542739748954773,0.2549019753932953
gated_t0.95_d2_s400,cro2_Vacancy-Anion-03.png,4,382.0,233.0,borderline_shifted,80,0.678255767502247,0.38157564401626587,0.16862745583057404
gated_t0.95_d2_s400,cro2_Vacancy-Anion-03.png,4,327.0,220.0,borderline_shifted,80,0.678255767502247,0.43804192543029785,0.4117647111415863
gated_t0.95_d2_s400,cro2_Vacancy-Anion-03.png,4,390.0,58.0,borderline_shifted,80,0.678255767502247,0.38735824823379517,0.24313725531101227
gated_t0.95_d2_s400,cro2_Vacancy-Anion-03.png,4,366.0,294.0,borderline_shifted,80,0.678255767502247,0.4423731565475464,0.2549019753932953
gated_t0.95_d2_s400,cro2_Vacancy-Anion-03.png,4,383.0,226.0,borderline_shifted,80,0.678255767502247,0.4335264563560486,0.25882354378700256
gated_t0.95_d2_s400,cro2_Vacancy-Anion-03.png,4,337.0,222.0,borderline_shifted,80,0.678255767502247,0.4565439224243164,0.32549020648002625
gated_t0.95_d2_s400,cro2_Vacancy-Anion-03.png,4,390.0,280.0,borderline_shifted,80,0.678255767502247,0.43604546785354614,0.30588236451148987
gated_t0.95_d2_s400,cro2_Vacancy-Anion-03.png,4,365.0,61.0,borderline_shifted,80,0.678255767502247,0.43212389945983887,0.2666666805744171
gated_t0.95_d2_s400,cro2_Vacancy-Anion-03.png,4,328.0,241.0,borderline_shifted,80,0.678255767502247,0.3208376169204712,0.2549019753932953
gated_t0.95_d2_s400,cro2_Vacancy-Anion-03.png,4,158.0,433.0,borderline_shifted,80,0.678255767502247,0.3766038715839386,0.2078431397676468
gated_t0.95_d2_s400,cro2_Vacancy-Anion-03.png,4,150.0,413.0,borderline_shifted,80,0.678255767502247,0.4016088545322418,0.19607843458652496
gated_t0.95_d2_s400,cro2_Vacancy-Anion-03.png,4,141.0,433.0,borderline_shifted,80,0.678255767502247,0.35625144839286804,0.25882354378700256
gated_t0.95_d2_s400,cro2_Vacancy-Anion-03.png,4,365.0,73.0,borderline_shifted,80,0.678255767502247,0.40820226073265076,0.239215686917305
gated_t0.95_d2_s400,cro2_Vacancy-Anion-03.png,4,391.0,308.0,borderline_shifted,80,0.678255767502247,0.4399271607398987,0.30588236451148987
gated_t0.95_d2_s400,cro2_Vacancy-Anion-03.png,4,382.0,311.0,borderline_shifted,80,0.678255767502247,0.387431263923645,0.27450981736183167
gated_t0.95_d2_s400,vo2_Vacancy-Anion-03.png,8,278.0,438.0,boundary_edge,100,0.8846180290297937,0.4953339099884033,0.21176470816135406
gated_t0.95_d2_s400,vo2_Vacancy-Anion-03.png,8,436.0,381.0,invented_damaged,100,0.8846180290297937,0.4016460180282593,0.46666666865348816
gated_t0.95_d2_s400,vo2_Vacancy-Anion-03.png,8,549.0,439.0,boundary_edge,100,0.8846180290297937,0.4726940989494324,0.23137255012989044
gated_t0.95_d2_s400,vo2_Vacancy-Anion-03.png,8,207.0,317.0,invented_damaged,100,0.8846180290297937,0.4981591999530792,0.545098066329956
gated_t0.95_d2_s400,vo2_Vacancy-Anion-03.png,8,549.0,321.0,boundary_edge,100,0.8846180290297937,0.36406946182250977,0.43921568989753723
gated_t0.95_d2_s400,vo2_Vacancy-Anion-03.png,8,482.0,317.0,invented_damaged,100,0.8846180290297937,0.4967198669910431,0.4274509847164154
gated_t0.95_d2_s400,vo2_Vacancy-Anion-03.png,8,169.0,384.0,invented_damaged,100,0.8846180290297937,0.44368380308151245,0.4627451002597809
gated_t0.95_d2_s400,vo2_Vacancy-Anion-03.png,8,175.0,377.0,invented_damaged,100,0.8846180290297937,0.45730435848236084,0.529411792755127
gated_t0.95_d2_s400,vo2_Vacancy-Anion-03.png,8,473.0,443.0,borderline_shifted,100,0.8846180290297937,0.3824879825115204,0.38823530077934265
gated_t0.95_d2_s400,vo2_Vacancy-Anion-03.png,8,448.0,376.0,invented_damaged,100,0.8846180290297937,0.46359819173812866,0.5176470875740051
gated_t0.95_d2_s400,vo2_Vacancy-Anion-03.png,8,412.0,80.0,boundary_edge,100,0.8846180290297937,0.47589415311813354,0.5176470875740051
gated_t0.95_d2_s400,vo2_Vacancy-Anion-03.png,8,241.0,20.0,boundary_edge,100,0.8846180290297937,0.479408860206604,0.5098039507865906
gated_t0.95_d2_s400,vo2_Vacancy-Anion-03.png,8,172.0,258.0,boundary_edge,100,0.8846180290297937,0.48321008682250977,0.5215686559677124
gated_t0.95_d2_s400,vo2_Vacancy-Anion-03.png,8,481.0,79.0,boundary_edge,100,0.8846180290297937,0.4906463027000427,0.5215686559677124
gated_t0.95_d2_s400,vo2_Vacancy-Anion-03.png,8,344.0,317.0,boundary_edge,100,0.8846180290297937,0.48821863532066345,0.4431372582912445
gated_t0.95_d2_s400,vo2_Vacancy-Anion-03.png,8,378.0,377.0,boundary_edge,100,0.8846180290297937,0.49014121294021606,0.5176470875740051
gated_t0.95_d2_s400,vo2_Vacancy-Anion-03.png,8,69.0,318.0,boundary_edge,100,0.8846180290297937,0.4870983064174652,0.5176470875740051
gated_t0.95_d2_s400,vo2_Vacancy-Anion-03.png,8,103.0,139.0,boundary_edge,100,0.8846180290297937,0.4855048656463623,0.5372549295425415
gated_t0.95_d2_s400,vo2_Vacancy-Anion-03.png,8,137.0,79.0,invented_damaged,100,0.8846180290297937,0.47427988052368164,0.5058823823928833
gated_t0.95_d2_s400,vo2_Vacancy-Anion-03.png,8,378.0,140.0,boundary_edge,100,0.8846180290297937,0.4878894090652466,0.5215686559677124
gated_t0.95_d2_s400,vo2_Vacancy-Anion-03.png,8,309.0,21.0,boundary_edge,100,0.8846180290297937,0.4892840087413788,0.49803921580314636
gated_t0.95_d2_s400,vo2_Vacancy-Anion-03.png,8,34.0,20.0,boundary_edge,100,0.8846180290297937,0.4814733862876892,0.46666666865348816
gated_t0.95_d2_s400,vo2_Vacancy-Anion-03.png,8,379.0,257.0,boundary_edge,100,0.8846180290297937,0.4832429885864258,0.5137255191802979
gated_t0.95_d2_s400,vo2_Vacancy-Anion-03.png,8,240.0,139.0,boundary_edge,100,0.8846180290297937,0.4940955638885498,0.5529412031173706
gated_t0.95_d2_s400,vo2_Vacancy-Anion-03.png,8,447.0,140.0,boundary_edge,100,0.8846180290297937,0.4865269064903259,0.4588235318660736
gated_t0.95_d2_s400,vo2_Vacancy-Anion-03.png,8,345.0,79.0,boundary_edge,100,0.8846180290297937,0.4885813891887665,0.5411764979362488
gated_t0.95_d2_s400,vo2_Vacancy-Anion-03.png,8,172.0,140.0,boundary_edge,100,0.8846180290297937,0.4861762225627899,0.49803921580314636
gated_t0.95_d2_s400,vo2_Vacancy-Anion-03.png,8,206.0,79.0,boundary_edge,100,0.8846180290297937,0.48594504594802856,0.5411764979362488
gated_t0.95_d2_s400,vo2_Vacancy-Anion-03.png,8,549.0,80.0,boundary_edge,100,0.8846180290297937,0.481781929731369,0.4745098054409027
gated_t0.95_d2_s400,vo2_Vacancy-Anion-03.png,8,104.0,377.0,boundary_edge,100,0.8846180290297937,0.48358243703842163,0.48627451062202454
gated_t0.95_d2_s400,vo2_Vacancy-Anion-03.png,8,413.0,318.0,boundary_edge,100,0.8846180290297937,0.4823862910270691,0.43529412150382996
gated_t0.95_d2_s400,vo2_Vacancy-Anion-03.png,8,309.0,139.0,boundary_edge,100,0.8846180290297937,0.49152466654777527,0.47058823704719543
gated_t0.95_d2_s400,vo2_Vacancy-Anion-03.png,8,516.0,20.0,boundary_edge,100,0.8846180290297937,0.47147825360298157,0.45490196347236633
gated_t0.95_d2_s400,vo2_Vacancy-Anion-03.png,8,516.0,138.0,boundary_edge,100,0.8846180290297937,0.4915587902069092,0.47058823704719543
gated_t0.95_d2_s400,vo2_Vacancy-Anion-03.png,8,159.0,374.0,borderline_shifted,100,0.8846180290297937,0.4215170741081238,0.4627451002597809
gated_t0.95_d2_s400,vo2_Vacancy-Anion-03.png,8,69.0,80.0,boundary_edge,100,0.8846180290297937,0.48645108938217163,0.5137255191802979
gated_t0.95_d2_s400,vo2_Vacancy-Anion-03.png,8,35.0,139.0,boundary_edge,100,0.8846180290297937,0.4876255691051483,0.501960813999176
gated_t0.95_d2_s400,mno2_Defect-Free.png,8,243.0,314.0,borderline_shifted,74,0.567795847750865,0.5818136930465698,0.529411792755127
gated_t0.95_d2_s400,mno2_Defect-Free.png,8,241.0,331.0,borderline_shifted,74,0.567795847750865,0.5637586116790771,0.4941176474094391
gated_t0.95_d2_s400,mno2_Defect-Free.png,8,239.0,322.0,borderline_shifted,74,0.567795847750865,0.5824058055877686,0.5764706134796143
gated_t0.95_d2_s400,mno2_Defect-Free.png,8,245.0,301.0,borderline_shifted,74,0.567795847750865,0.294567346572876,0.30588236451148987
gated_t0.95_d2_s400,mos2-A_Adatom-Li.png,8,0.0,131.0,boundary_edge,84,0.2219420602376566,0.7419705390930176,0.027450980618596077
gated_t0.95_d2_s400,mos2-A_Adatom-Li.png,8,89.0,175.0,borderline_shifted,84,0.2219420602376566,0.3650154173374176,0.47058823704719543
gated_t0.95_d2_s400,mos2-A_Adatom-Li.png,8,46.0,205.0,invented_damaged,84,0.2219420602376566,0.24091345071792603,0.2705882489681244
gated_t0.95_d2_s400,mos2-A_Adatom-Li.png,8,66.0,191.0,borderline_shifted,84,0.2219420602376566,0.3781816363334656,0.40392157435417175
gated_t0.95_d2_s400,mos2-A_Adatom-Li.png,8,74.0,190.0,borderline_shifted,84,0.2219420602376566,0.4139608144760132,0.4745098054409027
gated_t0.95_d2_s400,mos2-A_Adatom-Li.png,8,100.0,91.0,borderline_shifted,84,0.2219420602376566,0.2528802752494812,0.23529411852359772
gated_t0.95_d2_s400,mos2-A_Adatom-Li.png,8,90.0,163.0,borderline_shifted,84,0.2219420602376566,0.2885381877422333,0.30980393290519714
gated_t0.95_d2_s400,mos2-A_Adatom-Li.png,8,109.0,78.0,borderline_shifted,84,0.2219420602376566,0.18342414498329163,0.2078431397676468
gated_t0.95_d2_s400,mos2-A_Adatom-Li.png,8,93.0,79.0,borderline_shifted,84,0.2219420602376566,0.284616619348526,0.3137255012989044
gated_t0.95_d2_s400,mos2-A_Adatom-Li.png,8,58.0,188.0,borderline_shifted,84,0.2219420602376566,0.35601332783699036,0.3607843220233917
gated_t0.95_d2_s400,mote2-A_Anti-2M.png,8,6.0,604.0,boundary_edge,189,0.22890430746643303,0.4901960790157318,0.5215686559677124
gated_t0.95_d2_s400,mote2-A_Anti-2M.png,8,381.0,292.0,boundary_edge,189,0.22890430746643303,0.25882354378700256,0.29019609093666077
gated_t0.95_d2_s400,tate2-A_Fe_doped.png,8,174.0,46.0,borderline_shifted,122,0.13390625,0.557258129119873,0.545098066329956
gated_t0.95_d2_s400,tate2-A_Fe_doped.png,8,180.0,61.0,borderline_shifted,122,0.13390625,0.4647563099861145,0.43921568989753723
gated_t0.95_d2_s400,tate2-A_Fe_doped.png,8,179.0,380.0,borderline_shifted,122,0.13390625,0.47664085030555725,0.45098039507865906
gated_t0.95_d2_s400,tate2-A_Fe_doped.png,8,193.0,29.0,borderline_shifted,122,0.13390625,0.380246639251709,0.364705890417099
gated_t0.95_d2_s400,tate2-A_Fe_doped.png,8,171.0,57.0,borderline_shifted,122,0.13390625,0.3633330464363098,0.33725491166114807
gated_t0.95_d2_s400,tate2-A_Fe_doped.png,8,167.0,53.0,borderline_shifted,122,0.13390625,0.3058857321739197,0.2862745225429535
gated_t0.95_d2_s400,tate2-A_Fe_doped.png,8,114.0,396.0,borderline_shifted,122,0.13390625,0.4076976180076599,0.4274509847164154
gated_t0.95_d2_s400,tate2-A_Fe_doped.png,8,168.0,373.0,borderline_shifted,122,0.13390625,0.3338159918785095,0.32549020648002625
gated_t0.95_d2_s400,tate2-A_Fe_doped.png,8,194.0,381.0,borderline_shifted,122,0.13390625,0.4821491837501526,0.4313725531101227
gated_t0.95_d2_s400,vse2-A_Vacancy-Anion-06A.png,8,368.0,30.0,borderline_shifted,84,0.502884980289195,0.6775223016738892,0.6509804129600525
gated_t0.95_d2_s400,vse2-A_Vacancy-Anion-06A.png,8,449.0,37.0,borderline_shifted,84,0.502884980289195,0.3900389075279236,0.364705890417099
gated_t0.95_d2_s400,vse2-A_Vacancy-Anion-06A.png,8,106.0,25.0,borderline_shifted,84,0.502884980289195,0.3415599763393402,0.3019607961177826
gated_t0.95_d2_s400,vse2-A_Vacancy-Anion-06A.png,8,105.0,19.0,borderline_shifted,84,0.502884980289195,0.30709755420684814,0.25882354378700256
gated_t0.95_d2_s400,vse2-A_Vacancy-Anion-06A.png,8,49.0,10.0,boundary_edge,84,0.502884980289195,0.41749629378318787,0.45098039507865906
gated_t0.95_d2_s400,vse2-A_Vacancy-Anion-06A.png,8,385.0,10.0,boundary_edge,84,0.502884980289195,0.4102097451686859,0.3764705955982208
gated_t0.95_d2_s400,vse2-A_Vacancy-Anion-06A.png,8,373.0,37.0,borderline_shifted,84,0.502884980289195,0.5744100213050842,0.5176470875740051
gated_t0.95_d2_s400,vse2-A_Vacancy-Anion-06A.png,8,369.0,43.0,borderline_shifted,84,0.502884980289195,0.3367939591407776,0.2705882489681244
gated_t0.95_d2_s400,vse2-A_Vacancy-Anion-06A.png,8,452.0,44.0,borderline_shifted,84,0.502884980289195,0.2538589537143707,0.21960784494876862
gated_t0.95_d2_s400,vse2-A_Vacancy-Anion-06A.png,8,0.0,8.0,boundary_edge,84,0.502884980289195,0.1764705926179886,0.18431372940540314
gated_t0.95_d2_s400,vse2-A_Vacancy-Anion-06A.png,8,165.0,0.0,boundary_edge,84,0.502884980289195,0.21960784494876862,0.23137255012989044
gated_t0.95_d2_s400,vse2-A_Vacancy-Anion-06A.png,8,497.0,0.0,boundary_edge,84,0.502884980289195,0.24313725531101227,0.21960784494876862
gated_t0.95_d2_s400,vse2-A_Vacancy-Anion-06A.png,8,435.0,21.0,borderline_shifted,84,0.502884980289195,0.2037038505077362,0.18039216101169586
gated_t0.95_d2_s400,tas2-A_Doped-Li.png,8,381.0,118.0,borderline_shifted,68,0.13661811561219844,0.41118359565734863,0.3960784375667572
gated_t0.95_d2_s400,tas2-A_Doped-Li.png,8,288.0,63.0,borderline_shifted,68,0.13661811561219844,0.3096941113471985,0.27843138575553894
gated_t0.95_d2_s400,tas2-A_Doped-Li.png,8,382.0,52.0,borderline_shifted,68,0.13661811561219844,0.39062392711639404,0.3686274588108063
gated_t0.95_d2_s400,tas2-A_Doped-Li.png,8,278.0,70.0,borderline_shifted,68,0.13661811561219844,0.3139725923538208,0.2862745225429535
gated_t0.95_d2_s400,tas2-A_Doped-Li.png,8,298.0,63.0,borderline_shifted,68,0.13661811561219844,0.31179293990135193,0.30588236451148987
gated_t0.95_d2_s400,tas2-A_Doped-Li.png,8,387.0,124.0,borderline_shifted,68,0.13661811561219844,0.31286370754241943,0.29411765933036804
gated_t0.95_d2_s400,nbs2_Anti-Metal.png,8,370.0,272.0,borderline_shifted,106,0.08944600633533926,0.5578110814094543,0.5960784554481506
gated_t0.95_d2_s400,nbs2_Anti-Metal.png,8,393.0,292.0,borderline_shifted,106,0.08944600633533926,0.3750234842300415,0.572549045085907
gated_t0.95_d2_s400,nbs2_Anti-Metal.png,8,333.0,344.0,borderline_shifted,106,0.08944600633533926,0.3319365382194519,0.26274511218070984
gated_t0.95_d2_s400,nbs2_Anti-Metal.png,8,354.0,261.0,invented_damaged,106,0.08944600633533926,0.31224244832992554,0.3607843220233917
gated_t0.95_d2_s400,nbs2_Anti-Metal.png,8,389.0,301.0,borderline_shifted,106,0.08944600633533926,0.26311150193214417,0.47843137383461
gated_t0.95_d2_s400,nbs2_Anti-Metal.png,8,318.0,344.0,borderline_shifted,106,0.08944600633533926,0.14482247829437256,0.13333334028720856
gated_t0.95_d2_s400,nbs2_Anti-Metal.png,8,372.0,371.0,borderline_shifted,106,0.08944600633533926,0.31394103169441223,0.3333333432674408
gated_t0.95_d2_s400,nbs2_Anti-Metal.png,8,387.0,269.0,borderline_shifted,106,0.08944600633533926,0.3181212246417999,0.30980393290519714
gated_t0.95_d2_s400,nbs2_Anti-Metal.png,8,366.0,251.0,invented_damaged,106,0.08944600633533926,0.30529528856277466,0.3686274588108063
gated_t0.95_d2_s400,nbs2_Anti-Metal.png,8,321.0,283.0,borderline_shifted,106,0.08944600633533926,0.2797512412071228,0.2549019753932953
gated_t0.95_d2_s400,nbs2_Anti-Metal.png,8,366.0,356.0,borderline_shifted,106,0.08944600633533926,0.34746474027633667,0.3960784375667572
gated_t0.95_d2_s400,nbse2_Cu_doped.png,8,674.0,110.0,borderline_shifted,145,0.20733216013656394,0.3817733824253082,0.22745098173618317
gated_t0.95_d2_s400,nbte2_Vacancy-Anion-12A.png,8,96.0,445.0,invented_undamaged,170,0.10455913134484562,0.6271146535873413,0.06666667014360428
gated_t0.95_d2_s400,nbte2_Vacancy-Anion-12A.png,8,676.0,311.0,invented_undamaged,170,0.10455913134484562,0.5737437009811401,0.062745101749897
gated_t0.95_d2_s400,nbte2_Vacancy-Anion-12A.png,8,426.0,87.0,borderline_shifted,170,0.10455913134484562,0.5197854042053223,0.2862745225429535
gated_t0.95_d2_s400,nbte2_Vacancy-Anion-12A.png,8,722.0,393.0,boundary_edge,170,0.10455913134484562,0.5345280170440674,0.027450980618596077
gated_t0.95_d2_s400,nbte2_Vacancy-Anion-12A.png,8,99.0,142.0,invented_undamaged,170,0.10455913134484562,0.42143183946609497,0.062745101749897
gated_t0.95_d2_s400,nbte2_Vacancy-Anion-12A.png,8,448.0,67.0,borderline_shifted,170,0.10455913134484562,0.5291174650192261,0.42352941632270813
gated_t0.95_d2_s400,nbte2_Vacancy-Anion-12A.png,8,448.0,24.0,invented_undamaged,170,0.10455913134484562,0.5345280170440674,0.0784313753247261
gated_t0.95_d2_s400,nbte2_Vacancy-Anion-12A.png,8,84.0,132.0,invented_undamaged,170,0.10455913134484562,0.4154760539531708,0.04313725605607033
gated_t0.95_d2_s400,nbte2_Vacancy-Anion-12A.png,8,671.0,321.0,invented_undamaged,170,0.10455913134484562,0.5249443054199219,0.054901961237192154
gated_t0.95_d2_s400,nbte2_Vacancy-Anion-12A.png,8,404.0,158.0,boundary_edge,170,0.10455913134484562,0.599957287311554,0.12156862765550613
gated_t0.95_d2_s400,nbte2_Vacancy-Anion-12A.png,8,385.0,54.0,borderline_shifted,170,0.10455913134484562,0.5820273160934448,0.5058823823928833
gated_t0.95_d2_s400,nbte2_Vacancy-Anion-12A.png,8,429.0,99.0,borderline_shifted,170,0.10455913134484562,0.5012680292129517,0.20392157137393951
gated_t0.95_d2_s400,nbte2_Vacancy-Anion-12A.png,8,425.0,75.0,borderline_shifted,170,0.10455913134484562,0.4988354444503784,0.32156863808631897
gated_t0.95_d2_s400,nbte2_Vacancy-Anion-12A.png,8,387.0,42.0,borderline_shifted,170,0.10455913134484562,0.612456202507019,0.5529412031173706
gated_t0.95_d2_s400,nbte2_Vacancy-Anion-12A.png,8,442.0,101.0,borderline_shifted,170,0.10455913134484562,0.37233883142471313,0.23137255012989044
gated_t0.95_d2_s400,nbte2_Vacancy-Anion-12A.png,8,465.0,75.0,borderline_shifted,170,0.10455913134484562,0.32641252875328064,0.19607843458652496
gated_t0.95_d2_s400,nbte2_Vacancy-Anion-12A.png,8,685.0,317.0,borderline_shifted,170,0.10455913134484562,0.38466978073120117,0.05882352963089943
gated_t0.95_d2_s400,nbte2_Vacancy-Anion-12A.png,8,454.0,59.0,borderline_shifted,170,0.10455913134484562,0.30802100896835327,0.21960784494876862
gated_t0.95_d2_s400,nbte2_Vacancy-Anion-12A.png,8,382.0,67.0,borderline_shifted,170,0.10455913134484562,0.5062384605407715,0.4745098054409027
gated_t0.95_d2_s400,nbte2_Vacancy-Anion-12A.png,8,664.0,333.0,borderline_shifted,170,0.10455913134484562,0.2534547448158264,0.08235294371843338
gated_t0.95_d2_s400,nbte2_Vacancy-Anion-12A.png,8,388.0,60.0,borderline_shifted,170,0.10455913134484562,0.5802446603775024,0.4901960790157318
gated_t0.95_d2_s400,nbte2_Vacancy-Anion-12A.png,8,669.0,329.0,borderline_shifted,170,0.10455913134484562,0.3379046320915222,0.062745101749897
gated_t0.95_d2_s400,nbte2_Vacancy-Anion-12A.png,8,719.0,412.0,boundary_edge,170,0.10455913134484562,0.26125583052635193,0.019607843831181526
gated_t0.95_d2_s400,nbte2_Vacancy-Anion-12A.png,8,393.0,34.0,borderline_shifted,170,0.10455913134484562,0.49839526414871216,0.41960784792900085
gated_t0.95_d2_s400,nbte2_Vacancy-Anion-12A.png,8,460.0,14.0,boundary_edge,170,0.10455913134484562,0.32465097308158875,0.05882352963089943
gated_t0.95_d2_s400,nbte2_Vacancy-Anion-12A.png,8,99.0,430.0,borderline_shifted,170,0.10455913134484562,0.35723984241485596,0.06666667014360428
gated_t0.95_d2_s400,nbte2_Vacancy-Anion-12A.png,8,91.0,431.0,borderline_shifted,170,0.10455913134484562,0.3611403703689575,0.05098039284348488
gated_t0.95_d2_s400,nbte2_Vacancy-Anion-12A.png,8,113.0,447.0,borderline_shifted,170,0.10455913134484562,0.30871307849884033,0.06666667014360428
gated_t0.95_d2_s400,nbte2_Vacancy-Anion-12A.png,8,454.0,103.0,borderline_shifted,170,0.10455913134484562,0.2508542537689209,0.1764705926179886
gated_t0.95_d2_s400,nbte2_Vacancy-Anion-12A.png,8,723.0,475.0,boundary_edge,170,0.10455913134484562,0.196245938539505,0.03529411926865578
gated_t0.95_d2_s400,nbte2_Vacancy-Anion-12A.png,8,475.0,21.0,borderline_shifted,170,0.10455913134484562,0.2546500265598297,0.09019608050584793
gated_t0.95_d2_s400,nbte2_Vacancy-Anion-12A.png,8,706.0,465.0,borderline_shifted,170,0.10455913134484562,0.20530539751052856,0.027450980618596077
gated_t0.95_d2_s400,tise2_Adatom-Li.png,8,283.0,369.0,borderline_shifted,157,0.2508921060173244,0.4587841033935547,0.545098066329956
gated_t0.95_d2_s400,tise2_Adatom-Li.png,8,270.0,364.0,borderline_shifted,157,0.2508921060173244,0.4622875452041626,0.5411764979362488
gated_t0.95_d2_s400,tise2_Adatom-Li.png,8,363.0,330.0,borderline_shifted,157,0.2508921060173244,0.40492749214172363,0.40784314274787903
gated_t0.95_d2_s400,tise2_Adatom-Li.png,8,362.0,337.0,borderline_shifted,157,0.2508921060173244,0.3486495614051819,0.3686274588108063
gated_t0.95_d2_s400,tise2_Adatom-Li.png,8,242.0,316.0,borderline_shifted,157,0.2508921060173244,0.40934067964553833,0.4627451002597809
gated_t0.95_d2_s400,tise2_Adatom-Li.png,8,282.0,322.0,borderline_shifted,157,0.2508921060173244,0.22406910359859467,0.239215686917305
gated_t0.95_d2_s400,tise2_Adatom-Li.png,8,275.0,302.0,borderline_shifted,157,0.2508921060173244,0.23628871142864227,0.2666666805744171
gated_t0.95_d2_s400,tise2_Adatom-Li.png,8,254.0,300.0,borderline_shifted,157,0.2508921060173244,0.36707645654678345,0.3803921639919281
gated_t0.95_d2_s400,tise2_Adatom-Li.png,8,245.0,324.0,borderline_shifted,157,0.2508921060173244,0.42642831802368164,0.545098066329956
gated_t0.95_d2_s400,tite2-B_Cu_doped.png,8,84.0,582.0,borderline_shifted,72,0.6632568398271086,0.5435768365859985,0.5176470875740051
gated_t0.95_d2_s400,tite2-B_Cu_doped.png,8,187.0,578.0,borderline_shifted,72,0.6632568398271086,0.46017351746559143,0.4627451002597809
gated_t0.95_d2_s400,tite2-B_Cu_doped.png,8,155.0,503.0,borderline_shifted,72,0.6632568398271086,0.3935963213443756,0.3803921639919281
gated_t0.95_d2_s400,tite2-B_Cu_doped.png,8,130.0,528.0,borderline_shifted,72,0.6632568398271086,0.35054856538772583,0.3607843220233917
gated_t0.95_d2_s400,tite2-B_Cu_doped.png,8,548.0,609.0,borderline_shifted,72,0.6632568398271086,0.3124552369117737,0.29411765933036804
gated_t0.95_d2_s400,tite2-B_Cu_doped.png,8,501.0,501.0,borderline_shifted,72,0.6632568398271086,0.40609437227249146,0.4470588266849518
gated_t0.95_d2_s400,tite2-B_Cu_doped.png,8,0.0,0.0,boundary_edge,72,0.6632568398271086,0.14901961386203766,0.10980392247438431
gated_t0.95_d2_s400,tite2-B_Cu_doped.png,8,746.0,0.0,boundary_edge,72,0.6632568398271086,0.14509804546833038,0.11764705926179886
gated_t0.95_d2_s400,tite2-B_Cu_doped.png,8,368.0,613.0,borderline_shifted,72,0.6632568398271086,0.30038225650787354,0.26274511218070984
gated_t0.95_d2_s400,tite2-B_Cu_doped.png,8,532.0,519.0,borderline_shifted,72,0.6632568398271086,0.31922072172164917,0.29411765933036804
gated_t0.95_d2_s400,vs2_Vacancy-Anion-06A.png,8,174.0,158.0,boundary_edge,158,0.6853469622234107,0.38271263241767883,0.364705890417099
gated_t0.95_d2_s400,vs2_Vacancy-Anion-06A.png,8,367.0,447.0,boundary_edge,158,0.6853469622234107,0.5344891548156738,0.5098039507865906
gated_t0.95_d2_s400,vte2_Defect-Free.png,8,282.0,349.0,borderline_shifted,119,0.05976542557479243,0.3893221318721771,0.4588235318660736
gated_t0.95_d2_s400,vte2_Defect-Free.png,8,303.0,359.0,borderline_shifted,119,0.05976542557479243,0.3545282483100891,0.3843137323856354
gated_t0.95_d2_s400,vte2_Defect-Free.png,8,185.0,392.0,borderline_shifted,119,0.05976542557479243,0.2680487334728241,0.2078431397676468
gated_t0.95_d2_s400,vte2_Defect-Free.png,8,299.0,357.0,borderline_shifted,119,0.05976542557479243,0.3991427421569824,0.47058823704719543
gated_t0.95_d2_s400,vte2_Defect-Free.png,8,304.0,365.0,borderline_shifted,119,0.05976542557479243,0.3584498167037964,0.4117647111415863
gated_t0.95_d2_s400,vte2_Defect-Free.png,8,269.0,353.0,borderline_shifted,119,0.05976542557479243,0.31336846947669983,0.3607843220233917
gated_t0.95_d2_s400,vte2_Defect-Free.png,8,303.0,376.0,borderline_shifted,119,0.05976542557479243,0.304786741733551,0.35686275362968445
gated_t0.95_d2_s400,ws2-A_Vacancy-Metal.png,8,345.0,499.0,invented_undamaged,59,0.049382294723909634,0.6604201793670654,0.04313725605607033
gated_t0.95_d2_s400,ws2-A_Vacancy-Metal.png,8,334.0,509.0,invented_undamaged,59,0.049382294723909634,0.393776535987854,0.0470588244497776
gated_t0.95_d2_s400,ws2-A_Vacancy-Metal.png,8,362.0,504.0,boundary_edge,59,0.049382294723909634,0.28423959016799927,0.05098039284348488
gated_t0.95_d2_s400,ws2-A_Vacancy-Metal.png,8,392.0,494.0,borderline_shifted,59,0.049382294723909634,0.2068454772233963,0.20392157137393951
gated_t0.95_d2_s400,ws2-A_Vacancy-Metal.png,8,353.0,481.0,invented_undamaged,59,0.049382294723909634,0.23868170380592346,0.04313725605607033
gated_t0.95_d2_s400,ws2-A_Vacancy-Metal.png,8,393.0,426.0,borderline_shifted,59,0.049382294723909634,0.2168378233909607,0.23137255012989044
gated_t0.95_d2_s400,ws2-A_Vacancy-Metal.png,8,351.0,518.0,invented_undamaged,59,0.049382294723909634,0.24198246002197266,0.03529411926865578
gated_t0.95_d2_s400,cose2_Fe_doped.png,8,161.0,75.0,borderline_shifted,96,0.08137118409820739,0.37428146600723267,0.5647059082984924
gated_t0.95_d2_s400,cose2_Fe_doped.png,8,144.0,133.0,borderline_shifted,96,0.08137118409820739,0.26045751571655273,0.2549019753932953
gated_t0.95_d2_s400,cose2_Fe_doped.png,8,553.0,64.0,borderline_shifted,96,0.08137118409820739,0.16975155472755432,0.0470588244497776
gated_t0.95_d2_s400,cose2_Fe_doped.png,8,257.0,53.0,borderline_shifted,96,0.08137118409820739,0.3537030816078186,0.35686275362968445
gated_t0.95_d2_s400,cose2_Fe_doped.png,8,230.0,35.0,borderline_shifted,96,0.08137118409820739,0.28760141134262085,0.29411765933036804
gated_t0.95_d2_s400,cose2_Fe_doped.png,8,141.0,65.0,borderline_shifted,96,0.08137118409820739,0.1477084904909134,0.0784313753247261
gated_t0.95_d2_s400,cose2_Fe_doped.png,8,141.0,141.0,borderline_shifted,96,0.08137118409820739,0.2109142541885376,0.2078431397676468
gated_t0.95_d2_s400,cose2_Fe_doped.png,8,105.0,153.0,borderline_shifted,96,0.08137118409820739,0.31348925828933716,0.3921568691730499
gated_t0.95_d2_s400,cose2_Fe_doped.png,8,182.0,68.0,borderline_shifted,96,0.08137118409820739,0.17585046589374542,0.21960784494876862
gated_t0.95_d2_s400,cro2_Vacancy-Anion-03.png,8,34.0,358.0,borderline_shifted,80,0.7192441492726123,0.44721513986587524,0.4627451002597809
gated_t0.95_d2_s400,cro2_Vacancy-Anion-03.png,8,70.0,172.0,borderline_shifted,80,0.7192441492726123,0.5608490705490112,0.5882353186607361
gated_t0.95_d2_s400,cro2_Vacancy-Anion-03.png,8,31.0,369.0,borderline_shifted,80,0.7192441492726123,0.3606625199317932,0.4000000059604645
gated_t0.95_d2_s400,cro2_Vacancy-Anion-03.png,8,24.0,363.0,borderline_shifted,80,0.7192441492726123,0.43183717131614685,0.4156862795352936
gated_t0.95_d2_s400,cro2_Vacancy-Anion-03.png,8,23.0,200.0,borderline_shifted,80,0.7192441492726123,0.4145760238170624,0.41960784792900085
gated_t0.95_d2_s400,cro2_Vacancy-Anion-03.png,8,40.0,382.0,borderline_shifted,80,0.7192441492726123,0.4268355369567871,0.45490196347236633
gated_t0.95_d2_s400,cro2_Vacancy-Anion-03.png,8,37.0,132.0,borderline_shifted,80,0.7192441492726123,0.452464759349823,0.4470588266849518
gated_t0.95_d2_s400,cro2_Vacancy-Anion-03.png,8,38.0,117.0,borderline_shifted,80,0.7192441492726123,0.39373284578323364,0.37254902720451355
gated_t0.95_d2_s400,cro2_Vacancy-Anion-03.png,8,29.0,357.0,borderline_shifted,80,0.7192441492726123,0.4283791184425354,0.4156862795352936
gated_t0.95_d2_s400,cro2_Vacancy-Anion-03.png,8,87.0,162.0,borderline_shifted,80,0.7192441492726123,0.43721073865890503,0.43921568989753723
gated_t0.95_d2_s400,cro2_Vacancy-Anion-03.png,8,43.0,349.0,borderline_shifted,80,0.7192441492726123,0.45626237988471985,0.4431372582912445
gated_t0.95_d2_s400,cro2_Vacancy-Anion-03.png,8,39.0,197.0,borderline_shifted,80,0.7192441492726123,0.40756723284721375,0.45490196347236633
gated_t0.95_d2_s400,cro2_Vacancy-Anion-03.png,8,36.0,455.0,boundary_edge,80,0.7192441492726123,0.38838958740234375,0.3764705955982208
gated_t0.95_d2_s400,cro2_Vacancy-Anion-03.png,8,79.0,152.0,borderline_shifted,80,0.7192441492726123,0.34269100427627563,0.33725491166114807
gated_t0.95_d2_s400,cro2_Vacancy-Anion-03.png,8,28.0,129.0,borderline_shifted,80,0.7192441492726123,0.42417946457862854,0.3843137323856354
gated_t0.95_d2_s400,cro2_Vacancy-Anion-03.png,8,46.0,372.0,borderline_shifted,80,0.7192441492726123,0.4318069815635681,0.4901960790157318
gated_t0.95_d2_s400,cro2_Vacancy-Anion-03.png,8,32.0,430.0,borderline_shifted,80,0.7192441492726123,0.3692774772644043,0.4274509847164154
gated_t0.95_d2_s400,cro2_Vacancy-Anion-03.png,8,37.0,373.0,borderline_shifted,80,0.7192441492726123,0.3687838017940521,0.4000000059604645
gated_t0.95_d2_s400,cro2_Vacancy-Anion-03.png,8,363.0,293.0,borderline_shifted,80,0.7192441492726123,0.43032318353652954,0.27450981736183167
gated_t0.95_d2_s400,cro2_Vacancy-Anion-03.png,8,153.0,424.0,borderline_shifted,80,0.7192441492726123,0.45694148540496826,0.23137255012989044
gated_t0.95_d2_s400,cro2_Vacancy-Anion-03.png,8,38.0,434.0,borderline_shifted,80,0.7192441492726123,0.36483094096183777,0.3686274588108063
gated_t0.95_d2_s400,cro2_Vacancy-Anion-03.png,8,42.0,203.0,borderline_shifted,80,0.7192441492726123,0.3723345398902893,0.48235294222831726
gated_t0.95_d2_s400,cro2_Vacancy-Anion-03.png,8,32.0,113.0,borderline_shifted,80,0.7192441492726123,0.30736562609672546,0.29019609093666077
gated_t0.95_d2_s400,cro2_Vacancy-Anion-03.png,8,78.0,388.0,borderline_shifted,80,0.7192441492726123,0.4461965262889862,0.4274509847164154
gated_t0.95_d2_s400,cro2_Vacancy-Anion-03.png,8,62.0,366.0,borderline_shifted,80,0.7192441492726123,0.2660501003265381,0.3019607961177826
gated_t0.95_d2_s400,cro2_Vacancy-Anion-03.png,8,29.0,194.0,borderline_shifted,80,0.7192441492726123,0.3983033299446106,0.37254902720451355
gated_t0.95_d2_s400,cro2_Vacancy-Anion-03.png,8,150.0,197.0,borderline_shifted,80,0.7192441492726123,0.4630555808544159,0.21960784494876862
gated_t0.95_d2_s400,cro2_Vacancy-Anion-03.png,8,393.0,306.0,borderline_shifted,80,0.7192441492726123,0.40497204661369324,0.27450981736183167
gated_t0.95_d2_s400,cro2_Vacancy-Anion-03.png,8,390.0,80.0,borderline_shifted,80,0.7192441492726123,0.43439945578575134,0.32156863808631897
gated_t0.95_d2_s400,cro2_Vacancy-Anion-03.png,8,160.0,207.0,borderline_shifted,80,0.7192441492726123,0.440822958946228,0.250980406999588
gated_t0.95_d2_s400,cro2_Vacancy-Anion-03.png,8,391.0,281.0,borderline_shifted,80,0.7192441492726123,0.4105919301509857,0.3490196168422699
gated_t0.95_d2_s400,cro2_Vacancy-Anion-03.png,8,58.0,367.0,borderline_shifted,80,0.7192441492726123,0.32743701338768005,0.3137255012989044
gated_t0.95_d2_s400,vo2_Vacancy-Anion-03.png,12,309.0,139.0,boundary_edge,100,0.8351451489686784,0.4960815906524658,0.47058823704719543
gated_t0.95_d2_s400,vo2_Vacancy-Anion-03.png,12,241.0,139.0,boundary_edge,100,0.8351451489686784,0.48844224214553833,0.5254902243614197
gated_t0.95_d2_s400,vo2_Vacancy-Anion-03.png,12,378.0,377.0,boundary_edge,100,0.8351451489686784,0.4913715422153473,0.5176470875740051
gated_t0.95_d2_s400,vo2_Vacancy-Anion-03.png,12,241.0,20.0,boundary_edge,100,0.8351451489686784,0.470167875289917,0.5098039507865906
gated_t0.95_d2_s400,vo2_Vacancy-Anion-03.png,12,206.0,79.0,invented_damaged,100,0.8351451489686784,0.48670750856399536,0.5411764979362488
gated_t0.95_d2_s400,vo2_Vacancy-Anion-03.png,12,171.0,376.0,invented_damaged,100,0.8351451489686784,0.4893935024738312,0.501960813999176
gated_t0.95_d2_s400,vo2_Vacancy-Anion-03.png,12,378.0,258.0,boundary_edge,100,0.8351451489686784,0.48130059242248535,0.40392157435417175
gated_t0.95_d2_s400,vo2_Vacancy-Anion-03.png,12,516.0,21.0,boundary_edge,100,0.8351451489686784,0.46807605028152466,0.4588235318660736
gated_t0.95_d2_s400,vo2_Vacancy-Anion-03.png,12,309.0,20.0,boundary_edge,100,0.8351451489686784,0.4890490770339966,0.45098039507865906
gated_t0.95_d2_s400,vo2_Vacancy-Anion-03.png,12,344.0,79.0,boundary_edge,100,0.8351451489686784,0.4911330044269562,0.48627451062202454
gated_t0.95_d2_s400,vo2_Vacancy-Anion-03.png,12,69.0,317.0,boundary_edge,100,0.8351451489686784,0.4835694432258606,0.5411764979362488
gated_t0.95_d2_s400,vo2_Vacancy-Anion-03.png,12,171.0,257.0,boundary_edge,100,0.8351451489686784,0.4837055206298828,0.529411792755127
gated_t0.95_d2_s400,vo2_Vacancy-Anion-03.png,12,137.0,80.0,boundary_edge,100,0.8351451489686784,0.46938586235046387,0.47843137383461
gated_t0.95_d2_s400,vo2_Vacancy-Anion-03.png,12,378.0,139.0,boundary_edge,100,0.8351451489686784,0.48848652839660645,0.47058823704719543
gated_t0.95_d2_s400,vo2_Vacancy-Anion-03.png,12,103.0,140.0,boundary_edge,100,0.8351451489686784,0.48648616671562195,0.45490196347236633
gated_t0.95_d2_s400,vo2_Vacancy-Anion-03.png,12,276.0,80.0,boundary_edge,100,0.8351451489686784,0.474737286567688,0.48627451062202454
gated_t0.95_d2_s400,vo2_Vacancy-Anion-03.png,12,34.0,139.0,invented_damaged,100,0.8351451489686784,0.48940932750701904,0.48627451062202454
gated_t0.95_d2_s400,vo2_Vacancy-Anion-03.png,12,413.0,80.0,boundary_edge,100,0.8351451489686784,0.466151624917984,0.4941176474094391
gated_t0.95_d2_s400,vo2_Vacancy-Anion-03.png,12,549.0,79.0,boundary_edge,100,0.8351451489686784,0.465361624956131,0.5568627715110779
gated_t0.95_d2_s400,mos2-A_Adatom-Li.png,12,396.0,241.0,borderline_shifted,84,0.2720627562845427,0.2515173554420471,0.2823529541492462
gated_t0.95_d2_s400,mos2-A_Adatom-Li.png,12,321.0,208.0,invented_damaged,84,0.2720627562845427,0.2632155418395996,0.2666666805744171
gated_t0.95_d2_s400,mos2-A_Adatom-Li.png,12,253.0,248.0,invented_damaged,84,0.2720627562845427,0.26196378469467163,0.2823529541492462
gated_t0.95_d2_s400,mose2-A_Doped-Na.png,12,210.0,417.0,borderline_shifted,105,0.06890518596123625,0.26586073637008667,0.22745098173618317
gated_t0.95_d2_s400,mose2-A_Doped-Na.png,12,219.0,417.0,borderline_shifted,105,0.06890518596123625,0.2941858470439911,0.2823529541492462
gated_t0.95_d2_s400,mote2-A_Anti-2M.png,12,407.0,273.0,borderline_shifted,189,0.33133865353193304,0.5825928449630737,0.5843137502670288
gated_t0.95_d2_s400,mote2-A_Anti-2M.png,12,406.0,544.0,borderline_shifted,189,0.33133865353193304,0.3486635684967041,0.33725491166114807
gated_t0.95_d2_s400,mote2-A_Anti-2M.png,12,241.0,568.0,borderline_shifted,189,0.33133865353193304,0.49960196018218994,0.7137255072593689
gated_t0.95_d2_s400,mote2-A_Anti-2M.png,12,251.0,278.0,borderline_shifted,189,0.33133865353193304,0.47062286734580994,0.5372549295425415
gated_t0.95_d2_s400,mote2-A_Anti-2M.png,12,250.0,582.0,borderline_shifted,189,0.33133865353193304,0.43102145195007324,0.4588235318660736
gated_t0.95_d2_s400,mote2-A_Anti-2M.png,12,402.0,240.0,borderline_shifted,189,0.33133865353193304,0.3260193467140198,0.3137255012989044
gated_t0.95_d2_s400,mote2-A_Anti-2M.png,12,6.0,604.0,boundary_edge,189,0.33133865353193304,0.48627451062202454,0.5215686559677124
gated_t0.95_d2_s400,mote2-A_Anti-2M.png,12,378.0,291.0,invented_damaged,189,0.33133865353193304,0.36005738377571106,0.2823529541492462
gated_t0.95_d2_s400,mote2-A_Anti-2M.png,12,240.0,557.0,borderline_shifted,189,0.33133865353193304,0.4858047366142273,0.6313725709915161
gated_t0.95_d2_s400,mote2-A_Anti-2M.png,12,251.0,248.0,borderline_shifted,189,0.33133865353193304,0.5188289880752563,0.5803921818733215
gated_t0.95_d2_s400,mote2-A_Anti-2M.png,12,243.0,248.0,borderline_shifted,189,0.33133865353193304,0.47137951850891113,0.6039215922355652
gated_t0.95_d2_s400,mote2-A_Anti-2M.png,12,407.0,282.0,borderline_shifted,189,0.33133865353193304,0.35461267828941345,0.3607843220233917
gated_t0.95_d2_s400,mote2-A_Anti-2M.png,12,243.0,244.0,borderline_shifted,189,0.33133865353193304,0.4418960213661194,0.5215686559677124
gated_t0.95_d2_s400,mote2-A_Anti-2M.png,12,254.0,283.0,borderline_shifted,189,0.33133865353193304,0.3661251664161682,0.4117647111415863
gated_t0.95_d2_s400,vse2-A_Vacancy-Anion-06A.png,12,668.0,288.0,boundary_edge,84,0.06952867037906188,0.21960784494876862,0.24705882370471954
gated_t0.95_d2_s400,vse2-A_Vacancy-Anion-06A.png,12,294.0,218.0,borderline_shifted,84,0.06952867037906188,0.20000000298023224,0.23137255012989044
gated_t0.95_d2_s400,vse2-A_Vacancy-Anion-06A.png,12,629.0,218.0,borderline_shifted,84,0.06952867037906188,0.20392157137393951,0.23137255012989044
gated_t0.95_d2_s400,tase2-A_Vacancy-Anion-12B.png,12,0.0,90.0,boundary_edge,121,0.14422923040715463,0.4527653455734253,0.0313725508749485
gated_t0.95_d2_s400,tase2-A_Vacancy-Anion-12B.png,12,0.0,394.0,boundary_edge,121,0.14422923040715463,0.35368603467941284,0.03529411926865578
gated_t0.95_d2_s400,tase2-A_Vacancy-Anion-12B.png,12,120.0,595.0,boundary_edge,121,0.14422923040715463,0.16862745583057404,0.16470588743686676
gated_t0.95_d2_s400,nbs2_Anti-Metal.png,12,50.0,288.0,invented_undamaged,106,0.10422071970899778,0.40842336416244507,0.019607843831181526
gated_t0.95_d2_s400,nbs2_Anti-Metal.png,12,47.0,242.0,invented_undamaged,106,0.10422071970899778,0.27062901854515076,0.12941177189350128
gated_t0.95_d2_s400,nbs2_Anti-Metal.png,12,618.0,363.0,invented_damaged,106,0.10422071970899778,0.3018972873687744,0.20392157137393951
gated_t0.95_d2_s400,nbs2_Anti-Metal.png,12,576.0,291.0,invented_damaged,106,0.10422071970899778,0.2841300666332245,0.21176470816135406
gated_t0.95_d2_s400,nbs2_Anti-Metal.png,12,668.0,204.0,boundary_edge,106,0.10422071970899778,0.23187574744224548,0.0235294122248888
gated_t0.95_d2_s400,nbs2_Anti-Metal.png,12,657.0,291.0,boundary_edge,106,0.10422071970899778,0.2516966760158539,0.13333334028720856
gated_t0.95_d2_s400,nbte2_Vacancy-Anion-12A.png,12,280.0,449.0,invented_undamaged,170,0.18202729809872667,0.6128004789352417,0.10196078568696976
gated_t0.95_d2_s400,nbte2_Vacancy-Anion-12A.png,12,188.0,602.0,invented_undamaged,170,0.18202729809872667,0.631607174873352,0.07058823853731155
gated_t0.95_d2_s400,nbte2_Vacancy-Anion-12A.png,12,366.0,602.0,boundary_edge,170,0.18202729809872667,0.7074342966079712,0.12941177189350128
gated_t0.95_d2_s400,nbte2_Vacancy-Anion-12A.png,12,289.0,441.0,invented_undamaged,170,0.18202729809872667,0.467672199010849,0.07450980693101883
gated_t0.95_d2_s400,nbte2_Vacancy-Anion-12A.png,12,84.0,135.0,invented_undamaged,170,0.18202729809872667,0.3811965882778168,0.05098039284348488
gated_t0.95_d2_s400,nbte2_Vacancy-Anion-12A.png,12,92.0,144.0,invented_undamaged,170,0.18202729809872667,0.36233285069465637,0.054901961237192154
gated_t0.95_d2_s400,nbte2_Vacancy-Anion-12A.png,12,720.0,398.0,boundary_edge,170,0.18202729809872667,0.2734958827495575,0.027450980618596077
gated_t0.95_d2_s400,nbte2_Vacancy-Anion-12A.png,12,90.0,449.0,invented_undamaged,170,0.18202729809872667,0.3175063133239746,0.05098039284348488
gated_t0.95_d2_s400,nbte2_Vacancy-Anion-12A.png,12,355.0,484.0,borderline_shifted,170,0.18202729809872667,0.5098491907119751,0.5686274766921997
gated_t0.95_d2_s400,nbte2_Vacancy-Anion-12A.png,12,703.0,399.0,borderline_shifted,170,0.18202729809872667,0.21260347962379456,0.03921568766236305
gated_t0.95_d2_s400,nbte2_Vacancy-Anion-12A.png,12,264.0,457.0,borderline_shifted,170,0.18202729809872667,0.30916208028793335,0.07450980693101883
gated_t0.95_d2_s400,tise2_Adatom-Li.png,12,0.0,228.0,boundary_edge,157,0.28078459106414844,0.0235294122248888,0.054901961237192154
gated_t0.95_d2_s400,tite2-B_Cu_doped.png,12,246.0,197.0,borderline_shifted,72,0.6634285726108969,0.4946296215057373,0.48235294222831726
gated_t0.95_d2_s400,tite2-B_Cu_doped.png,12,221.0,181.0,borderline_shifted,72,0.6634285726108969,0.5055661797523499,0.4588235318660736
gated_t0.95_d2_s400,tite2-B_Cu_doped.png,12,220.0,197.0,borderline_shifted,72,0.6634285726108969,0.45451754331588745,0.45490196347236633
gated_t0.95_d2_s400,tite2-B_Cu_doped.png,12,610.0,172.0,borderline_shifted,72,0.6634285726108969,0.413036584854126,0.4000000059604645
gated_t0.95_d2_s400,tite2-B_Cu_doped.png,12,202.0,117.0,borderline_shifted,72,0.6634285726108969,0.3886449337005615,0.3450980484485626
gated_t0.95_d2_s400,tite2-B_Cu_doped.png,12,191.0,252.0,borderline_shifted,72,0.6634285726108969,0.37432751059532166,0.35686275362968445
gated_t0.95_d2_s400,tite2-B_Cu_doped.png,12,205.0,270.0,borderline_shifted,72,0.6634285726108969,0.3796520531177521,0.3803921639919281
gated_t0.95_d2_s400,tite2-B_Cu_doped.png,12,589.0,197.0,borderline_shifted,72,0.6634285726108969,0.31546980142593384,0.3137255012989044
gated_t0.95_d2_s400,tite2-B_Cu_doped.png,12,568.0,250.0,borderline_shifted,72,0.6634285726108969,0.26764124631881714,0.2666666805744171
gated_t0.95_d2_s400,tite2-B_Cu_doped.png,12,578.0,270.0,borderline_shifted,72,0.6634285726108969,0.39508503675460815,0.3960784375667572
gated_t0.95_d2_s400,tite2-B_Cu_doped.png,12,424.0,206.0,borderline_shifted,72,0.6634285726108969,0.38026106357574463,0.3843137323856354
gated_t0.95_d2_s400,tite2-B_Cu_doped.png,12,578.0,110.0,borderline_shifted,72,0.6634285726108969,0.3760179281234741,0.35686275362968445
gated_t0.95_d2_s400,tite2-B_Cu_doped.png,12,700.0,244.0,borderline_shifted,72,0.6634285726108969,0.16078431904315948,0.11764705926179886
gated_t0.95_d2_s400,tite2-B_Cu_doped.png,12,373.0,0.0,boundary_edge,72,0.6634285726108969,0.16470588743686676,0.10196078568696976
gated_t0.95_d2_s400,tite2-B_Cu_doped.png,12,654.0,324.0,borderline_shifted,72,0.6634285726108969,0.16470588743686676,0.125490203499794
gated_t0.95_d2_s400,tite2-B_Cu_doped.png,12,591.0,182.0,borderline_shifted,72,0.6634285726108969,0.40267491340637207,0.3960784375667572
gated_t0.95_d2_s400,vs2_Vacancy-Anion-06A.png,12,251.0,392.0,boundary_edge,158,0.7171099734836587,0.39894330501556396,0.0941176488995552
gated_t0.95_d2_s400,vs2_Vacancy-Anion-06A.png,12,252.0,302.0,invented_damaged,158,0.7171099734836587,0.4083286225795746,0.3450980484485626
gated_t0.95_d2_s400,vs2_Vacancy-Anion-06A.png,12,367.0,447.0,boundary_edge,158,0.7171099734836587,0.5398845672607422,0.5098039507865906
gated_t0.95_d2_s400,vte2_Defect-Free.png,12,450.0,179.0,borderline_shifted,119,0.09101514567976426,0.3108157515525818,0.29411765933036804
gated_t0.95_d2_s400,vte2_Defect-Free.png,12,438.0,194.0,borderline_shifted,119,0.09101514567976426,0.3423093855381012,0.3294117748737335
gated_t0.95_d2_s400,vte2_Defect-Free.png,12,429.0,193.0,borderline_shifted,119,0.09101514567976426,0.26945760846138,0.24705882370471954
gated_t0.95_d2_s400,vte2_Defect-Free.png,12,404.0,153.0,borderline_shifted,119,0.09101514567976426,0.23700310289859772,0.26274511218070984
gated_t0.95_d2_s400,vte2_Defect-Free.png,12,411.0,162.0,borderline_shifted,119,0.09101514567976426,0.16595196723937988,0.1568627506494522
gated_t0.95_d2_s400,vte2_Defect-Free.png,12,400.0,130.0,borderline_shifted,119,0.09101514567976426,0.2101711928844452,0.23529411852359772
gated_t0.95_d2_s400,vte2_Defect-Free.png,12,467.0,147.0,invented_damaged,119,0.09101514567976426,0.1411413848400116,0.1764705926179886
gated_t0.95_d2_s400,vte2_Defect-Free.png,12,467.0,98.0,borderline_shifted,119,0.09101514567976426,0.16479191184043884,0.16862745583057404
gated_t0.95_d2_s400,vte2_Defect-Free.png,12,454.0,171.0,borderline_shifted,119,0.09101514567976426,0.18812212347984314,0.1921568661928177
gated_t0.95_d2_s400,ws2-A_Vacancy-Metal.png,12,333.0,160.0,borderline_shifted,59,0.08480934179691944,0.36400896310806274,0.3921568691730499
gated_t0.95_d2_s400,ws2-A_Vacancy-Metal.png,12,359.0,170.0,borderline_shifted,59,0.08480934179691944,0.3882017731666565,0.3921568691730499
gated_t0.95_d2_s400,ws2-A_Vacancy-Metal.png,12,335.0,263.0,borderline_shifted,59,0.08480934179691944,0.3500021696090698,0.29411765933036804
gated_t0.95_d2_s400,ws2-A_Vacancy-Metal.png,12,327.0,249.0,borderline_shifted,59,0.08480934179691944,0.30589500069618225,0.3529411852359772
gated_t0.95_d2_s400,ws2-A_Vacancy-Metal.png,12,328.0,169.0,borderline_shifted,59,0.08480934179691944,0.3343158960342407,0.32549020648002625
gated_t0.95_d2_s400,ws2-A_Vacancy-Metal.png,12,432.0,208.0,borderline_shifted,59,0.08480934179691944,0.2921947240829468,0.2862745225429535
gated_t0.95_d2_s400,cose2_Fe_doped.png,12,0.0,126.0,boundary_edge,96,0.09612414129506931,0.2060604840517044,0.19607843458652496
gated_t0.95_d2_s400,cose2_Fe_doped.png,12,59.0,94.0,borderline_shifted,96,0.09612414129506931,0.18985038995742798,0.21176470816135406
gated_t0.95_d2_s400,cose2_Fe_doped.png,12,17.0,123.0,borderline_shifted,96,0.09612414129506931,0.15777331590652466,0.1568627506494522
gated_t0.95_d2_s400,cro2_Vacancy-Anion-03.png,12,335.0,224.0,borderline_shifted,80,0.7821207430340558,0.500178873538971,0.2705882489681244
gated_t0.95_d2_s400,cro2_Vacancy-Anion-03.png,12,382.0,226.0,borderline_shifted,80,0.7821207430340558,0.5226824283599854,0.24313725531101227
gated_t0.95_d2_s400,cro2_Vacancy-Anion-03.png,12,366.0,294.0,borderline_shifted,80,0.7821207430340558,0.4732549488544464,0.2549019753932953
gated_t0.95_d2_s400,cro2_Vacancy-Anion-03.png,12,365.0,70.0,borderline_shifted,80,0.7821207430340558,0.4577600359916687,0.33725491166114807
gated_t0.95_d2_s400,cro2_Vacancy-Anion-03.png,12,385.0,13.0,boundary_edge,80,0.7821207430340558,0.40977102518081665,0.3333333432674408
gated_t0.95_d2_s400,cro2_Vacancy-Anion-03.png,12,149.0,411.0,borderline_shifted,80,0.7821207430340558,0.3979969024658203,0.2078431397676468
gated_t0.95_d2_s400,cro2_Vacancy-Anion-03.png,12,342.0,222.0,borderline_shifted,80,0.7821207430340558,0.44906356930732727,0.2666666805744171
gated_t0.95_d2_s400,cro2_Vacancy-Anion-03.png,12,387.0,82.0,borderline_shifted,80,0.7821207430340558,0.4771859347820282,0.3137255012989044
gated_t0.95_d2_s400,cro2_Vacancy-Anion-03.png,12,161.0,413.0,borderline_shifted,80,0.7821207430340558,0.467559278011322,0.2980392277240753
gated_t0.95_d2_s400,cro2_Vacancy-Anion-03.png,12,333.0,236.0,borderline_shifted,80,0.7821207430340558,0.25784629583358765,0.125490203499794
gated_t0.95_d2_s400,cro2_Vacancy-Anion-03.png,12,321.0,226.0,borderline_shifted,80,0.7821207430340558,0.3274180591106415,0.18039216101169586
gated_t0.95_d2_s400,cro2_Vacancy-Anion-03.png,12,380.0,48.0,borderline_shifted,80,0.7821207430340558,0.37039220333099365,0.22745098173618317
gated_t0.95_d2_s400,cro2_Vacancy-Anion-03.png,12,378.0,238.0,borderline_shifted,80,0.7821207430340558,0.36150434613227844,0.22745098173618317
gated_t0.95_d2_s400,cro2_Vacancy-Anion-03.png,12,394.0,283.0,borderline_shifted,80,0.7821207430340558,0.4145459234714508,0.2549019753932953
gated_t0.95_d2_s400,cro2_Vacancy-Anion-03.png,12,325.0,239.0,borderline_shifted,80,0.7821207430340558,0.2830149233341217,0.21176470816135406
gated_t0.95_d2_s400,cro2_Vacancy-Anion-03.png,12,388.0,52.0,borderline_shifted,80,0.7821207430340558,0.43509337306022644,0.2666666805744171
gated_t0.95_d2_s400,cro2_Vacancy-Anion-03.png,12,388.0,233.0,borderline_shifted,80,0.7821207430340558,0.4352189004421234,0.24313725531101227
gated_t0.95_d2_s400,vo2_Vacancy-Anion-03.png,16,263.0,227.0,borderline_shifted,100,0.8327616501145912,0.36818522214889526,0.5411764979362488
gated_t0.95_d2_s400,vo2_Vacancy-Anion-03.png,16,535.0,225.0,boundary_edge,100,0.8327616501145912,0.35258203744888306,0.4470588266849518
gated_t0.95_d2_s400,vo2_Vacancy-Anion-03.png,16,262.0,255.0,borderline_shifted,100,0.8327616501145912,0.4016512334346771,0.4588235318660736
gated_t0.95_d2_s400,vo2_Vacancy-Anion-03.png,16,504.0,163.0,borderline_shifted,100,0.8327616501145912,0.39955776929855347,0.4117647111415863
gated_t0.95_d2_s400,vo2_Vacancy-Anion-03.png,16,540.0,224.0,boundary_edge,100,0.8327616501145912,0.4355944097042084,0.45490196347236633
gated_t0.95_d2_s400,vo2_Vacancy-Anion-03.png,16,254.0,239.0,borderline_shifted,100,0.8327616501145912,0.37353548407554626,0.4274509847164154
gated_t0.95_d2_s400,vo2_Vacancy-Anion-03.png,16,205.0,79.0,boundary_edge,100,0.8327616501145912,0.49478375911712646,0.4431372582912445
gated_t0.95_d2_s400,vo2_Vacancy-Anion-03.png,16,137.0,80.0,boundary_edge,100,0.8327616501145912,0.476764440536499,0.47843137383461
gated_t0.95_d2_s400,vo2_Vacancy-Anion-03.png,16,549.0,318.0,boundary_edge,100,0.8327616501145912,0.4675820767879486,0.45098039507865906
gated_t0.95_d2_s400,vo2_Vacancy-Anion-03.png,16,379.0,139.0,boundary_edge,100,0.8327616501145912,0.4892016351222992,0.4745098054409027
gated_t0.95_d2_s400,vo2_Vacancy-Anion-03.png,16,172.0,140.0,boundary_edge,100,0.8327616501145912,0.48719191551208496,0.49803921580314636
gated_t0.95_d2_s400,vo2_Vacancy-Anion-03.png,16,447.0,140.0,boundary_edge,100,0.8327616501145912,0.48477375507354736,0.4588235318660736
gated_t0.95_d2_s400,vo2_Vacancy-Anion-03.png,16,171.0,377.0,boundary_edge,100,0.8327616501145912,0.4925388693809509,0.49803921580314636
gated_t0.95_d2_s400,vo2_Vacancy-Anion-03.png,16,343.0,318.0,boundary_edge,100,0.8327616501145912,0.48394250869750977,0.4941176474094391
gated_t0.95_d2_s400,vo2_Vacancy-Anion-03.png,16,172.0,258.0,boundary_edge,100,0.8327616501145912,0.4782645106315613,0.5215686559677124
gated_t0.95_d2_s400,vo2_Vacancy-Anion-03.png,16,412.0,80.0,boundary_edge,100,0.8327616501145912,0.47116991877555847,0.5176470875740051
gated_t0.95_d2_s400,vo2_Vacancy-Anion-03.png,16,104.0,140.0,boundary_edge,100,0.8327616501145912,0.48618873953819275,0.48627451062202454
gated_t0.95_d2_s400,vo2_Vacancy-Anion-03.png,16,69.0,317.0,boundary_edge,100,0.8327616501145912,0.48619344830513,0.5411764979362488
gated_t0.95_d2_s400,vo2_Vacancy-Anion-03.png,16,378.0,377.0,boundary_edge,100,0.8327616501145912,0.4864423871040344,0.5176470875740051
gated_t0.95_d2_s400,vo2_Vacancy-Anion-03.png,16,104.0,377.0,boundary_edge,100,0.8327616501145912,0.4865456819534302,0.48627451062202454
gated_t0.95_d2_s400,vo2_Vacancy-Anion-03.png,16,481.0,80.0,boundary_edge,100,0.8327616501145912,0.4875676929950714,0.48627451062202454
gated_t0.95_d2_s400,vo2_Vacancy-Anion-03.png,16,380.0,257.0,boundary_edge,100,0.8327616501145912,0.4801810681819916,0.5529412031173706
gated_t0.95_d2_s400,vo2_Vacancy-Anion-03.png,16,206.0,317.0,boundary_edge,100,0.8327616501145912,0.48604506254196167,0.501960813999176
gated_t0.95_d2_s400,vo2_Vacancy-Anion-03.png,16,517.0,20.0,boundary_edge,100,0.8327616501145912,0.4824373722076416,0.47843137383461
gated_t0.95_d2_s400,vo2_Vacancy-Anion-03.png,16,69.0,79.0,invented_damaged,100,0.8327616501145912,0.48310214281082153,0.4274509847164154
gated_t0.95_d2_s400,vo2_Vacancy-Anion-03.png,16,34.0,20.0,boundary_edge,100,0.8327616501145912,0.47584807872772217,0.46666666865348816
gated_t0.95_d2_s400,vo2_Vacancy-Anion-03.png,16,412.0,318.0,boundary_edge,100,0.8327616501145912,0.4866953492164612,0.5098039507865906
gated_t0.95_d2_s400,vo2_Vacancy-Anion-03.png,16,447.0,377.0,boundary_edge,100,0.8327616501145912,0.4818527102470398,0.4745098054409027
gated_t0.95_d2_s400,vo2_Vacancy-Anion-03.png,16,241.0,20.0,boundary_edge,100,0.8327616501145912,0.4771694839000702,0.5098039507865906
gated_t0.95_d2_s400,vo2_Vacancy-Anion-03.png,16,481.0,317.0,boundary_edge,100,0.8327616501145912,0.48435327410697937,0.5176470875740051
gated_t0.95_d2_s400,vo2_Vacancy-Anion-03.png,16,273.0,79.0,boundary_edge,100,0.8327616501145912,0.4865456819534302,0.49803921580314636
gated_t0.95_d2_s400,vo2_Vacancy-Anion-03.png,16,310.0,20.0,boundary_edge,100,0.8327616501145912,0.4787684679031372,0.49803921580314636
gated_t0.95_d2_s400,mno2_Defect-Free.png,16,250.0,0.0,boundary_edge,74,0.6576332179930796,0.6854438185691833,0.07450980693101883
gated_t0.95_d2_s400,mno2_Defect-Free.png,16,252.0,256.0,borderline_shifted,74,0.6576332179930796,0.6862884759902954,0.03921568766236305
gated_t0.95_d2_s400,mos2-A_Adatom-Li.png,16,557.0,301.0,borderline_shifted,84,0.29974502429485494,0.4483327269554138,0.45098039507865906
gated_t0.95_d2_s400,mos2-A_Adatom-Li.png,16,542.0,275.0,borderline_shifted,84,0.29974502429485494,0.403719425201416,0.43529412150382996
gated_t0.95_d2_s400,mos2-A_Adatom-Li.png,16,464.0,321.0,borderline_shifted,84,0.29974502429485494,0.3339727520942688,0.3333333432674408
gated_t0.95_d2_s400,mos2-A_Adatom-Li.png,16,530.0,264.0,borderline_shifted,84,0.29974502429485494,0.19119231402873993,0.20392157137393951
gated_t0.95_d2_s400,mos2-A_Adatom-Li.png,16,515.0,484.0,borderline_shifted,84,0.29974502429485494,0.40040314197540283,0.4117647111415863
gated_t0.95_d2_s400,mos2-A_Adatom-Li.png,16,495.0,312.0,borderline_shifted,84,0.29974502429485494,0.3966045677661896,0.5764706134796143
gated_t0.95_d2_s400,mos2-A_Adatom-Li.png,16,529.0,492.0,borderline_shifted,84,0.29974502429485494,0.3760126829147339,0.4627451002597809
gated_t0.95_d2_s400,mos2-A_Adatom-Li.png,16,570.0,303.0,borderline_shifted,84,0.29974502429485494,0.168706014752388,0.14901961386203766
gated_t0.95_d2_s400,mos2-A_Adatom-Li.png,16,584.0,552.0,boundary_edge,84,0.29974502429485494,0.1764705926179886,0.2078431397676468
gated_t0.95_d2_s400,mos2-A_Adatom-Li.png,16,560.0,430.0,invented_damaged,84,0.29974502429485494,0.23703569173812866,0.21960784494876862
gated_t0.95_d2_s400,mos2-A_Adatom-Li.png,16,90.0,289.0,boundary_edge,84,0.29974502429485494,0.2862745225429535,0.26274511218070984
gated_t0.95_d2_s400,mos2-A_Adatom-Li.png,16,466.0,450.0,borderline_shifted,84,0.29974502429485494,0.3686615824699402,0.3490196168422699
gated_t0.95_d2_s400,mos2-A_Adatom-Li.png,16,461.0,448.0,borderline_shifted,84,0.29974502429485494,0.398690789937973,0.3764705955982208
gated_t0.95_d2_s400,mose2-A_Doped-Na.png,16,533.0,130.0,borderline_shifted,105,0.07782870612886328,0.3637568950653076,0.2666666805744171
gated_t0.95_d2_s400,mote2-A_Anti-2M.png,16,100.0,307.0,borderline_shifted,189,0.4009661606952568,0.7694116830825806,0.08627451211214066
gated_t0.95_d2_s400,mote2-A_Anti-2M.png,16,238.0,477.0,invented_undamaged,189,0.4009661606952568,0.5923924446105957,0.13725490868091583
gated_t0.95_d2_s400,mote2-A_Anti-2M.png,16,237.0,171.0,boundary_edge,189,0.4009661606952568,0.5770684480667114,0.125490203499794
gated_t0.95_d2_s400,mote2-A_Anti-2M.png,16,240.0,467.0,invented_undamaged,189,0.4009661606952568,0.5923924446105957,0.13725490868091583
gated_t0.95_d2_s400,mote2-A_Anti-2M.png,16,240.0,163.0,boundary_edge,189,0.4009661606952568,0.5706989765167236,0.11764705926179886
gated_t0.95_d2_s400,mote2-A_Anti-2M.png,16,250.0,155.0,invented_undamaged,189,0.4009661606952568,0.45087307691574097,0.13333334028720856
gated_t0.95_d2_s400,mote2-A_Anti-2M.png,16,249.0,456.0,boundary_edge,189,0.4009661606952568,0.42543911933898926,0.1411764770746231
gated_t0.95_d2_s400,mote2-A_Anti-2M.png,16,0.0,385.0,boundary_edge,189,0.4009661606952568,0.45327699184417725,0.08627451211214066
gated_t0.95_d2_s400,mote2-A_Anti-2M.png,16,0.0,82.0,boundary_edge,189,0.4009661606952568,0.4117259383201599,0.062745101749897
gated_t0.95_d2_s400,mote2-A_Anti-2M.png,16,81.0,22.0,borderline_shifted,189,0.4009661606952568,0.2878659665584564,0.33725491166114807
gated_t0.95_d2_s400,tate2-A_Fe_doped.png,16,0.0,183.0,boundary_edge,122,0.17506756756756756,0.5936936736106873,0.06666667014360428
gated_t0.95_d2_s400,tate2-A_Fe_doped.png,16,0.0,594.0,boundary_edge,122,0.17506756756756756,0.49281954765319824,0.05882352963089943
gated_t0.95_d2_s400,tate2-A_Fe_doped.png,16,0.0,503.0,boundary_edge,122,0.17506756756756756,0.5921685099601746,0.06666667014360428
gated_t0.95_d2_s400,tate2-A_Fe_doped.png,16,0.0,275.0,boundary_edge,122,0.17506756756756756,0.49434471130371094,0.05882352963089943
gated_t0.95_d2_s400,tate2-A_Fe_doped.png,16,0.0,92.0,boundary_edge,122,0.17506756756756756,0.583998441696167,0.15294118225574493
gated_t0.95_d2_s400,tate2-A_Fe_doped.png,16,0.0,412.0,boundary_edge,122,0.17506756756756756,0.5851966142654419,0.16078431904315948
gated_t0.95_d2_s400,tate2-A_Fe_doped.png,16,8.0,7.0,boundary_edge,122,0.17506756756756756,1.0,0.0470588244497776
gated_t0.95_d2_s400,vse2-A_Vacancy-Anion-06A.png,16,668.0,290.0,boundary_edge,84,0.7558829072340074,0.25882354378700256,0.23137255012989044
gated_t0.95_d2_s400,vse2-A_Vacancy-Anion-06A.png,16,282.0,442.0,borderline_shifted,84,0.7558829072340074,0.33346039056777954,0.29019609093666077
gated_t0.95_d2_s400,vse2-A_Vacancy-Anion-06A.png,16,617.0,442.0,borderline_shifted,84,0.7558829072340074,0.33549851179122925,0.2980392277240753
gated_t0.95_d2_s400,vse2-A_Vacancy-Anion-06A.png,16,305.0,439.0,borderline_shifted,84,0.7558829072340074,0.24493856728076935,0.19607843458652496
gated_t0.95_d2_s400,vse2-A_Vacancy-Anion-06A.png,16,641.0,439.0,borderline_shifted,84,0.7558829072340074,0.22532165050506592,0.2235294133424759
gated_t0.95_d2_s400,vse2-A_Vacancy-Anion-06A.png,16,668.0,437.0,boundary_edge,84,0.7558829072340074,0.20323236286640167,0.21568627655506134
gated_t0.95_d2_s400,vse2-A_Vacancy-Anion-06A.png,16,0.0,435.0,boundary_edge,84,0.7558829072340074,0.25882354378700256,0.20392157137393951
gated_t0.95_d2_s400,vse2-A_Vacancy-Anion-06A.png,16,294.0,361.0,borderline_shifted,84,0.7558829072340074,0.21016305685043335,0.1764705926179886
gated_t0.95_d2_s400,vse2-A_Vacancy-Anion-06A.png,16,587.0,371.0,borderline_shifted,84,0.7558829072340074,0.18696123361587524,0.15294118225574493
gated_t0.95_d2_s400,vse2-A_Vacancy-Anion-06A.png,16,629.0,359.0,borderline_shifted,84,0.7558829072340074,0.2036847174167633,0.1882352977991104
gated_t0.95_d2_s400,tase2-A_Vacancy-Anion-12B.png,16,452.0,579.0,borderline_shifted,121,0.0407837138150153,0.42604905366897583,0.4588235318660736
gated_t0.95_d2_s400,tase2-A_Vacancy-Anion-12B.png,16,400.0,606.0,boundary_edge,121,0.0407837138150153,0.1921568661928177,0.1764705926179886
gated_t0.95_d2_s400,tase2-A_Vacancy-Anion-12B.png,16,426.0,573.0,borderline_shifted,121,0.0407837138150153,0.1707763373851776,0.11372549086809158
gated_t0.95_d2_s400,nbte2_Vacancy-Anion-12A.png,16,96.0,444.0,boundary_edge,170,0.17893990929705214,0.5509876012802124,0.06666667014360428
gated_t0.95_d2_s400,nbte2_Vacancy-Anion-12A.png,16,719.0,392.0,boundary_edge,170,0.17893990929705214,0.5389887094497681,0.04313725605607033
gated_t0.95_d2_s400,nbte2_Vacancy-Anion-12A.png,16,715.0,496.0,boundary_edge,170,0.17893990929705214,0.42451488971710205,0.03921568766236305
gated_t0.95_d2_s400,nbte2_Vacancy-Anion-12A.png,16,182.0,603.0,invented_undamaged,170,0.17893990929705214,0.4615370035171509,0.07058823853731155
gated_t0.95_d2_s400,nbte2_Vacancy-Anion-12A.png,16,263.0,451.0,borderline_shifted,170,0.17893990929705214,0.3289948105812073,0.08235294371843338
gated_t0.95_d2_s400,nbte2_Vacancy-Anion-12A.png,16,269.0,457.0,borderline_shifted,170,0.17893990929705214,0.36001747846603394,0.09019608050584793
gated_t0.95_d2_s400,nbte2_Vacancy-Anion-12A.png,16,91.0,144.0,invented_undamaged,170,0.17893990929705214,0.3028976619243622,0.0470588244497776
gated_t0.95_d2_s400,nbte2_Vacancy-Anion-12A.png,16,272.0,462.0,borderline_shifted,170,0.17893990929705214,0.30467134714126587,0.07058823853731155
gated_t0.95_d2_s400,nbte2_Vacancy-Anion-12A.png,16,706.0,467.0,borderline_shifted,170,0.17893990929705214,0.19434116780757904,0.03529411926865578
gated_t0.95_d2_s400,nbte2_Vacancy-Anion-12A.png,16,718.0,410.0,boundary_edge,170,0.17893990929705214,0.26781347393989563,0.019607843831181526
gated_t0.95_d2_s400,nbte2_Vacancy-Anion-12A.png,16,78.0,132.0,borderline_shifted,170,0.17893990929705214,0.2286434769630432,0.0470588244497776
gated_t0.95_d2_s400,nbte2_Vacancy-Anion-12A.png,16,98.0,629.0,boundary_edge,170,0.17893990929705214,0.131921648979187,0.16862745583057404
gated_t0.95_d2_s400,tis2_Vacancy-Anion-12A.png,16,74.0,280.0,borderline_shifted,118,0.5267780385231999,0.37459415197372437,0.32156863808631897
gated_t0.95_d2_s400,tis2_Vacancy-Anion-12A.png,16,318.0,279.0,boundary_edge,118,0.5267780385231999,0.2666666805744171,0.239215686917305
gated_t0.95_d2_s400,tis2_Vacancy-Anion-12A.png,16,75.0,568.0,boundary_edge,118,0.5267780385231999,0.3843137323856354,0.3686274588108063
gated_t0.95_d2_s400,tise2_Adatom-Li.png,16,474.0,396.0,borderline_shifted,157,0.7827629401595622,0.43110665678977966,0.364705890417099
gated_t0.95_d2_s400,tise2_Adatom-Li.png,16,548.0,364.0,borderline_shifted,157,0.7827629401595622,0.38137221336364746,0.27450981736183167
gated_t0.95_d2_s400,tise2_Adatom-Li.png,16,439.0,401.0,borderline_shifted,157,0.7827629401595622,0.35920119285583496,0.32156863808631897
gated_t0.95_d2_s400,vs2_Vacancy-Anion-06A.png,16,52.0,278.0,boundary_edge,158,0.7963816655205495,0.5539766550064087,0.01568627543747425
gated_t0.95_d2_s400,vs2_Vacancy-Anion-06A.png,16,49.0,323.0,invented_undamaged,158,0.7963816655205495,0.33977580070495605,0.04313725605607033
gated_t0.95_d2_s400,vs2_Vacancy-Anion-06A.png,16,48.0,369.0,boundary_edge,158,0.7963816655205495,0.3053354024887085,0.05098039284348488
gated_t0.95_d2_s400,vs2_Vacancy-Anion-06A.png,16,253.0,297.0,boundary_edge,158,0.7963816655205495,0.3910447955131531,0.35686275362968445
gated_t0.95_d2_s400,vs2_Vacancy-Anion-06A.png,16,367.0,448.0,boundary_edge,158,0.7963816655205495,0.5423147678375244,0.5607843399047852
gated_t0.95_d2_s400,vte2_Defect-Free.png,16,430.0,381.0,borderline_shifted,119,0.09160404481903107,0.30274054408073425,0.41960784792900085
gated_t0.95_d2_s400,vte2_Defect-Free.png,16,431.0,354.0,borderline_shifted,119,0.09160404481903107,0.38283056020736694,0.4588235318660736
gated_t0.95_d2_s400,ws2-A_Vacancy-Metal.png,16,204.0,235.0,borderline_shifted,59,0.09985666507405638,0.32810789346694946,0.3529411852359772
gated_t0.95_d2_s400,ws2-A_Vacancy-Metal.png,16,159.0,254.0,borderline_shifted,59,0.09985666507405638,0.22908703982830048,0.2549019753932953
gated_t0.95_d2_s400,ws2-A_Vacancy-Metal.png,16,164.0,169.0,borderline_shifted,59,0.09985666507405638,0.21274635195732117,0.21176470816135406
gated_t0.95_d2_s400,ws2-A_Vacancy-Metal.png,16,92.0,215.0,borderline_shifted,59,0.09985666507405638,0.20393294095993042,0.22745098173618317
gated_t0.95_d2_s400,ws2-A_Vacancy-Metal.png,16,214.0,190.0,borderline_shifted,59,0.09985666507405638,0.24420638382434845,0.2235294133424759
gated_t0.95_d2_s400,ws2-A_Vacancy-Metal.png,16,142.0,193.0,borderline_shifted,59,0.09985666507405638,0.2980036437511444,0.33725491166114807
gated_t0.95_d2_s400,ws2-A_Vacancy-Metal.png,16,53.0,268.0,borderline_shifted,59,0.09985666507405638,0.1722477674484253,0.1568627506494522
gated_t0.95_d2_s400,cose2_Fe_doped.png,16,557.0,583.0,boundary_edge,96,0.09939382545424982,0.7108503580093384,0.007843137718737125
gated_t0.95_d2_s400,cose2_Fe_doped.png,16,536.0,62.0,borderline_shifted,96,0.09939382545424982,0.41557419300079346,0.027450980618596077
gated_t0.95_d2_s400,cose2_Fe_doped.png,16,555.0,432.0,borderline_shifted,96,0.09939382545424982,0.37808921933174133,0.35686275362968445
gated_t0.95_d2_s400,cose2_Fe_doped.png,16,547.0,50.0,borderline_shifted,96,0.09939382545424982,0.3953036069869995,0.0235294122248888
gated_t0.95_d2_s400,cose2_Fe_doped.png,16,546.0,41.0,borderline_shifted,96,0.09939382545424982,0.4007532596588135,0.0235294122248888
gated_t0.95_d2_s400,cose2_Fe_doped.png,16,541.0,30.0,invented_undamaged,96,0.09939382545424982,0.2648429274559021,0.01568627543747425
gated_t0.95_d2_s400,cose2_Fe_doped.png,16,565.0,431.0,borderline_shifted,96,0.09939382545424982,0.3118278384208679,0.21960784494876862
gated_t0.95_d2_s400,cose2_Fe_doped.png,16,540.0,424.0,borderline_shifted,96,0.09939382545424982,0.40021926164627075,0.4431372582912445
gated_t0.95_d2_s400,cose2_Fe_doped.png,16,514.0,31.0,invented_undamaged,96,0.09939382545424982,0.14410333335399628,0.01568627543747425
gated_t0.95_d2_s400,cose2_Fe_doped.png,16,530.0,23.0,invented_undamaged,96,0.09939382545424982,0.16043385863304138,0.019607843831181526
gated_t0.95_d2_s400,cose2_Fe_doped.png,16,533.0,23.0,invented_undamaged,96,0.09939382545424982,0.16315868496894836,0.01568627543747425
gated_t0.95_d2_s400,cro2_Vacancy-Anion-03.png,16,0.0,0.0,boundary_edge,80,0.8467367422350944,0.524852454662323,0.07450980693101883
gated_t0.95_d2_s400,cro2_Vacancy-Anion-03.png,16,0.0,231.0,boundary_edge,80,0.8467367422350944,0.5504430532455444,0.027450980618596077
gated_t0.95_d2_s400,cro2_Vacancy-Anion-03.png,16,365.0,63.0,borderline_shifted,80,0.8467367422350944,0.4481065273284912,0.29019609093666077
gated_t0.95_d2_s400,cro2_Vacancy-Anion-03.png,16,366.0,290.0,borderline_shifted,80,0.8467367422350944,0.42000675201416016,0.239215686917305
gated_t0.95_d2_s400,vo2_Vacancy-Anion-03.png,20,274.0,357.0,borderline_shifted,100,0.846157372039725,0.8308123350143433,0.1725490242242813
gated_t0.95_d2_s400,vo2_Vacancy-Anion-03.png,20,285.0,348.0,borderline_shifted,100,0.846157372039725,0.5784748792648315,0.1411764770746231
gated_t0.95_d2_s400,vo2_Vacancy-Anion-03.png,20,254.0,361.0,borderline_shifted,100,0.846157372039725,0.39861395955085754,0.3764705955982208
gated_t0.95_d2_s400,vo2_Vacancy-Anion-03.png,20,527.0,360.0,borderline_shifted,100,0.846157372039725,0.4000062346458435,0.4000000059604645
gated_t0.95_d2_s400,vo2_Vacancy-Anion-03.png,20,549.0,439.0,boundary_edge,100,0.846157372039725,0.42239856719970703,0.23137255012989044
gated_t0.95_d2_s400,vo2_Vacancy-Anion-03.png,20,221.0,403.0,borderline_shifted,100,0.846157372039725,0.29045748710632324,0.4431372582912445
gated_t0.95_d2_s400,vo2_Vacancy-Anion-03.png,20,549.0,318.0,boundary_edge,100,0.846157372039725,0.5000756978988647,0.45098039507865906
gated_t0.95_d2_s400,vo2_Vacancy-Anion-03.png,20,293.0,345.0,boundary_edge,100,0.846157372039725,0.3327814042568207,0.14901961386203766
gated_t0.95_d2_s400,vo2_Vacancy-Anion-03.png,20,221.0,410.0,borderline_shifted,100,0.846157372039725,0.37118372321128845,0.5764706134796143
gated_t0.95_d2_s400,vo2_Vacancy-Anion-03.png,20,499.0,397.0,borderline_shifted,100,0.846157372039725,0.2861500084400177,0.4941176474094391
gated_t0.95_d2_s400,vo2_Vacancy-Anion-03.png,20,225.0,400.0,borderline_shifted,100,0.846157372039725,0.33863261342048645,0.501960813999176
gated_t0.95_d2_s400,vo2_Vacancy-Anion-03.png,20,171.0,377.0,boundary_edge,100,0.846157372039725,0.5035906434059143,0.49803921580314636
gated_t0.95_d2_s400,vo2_Vacancy-Anion-03.png,20,242.0,20.0,boundary_edge,100,0.846157372039725,0.4864036738872528,0.5254902243614197
gated_t0.95_d2_s400,vo2_Vacancy-Anion-03.png,20,378.0,258.0,boundary_edge,100,0.846157372039725,0.49287527799606323,0.40392157435417175
gated_t0.95_d2_s400,vo2_Vacancy-Anion-03.png,20,171.0,257.0,boundary_edge,100,0.846157372039725,0.49649590253829956,0.529411792755127
gated_t0.95_d2_s400,vo2_Vacancy-Anion-03.png,20,172.0,140.0,boundary_edge,100,0.846157372039725,0.49947476387023926,0.49803921580314636
gated_t0.95_d2_s400,vo2_Vacancy-Anion-03.png,20,293.0,358.0,borderline_shifted,100,0.846157372039725,0.45450150966644287,0.1921568661928177
gated_t0.95_d2_s400,vo2_Vacancy-Anion-03.png,20,516.0,20.0,boundary_edge,100,0.846157372039725,0.4843248724937439,0.45490196347236633
gated_t0.95_d2_s400,vo2_Vacancy-Anion-03.png,20,412.0,80.0,boundary_edge,100,0.846157372039725,0.47898799180984497,0.5176470875740051
gated_t0.95_d2_s400,vo2_Vacancy-Anion-03.png,20,447.0,377.0,boundary_edge,100,0.846157372039725,0.4988326132297516,0.4745098054409027
gated_t0.95_d2_s400,vo2_Vacancy-Anion-03.png,20,481.0,318.0,boundary_edge,100,0.846157372039725,0.5005673766136169,0.5254902243614197
gated_t0.95_d2_s400,vo2_Vacancy-Anion-03.png,20,104.0,377.0,boundary_edge,100,0.846157372039725,0.500932514667511,0.48627451062202454
gated_t0.95_d2_s400,vo2_Vacancy-Anion-03.png,20,206.0,79.0,boundary_edge,100,0.846157372039725,0.4965185821056366,0.5411764979362488
gated_t0.95_d2_s400,vo2_Vacancy-Anion-03.png,20,345.0,79.0,boundary_edge,100,0.846157372039725,0.49731194972991943,0.5411764979362488
gated_t0.95_d2_s400,vo2_Vacancy-Anion-03.png,20,447.0,139.0,boundary_edge,100,0.846157372039725,0.4924255609512329,0.48235294222831726
gated_t0.95_d2_s400,vo2_Vacancy-Anion-03.png,20,33.0,20.0,boundary_edge,100,0.846157372039725,0.4913958013057709,0.4745098054409027
gated_t0.95_d2_s400,vo2_Vacancy-Anion-03.png,20,206.0,318.0,invented_damaged,100,0.846157372039725,0.496946781873703,0.501960813999176
gated_t0.95_d2_s400,vo2_Vacancy-Anion-03.png,20,34.0,138.0,boundary_edge,100,0.846157372039725,0.49986201524734497,0.45098039507865906
gated_t0.95_d2_s400,vo2_Vacancy-Anion-03.png,20,309.0,139.0,boundary_edge,100,0.846157372039725,0.49656161665916443,0.47058823704719543
gated_t0.95_d2_s400,vo2_Vacancy-Anion-03.png,20,69.0,318.0,boundary_edge,100,0.846157372039725,0.4912673830986023,0.5176470875740051
gated_t0.95_d2_s400,vo2_Vacancy-Anion-03.png,20,378.0,377.0,boundary_edge,100,0.846157372039725,0.49780476093292236,0.5176470875740051
gated_t0.95_d2_s400,vo2_Vacancy-Anion-03.png,20,241.0,139.0,invented_damaged,100,0.846157372039725,0.49671152234077454,0.5254902243614197
gated_t0.95_d2_s400,vo2_Vacancy-Anion-03.png,20,69.0,79.0,boundary_edge,100,0.846157372039725,0.49369022250175476,0.4274509847164154
gated_t0.95_d2_s400,vo2_Vacancy-Anion-03.png,20,344.0,318.0,boundary_edge,100,0.846157372039725,0.4945451021194458,0.5372549295425415
gated_t0.95_d2_s400,vo2_Vacancy-Anion-03.png,20,137.0,80.0,boundary_edge,100,0.846157372039725,0.47508949041366577,0.47843137383461
gated_t0.95_d2_s400,vo2_Vacancy-Anion-03.png,20,481.0,79.0,invented_damaged,100,0.846157372039725,0.49323856830596924,0.5215686559677124
gated_t0.95_d2_s400,vo2_Vacancy-Anion-03.png,20,309.0,20.0,boundary_edge,100,0.846157372039725,0.48792511224746704,0.45098039507865906
gated_t0.95_d2_s400,vo2_Vacancy-Anion-03.png,20,103.0,140.0,boundary_edge,100,0.846157372039725,0.4920819103717804,0.45490196347236633
gated_t0.95_d2_s400,vo2_Vacancy-Anion-03.png,20,516.0,139.0,boundary_edge,100,0.846157372039725,0.4978255033493042,0.49803921580314636
gated_t0.95_d2_s400,vo2_Vacancy-Anion-03.png,20,378.0,140.0,boundary_edge,100,0.846157372039725,0.4890183210372925,0.5215686559677124
gated_t0.95_d2_s400,mose2-A_Doped-Na.png,20,190.0,94.0,borderline_shifted,105,0.09216605552645364,0.17386388778686523,0.18039216101169586
gated_t0.95_d2_s400,mose2-A_Doped-Na.png,20,183.0,105.0,borderline_shifted,105,0.09216605552645364,0.18772681057453156,0.19607843458652496
gated_t0.95_d2_s400,mote2-A_Anti-2M.png,20,457.0,567.0,borderline_shifted,189,0.4209784745080395,0.5627491474151611,0.572549045085907
gated_t0.95_d2_s400,mote2-A_Anti-2M.png,20,523.0,353.0,borderline_shifted,189,0.4209784745080395,0.42876777052879333,0.5803921818733215
gated_t0.95_d2_s400,mote2-A_Anti-2M.png,20,523.0,53.0,borderline_shifted,189,0.4209784745080395,0.4287608563899994,0.5372549295425415
gated_t0.95_d2_s400,mote2-A_Anti-2M.png,20,519.0,42.0,borderline_shifted,189,0.4209784745080395,0.37774592638015747,0.3803921639919281
gated_t0.95_d2_s400,mote2-A_Anti-2M.png,20,6.0,604.0,boundary_edge,189,0.4209784745080395,0.4745098054409027,0.5215686559677124
gated_t0.95_d2_s400,mote2-A_Anti-2M.png,20,537.0,60.0,borderline_shifted,189,0.4209784745080395,0.33429157733917236,0.5333333611488342
gated_t0.95_d2_s400,mote2-A_Anti-2M.png,20,452.0,578.0,borderline_shifted,189,0.4209784745080395,0.3861680328845978,0.5490196347236633
gated_t0.95_d2_s400,mote2-A_Anti-2M.png,20,515.0,345.0,borderline_shifted,189,0.4209784745080395,0.3334576487541199,0.30588236451148987
gated_t0.95_d2_s400,mote2-A_Anti-2M.png,20,538.0,363.0,borderline_shifted,189,0.4209784745080395,0.3174818754196167,0.5411764979362488
gated_t0.95_d2_s400,mote2-A_Anti-2M.png,20,378.0,153.0,borderline_shifted,189,0.4209784745080395,0.3491370379924774,0.43529412150382996
gated_t0.95_d2_s400,mote2-A_Anti-2M.png,20,380.0,457.0,borderline_shifted,189,0.4209784745080395,0.34575989842414856,0.43529412150382996
gated_t0.95_d2_s400,mote2-A_Anti-2M.png,20,384.0,426.0,borderline_shifted,189,0.4209784745080395,0.34241729974746704,0.3803921639919281
gated_t0.95_d2_s400,tate2-A_Fe_doped.png,20,321.0,277.0,invented_damaged,122,0.15879011824324324,0.5389523506164551,0.19607843458652496
gated_t0.95_d2_s400,tate2-A_Fe_doped.png,20,321.0,597.0,invented_damaged,122,0.15879011824324324,0.5460051894187927,0.21176470816135406
gated_t0.95_d2_s400,tate2-A_Fe_doped.png,20,502.0,639.0,boundary_edge,122,0.15879011824324324,0.07450980693101883,0.125490203499794
gated_t0.95_d2_s400,tate2-A_Fe_doped.png,20,336.0,306.0,borderline_shifted,122,0.15879011824324324,0.33746200799942017,0.4627451002597809
gated_t0.95_d2_s400,tate2-A_Fe_doped.png,20,310.0,286.0,borderline_shifted,122,0.15879011824324324,0.2976949214935303,0.12941177189350128
gated_t0.95_d2_s400,tate2-A_Fe_doped.png,20,324.0,296.0,borderline_shifted,122,0.15879011824324324,0.2749859392642975,0.1568627506494522
gated_t0.95_d2_s400,tate2-A_Fe_doped.png,20,319.0,616.0,borderline_shifted,122,0.15879011824324324,0.2814573049545288,0.1568627506494522
gated_t0.95_d2_s400,tate2-A_Fe_doped.png,20,304.0,601.0,borderline_shifted,122,0.15879011824324324,0.2718546986579895,0.15294118225574493
gated_t0.95_d2_s400,tate2-A_Fe_doped.png,20,319.0,291.0,borderline_shifted,122,0.15879011824324324,0.3259211778640747,0.13725490868091583
gated_t0.95_d2_s400,vse2-A_Vacancy-Anion-06A.png,20,628.0,217.0,borderline_shifted,84,0.057534380961969896,0.24705882370471954,0.21176470816135406
gated_t0.95_d2_s400,vse2-A_Vacancy-Anion-06A.png,20,377.0,362.0,borderline_shifted,84,0.057534380961969896,0.21960784494876862,0.22745098173618317
gated_t0.95_d2_s400,vse2-A_Vacancy-Anion-06A.png,20,294.0,217.0,borderline_shifted,84,0.057534380961969896,0.2235294133424759,0.239215686917305
gated_t0.95_d2_s400,vse2-A_Vacancy-Anion-06A.png,20,210.0,72.0,borderline_shifted,84,0.057534380961969896,0.23137255012989044,0.21960784494876862
gated_t0.95_d2_s400,tase2-A_Vacancy-Anion-12B.png,20,179.0,524.0,invented_undamaged,121,0.0021463873852671216,0.26274511218070984,0.2549019753932953
gated_t0.95_d2_s400,nbs2_Anti-Metal.png,20,47.0,388.0,invented_undamaged,106,0.14268454192708938,0.235615536570549,0.12156862765550613
gated_t0.95_d2_s400,nbs2_Anti-Metal.png,20,617.0,363.0,invented_damaged,106,0.14268454192708938,0.2948184013366699,0.2078431397676468
gated_t0.95_d2_s400,nbs2_Anti-Metal.png,20,656.0,435.0,boundary_edge,106,0.14268454192708938,0.28608906269073486,0.15294118225574493
gated_t0.95_d2_s400,nbs2_Anti-Metal.png,20,576.0,292.0,invented_damaged,106,0.14268454192708938,0.2906593382358551,0.19607843458652496
gated_t0.95_d2_s400,nbs2_Anti-Metal.png,20,668.0,290.0,boundary_edge,106,0.14268454192708938,0.24722667038440704,0.11372549086809158
gated_t0.95_d2_s400,nbs2_Anti-Metal.png,20,492.0,292.0,invented_damaged,106,0.14268454192708938,0.28531280159950256,0.239215686917305
gated_t0.95_d2_s400,nbse2_Cu_doped.png,20,665.0,469.0,borderline_shifted,145,0.8168230662632404,0.42092472314834595,0.42352941632270813
gated_t0.95_d2_s400,nbse2_Cu_doped.png,20,319.0,469.0,borderline_shifted,145,0.8168230662632404,0.38638997077941895,0.4156862795352936
gated_t0.95_d2_s400,nbse2_Cu_doped.png,20,304.0,493.0,borderline_shifted,145,0.8168230662632404,0.4234706163406372,0.364705890417099
gated_t0.95_d2_s400,nbse2_Cu_doped.png,20,665.0,461.0,borderline_shifted,145,0.8168230662632404,0.2963883578777313,0.29019609093666077
gated_t0.95_d2_s400,nbse2_Cu_doped.png,20,656.0,494.0,borderline_shifted,145,0.8168230662632404,0.32547178864479065,0.3450980484485626
gated_t0.95_d2_s400,nbse2_Cu_doped.png,20,311.0,515.0,borderline_shifted,145,0.8168230662632404,0.26842379570007324,0.2549019753932953
gated_t0.95_d2_s400,nbse2_Cu_doped.png,20,320.0,462.0,borderline_shifted,145,0.8168230662632404,0.25258344411849976,0.2862745225429535
gated_t0.95_d2_s400,nbse2_Cu_doped.png,20,320.0,475.0,borderline_shifted,145,0.8168230662632404,0.4063059687614441,0.45490196347236633
gated_t0.95_d2_s400,nbse2_Cu_doped.png,20,317.0,532.0,borderline_shifted,145,0.8168230662632404,0.25263479351997375,0.21960784494876862
gated_t0.95_d2_s400,nbse2_Cu_doped.png,20,305.0,502.0,borderline_shifted,145,0.8168230662632404,0.21152988076210022,0.16470588743686676
gated_t0.95_d2_s400,nbse2_Cu_doped.png,20,656.0,502.0,borderline_shifted,145,0.8168230662632404,0.187743678689003,0.18431372940540314
gated_t0.95_d2_s400,nbse2_Cu_doped.png,20,665.0,518.0,borderline_shifted,145,0.8168230662632404,0.19706520438194275,0.18431372940540314
gated_t0.95_d2_s400,nbte2_Vacancy-Anion-12A.png,20,361.0,288.0,boundary_edge,170,0.2220499738356881,0.8356314897537231,0.10588235408067703
gated_t0.95_d2_s400,nbte2_Vacancy-Anion-12A.png,20,488.0,312.0,invented_undamaged,170,0.2220499738356881,0.6150264739990234,0.07450980693101883
gated_t0.95_d2_s400,nbte2_Vacancy-Anion-12A.png,20,579.0,156.0,boundary_edge,170,0.2220499738356881,0.6036505699157715,0.062745101749897
gated_t0.95_d2_s400,nbte2_Vacancy-Anion-12A.png,20,398.0,156.0,boundary_edge,170,0.2220499738356881,0.6900771856307983,0.1411764770746231
gated_t0.95_d2_s400,nbte2_Vacancy-Anion-12A.png,20,347.0,292.0,borderline_shifted,170,0.2220499738356881,0.5706554651260376,0.12156862765550613
gated_t0.95_d2_s400,nbte2_Vacancy-Anion-12A.png,20,344.0,283.0,borderline_shifted,170,0.2220499738356881,0.5394012331962585,0.14509804546833038
gated_t0.95_d2_s400,nbte2_Vacancy-Anion-12A.png,20,341.0,238.0,borderline_shifted,170,0.2220499738356881,0.6037352085113525,0.1921568661928177
gated_t0.95_d2_s400,nbte2_Vacancy-Anion-12A.png,20,341.0,242.0,borderline_shifted,170,0.2220499738356881,0.6049015522003174,0.20000000298023224
gated_t0.95_d2_s400,nbte2_Vacancy-Anion-12A.png,20,340.0,232.0,borderline_shifted,170,0.2220499738356881,0.5744249224662781,0.21568627655506134
gated_t0.95_d2_s400,nbte2_Vacancy-Anion-12A.png,20,349.0,298.0,borderline_shifted,170,0.2220499738356881,0.5100909471511841,0.14901961386203766
gated_t0.95_d2_s400,nbte2_Vacancy-Anion-12A.png,20,341.0,249.0,borderline_shifted,170,0.2220499738356881,0.5747799873352051,0.2666666805744171
gated_t0.95_d2_s400,nbte2_Vacancy-Anion-12A.png,20,337.0,225.0,borderline_shifted,170,0.2220499738356881,0.5403817892074585,0.2705882489681244
gated_t0.95_d2_s400,nbte2_Vacancy-Anion-12A.png,20,342.0,276.0,borderline_shifted,170,0.2220499738356881,0.5066765546798706,0.23529411852359772
gated_t0.95_d2_s400,nbte2_Vacancy-Anion-12A.png,20,338.0,260.0,borderline_shifted,170,0.2220499738356881,0.5967627763748169,0.46666666865348816
gated_t0.95_d2_s400,nbte2_Vacancy-Anion-12A.png,20,381.0,150.0,borderline_shifted,170,0.2220499738356881,0.5271042585372925,0.2980392277240753
gated_t0.95_d2_s400,nbte2_Vacancy-Anion-12A.png,20,382.0,157.0,borderline_shifted,170,0.2220499738356881,0.5328850746154785,0.20392157137393951
gated_t0.95_d2_s400,nbte2_Vacancy-Anion-12A.png,20,340.0,268.0,borderline_shifted,170,0.2220499738356881,0.5333585143089294,0.3764705955982208
gated_t0.95_d2_s400,tis2_Vacancy-Anion-12A.png,20,523.0,273.0,borderline_shifted,118,0.3280229042909403,0.3006531000137329,0.2823529541492462
gated_t0.95_d2_s400,tise2_Adatom-Li.png,20,606.0,410.0,borderline_shifted,157,0.5786255096097845,0.3278714120388031,0.3137255012989044
gated_t0.95_d2_s400,tise2_Adatom-Li.png,20,617.0,410.0,borderline_shifted,157,0.5786255096097845,0.3274190425872803,0.3176470696926117
gated_t0.95_d2_s400,tise2_Adatom-Li.png,20,535.0,416.0,borderline_shifted,157,0.5786255096097845,0.2843048870563507,0.2705882489681244
gated_t0.95_d2_s400,tise2_Adatom-Li.png,20,543.0,420.0,borderline_shifted,157,0.5786255096097845,0.2999395430088043,0.29411765933036804
gated_t0.95_d2_s400,tise2_Adatom-Li.png,20,467.0,365.0,borderline_shifted,157,0.5786255096097845,0.41305243968963623,0.4627451002597809
gated_t0.95_d2_s400,tise2_Adatom-Li.png,20,621.0,414.0,borderline_shifted,157,0.5786255096097845,0.23700563609600067,0.23137255012989044
gated_t0.95_d2_s400,tite2-B_Cu_doped.png,20,734.0,95.0,boundary_edge,72,0.5777090846642624,0.42209625244140625,0.38823530077934265
gated_t0.95_d2_s400,tite2-B_Cu_doped.png,20,746.0,162.0,boundary_edge,72,0.5777090846642624,0.1568627506494522,0.125490203499794
gated_t0.95_d2_s400,vs2_Vacancy-Anion-06A.png,20,367.0,61.0,borderline_shifted,158,0.7683230182784471,0.613266110420227,0.6392157077789307
gated_t0.95_d2_s400,vs2_Vacancy-Anion-06A.png,20,92.0,113.0,boundary_edge,158,0.7683230182784471,0.38260889053344727,0.06666667014360428
gated_t0.95_d2_s400,vs2_Vacancy-Anion-06A.png,20,367.0,447.0,invented_damaged,158,0.7683230182784471,0.5430507659912109,0.5098039507865906
gated_t0.95_d2_s400,vte2_Defect-Free.png,20,354.0,596.0,borderline_shifted,119,0.11809107112468539,0.36166924238204956,0.34117648005485535
gated_t0.95_d2_s400,vte2_Defect-Free.png,20,397.0,588.0,borderline_shifted,119,0.11809107112468539,0.20706789195537567,0.21568627655506134
gated_t0.95_d2_s400,vte2_Defect-Free.png,20,206.0,582.0,borderline_shifted,119,0.11809107112468539,0.2841871380805969,0.3019607961177826
gated_t0.95_d2_s400,vte2_Defect-Free.png,20,221.0,583.0,borderline_shifted,119,0.11809107112468539,0.20385459065437317,0.21176470816135406
gated_t0.95_d2_s400,vte2_Defect-Free.png,20,420.0,578.0,borderline_shifted,119,0.11809107112468539,0.195994034409523,0.2078431397676468
gated_t0.95_d2_s400,vte2_Defect-Free.png,20,277.0,595.0,borderline_shifted,119,0.11809107112468539,0.22420550882816315,0.20392157137393951
gated_t0.95_d2_s400,vte2_Defect-Free.png,20,190.0,604.0,borderline_shifted,119,0.11809107112468539,0.20349174737930298,0.15294118225574493
gated_t0.95_d2_s400,vte2_Defect-Free.png,20,348.0,613.0,boundary_edge,119,0.11809107112468539,0.15315000712871552,0.11764705926179886
gated_t0.95_d2_s400,vte2_Defect-Free.png,20,229.0,590.0,borderline_shifted,119,0.11809107112468539,0.16850826144218445,0.16470588743686676
gated_t0.95_d2_s400,vte2_Defect-Free.png,20,191.0,594.0,borderline_shifted,119,0.11809107112468539,0.24419358372688293,0.21960784494876862
gated_t0.95_d2_s400,vte2_Defect-Free.png,20,436.0,588.0,borderline_shifted,119,0.11809107112468539,0.14190344512462616,0.14901961386203766
gated_t0.95_d2_s400,vte2_Defect-Free.png,20,344.0,608.0,boundary_edge,119,0.11809107112468539,0.15529221296310425,0.13333334028720856
gated_t0.95_d2_s400,vte2_Defect-Free.png,20,215.0,578.0,borderline_shifted,119,0.11809107112468539,0.19243530929088593,0.20392157137393951
gated_t0.95_d2_s400,ws2-A_Vacancy-Metal.png,20,345.0,499.0,invented_undamaged,59,0.09741655859668281,0.6350744366645813,0.04313725605607033
gated_t0.95_d2_s400,ws2-A_Vacancy-Metal.png,20,415.0,50.0,borderline_shifted,59,0.09741655859668281,0.574110209941864,0.03921568766236305
gated_t0.95_d2_s400,ws2-A_Vacancy-Metal.png,20,389.0,418.0,borderline_shifted,59,0.09741655859668281,0.23411157727241516,0.21960784494876862
gated_t0.95_d2_s400,ws2-A_Vacancy-Metal.png,20,458.0,378.0,borderline_shifted,59,0.09741655859668281,0.24076631665229797,0.2666666805744171
gated_t0.95_d2_s400,cose2_Fe_doped.png,20,403.0,135.0,borderline_shifted,96,0.13462105198975652,0.46975600719451904,0.45490196347236633
gated_t0.95_d2_s400,cose2_Fe_doped.png,20,303.0,160.0,borderline_shifted,96,0.13462105198975652,0.40428799390792847,0.27450981736183167
gated_t0.95_d2_s400,cose2_Fe_doped.png,20,325.0,152.0,borderline_shifted,96,0.13462105198975652,0.20803040266036987,0.12941177189350128
gated_t0.95_d2_s400,cro2_Vacancy-Anion-03.png,20,369.0,73.0,borderline_shifted,80,0.8332209793934552,0.4138793349266052,0.21176470816135406
gated_t0.95_d2_s400,cro2_Vacancy-Anion-03.png,20,384.0,283.0,borderline_shifted,80,0.8332209793934552,0.4152776002883911,0.21568627655506134
gated_t0.95_d2_s400,cro2_Vacancy-Anion-03.png,20,391.0,75.0,borderline_shifted,80,0.8332209793934552,0.41538405418395996,0.2549019753932953
gated_t0.95_d2_s400,cro2_Vacancy-Anion-03.png,20,367.0,294.0,borderline_shifted,80,0.8332209793934552,0.45072656869888306,0.25882354378700256
gated_t0.95_d2_s400,cro2_Vacancy-Anion-03.png,20,367.0,60.0,borderline_shifted,80,0.8332209793934552,0.42083939909935,0.2666666805744171
gated_t0.95_d2_s400,cro2_Vacancy-Anion-03.png,20,385.0,309.0,borderline_shifted,80,0.8332209793934552,0.4254310727119446,0.29019609093666077
gated_t0.95_d2_s400,cro2_Vacancy-Anion-03.png,20,389.0,54.0,borderline_shifted,80,0.8332209793934552,0.4018048644065857,0.2549019753932953
gated_t0.95_d2_s400,vo2_Vacancy-Anion-03.png,28,412.0,80.0,boundary_edge,100,0.8501107715813598,0.4732121229171753,0.5176470875740051
gated_t0.95_d2_s400,vo2_Vacancy-Anion-03.png,28,241.0,138.0,boundary_edge,100,0.8501107715813598,0.4904562830924988,0.5098039507865906
gated_t0.95_d2_s400,vo2_Vacancy-Anion-03.png,28,310.0,138.0,boundary_edge,100,0.8501107715813598,0.4883629083633423,0.47843137383461
gated_t0.95_d2_s400,vo2_Vacancy-Anion-03.png,28,379.0,258.0,boundary_edge,100,0.8501107715813598,0.48657479882240295,0.4588235318660736
gated_t0.95_d2_s400,vo2_Vacancy-Anion-03.png,28,516.0,20.0,invented_damaged,100,0.8501107715813598,0.4787716269493103,0.45490196347236633
gated_t0.95_d2_s400,vo2_Vacancy-Anion-03.png,28,34.0,139.0,boundary_edge,100,0.8501107715813598,0.4808400273323059,0.48627451062202454
gated_t0.95_d2_s400,vo2_Vacancy-Anion-03.png,28,138.0,79.0,boundary_edge,100,0.8501107715813598,0.4737691879272461,0.501960813999176
gated_t0.95_d2_s400,vo2_Vacancy-Anion-03.png,28,309.0,21.0,boundary_edge,100,0.8501107715813598,0.48195427656173706,0.49803921580314636
gated_t0.95_d2_s400,vo2_Vacancy-Anion-03.png,28,171.0,377.0,boundary_edge,100,0.8501107715813598,0.49284327030181885,0.49803921580314636
gated_t0.95_d2_s400,vo2_Vacancy-Anion-03.png,28,34.0,20.0,invented_damaged,100,0.8501107715813598,0.47035637497901917,0.46666666865348816
gated_t0.95_d2_s400,vo2_Vacancy-Anion-03.png,28,516.0,139.0,boundary_edge,100,0.8501107715813598,0.4854254424571991,0.49803921580314636
gated_t0.95_d2_s400,vo2_Vacancy-Anion-03.png,28,344.0,317.0,boundary_edge,100,0.8501107715813598,0.4811602830886841,0.4431372582912445
gated_t0.95_d2_s400,vo2_Vacancy-Anion-03.png,28,103.0,377.0,invented_damaged,100,0.8501107715813598,0.48482000827789307,0.5176470875740051
gated_t0.95_d2_s400,vo2_Vacancy-Anion-03.png,28,205.0,80.0,invented_damaged,100,0.8501107715813598,0.4840393364429474,0.49803921580314636
gated_t0.95_d2_s400,vo2_Vacancy-Anion-03.png,28,379.0,377.0,boundary_edge,100,0.8501107715813598,0.48772236704826355,0.46666666865348816
gated_t0.95_d2_s400,vo2_Vacancy-Anion-03.png,28,447.0,377.0,boundary_edge,100,0.8501107715813598,0.4891701936721802,0.4745098054409027
gated_t0.95_d2_s400,vo2_Vacancy-Anion-03.png,28,171.0,140.0,boundary_edge,100,0.8501107715813598,0.4822678864002228,0.48627451062202454
gated_t0.95_d2_s400,vo2_Vacancy-Anion-03.png,28,549.0,80.0,boundary_edge,100,0.8501107715813598,0.46555572748184204,0.4745098054409027
gated_t0.95_d2_s400,vo2_Vacancy-Anion-03.png,28,104.0,140.0,boundary_edge,100,0.8501107715813598,0.4846532344818115,0.48627451062202454
gated_t0.95_d2_s400,vo2_Vacancy-Anion-03.png,28,171.0,258.0,boundary_edge,100,0.8501107715813598,0.4804413616657257,0.45098039507865906
gated_t0.95_d2_s400,vo2_Vacancy-Anion-03.png,28,69.0,317.0,boundary_edge,100,0.8501107715813598,0.48111358284950256,0.5411764979362488
gated_t0.95_d2_s400,mos2-A_Adatom-Li.png,28,118.0,0.0,boundary_edge,84,0.31663115118276464,0.5589742660522461,0.06666667014360428
gated_t0.95_d2_s400,mos2-A_Adatom-Li.png,28,0.0,285.0,boundary_edge,84,0.31663115118276464,0.39887458086013794,0.027450980618596077
gated_t0.95_d2_s400,mos2-A_Adatom-Li.png,28,228.0,95.0,borderline_shifted,84,0.31663115118276464,0.4187754988670349,0.4470588266849518
gated_t0.95_d2_s400,mos2-A_Adatom-Li.png,28,225.0,152.0,borderline_shifted,84,0.31663115118276464,0.38406750559806824,0.40392157435417175
gated_t0.95_d2_s400,mos2-A_Adatom-Li.png,28,224.0,104.0,borderline_shifted,84,0.31663115118276464,0.4313701391220093,0.529411792755127
gated_t0.95_d2_s400,mos2-A_Adatom-Li.png,28,227.0,171.0,borderline_shifted,84,0.31663115118276464,0.425902783870697,0.47843137383461
gated_t0.95_d2_s400,mos2-A_Adatom-Li.png,28,227.0,83.0,borderline_shifted,84,0.31663115118276464,0.3454379439353943,0.30980393290519714
gated_t0.95_d2_s400,mos2-A_Adatom-Li.png,28,225.0,109.0,borderline_shifted,84,0.31663115118276464,0.33788788318634033,0.37254902720451355
gated_t0.95_d2_s400,mos2-A_Adatom-Li.png,28,228.0,175.0,borderline_shifted,84,0.31663115118276464,0.3541759252548218,0.32549020648002625
gated_t0.95_d2_s400,mose2-A_Doped-Na.png,28,285.0,303.0,invented_damaged,105,0.27534311157674174,0.27856695652008057,0.10980392247438431
gated_t0.95_d2_s400,mose2-A_Doped-Na.png,28,301.0,434.0,borderline_shifted,105,0.27534311157674174,0.2819967269897461,0.24313725531101227
gated_t0.95_d2_s400,mose2-A_Doped-Na.png,28,464.0,358.0,borderline_shifted,105,0.27534311157674174,0.34765541553497314,0.30588236451148987
gated_t0.95_d2_s400,mose2-A_Doped-Na.png,28,470.0,342.0,borderline_shifted,105,0.27534311157674174,0.36091989278793335,0.32156863808631897
gated_t0.95_d2_s400,mose2-A_Doped-Na.png,28,294.0,435.0,borderline_shifted,105,0.27534311157674174,0.19343554973602295,0.1764705926179886
gated_t0.95_d2_s400,mose2-A_Doped-Na.png,28,525.0,0.0,boundary_edge,105,0.27534311157674174,0.19607843458652496,0.1725490242242813
gated_t0.95_d2_s400,mote2-A_Anti-2M.png,28,6.0,604.0,boundary_edge,189,0.2446209950507945,0.4745098054409027,0.5215686559677124
gated_t0.95_d2_s400,tate2-A_Fe_doped.png,28,0.0,598.0,boundary_edge,122,0.29657094594594596,0.5992459654808044,0.05098039284348488
gated_t0.95_d2_s400,tate2-A_Fe_doped.png,28,0.0,185.0,boundary_edge,122,0.29657094594594596,0.6292763948440552,0.05882352963089943
gated_t0.95_d2_s400,tate2-A_Fe_doped.png,28,0.0,411.0,boundary_edge,122,0.29657094594594596,0.6224410533905029,0.14901961386203766
gated_t0.95_d2_s400,tate2-A_Fe_doped.png,28,0.0,505.0,boundary_edge,122,0.29657094594594596,0.6185194849967957,0.05882352963089943
gated_t0.95_d2_s400,tate2-A_Fe_doped.png,28,0.0,91.0,boundary_edge,122,0.29657094594594596,0.5862488746643066,0.16078431904315948
gated_t0.95_d2_s400,tate2-A_Fe_doped.png,28,0.0,276.0,boundary_edge,122,0.29657094594594596,0.5361616611480713,0.054901961237192154
gated_t0.95_d2_s400,tate2-A_Fe_doped.png,28,154.0,12.0,boundary_edge,122,0.29657094594594596,0.28001269698143005,0.3921568691730499
gated_t0.95_d2_s400,tate2-A_Fe_doped.png,28,169.0,16.0,borderline_shifted,122,0.29657094594594596,0.3006283640861511,0.3490196168422699
gated_t0.95_d2_s400,tate2-A_Fe_doped.png,28,163.0,16.0,borderline_shifted,122,0.29657094594594596,0.3199019134044647,0.3764705955982208
gated_t0.95_d2_s400,tate2-A_Fe_doped.png,28,171.0,265.0,borderline_shifted,122,0.29657094594594596,0.31071415543556213,0.3137255012989044
gated_t0.95_d2_s400,tate2-A_Fe_doped.png,28,167.0,611.0,borderline_shifted,122,0.29657094594594596,0.33312344551086426,0.30980393290519714
gated_t0.95_d2_s400,tate2-A_Fe_doped.png,28,85.0,625.0,boundary_edge,122,0.29657094594594596,0.21457594633102417,0.2666666805744171
gated_t0.95_d2_s400,tate2-A_Fe_doped.png,28,161.0,291.0,borderline_shifted,122,0.29657094594594596,0.32662492990493774,0.34117648005485535
gated_t0.95_d2_s400,tate2-A_Fe_doped.png,28,169.0,588.0,borderline_shifted,122,0.29657094594594596,0.3832107186317444,0.364705890417099
gated_t0.95_d2_s400,tate2-A_Fe_doped.png,28,52.0,308.0,borderline_shifted,122,0.29657094594594596,0.22051319479942322,0.14901961386203766
gated_t0.95_d2_s400,tate2-A_Fe_doped.png,28,180.0,15.0,boundary_edge,122,0.29657094594594596,0.2507644295692444,0.26274511218070984
gated_t0.95_d2_s400,tate2-A_Fe_doped.png,28,177.0,585.0,borderline_shifted,122,0.29657094594594596,0.24594849348068237,0.239215686917305
gated_t0.95_d2_s400,tate2-A_Fe_doped.png,28,202.0,248.0,borderline_shifted,122,0.29657094594594596,0.2550215423107147,0.26274511218070984
gated_t0.95_d2_s400,vse2-A_Vacancy-Anion-06A.png,28,645.0,19.0,borderline_shifted,84,0.3680718521444375,0.3977953791618347,0.32156863808631897
gated_t0.95_d2_s400,vse2-A_Vacancy-Anion-06A.png,28,255.0,111.0,borderline_shifted,84,0.3680718521444375,0.46046119928359985,0.5098039507865906
gated_t0.95_d2_s400,vse2-A_Vacancy-Anion-06A.png,28,627.0,44.0,borderline_shifted,84,0.3680718521444375,0.2762948274612427,0.32156863808631897
gated_t0.95_d2_s400,vse2-A_Vacancy-Anion-06A.png,28,625.0,187.0,borderline_shifted,84,0.3680718521444375,0.34023773670196533,0.37254902720451355
gated_t0.95_d2_s400,vse2-A_Vacancy-Anion-06A.png,28,313.0,173.0,borderline_shifted,84,0.3680718521444375,0.29536014795303345,0.30588236451148987
gated_t0.95_d2_s400,vse2-A_Vacancy-Anion-06A.png,28,317.0,247.0,borderline_shifted,84,0.3680718521444375,0.3320329189300537,0.33725491166114807
gated_t0.95_d2_s400,vse2-A_Vacancy-Anion-06A.png,28,641.0,182.0,borderline_shifted,84,0.3680718521444375,0.3475383520126343,0.3686274588108063
gated_t0.95_d2_s400,vse2-A_Vacancy-Anion-06A.png,28,312.0,166.0,borderline_shifted,84,0.3680718521444375,0.3285634517669678,0.3529411852359772
gated_t0.95_d2_s400,vse2-A_Vacancy-Anion-06A.png,28,653.0,252.0,boundary_edge,84,0.3680718521444375,0.3626821041107178,0.32549020648002625
gated_t0.95_d2_s400,vse2-A_Vacancy-Anion-06A.png,28,267.0,83.0,borderline_shifted,84,0.3680718521444375,0.28496289253234863,0.30980393290519714
gated_t0.95_d2_s400,vse2-A_Vacancy-Anion-06A.png,28,316.0,25.0,borderline_shifted,84,0.3680718521444375,0.21855632960796356,0.23137255012989044
gated_t0.95_d2_s400,vse2-A_Vacancy-Anion-06A.png,28,603.0,83.0,borderline_shifted,84,0.3680718521444375,0.2607893943786621,0.27843138575553894
gated_t0.95_d2_s400,vse2-A_Vacancy-Anion-06A.png,28,633.0,45.0,borderline_shifted,84,0.3680718521444375,0.24409732222557068,0.250980406999588
gated_t0.95_d2_s400,vse2-A_Vacancy-Anion-06A.png,28,649.0,13.0,boundary_edge,84,0.3680718521444375,0.24701310694217682,0.18039216101169586
gated_t0.95_d2_s400,vse2-A_Vacancy-Anion-06A.png,28,641.0,43.0,borderline_shifted,84,0.3680718521444375,0.20204509794712067,0.2235294133424759
gated_t0.95_d2_s400,vse2-A_Vacancy-Anion-06A.png,28,662.0,256.0,boundary_edge,84,0.3680718521444375,0.3863700032234192,0.42352941632270813
gated_t0.95_d2_s400,vse2-A_Vacancy-Anion-06A.png,28,610.0,168.0,borderline_shifted,84,0.3680718521444375,0.3274672329425812,0.40392157435417175
gated_t0.95_d2_s400,vse2-A_Vacancy-Anion-06A.png,28,645.0,39.0,borderline_shifted,84,0.3680718521444375,0.20478004217147827,0.18039216101169586
gated_t0.95_d2_s400,vse2-A_Vacancy-Anion-06A.png,28,668.0,287.0,boundary_edge,84,0.3680718521444375,0.25882354378700256,0.24313725531101227
gated_t0.95_d2_s400,vse2-A_Vacancy-Anion-06A.png,28,337.0,578.0,boundary_edge,84,0.3680718521444375,0.1921568661928177,0.12941177189350128
gated_t0.95_d2_s400,vse2-A_Vacancy-Anion-06A.png,28,668.0,578.0,boundary_edge,84,0.3680718521444375,0.16862745583057404,0.1411764770746231
gated_t0.95_d2_s400,vse2-A_Vacancy-Anion-06A.png,28,591.0,0.0,boundary_edge,84,0.3680718521444375,0.1882352977991104,0.20000000298023224
gated_t0.95_d2_s400,vse2-A_Vacancy-Anion-06A.png,28,257.0,0.0,boundary_edge,84,0.3680718521444375,0.1921568661928177,0.21568627655506134
gated_t0.95_d2_s400,vse2-A_Vacancy-Anion-06A.png,28,0.0,144.0,boundary_edge,84,0.3680718521444375,0.25882354378700256,0.19607843458652496
gated_t0.95_d2_s400,vse2-A_Vacancy-Anion-06A.png,28,321.0,8.0,boundary_edge,84,0.3680718521444375,0.15452301502227783,0.15294118225574493
gated_t0.95_d2_s400,vse2-A_Vacancy-Anion-06A.png,28,213.0,74.0,borderline_shifted,84,0.3680718521444375,0.22745098173618317,0.2235294133424759
gated_t0.95_d2_s400,tase2-A_Vacancy-Anion-12B.png,28,252.0,266.0,borderline_shifted,121,0.015954342198164273,0.23529411852359772,0.250980406999588
gated_t0.95_d2_s400,tase2-A_Vacancy-Anion-12B.png,28,252.0,569.0,borderline_shifted,121,0.015954342198164273,0.22745098173618317,0.24705882370471954
gated_t0.95_d2_s400,nbs2_Anti-Metal.png,28,55.0,436.0,invented_undamaged,106,0.1717925086033081,0.36878249049186707,0.01568627543747425
gated_t0.95_d2_s400,nbse2_Cu_doped.png,28,130.0,600.0,boundary_edge,145,0.942646022239591,0.22745098173618317,0.16862745583057404
gated_t0.95_d2_s400,nbse2_Cu_doped.png,28,3.0,232.0,boundary_edge,145,0.942646022239591,0.3132946789264679,0.3294117748737335
gated_t0.95_d2_s400,nbse2_Cu_doped.png,28,316.0,257.0,borderline_shifted,145,0.942646022239591,0.1764705926179886,0.07058823853731155
gated_t0.95_d2_s400,nbte2_Vacancy-Anion-12A.png,28,360.0,289.0,invented_damaged,170,0.4029216814931101,0.8945953249931335,0.10980392247438431
gated_t0.95_d2_s400,nbte2_Vacancy-Anion-12A.png,28,487.0,313.0,invented_damaged,170,0.4029216814931101,0.6799982786178589,0.0941176488995552
gated_t0.95_d2_s400,nbte2_Vacancy-Anion-12A.png,28,400.0,155.0,boundary_edge,170,0.4029216814931101,0.6654946804046631,0.13725490868091583
gated_t0.95_d2_s400,nbte2_Vacancy-Anion-12A.png,28,390.0,145.0,borderline_shifted,170,0.4029216814931101,0.5749742984771729,0.23529411852359772
gated_t0.95_d2_s400,nbte2_Vacancy-Anion-12A.png,28,381.0,159.0,borderline_shifted,170,0.4029216814931101,0.5199348330497742,0.23137255012989044
gated_t0.95_d2_s400,nbte2_Vacancy-Anion-12A.png,28,429.0,432.0,borderline_shifted,170,0.4029216814931101,0.5698427557945251,0.32156863808631897
gated_t0.95_d2_s400,nbte2_Vacancy-Anion-12A.png,28,338.0,163.0,borderline_shifted,170,0.4029216814931101,0.4353214502334595,0.3764705955982208
gated_t0.95_d2_s400,nbte2_Vacancy-Anion-12A.png,28,435.0,431.0,borderline_shifted,170,0.4029216814931101,0.5716192722320557,0.3843137323856354
gated_t0.95_d2_s400,nbte2_Vacancy-Anion-12A.png,28,348.0,170.0,borderline_shifted,170,0.4029216814931101,0.5207103490829468,0.47058823704719543
gated_t0.95_d2_s400,tise2_Adatom-Li.png,28,496.0,233.0,borderline_shifted,157,0.7974295328692533,0.4725166857242584,0.3960784375667572
gated_t0.95_d2_s400,tise2_Adatom-Li.png,28,417.0,352.0,borderline_shifted,157,0.7974295328692533,0.39698168635368347,0.47058823704719543
gated_t0.95_d2_s400,tise2_Adatom-Li.png,28,405.0,356.0,borderline_shifted,157,0.7974295328692533,0.4208463132381439,0.34117648005485535
gated_t0.95_d2_s400,tise2_Adatom-Li.png,28,393.0,399.0,borderline_shifted,157,0.7974295328692533,0.3536186218261719,0.2823529541492462
gated_t0.95_d2_s400,tise2_Adatom-Li.png,28,394.0,392.0,borderline_shifted,157,0.7974295328692533,0.365458607673645,0.3019607961177826
gated_t0.95_d2_s400,tite2-B_Cu_doped.png,28,549.0,97.0,borderline_shifted,72,0.737464024050866,0.5065513253211975,0.4470588266849518
gated_t0.95_d2_s400,tite2-B_Cu_doped.png,28,383.0,97.0,borderline_shifted,72,0.737464024050866,0.4677264988422394,0.5647059082984924
gated_t0.95_d2_s400,tite2-B_Cu_doped.png,28,174.0,94.0,borderline_shifted,72,0.737464024050866,0.35871684551239014,0.34117648005485535
gated_t0.95_d2_s400,tite2-B_Cu_doped.png,28,449.0,104.0,borderline_shifted,72,0.737464024050866,0.40466606616973877,0.38823530077934265
gated_t0.95_d2_s400,tite2-B_Cu_doped.png,28,541.0,118.0,borderline_shifted,72,0.737464024050866,0.25434747338294983,0.239215686917305
gated_t0.95_d2_s400,tite2-B_Cu_doped.png,28,453.0,94.0,borderline_shifted,72,0.737464024050866,0.3262976408004761,0.3294117748737335
gated_t0.95_d2_s400,tite2-B_Cu_doped.png,28,174.0,89.0,borderline_shifted,72,0.737464024050866,0.23582401871681213,0.21568627655506134
gated_t0.95_d2_s400,tite2-B_Cu_doped.png,28,378.0,87.0,borderline_shifted,72,0.737464024050866,0.256478488445282,0.27450981736183167
gated_t0.95_d2_s400,tite2-B_Cu_doped.png,28,449.0,119.0,borderline_shifted,72,0.737464024050866,0.2935253977775574,0.2823529541492462
gated_t0.95_d2_s400,tite2-B_Cu_doped.png,28,48.0,403.0,borderline_shifted,72,0.737464024050866,0.1764705926179886,0.10196078568696976
gated_t0.95_d2_s400,tite2-B_Cu_doped.png,28,0.0,0.0,boundary_edge,72,0.737464024050866,0.14509804546833038,0.10980392247438431
gated_t0.95_d2_s400,tite2-B_Cu_doped.png,28,373.0,126.0,borderline_shifted,72,0.737464024050866,0.29319751262664795,0.38823530077934265
gated_t0.95_d2_s400,tite2-B_Cu_doped.png,28,95.0,485.0,borderline_shifted,72,0.737464024050866,0.1725490242242813,0.12156862765550613
gated_t0.95_d2_s400,tite2-B_Cu_doped.png,28,655.0,486.0,borderline_shifted,72,0.737464024050866,0.1725490242242813,0.11764705926179886
gated_t0.95_d2_s400,tite2-B_Cu_doped.png,28,541.0,125.0,borderline_shifted,72,0.737464024050866,0.14784079790115356,0.13725490868091583
gated_t0.95_d2_s400,tite2-B_Cu_doped.png,28,441.0,105.0,borderline_shifted,72,0.737464024050866,0.18168486654758453,0.1411764770746231
gated_t0.95_d2_s400,tite2-B_Cu_doped.png,28,702.0,405.0,borderline_shifted,72,0.737464024050866,0.1725490242242813,0.12156862765550613
gated_t0.95_d2_s400,vs2_Vacancy-Anion-06A.png,28,372.0,109.0,boundary_edge,158,0.7803473442624806,0.41193848848342896,0.1411764770746231
gated_t0.95_d2_s400,vs2_Vacancy-Anion-06A.png,28,365.0,117.0,borderline_shifted,158,0.7803473442624806,0.43197739124298096,0.2078431397676468
gated_t0.95_d2_s400,vs2_Vacancy-Anion-06A.png,28,359.0,120.0,borderline_shifted,158,0.7803473442624806,0.42706406116485596,0.2549019753932953
gated_t0.95_d2_s400,vs2_Vacancy-Anion-06A.png,28,367.0,449.0,boundary_edge,158,0.7803473442624806,0.5366079807281494,0.5215686559677124
gated_t0.95_d2_s400,vte2_Defect-Free.png,28,250.0,337.0,borderline_shifted,119,0.15707037232756227,0.5345611572265625,0.4313725531101227
gated_t0.95_d2_s400,vte2_Defect-Free.png,28,196.0,318.0,borderline_shifted,119,0.15707037232756227,0.4267370402812958,0.3843137323856354
gated_t0.95_d2_s400,vte2_Defect-Free.png,28,211.0,308.0,borderline_shifted,119,0.15707037232756227,0.40128862857818604,0.35686275362968445
gated_t0.95_d2_s400,vte2_Defect-Free.png,28,340.0,384.0,borderline_shifted,119,0.15707037232756227,0.4601729214191437,0.3960784375667572
gated_t0.95_d2_s400,vte2_Defect-Free.png,28,328.0,384.0,borderline_shifted,119,0.15707037232756227,0.40726590156555176,0.3607843220233917
gated_t0.95_d2_s400,vte2_Defect-Free.png,28,310.0,362.0,borderline_shifted,119,0.15707037232756227,0.41699767112731934,0.3294117748737335
gated_t0.95_d2_s400,vte2_Defect-Free.png,28,242.0,331.0,borderline_shifted,119,0.15707037232756227,0.47780856490135193,0.3764705955982208
gated_t0.95_d2_s400,vte2_Defect-Free.png,28,261.0,342.0,borderline_shifted,119,0.15707037232756227,0.47968199849128723,0.3490196168422699
gated_t0.95_d2_s400,vte2_Defect-Free.png,28,105.0,428.0,borderline_shifted,119,0.15707037232756227,0.28190481662750244,0.29019609093666077
gated_t0.95_d2_s400,vte2_Defect-Free.png,28,315.0,371.0,borderline_shifted,119,0.15707037232756227,0.42487117648124695,0.3529411852359772
gated_t0.95_d2_s400,vte2_Defect-Free.png,28,305.0,352.0,borderline_shifted,119,0.15707037232756227,0.35822731256484985,0.29019609093666077
gated_t0.95_d2_s400,vte2_Defect-Free.png,28,322.0,380.0,borderline_shifted,119,0.15707037232756227,0.40922290086746216,0.34117648005485535
gated_t0.95_d2_s400,vte2_Defect-Free.png,28,236.0,323.0,borderline_shifted,119,0.15707037232756227,0.4014025330543518,0.3294117748737335
gated_t0.95_d2_s400,vte2_Defect-Free.png,28,278.0,343.0,borderline_shifted,119,0.15707037232756227,0.44434234499931335,0.30980393290519714
gated_t0.95_d2_s400,vte2_Defect-Free.png,28,114.0,404.0,borderline_shifted,119,0.15707037232756227,0.2985771894454956,0.27843138575553894
gated_t0.95_d2_s400,vte2_Defect-Free.png,28,297.0,345.0,borderline_shifted,119,0.15707037232756227,0.3699844181537628,0.2823529541492462
gated_t0.95_d2_s400,vte2_Defect-Free.png,28,284.0,341.0,borderline_shifted,119,0.15707037232756227,0.38759732246398926,0.2823529541492462
gated_t0.95_d2_s400,vte2_Defect-Free.png,28,288.0,342.0,borderline_shifted,119,0.15707037232756227,0.38171112537384033,0.2823529541492462
gated_t0.95_d2_s400,vte2_Defect-Free.png,28,168.0,387.0,borderline_shifted,119,0.15707037232756227,0.2702464461326599,0.23137255012989044
gated_t0.95_d2_s400,vte2_Defect-Free.png,28,232.0,318.0,borderline_shifted,119,0.15707037232756227,0.35437411069869995,0.25882354378700256
gated_t0.95_d2_s400,vte2_Defect-Free.png,28,304.0,357.0,borderline_shifted,119,0.15707037232756227,0.4443195164203644,0.3686274588108063
gated_t0.95_d2_s400,vte2_Defect-Free.png,28,184.0,390.0,borderline_shifted,119,0.15707037232756227,0.2839529514312744,0.24705882370471954
gated_t0.95_d2_s400,vte2_Defect-Free.png,28,180.0,343.0,borderline_shifted,119,0.15707037232756227,0.31635716557502747,0.34117648005485535
gated_t0.95_d2_s400,vte2_Defect-Free.png,28,360.0,377.0,borderline_shifted,119,0.15707037232756227,0.24969050288200378,0.21176470816135406
gated_t0.95_d2_s400,vte2_Defect-Free.png,28,357.0,380.0,borderline_shifted,119,0.15707037232756227,0.2673261761665344,0.23137255012989044
gated_t0.95_d2_s400,ws2-A_Vacancy-Metal.png,28,182.0,381.0,borderline_shifted,59,0.15548711123245285,0.22170007228851318,0.24705882370471954
gated_t0.95_d2_s400,ws2-A_Vacancy-Metal.png,28,43.0,457.0,borderline_shifted,59,0.15548711123245285,0.20973312854766846,0.21960784494876862
gated_t0.95_d2_s400,ws2-A_Vacancy-Metal.png,28,224.0,420.0,borderline_shifted,59,0.15548711123245285,0.3338075280189514,0.3490196168422699
gated_t0.95_d2_s400,ws2-A_Vacancy-Metal.png,28,150.0,352.0,borderline_shifted,59,0.15548711123245285,0.2959020137786865,0.1725490242242813
gated_t0.95_d2_s400,ws2-A_Vacancy-Metal.png,28,252.0,499.0,borderline_shifted,59,0.15548711123245285,0.2078431397676468,0.22745098173618317
gated_t0.95_d2_s400,ws2-A_Vacancy-Metal.png,28,224.0,509.0,borderline_shifted,59,0.15548711123245285,0.24618348479270935,0.27450981736183167
gated_t0.95_d2_s400,cose2_Fe_doped.png,28,144.0,49.0,boundary_edge,96,0.14149323198243974,0.25737255811691284,0.07058823853731155
gated_t0.95_d2_s400,cose2_Fe_doped.png,28,169.0,0.0,boundary_edge,96,0.14149323198243974,0.05098039284348488,0.04313725605607033
gated_t0.95_d2_s400,cose2_Fe_doped.png,28,0.0,218.0,boundary_edge,96,0.14149323198243974,0.25471800565719604,0.062745101749897
gated_t0.95_d2_s400,cro2_Vacancy-Anion-03.png,28,329.0,222.0,borderline_shifted,80,0.7167390725390326,0.4106486439704895,0.3333333432674408
gated_t0.95_d2_s400,cro2_Vacancy-Anion-03.png,28,367.0,61.0,borderline_shifted,80,0.7167390725390326,0.40930554270744324,0.24705882370471954
gated_t0.95_d2_s400,cro2_Vacancy-Anion-03.png,28,365.0,290.0,borderline_shifted,80,0.7167390725390326,0.41836556792259216,0.2666666805744171
gated_t0.95_d2_s400,cro2_Vacancy-Anion-03.png,28,140.0,420.0,borderline_shifted,80,0.7167390725390326,0.37657758593559265,0.239215686917305
gated_t0.95_d2_s400,cro2_Vacancy-Anion-03.png,28,390.0,280.0,borderline_shifted,80,0.7167390725390326,0.4197148382663727,0.30588236451148987
gated_t0.95_d2_s400,cro2_Vacancy-Anion-03.png,28,163.0,414.0,borderline_shifted,80,0.7167390725390326,0.4273940324783325,0.27450981736183167
gated_t0.95_d2_s400,cro2_Vacancy-Anion-03.png,28,155.0,184.0,borderline_shifted,80,0.7167390725390326,0.3959583640098572,0.2705882489681244
gated_t0.95_d2_s400,cro2_Vacancy-Anion-03.png,28,339.0,221.0,borderline_shifted,80,0.7167390725390326,0.4263726472854614,0.30980393290519714
gated_t0.95_d2_s400,cro2_Vacancy-Anion-03.png,28,364.0,72.0,borderline_shifted,80,0.7167390725390326,0.4001385569572449,0.29019609093666077
gated_t0.95_d2_s400,cro2_Vacancy-Anion-03.png,28,365.0,297.0,borderline_shifted,80,0.7167390725390326,0.4179053008556366,0.2862745225429535
gated_t0.95_d2_s400,cro2_Vacancy-Anion-03.png,28,386.0,51.0,borderline_shifted,80,0.7167390725390326,0.39252862334251404,0.2980392277240753
gated_t0.95_d2_s400,cro2_Vacancy-Anion-03.png,28,278.0,12.0,boundary_edge,80,0.7167390725390326,0.37759897112846375,0.4000000059604645
gated_t0.95_d2_s400,vo2_Vacancy-Anion-03.png,36,411.0,0.0,boundary_edge,100,0.9097402597402597,0.8017256855964661,0.1411764770746231
gated_t0.95_d2_s400,vo2_Vacancy-Anion-03.png,36,134.0,0.0,boundary_edge,100,0.9097402597402597,0.7769997119903564,0.12156862765550613
gated_t0.95_d2_s400,vo2_Vacancy-Anion-03.png,36,282.0,241.0,borderline_shifted,100,0.9097402597402597,0.6679807901382446,0.07450980693101883
gated_t0.95_d2_s400,vo2_Vacancy-Anion-03.png,36,287.0,246.0,borderline_shifted,100,0.9097402597402597,0.5905834436416626,0.21176470816135406
gated_t0.95_d2_s400,vo2_Vacancy-Anion-03.png,36,537.0,78.0,boundary_edge,100,0.9097402597402597,0.5009153485298157,0.46666666865348816
gated_t0.95_d2_s400,vo2_Vacancy-Anion-03.png,36,425.0,6.0,boundary_edge,100,0.9097402597402597,0.5299028158187866,0.1882352977991104
gated_t0.95_d2_s400,vo2_Vacancy-Anion-03.png,36,498.0,205.0,borderline_shifted,100,0.9097402597402597,0.3609166145324707,0.364705890417099
gated_t0.95_d2_s400,vo2_Vacancy-Anion-03.png,36,68.0,79.0,invented_damaged,100,0.9097402597402597,0.5022443532943726,0.5137255191802979
gated_t0.95_d2_s400,vo2_Vacancy-Anion-03.png,36,516.0,139.0,boundary_edge,100,0.9097402597402597,0.545128345489502,0.49803921580314636
gated_t0.95_d2_s400,vo2_Vacancy-Anion-03.png,36,342.0,80.0,invented_damaged,100,0.9097402597402597,0.5048863887786865,0.45490196347236633
gated_t0.95_d2_s400,vo2_Vacancy-Anion-03.png,36,34.0,137.0,invented_damaged,100,0.9097402597402597,0.5374969840049744,0.43529412150382996
gated_t0.95_d2_s400,vo2_Vacancy-Anion-03.png,36,241.0,139.0,boundary_edge,100,0.9097402597402597,0.5371304154396057,0.5254902243614197
gated_t0.95_d2_s400,vo2_Vacancy-Anion-03.png,36,172.0,258.0,boundary_edge,100,0.9097402597402597,0.5182321071624756,0.5215686559677124
gated_t0.95_d2_s400,vo2_Vacancy-Anion-03.png,36,412.0,79.0,invented_damaged,100,0.9097402597402597,0.47941696643829346,0.48627451062202454
gated_t0.95_d2_s400,vo2_Vacancy-Anion-03.png,36,205.0,80.0,invented_damaged,100,0.9097402597402597,0.5149600505828857,0.49803921580314636
gated_t0.95_d2_s400,vo2_Vacancy-Anion-03.png,36,136.0,79.0,invented_damaged,100,0.9097402597402597,0.4696338176727295,0.5137255191802979
gated_t0.95_d2_s400,vo2_Vacancy-Anion-03.png,36,310.0,20.0,invented_damaged,100,0.9097402597402597,0.5127857327461243,0.49803921580314636
gated_t0.95_d2_s400,vo2_Vacancy-Anion-03.png,36,379.0,260.0,invented_damaged,100,0.9097402597402597,0.5160320997238159,0.5137255191802979
gated_t0.95_d2_s400,vo2_Vacancy-Anion-03.png,36,34.0,20.0,boundary_edge,100,0.9097402597402597,0.5157372951507568,0.46666666865348816
gated_t0.95_d2_s400,vo2_Vacancy-Anion-03.png,36,414.0,199.0,invented_damaged,100,0.9097402597402597,0.509427011013031,0.2549019753932953
gated_t0.95_d2_s400,vo2_Vacancy-Anion-03.png,36,447.0,139.0,invented_damaged,100,0.9097402597402597,0.5015838742256165,0.48235294222831726
gated_t0.95_d2_s400,vo2_Vacancy-Anion-03.png,36,139.0,199.0,invented_damaged,100,0.9097402597402597,0.5061659216880798,0.2549019753932953
gated_t0.95_d2_s400,vo2_Vacancy-Anion-03.png,36,492.0,210.0,borderline_shifted,100,0.9097402597402597,0.40602415800094604,0.3764705955982208
gated_t0.95_d2_s400,vo2_Vacancy-Anion-03.png,36,516.0,20.0,boundary_edge,100,0.9097402597402597,0.5064032673835754,0.45490196347236633
gated_t0.95_d2_s400,vo2_Vacancy-Anion-03.png,36,172.0,139.0,invented_damaged,100,0.9097402597402597,0.5022443532943726,0.5137255191802979
gated_t0.95_d2_s400,vo2_Vacancy-Anion-03.png,36,480.0,80.0,invented_damaged,100,0.9097402597402597,0.5016478300094604,0.5411764979362488
gated_t0.95_d2_s400,vo2_Vacancy-Anion-03.png,36,433.0,5.0,boundary_edge,100,0.9097402597402597,0.4224124252796173,0.27450981736183167
gated_t0.95_d2_s400,vo2_Vacancy-Anion-03.png,36,69.0,318.0,boundary_edge,100,0.9097402597402597,0.5030326843261719,0.5176470875740051
gated_t0.95_d2_s400,vo2_Vacancy-Anion-03.png,36,481.0,318.0,boundary_edge,100,0.9097402597402597,0.5121667385101318,0.5254902243614197
gated_t0.95_d2_s400,vo2_Vacancy-Anion-03.png,36,104.0,377.0,boundary_edge,100,0.9097402597402597,0.5065731406211853,0.48627451062202454
gated_t0.95_d2_s400,vo2_Vacancy-Anion-03.png,36,206.0,317.0,boundary_edge,100,0.9097402597402597,0.5067617893218994,0.501960813999176
gated_t0.95_d2_s400,vo2_Vacancy-Anion-03.png,36,549.0,318.0,boundary_edge,100,0.9097402597402597,0.47885411977767944,0.45098039507865906
gated_t0.95_d2_s400,vo2_Vacancy-Anion-03.png,36,171.0,376.0,invented_damaged,100,0.9097402597402597,0.506161630153656,0.501960813999176
gated_t0.95_d2_s400,mos2-A_Adatom-Li.png,36,109.0,481.0,borderline_shifted,84,0.4344463404901986,0.4806134104728699,0.37254902720451355
gated_t0.95_d2_s400,mos2-A_Adatom-Li.png,36,130.0,552.0,boundary_edge,84,0.4344463404901986,0.29480430483818054,0.062745101749897
gated_t0.95_d2_s400,mos2-A_Adatom-Li.png,36,93.0,463.0,borderline_shifted,84,0.4344463404901986,0.3205462694168091,0.3137255012989044
gated_t0.95_d2_s400,mos2-A_Adatom-Li.png,36,107.0,490.0,borderline_shifted,84,0.4344463404901986,0.26494237780570984,0.19607843458652496
gated_t0.95_d2_s400,mos2-A_Adatom-Li.png,36,251.0,279.0,borderline_shifted,84,0.4344463404901986,0.40158694982528687,0.32549020648002625
gated_t0.95_d2_s400,mos2-A_Adatom-Li.png,36,369.0,429.0,borderline_shifted,84,0.4344463404901986,0.2676585018634796,0.25882354378700256
gated_t0.95_d2_s400,mos2-A_Adatom-Li.png,36,266.0,272.0,borderline_shifted,84,0.4344463404901986,0.4097314476966858,0.43921568989753723
gated_t0.95_d2_s400,mos2-A_Adatom-Li.png,36,141.0,512.0,invented_damaged,84,0.4344463404901986,0.2609178423881531,0.22745098173618317
gated_t0.95_d2_s400,mos2-A_Adatom-Li.png,36,304.0,387.0,invented_damaged,84,0.4344463404901986,0.26172274351119995,0.26274511218070984
gated_t0.95_d2_s400,mos2-A_Adatom-Li.png,36,162.0,88.0,boundary_edge,84,0.4344463404901986,0.2980392277240753,0.2705882489681244
gated_t0.95_d2_s400,mos2-A_Adatom-Li.png,36,367.0,290.0,boundary_edge,84,0.4344463404901986,0.27450981736183167,0.2823529541492462
gated_t0.95_d2_s400,mos2-A_Adatom-Li.png,36,91.0,290.0,boundary_edge,84,0.4344463404901986,0.27450981736183167,0.2823529541492462
gated_t0.95_d2_s400,mos2-A_Adatom-Li.png,36,439.0,88.0,boundary_edge,84,0.4344463404901986,0.32156863808631897,0.29411765933036804
gated_t0.95_d2_s400,mose2-A_Doped-Na.png,36,289.0,125.0,borderline_shifted,105,0.17656102671555787,0.24358247220516205,0.22745098173618317
gated_t0.95_d2_s400,mose2-A_Doped-Na.png,36,525.0,0.0,boundary_edge,105,0.17656102671555787,0.16078431904315948,0.1725490242242813
gated_t0.95_d2_s400,mose2-A_Doped-Na.png,36,497.0,276.0,borderline_shifted,105,0.17656102671555787,0.18832656741142273,0.1725490242242813
gated_t0.95_d2_s400,mote2-A_Anti-2M.png,36,6.0,604.0,boundary_edge,189,0.23815861138080466,0.49803921580314636,0.5215686559677124
gated_t0.95_d2_s400,tate2-A_Fe_doped.png,36,321.0,598.0,invented_damaged,122,0.34993243243243244,0.5207957625389099,0.20392157137393951
gated_t0.95_d2_s400,tate2-A_Fe_doped.png,36,321.0,279.0,invented_damaged,122,0.34993243243243244,0.5168741941452026,0.21176470816135406
gated_t0.95_d2_s400,tate2-A_Fe_doped.png,36,267.0,615.0,borderline_shifted,122,0.34993243243243244,0.4201754331588745,0.4274509847164154
gated_t0.95_d2_s400,tate2-A_Fe_doped.png,36,332.0,308.0,borderline_shifted,122,0.34993243243243244,0.2993472218513489,0.4000000059604645
gated_t0.95_d2_s400,tate2-A_Fe_doped.png,36,261.0,296.0,borderline_shifted,122,0.34993243243243244,0.3820367157459259,0.3686274588108063
gated_t0.95_d2_s400,tate2-A_Fe_doped.png,36,268.0,299.0,borderline_shifted,122,0.34993243243243244,0.31874731183052063,0.32549020648002625
gated_t0.95_d2_s400,tate2-A_Fe_doped.png,36,260.0,614.0,borderline_shifted,122,0.34993243243243244,0.3879219889640808,0.3764705955982208
gated_t0.95_d2_s400,tate2-A_Fe_doped.png,36,253.0,292.0,borderline_shifted,122,0.34993243243243244,0.316789448261261,0.2823529541492462
gated_t0.95_d2_s400,tate2-A_Fe_doped.png,36,253.0,609.0,borderline_shifted,122,0.34993243243243244,0.33707621693611145,0.3294117748737335
gated_t0.95_d2_s400,vse2-A_Vacancy-Anion-06A.png,36,575.0,93.0,borderline_shifted,84,0.6393839179452228,0.6199537515640259,0.6196078658103943
gated_t0.95_d2_s400,vse2-A_Vacancy-Anion-06A.png,36,240.0,94.0,borderline_shifted,84,0.6393839179452228,0.6026594638824463,0.6274510025978088
gated_t0.95_d2_s400,vse2-A_Vacancy-Anion-06A.png,36,476.0,32.0,borderline_shifted,84,0.6393839179452228,0.45021018385887146,0.3607843220233917
gated_t0.95_d2_s400,vse2-A_Vacancy-Anion-06A.png,36,460.0,40.0,borderline_shifted,84,0.6393839179452228,0.4448610842227936,0.3960784375667572
gated_t0.95_d2_s400,vse2-A_Vacancy-Anion-06A.png,36,125.0,40.0,borderline_shifted,84,0.6393839179452228,0.43166884779930115,0.4000000059604645
gated_t0.95_d2_s400,vse2-A_Vacancy-Anion-06A.png,36,132.0,39.0,borderline_shifted,84,0.6393839179452228,0.45698678493499756,0.40392157435417175
gated_t0.95_d2_s400,vse2-A_Vacancy-Anion-06A.png,36,109.0,20.0,borderline_shifted,84,0.6393839179452228,0.31915730237960815,0.3607843220233917
gated_t0.95_d2_s400,vse2-A_Vacancy-Anion-06A.png,36,468.0,39.0,borderline_shifted,84,0.6393839179452228,0.4516376852989197,0.38823530077934265
gated_t0.95_d2_s400,vse2-A_Vacancy-Anion-06A.png,36,373.0,184.0,borderline_shifted,84,0.6393839179452228,0.49585801362991333,0.45098039507865906
gated_t0.95_d2_s400,vse2-A_Vacancy-Anion-06A.png,36,50.0,40.0,borderline_shifted,84,0.6393839179452228,0.4461081027984619,0.34117648005485535
gated_t0.95_d2_s400,vse2-A_Vacancy-Anion-06A.png,36,47.0,43.0,borderline_shifted,84,0.6393839179452228,0.40349581837654114,0.2980392277240753
gated_t0.95_d2_s400,vse2-A_Vacancy-Anion-06A.png,36,445.0,32.0,borderline_shifted,84,0.6393839179452228,0.3445655107498169,0.3450980484485626
gated_t0.95_d2_s400,vse2-A_Vacancy-Anion-06A.png,36,143.0,35.0,borderline_shifted,84,0.6393839179452228,0.324596643447876,0.2666666805744171
gated_t0.95_d2_s400,vse2-A_Vacancy-Anion-06A.png,36,383.0,43.0,borderline_shifted,84,0.6393839179452228,0.34322822093963623,0.27843138575553894
gated_t0.95_d2_s400,vse2-A_Vacancy-Anion-06A.png,36,0.0,262.0,boundary_edge,84,0.6393839179452228,0.31558018922805786,0.29411765933036804
gated_t0.95_d2_s400,vse2-A_Vacancy-Anion-06A.png,36,371.0,154.0,borderline_shifted,84,0.6393839179452228,0.3792443871498108,0.38823530077934265
gated_t0.95_d2_s400,vse2-A_Vacancy-Anion-06A.png,36,186.0,32.0,borderline_shifted,84,0.6393839179452228,0.17606894671916962,0.18039216101169586
gated_t0.95_d2_s400,vse2-A_Vacancy-Anion-06A.png,36,168.0,0.0,boundary_edge,84,0.6393839179452228,0.20000000298023224,0.21568627655506134
gated_t0.95_d2_s400,vse2-A_Vacancy-Anion-06A.png,36,503.0,0.0,boundary_edge,84,0.6393839179452228,0.21176470816135406,0.239215686917305
gated_t0.95_d2_s400,vse2-A_Vacancy-Anion-06A.png,36,64.0,22.0,borderline_shifted,84,0.6393839179452228,0.24417968094348907,0.21568627655506134
gated_t0.95_d2_s400,vse2-A_Vacancy-Anion-06A.png,36,44.0,49.0,borderline_shifted,84,0.6393839179452228,0.25372111797332764,0.1764705926179886
gated_t0.95_d2_s400,vse2-A_Vacancy-Anion-06A.png,36,416.0,261.0,borderline_shifted,84,0.6393839179452228,0.36854618787765503,0.2980392277240753
gated_t0.95_d2_s400,vse2-A_Vacancy-Anion-06A.png,36,80.0,261.0,borderline_shifted,84,0.6393839179452228,0.3511615991592407,0.3137255012989044
gated_t0.95_d2_s400,vse2-A_Vacancy-Anion-06A.png,36,46.0,194.0,borderline_shifted,84,0.6393839179452228,0.22037950158119202,0.1882352977991104
gated_t0.95_d2_s400,vse2-A_Vacancy-Anion-06A.png,36,377.0,192.0,borderline_shifted,84,0.6393839179452228,0.27788227796554565,0.24705882370471954
gated_t0.95_d2_s400,vse2-A_Vacancy-Anion-06A.png,36,260.0,118.0,borderline_shifted,84,0.6393839179452228,0.239716574549675,0.2235294133424759
gated_t0.95_d2_s400,vse2-A_Vacancy-Anion-06A.png,36,345.0,256.0,borderline_shifted,84,0.6393839179452228,0.33947062492370605,0.3921568691730499
gated_t0.95_d2_s400,vse2-A_Vacancy-Anion-06A.png,36,236.0,78.0,borderline_shifted,84,0.6393839179452228,0.2107478231191635,0.21568627655506134
gated_t0.95_d2_s400,vse2-A_Vacancy-Anion-06A.png,36,0.0,8.0,boundary_edge,84,0.6393839179452228,0.21176470816135406,0.18431372940540314
gated_t0.95_d2_s400,vse2-A_Vacancy-Anion-06A.png,36,9.0,258.0,boundary_edge,84,0.6393839179452228,0.32797667384147644,0.33725491166114807
gated_t0.95_d2_s400,vse2-A_Vacancy-Anion-06A.png,36,524.0,41.0,borderline_shifted,84,0.6393839179452228,0.14740779995918274,0.16078431904315948
gated_t0.95_d2_s400,vse2-A_Vacancy-Anion-06A.png,36,571.0,78.0,borderline_shifted,84,0.6393839179452228,0.21743419766426086,0.21960784494876862
gated_t0.95_d2_s400,vse2-A_Vacancy-Anion-06A.png,36,210.0,60.0,borderline_shifted,84,0.6393839179452228,0.1575276106595993,0.16470588743686676
gated_t0.95_d2_s400,vse2-A_Vacancy-Anion-06A.png,36,396.0,104.0,borderline_shifted,84,0.6393839179452228,0.19354376196861267,0.062745101749897
gated_t0.95_d2_s400,vse2-A_Vacancy-Anion-06A.png,36,583.0,0.0,boundary_edge,84,0.6393839179452228,0.21960784494876862,0.19607843458652496
gated_t0.95_d2_s400,vse2-A_Vacancy-Anion-06A.png,36,249.0,0.0,boundary_edge,84,0.6393839179452228,0.21960784494876862,0.1882352977991104
gated_t0.95_d2_s400,vse2-A_Vacancy-Anion-06A.png,36,378.0,221.0,borderline_shifted,84,0.6393839179452228,0.18570062518119812,0.18431372940540314
gated_t0.95_d2_s400,vse2-A_Vacancy-Anion-06A.png,36,41.0,215.0,borderline_shifted,84,0.6393839179452228,0.19372425973415375,0.21960784494876862
gated_t0.95_d2_s400,vse2-A_Vacancy-Anion-06A.png,36,383.0,210.0,borderline_shifted,84,0.6393839179452228,0.15685896575450897,0.16078431904315948
gated_t0.95_d2_s400,tas2-A_Doped-Li.png,36,513.0,334.0,borderline_shifted,68,0.33740201284579985,0.8025528788566589,0.027450980618596077
gated_t0.95_d2_s400,tas2-A_Doped-Li.png,36,513.0,40.0,invented_undamaged,68,0.33740201284579985,0.7253842949867249,0.04313725605607033
gated_t0.95_d2_s400,tase2-A_Vacancy-Anion-12B.png,36,120.0,595.0,boundary_edge,121,0.005267121675688397,0.15294118225574493,0.16470588743686676
gated_t0.95_d2_s400,nbs2_Anti-Metal.png,36,375.0,221.0,borderline_shifted,106,0.43878549429328956,0.3876132369041443,0.34117648005485535
gated_t0.95_d2_s400,nbs2_Anti-Metal.png,36,309.0,9.0,boundary_edge,106,0.43878549429328956,0.3972659707069397,0.40784314274787903
gated_t0.95_d2_s400,nbs2_Anti-Metal.png,36,379.0,212.0,borderline_shifted,106,0.43878549429328956,0.2869025468826294,0.2862745225429535
gated_t0.95_d2_s400,nbs2_Anti-Metal.png,36,452.0,75.0,invented_damaged,106,0.43878549429328956,0.3174816966056824,0.2078431397676468
gated_t0.95_d2_s400,nbs2_Anti-Metal.png,36,574.0,29.0,borderline_shifted,106,0.43878549429328956,0.1724577695131302,0.16078431904315948
gated_t0.95_d2_s400,nbs2_Anti-Metal.png,36,366.0,0.0,boundary_edge,106,0.43878549429328956,0.19607843458652496,0.21960784494876862
gated_t0.95_d2_s400,nbs2_Anti-Metal.png,36,449.0,0.0,boundary_edge,106,0.43878549429328956,0.18039216101169586,0.1725490242242813
gated_t0.95_d2_s400,nbs2_Anti-Metal.png,36,317.0,12.0,boundary_edge,106,0.43878549429328956,0.23089316487312317,0.25882354378700256
gated_t0.95_d2_s400,nbs2_Anti-Metal.png,36,453.0,364.0,boundary_edge,106,0.43878549429328956,0.29019609093666077,0.250980406999588
gated_t0.95_d2_s400,nbs2_Anti-Metal.png,36,493.0,434.0,boundary_edge,106,0.43878549429328956,0.27450981736183167,0.22745098173618317
gated_t0.95_d2_s400,nbs2_Anti-Metal.png,36,494.0,293.0,boundary_edge,106,0.43878549429328956,0.250980406999588,0.22745098173618317
gated_t0.95_d2_s400,nbs2_Anti-Metal.png,36,618.0,0.0,boundary_edge,106,0.43878549429328956,0.18431372940540314,0.12941177189350128
gated_t0.95_d2_s400,nbs2_Anti-Metal.png,36,615.0,364.0,boundary_edge,106,0.43878549429328956,0.2666666805744171,0.2078431397676468
gated_t0.95_d2_s400,nbs2_Anti-Metal.png,36,574.0,293.0,boundary_edge,106,0.43878549429328956,0.2666666805744171,0.21960784494876862
gated_t0.95_d2_s400,nbte2_Vacancy-Anion-12A.png,36,487.0,312.0,boundary_edge,170,0.30871707657421943,0.6188489198684692,0.09803921729326248
gated_t0.95_d2_s400,nbte2_Vacancy-Anion-12A.png,36,280.0,131.0,boundary_edge,170,0.30871707657421943,0.6116670370101929,0.0784313753247261
gated_t0.95_d2_s400,nbte2_Vacancy-Anion-12A.png,36,579.0,156.0,invented_undamaged,170,0.30871707657421943,0.6020496487617493,0.062745101749897
gated_t0.95_d2_s400,nbte2_Vacancy-Anion-12A.png,36,361.0,288.0,invented_damaged,170,0.30871707657421943,0.7618783712387085,0.10588235408067703
gated_t0.95_d2_s400,nbte2_Vacancy-Anion-12A.png,36,401.0,156.0,invented_damaged,170,0.30871707657421943,0.7667492628097534,0.125490203499794
gated_t0.95_d2_s400,nbte2_Vacancy-Anion-12A.png,36,444.0,35.0,invented_undamaged,170,0.30871707657421943,0.39503777027130127,0.07450980693101883
gated_t0.95_d2_s400,nbte2_Vacancy-Anion-12A.png,36,435.0,33.0,invented_undamaged,170,0.30871707657421943,0.3919214606285095,0.08627451211214066
gated_t0.95_d2_s400,nbte2_Vacancy-Anion-12A.png,36,451.0,32.0,invented_undamaged,170,0.30871707657421943,0.3436252474784851,0.08235294371843338
gated_t0.95_d2_s400,nbte2_Vacancy-Anion-12A.png,36,400.0,33.0,borderline_shifted,170,0.30871707657421943,0.40502825379371643,0.3529411852359772
gated_t0.95_d2_s400,nbte2_Vacancy-Anion-12A.png,36,361.0,59.0,borderline_shifted,170,0.30871707657421943,0.4406758248806,0.40392157435417175
gated_t0.95_d2_s400,nbte2_Vacancy-Anion-12A.png,36,376.0,49.0,borderline_shifted,170,0.30871707657421943,0.4536778926849365,0.3960784375667572
gated_t0.95_d2_s400,nbte2_Vacancy-Anion-12A.png,36,430.0,33.0,borderline_shifted,170,0.30871707657421943,0.3595799505710602,0.09803921729326248
gated_t0.95_d2_s400,tis2_Vacancy-Anion-12A.png,36,315.0,280.0,borderline_shifted,118,0.39352938291110645,0.4767552614212036,0.239215686917305
gated_t0.95_d2_s400,tis2_Vacancy-Anion-12A.png,36,313.0,568.0,boundary_edge,118,0.39352938291110645,0.4149013161659241,0.21568627655506134
gated_t0.95_d2_s400,tis2_Vacancy-Anion-12A.png,36,299.0,201.0,borderline_shifted,118,0.39352938291110645,0.37583911418914795,0.4313725531101227
gated_t0.95_d2_s400,tis2_Vacancy-Anion-12A.png,36,330.0,492.0,borderline_shifted,118,0.39352938291110645,0.4025730490684509,0.3921568691730499
gated_t0.95_d2_s400,tis2_Vacancy-Anion-12A.png,36,357.0,279.0,borderline_shifted,118,0.39352938291110645,0.29753753542900085,0.27450981736183167
gated_t0.95_d2_s400,tis2_Vacancy-Anion-12A.png,36,331.0,208.0,borderline_shifted,118,0.39352938291110645,0.4067985415458679,0.4274509847164154
gated_t0.95_d2_s400,tise2_Adatom-Li.png,36,0.0,395.0,boundary_edge,157,0.32370274842610314,0.0117647061124444,0.05882352963089943
gated_t0.95_d2_s400,tise2_Adatom-Li.png,36,33.0,430.0,boundary_edge,157,0.32370274842610314,0.3023545742034912,0.06666667014360428
gated_t0.95_d2_s400,tise2_Adatom-Li.png,36,114.0,478.0,borderline_shifted,157,0.32370274842610314,0.2844674587249756,0.27843138575553894
gated_t0.95_d2_s400,tise2_Adatom-Li.png,36,0.0,228.0,boundary_edge,157,0.32370274842610314,0.35807371139526367,0.054901961237192154
gated_t0.95_d2_s400,tise2_Adatom-Li.png,36,90.0,539.0,borderline_shifted,157,0.32370274842610314,0.2853851914405823,0.3176470696926117
gated_t0.95_d2_s400,tise2_Adatom-Li.png,36,160.0,468.0,borderline_shifted,157,0.32370274842610314,0.3409896194934845,0.3333333432674408
gated_t0.95_d2_s400,tise2_Adatom-Li.png,36,121.0,478.0,borderline_shifted,157,0.32370274842610314,0.2194606065750122,0.2235294133424759
gated_t0.95_d2_s400,tise2_Adatom-Li.png,36,37.0,456.0,borderline_shifted,157,0.32370274842610314,0.22349689900875092,0.09803921729326248
gated_t0.95_d2_s400,tise2_Adatom-Li.png,36,5.0,420.0,boundary_edge,157,0.32370274842610314,0.2187184989452362,0.0470588244497776
gated_t0.95_d2_s400,tise2_Adatom-Li.png,36,94.0,526.0,borderline_shifted,157,0.32370274842610314,0.30534425377845764,0.2980392277240753
gated_t0.95_d2_s400,tise2_Adatom-Li.png,36,20.0,422.0,boundary_edge,157,0.32370274842610314,0.2465207278728485,0.054901961237192154
gated_t0.95_d2_s400,tise2_Adatom-Li.png,36,44.0,449.0,borderline_shifted,157,0.32370274842610314,0.2037743180990219,0.11764705926179886
gated_t0.95_d2_s400,vs2_Vacancy-Anion-06A.png,36,290.0,418.0,invented_damaged,158,0.7356997116312503,0.5963155031204224,0.5686274766921997
gated_t0.95_d2_s400,vs2_Vacancy-Anion-06A.png,36,96.0,19.0,boundary_edge,158,0.7356997116312503,0.3490196168422699,0.3803921639919281
gated_t0.95_d2_s400,vte2_Defect-Free.png,36,375.0,330.0,borderline_shifted,119,0.18411494952932853,0.5272964835166931,0.2862745225429535
gated_t0.95_d2_s400,vte2_Defect-Free.png,36,338.0,385.0,borderline_shifted,119,0.18411494952932853,0.43170374631881714,0.3764705955982208
gated_t0.95_d2_s400,vte2_Defect-Free.png,36,351.0,378.0,borderline_shifted,119,0.18411494952932853,0.44593578577041626,0.3803921639919281
gated_t0.95_d2_s400,vte2_Defect-Free.png,36,130.0,290.0,borderline_shifted,119,0.18411494952932853,0.24926452338695526,0.2666666805744171
gated_t0.95_d2_s400,vte2_Defect-Free.png,36,370.0,340.0,borderline_shifted,119,0.18411494952932853,0.4559707045555115,0.2235294133424759
gated_t0.95_d2_s400,vte2_Defect-Free.png,36,316.0,377.0,borderline_shifted,119,0.18411494952932853,0.3199285864830017,0.30588236451148987
gated_t0.95_d2_s400,vte2_Defect-Free.png,36,326.0,351.0,borderline_shifted,119,0.18411494952932853,0.43925046920776367,0.41960784792900085
gated_t0.95_d2_s400,vte2_Defect-Free.png,36,220.0,237.0,borderline_shifted,119,0.18411494952932853,0.2480308562517166,0.27843138575553894
gated_t0.95_d2_s400,vte2_Defect-Free.png,36,329.0,386.0,borderline_shifted,119,0.18411494952932853,0.34905439615249634,0.2980392277240753
gated_t0.95_d2_s400,vte2_Defect-Free.png,36,344.0,386.0,borderline_shifted,119,0.18411494952932853,0.3797032833099365,0.3019607961177826
gated_t0.95_d2_s400,vte2_Defect-Free.png,36,212.0,242.0,borderline_shifted,119,0.18411494952932853,0.2677145302295685,0.3019607961177826
gated_t0.95_d2_s400,vte2_Defect-Free.png,36,118.0,342.0,borderline_shifted,119,0.18411494952932853,0.30438706278800964,0.34117648005485535
gated_t0.95_d2_s400,vte2_Defect-Free.png,36,312.0,376.0,borderline_shifted,119,0.18411494952932853,0.28732240200042725,0.26274511218070984
gated_t0.95_d2_s400,vte2_Defect-Free.png,36,303.0,360.0,borderline_shifted,119,0.18411494952932853,0.3881392478942871,0.3803921639919281
gated_t0.95_d2_s400,vte2_Defect-Free.png,36,146.0,273.0,borderline_shifted,119,0.18411494952932853,0.2237708568572998,0.23529411852359772
gated_t0.95_d2_s400,vte2_Defect-Free.png,36,113.0,354.0,borderline_shifted,119,0.18411494952932853,0.28216713666915894,0.3450980484485626
gated_t0.95_d2_s400,vte2_Defect-Free.png,36,316.0,350.0,borderline_shifted,119,0.18411494952932853,0.28063708543777466,0.27450981736183167
gated_t0.95_d2_s400,vte2_Defect-Free.png,36,368.0,345.0,borderline_shifted,119,0.18411494952932853,0.3691033720970154,0.1882352977991104
gated_t0.95_d2_s400,vte2_Defect-Free.png,36,312.0,351.0,borderline_shifted,119,0.18411494952932853,0.26422715187072754,0.21960784494876862
gated_t0.95_d2_s400,vte2_Defect-Free.png,36,303.0,367.0,borderline_shifted,119,0.18411494952932853,0.3843623995780945,0.4313725531101227
gated_t0.95_d2_s400,ws2-A_Vacancy-Metal.png,36,414.0,50.0,borderline_shifted,59,0.19601051122790253,0.6170123815536499,0.03529411926865578
gated_t0.95_d2_s400,ws2-A_Vacancy-Metal.png,36,345.0,501.0,invented_undamaged,59,0.19601051122790253,0.6339280009269714,0.03921568766236305
gated_t0.95_d2_s400,ws2-A_Vacancy-Metal.png,36,346.0,354.0,borderline_shifted,59,0.19601051122790253,0.48331478238105774,0.4745098054409027
gated_t0.95_d2_s400,ws2-A_Vacancy-Metal.png,36,356.0,351.0,borderline_shifted,59,0.19601051122790253,0.4522581398487091,0.45098039507865906
gated_t0.95_d2_s400,ws2-A_Vacancy-Metal.png,36,255.0,500.0,borderline_shifted,59,0.19601051122790253,0.219929039478302,0.23529411852359772
gated_t0.95_d2_s400,cose2_Fe_doped.png,36,96.0,391.0,borderline_shifted,96,0.22732053575057926,0.7834612131118774,0.0784313753247261
gated_t0.95_d2_s400,cose2_Fe_doped.png,36,241.0,388.0,borderline_shifted,96,0.22732053575057926,0.8104074001312256,0.0941176488995552
gated_t0.95_d2_s400,cose2_Fe_doped.png,36,293.0,293.0,borderline_shifted,96,0.22732053575057926,0.18435038626194,0.1921568661928177
gated_t0.95_d2_s400,cose2_Fe_doped.png,36,303.0,304.0,borderline_shifted,96,0.22732053575057926,0.1840980350971222,0.1921568661928177
gated_t0.95_d2_s400,cose2_Fe_doped.png,36,0.0,305.0,boundary_edge,96,0.22732053575057926,0.239215686917305,0.21960784494876862
gated_t0.95_d2_s400,cro2_Vacancy-Anion-03.png,36,339.0,235.0,borderline_shifted,80,0.9045449249309231,0.7943387627601624,0.12156862765550613
gated_t0.95_d2_s400,cro2_Vacancy-Anion-03.png,36,394.0,295.0,borderline_shifted,80,0.9045449249309231,0.3717444837093353,0.20000000298023224
gated_t0.95_d2_s400,cro2_Vacancy-Anion-03.png,36,390.0,305.0,borderline_shifted,80,0.9045449249309231,0.4807101786136627,0.2862745225429535
gated_t0.95_d2_s400,cro2_Vacancy-Anion-03.png,36,356.0,228.0,borderline_shifted,80,0.9045449249309231,0.36468058824539185,0.11764705926179886
gated_t0.95_d2_s400,cro2_Vacancy-Anion-03.png,36,373.0,310.0,borderline_shifted,80,0.9045449249309231,0.3316442370414734,0.1882352977991104
gated_t0.95_d2_s400,cro2_Vacancy-Anion-03.png,36,366.0,305.0,borderline_shifted,80,0.9045449249309231,0.38178640604019165,0.24705882370471954
gated_t0.95_d2_s400,cro2_Vacancy-Anion-03.png,36,380.0,297.0,borderline_shifted,80,0.9045449249309231,0.486969530582428,0.18039216101169586
gated_t0.95_d2_s400,cro2_Vacancy-Anion-03.png,36,359.0,237.0,boundary_edge,80,0.9045449249309231,0.3746298551559448,0.13725490868091583
gated_t0.95_d2_s400,cro2_Vacancy-Anion-03.png,36,390.0,236.0,borderline_shifted,80,0.9045449249309231,0.33951684832572937,0.24705882370471954
gated_t0.95_d2_s400,cro2_Vacancy-Anion-03.png,36,152.0,197.0,borderline_shifted,80,0.9045449249309231,0.5306079983711243,0.22745098173618317
gated_t0.95_d2_s400,cro2_Vacancy-Anion-03.png,36,317.0,445.0,boundary_edge,80,0.9045449249309231,0.4182009696960449,0.3294117748737335
gated_t0.95_d2_s400,cro2_Vacancy-Anion-03.png,36,399.0,305.0,borderline_shifted,80,0.9045449249309231,0.40216928720474243,0.2666666805744171
gated_t0.95_d2_s400,cro2_Vacancy-Anion-03.png,36,383.0,67.0,invented_damaged,80,0.9045449249309231,0.4793243408203125,0.21960784494876862
gated_t0.95_d2_s400,cro2_Vacancy-Anion-03.png,36,153.0,424.0,borderline_shifted,80,0.9045449249309231,0.5103135704994202,0.23137255012989044
gated_t0.95_d2_s400,cro2_Vacancy-Anion-03.png,36,151.0,438.0,borderline_shifted,80,0.9045449249309231,0.4257155656814575,0.2666666805744171
