psnr,ssim,kl,fft_err,frac_damaged,psnr_dmg,mae_dmg,psnr_undmg,mae_undmg,col_precision,col_recall,col_rmse,n_cols_target,n_cols_pred,defect_sites,defect_preserved_frac,vacancy_preserved_frac,anom_preserved_frac,vacuum_phantom_frac,seg_precision,seg_recall,psnr_missed_dmg,frac_edited,regime,structure,family,op,level
31.333763617956816,0.9234799016847124,0.0069880777129286715,0.08631064119791475,0.03038748424860778,17.321980855235143,0.07151221543775983,37.49596215689771,0.009775222839010856,1.0,1.0,0.4330127018922193,96,96,3,1.0,1.0,,0.0,0.20984688205974109,0.4892567511077669,14.481238486291275,0.07084823787650908,permissive,cose2_Fe_doped.png,cose2,A,1
28.41109851088992,0.75092547137871,0.024432908495759246,0.9376997711331062,0.6890084556742901,28.137166820887547,0.029046070623267656,29.087607002415446,0.0223051237989315,0.9876543209876543,1.0,1.2698425099200294,80,81,2,1.0,,1.0,,0.7935374751706099,0.9747489083628765,30.206853014661714,0.8463497453310697,permissive,cro2_Vacancy-Anion-03.png,cro2,A,1
32.93995115748483,0.8567233078225627,0.010831247739662283,0.08479373331674722,0.07260857265490869,25.348614312076414,0.03442717735779697,34.95579290972983,0.01331778374659579,0.9935483870967742,0.9935483870967742,0.4413674147523748,155,155,2,1.0,1.0,1.0,0.001619353730647496,0.30138595254874323,0.3447418802270514,24.139977019859646,0.08305369127516779,permissive,crse2_Anti-Anion.png,crse2,A,1
34.307417784797096,0.8720036467545192,0.019659014618450415,0.07700695681663111,0.06939631198391306,31.026129517837738,0.02168564431658692,34.689287450016465,0.014166685308836163,1.0,1.0,0.3812464258315117,172,172,1,1.0,1.0,,,0.18614855805563005,0.4707768187422935,30.349657620748737,0.17550592564069653,permissive,crte2_Vacancy-Metal.png,crte2,A,1
35.06535253577815,0.8733937337701856,0.02557408662916818,0.0228335514121795,0.018112633181126332,21.421030465940696,0.055645908984546064,37.345649278401275,0.010205592668541966,1.0,0.9811320754716981,0.45993310550389993,53,52,1,1.0,,1.0,0.0,0.06069694373036275,0.23809523809523808,20.357966827707777,0.07105022831050228,permissive,cus2_Cu_adatom.png,cus2,A,1
34.000263097398495,0.8652085587027514,0.019572702926491152,0.10940787682189894,0.010068053501398479,32.02448112294659,0.018979723095952524,34.02578321871012,0.012982852446449599,0.9672131147540983,1.0,0.6152487898779873,177,183,15,1.0,1.0,,0.0,0.025423060752575152,0.4761318897637795,31.600446748714,0.18855799411871088,permissive,cuse2_Cu_adatom.png,cuse2,A,1
31.474094450495475,0.7913393118624036,0.043813405064780535,1.043951806198361,0.5485978154823471,30.246403038042367,0.023998952661930695,33.67114832405251,0.016427725443337385,1.0,1.0,0.7622867446578624,74,74,4,1.0,1.0,1.0,,0.6398668428279061,0.9908004786960214,30.781688594390136,0.8494751435927906,permissive,feo2_Int-Anion.png,feo2,A,1
37.45411978393354,0.9337068091663066,0.0038871313477293226,0.020297705305907066,0.009781078588418039,24.139804383992175,0.04694745834862394,38.43409576145367,0.00876550821267235,0.9836065573770492,1.0,0.28867513459481287,60,61,1,1.0,,1.0,0.0,0.0,0.0,24.139804420406396,0.0,tight,fes2_Ni_doped.png,fes2,A,1
30.830446340576522,0.8148615749764448,0.019568042205323096,0.6018576365702017,0.32198452435138825,29.169120524064695,0.024762315616869188,31.91673188944379,0.016327456199435774,0.9797979797979798,1.0,0.7107423155935333,97,99,37,1.0,1.0,,0.0,0.5345656721729846,0.9672745264348318,28.394671610453237,0.5826177110200779,permissive,ges2_Vacancy-Anion-03.png,ges2,A,1
31.786526902497435,0.9382715319037938,0.0076387620094964396,0.020879284826978907,0.03014036061026352,17.789753661645562,0.07461555659092942,37.78914924828851,0.00939081598619444,1.0,0.9921259842519685,0.2672612419124244,127,126,8,1.0,1.0,1.0,0.0,0.043279003585024206,0.08621705198056251,19.835656465207123,0.06004327323162274,permissive,gete2_Defect-Free.png,gete2,A,1
27.933543193518027,0.9080048083880798,0.0025434602911829094,0.15546484973328806,0.04643585004028627,15.645247972950987,0.0777369445110461,34.432481460486066,0.012180690784660811,0.9859154929577465,0.9722222222222222,0.3964124835860459,72,71,0,,,,,0.199603043334436,0.5773794335289615,11.96318449793219,0.13432212427129248,permissive,hfo2_Int-Anion.png,hfo2,A,1
33.86827395007135,0.9003838948932371,0.006020114311782142,0.07198301890430066,0.02418639053254438,21.388149015994642,0.046449467514665756,36.18902863386183,0.01192099112159441,0.9944444444444445,0.9944444444444445,1.8610983721549994,180,180,3,1.0,1.0,1.0,,0.06784311426393856,0.45369716929349957,18.938470836332755,0.16174518282506448,permissive,irte2_Vacancy-Metal.png,irte2,A,1
30.503302604442787,0.7961145971281632,0.04091033543797129,0.9824218400731486,0.5485121107266436,28.91458421207713,0.02782033988549119,33.843821772859044,0.016093494616700697,1.0,1.0,0.4026936331284146,74,74,9,1.0,1.0,1.0,,0.6439756362201617,0.9884367903103709,25.978206571583257,0.8419100346020761,permissive,mno2_Defect-Free.png,mno2,A,1
30.736865909100256,0.8124885525017371,0.030634739099097464,0.7033863069695935,0.3858618784865757,27.92444548976261,0.025082252351443568,34.42575893787911,0.014908259185277528,1.0,0.9905660377358491,0.5773502691896257,106,105,15,1.0,1.0,1.0,0.0,0.5666662034012944,0.9621420087624771,26.01880898976763,0.6551545171453026,permissive,mns2_Int-Anion.png,mns2,A,1
32.859477753134236,0.854383705964108,0.005278106539994068,0.5819475449870641,0.20660330764767654,28.821805434857183,0.02281119393455468,35.07361872125228,0.013581913172129804,1.0,0.99375,0.5718776312789587,160,159,8,1.0,1.0,1.0,0.0,0.2864053523889589,0.9488238775486522,18.596543016318524,0.6844500280512307,permissive,mnse2-B_Vacancy-Anion-03.png,mnse2,A,1
38.358637864663436,0.9449325618356375,0.0033845305853485415,0.02605842055975374,0.008331342570473006,27.823747401167118,0.031444835871900584,38.75213987721969,0.008474171907325042,1.0,1.0,0.21160368475757949,67,67,3,1.0,,1.0,,0.0,0.0,27.82374731737515,0.0,tight,mnte2_Defect-Free.png,mnte2,A,1
33.2960281277244,0.8125148805816845,0.022975670426026384,0.3179581687686201,0.1745861950889585,29.961392548193206,0.02361536981184418,34.512621444541466,0.014700078332217389,1.0,0.9642857142857143,0.4714045207910317,84,81,3,1.0,1.0,1.0,0.0,0.3765535407631633,0.8388147763927836,26.66652283161619,0.38891011328165903,permissive,mos2-A_Adatom-Li.png,mos2,A,1
30.352306365063328,0.8147462736711967,0.010492845561758602,0.3230492963968886,0.16251659040034866,24.12820287878944,0.029382873880390528,34.54759940652222,0.014646641436349072,0.9473684210526315,0.9863013698630136,1.359125535858341,73,76,3,1.0,1.0,,0.0,0.32341784374310306,0.8165529010238908,18.27875826710724,0.4103156208700869,permissive,mos2-A_Vacancy-Metal.png,mos2,A,1
33.612129807784314,0.8745898489529771,0.00814449985442739,0.1266955582577278,0.08766136637539282,27.10244311115347,0.03078497484414991,35.377822269203186,0.012988603953861927,1.0,0.9834710743801653,0.5724780279075999,121,119,29,1.0,1.0,1.0,0.0,0.269317093198303,0.6395930837233489,23.995095285020174,0.20818434870807181,permissive,mos2-B_Adatom-K.png,mos2,A,1
28.86130232143057,0.8576155372846469,0.015647401931252754,0.37630324055973785,0.27793621985999484,26.50136746441859,0.0319605526821839,30.275035036613467,0.016889511809374202,0.9629629629629629,1.0,0.6679474875720741,130,135,28,1.0,1.0,1.0,0.0,0.45053521408563424,0.9233126947679187,18.09727913372929,0.5695937456373028,permissive,mos2-B_Anti-Anion.png,mos2,A,1
39.665623972776665,0.9453034820889356,0.00510170677474244,0.02987393364142894,0.006990570979570456,32.53849868871745,0.01942806809850291,39.79473231868715,0.0074876071450430525,1.0,1.0,0.3236694374850748,105,105,30,1.0,1.0,,0.0,0.09006920039129017,0.9314349943799176,31.543132954812407,0.07229177579884756,permissive,mose2-A_Doped-Na.png,mose2,A,1
34.41250729802987,0.8832548270783228,0.007929691711915914,0.5635843439382152,0.04906446911569291,25.77611325306103,0.0253014335756845,36.1215896241816,0.012006061432362578,0.9941520467836257,0.9941520467836257,0.4058397249567139,171,171,5,1.0,1.0,,,0.058177892803025225,0.9475810855083543,14.12846624493644,0.7991448411847915,permissive,mose2-B_Adatom-K.png,mose2,A,1
31.274606937304306,0.8308781034818746,0.02450555974811942,0.1733655407105921,0.2108802349007673,27.290062571806622,0.027260635627053765,33.505010276744954,0.016716987075343567,1.0,1.0,0.8684962373468951,175,175,8,1.0,1.0,1.0,0.0,0.38261155394855784,0.5323576492110679,25.260231419869193,0.29341431265806506,permissive,mose2-B_Doped-Na.png,mose2,A,1
34.15843028822649,0.8500652456655303,0.004672752800035246,0.07955788491118912,0.024015174246645805,24.188151251417498,0.03902691832379118,35.2362410221769,0.013663963328002902,0.9894736842105263,1.0,0.7145896010104964,188,190,3,1.0,,1.0,,0.9931740614334471,0.16231593038821954,25.914853390310334,0.003924836040979039,tight,mose2-B_V_adatom.png,mose2,A,1
31.19791259206326,0.8946941475393347,0.08755578494081662,1.2533948739762566,0.2322716616543134,29.085437034496103,0.029149505551445264,32.110577912009866,0.02037220917853497,1.0,0.9894179894179894,0.38695299497594743,189,187,10,1.0,1.0,1.0,0.0,0.2384345357040408,0.9999490243255919,,0.9741031045016458,permissive,mote2-A_Anti-2M.png,mote2,A,1
33.08844593377933,0.8794806744294601,0.012360153339191094,1.1911268594629967,0.4372611238722205,32.09786516010947,0.01962382761355297,34.05250968803801,0.01579448170733271,1.0,1.0,0.3689854126409119,213,213,0,,,,,0.4500202904610239,0.9909288333125734,30.766814584605466,0.9628335977645693,permissive,mote2-A_Ti_doped.png,mote2,A,1
38.319351728784994,0.9487188285353491,0.015763201860761772,0.03161611343276091,0.0187698414521531,31.615342408732545,0.02124288554433626,38.63651337108605,0.008563243116627428,1.0,1.0,0.276172385369497,118,118,24,1.0,1.0,,0.0,0.09464880572684102,0.8171582425651696,30.707138793284294,0.1620509686993196,permissive,mote2-B_V_adatom.png,mote2,A,1
38.02822457949006,0.9346650919142157,0.0006878380232057684,0.024854161356885396,0.0058117364917326325,30.938277374060085,0.02128807177303337,38.134017280448454,0.009383507989278629,1.0,1.0,0.3321819194149599,145,145,30,1.0,1.0,1.0,,0.0,0.0,30.93827721999302,0.06791232317849152,permissive,mote2-B_Vacancy-Anion-06B.png,mote2,A,1
34.078205699244236,0.852099149547868,0.024299739414985096,0.3024437505373976,0.15994559569655847,31.088469972711735,0.02197616112948407,34.985856976329046,0.013901199140128754,1.0,1.0,0.29070094986690553,71,71,6,1.0,,1.0,0.0,0.44357017139307464,0.9005751848808545,29.70861997495795,0.3247356195366465,permissive,nbo2_Defect-Free.png,nbo2,A,1
35.84403299980801,0.8822036083680784,0.014923755082976881,0.19641982590221607,0.046149358075750414,32.22704723299012,0.019116216791599062,36.12612412363612,0.012073781020195502,1.0,0.9905660377358491,0.40237390808147827,106,105,15,1.0,1.0,1.0,0.0,0.1379352484702473,0.8839785186842695,31.15091360958289,0.295755012895281,permissive,nbs2_Anti-Metal.png,nbs2,A,1
32.03473167834162,0.8498238892037516,0.019627374535699738,0.519090947464424,0.2576835996292768,30.625328163799175,0.022679978417599174,32.65495722378733,0.015586634259173143,0.9504132231404959,1.0,0.47548602137364576,115,121,28,1.0,1.0,,,0.4060204444258628,0.9729496864167352,25.198979181128177,0.6174890474014524,permissive,nbs2_Vacancy-Metal.png,nbs2,A,1
34.92157505297507,0.8907264624885197,0.013810841721556564,0.14758345006249868,0.07488479815101631,32.08242189145521,0.01941590284749893,35.258705586286084,0.013538855823453074,1.0,1.0,0.2626128657194451,145,145,40,1.0,1.0,1.0,,0.3431325232795821,0.7739322533136966,31.018820534383124,0.16890197413532682,permissive,nbse2_Cu_doped.png,nbse2,A,1
32.79820027177402,0.892049218483081,0.0013774265910135623,0.21945272476680927,0.05753858842371264,23.691995062137067,0.03328624326004461,35.284658933564884,0.012789219606071048,0.9852941176470589,0.9925925925925926,0.5254706490234013,135,136,31,1.0,1.0,1.0,,0.193412170735421,0.7939497479061628,18.17723945532977,0.2361937596800721,permissive,nbse2_Vacancy-Anion-03.png,nbse2,A,1
28.348493514527036,0.8756986604920693,0.007003629888248317,0.356820329380478,0.054897087039944184,25.445437782030442,0.02582149757049396,28.59533476741187,0.016949692100718037,0.9340659340659341,1.0,1.2271439821557928,170,182,4,0.75,0.6666666666666666,1.0,0.0,0.09926673092811898,0.9161966796409564,15.92307528726173,0.5066806209663353,permissive,nbte2_Vacancy-Anion-12A.png,nbte2,A,1
28.53163206785596,0.8807478334603961,0.014119639505619045,0.40048230486882397,0.19158599337170765,22.286748658568378,0.034932976381057426,34.75150098810451,0.0142370297399993,0.9944444444444445,0.988950276243094,1.4338291117799602,181,180,11,1.0,1.0,1.0,,0.2703501436311538,0.8557739362004803,14.31317110442791,0.6064516832373975,permissive,nbte2_Vacancy-Metal.png,nbte2,A,1
27.359729046129146,0.9002736796115824,0.025528130558361402,0.11545454693981434,0.04766799132947977,14.676645929515239,0.09193233647543093,36.509355765883555,0.011203614540598811,1.0,0.9894736842105263,0.371884218998905,190,188,7,1.0,,1.0,0.0,0.09633437016166153,0.5234377960513851,11.508510803733706,0.2590065028901734,permissive,pbse2_Defect-Free.png,pbse2,A,1
34.6181349712413,0.9059423386415018,0.07938264035926165,0.10375221612994573,0.033934794444823696,25.746800525377353,0.029730871522659397,35.78578191004566,0.012561849603629483,1.0,0.9790575916230366,0.2736170867479365,191,187,8,1.0,,1.0,0.0,0.061679716104320395,0.48353858986310777,23.270761839223614,0.26603207163586656,permissive,pbte2_Vacancy-Metal.png,pbte2,A,1
37.941001012906426,0.9525068426106744,0.009330067660436389,0.09955679208515134,0.005791204621157819,20.103998648787,0.06043825634054414,39.79962769103398,0.007586012810824983,0.9754098360655737,1.0,1.130181810316264,119,122,30,1.0,1.0,,0.0,0.13026819923371646,0.7426283218056061,15.475359818513061,0.03301429354471476,permissive,rete2_Defect-Free.png,rete2,A,1
32.605133714132236,0.7963525614914244,0.02301682601838501,0.2990256746055263,0.214015195520342,30.780236918675328,0.02189202982074064,33.27130661969095,0.01677347578511195,0.9914529914529915,0.9666666666666667,0.44528177828086063,120,117,0,,,,,0.41616139140753927,0.8122172764448304,28.98777160084066,0.41769093148075004,permissive,rus2_Anti-Anion.png,rus2,A,1
35.27389386815579,0.892011905701769,0.010422505707078722,0.190282870273273,0.05796542328744002,29.53233387090566,0.023210583303508017,36.07934577790867,0.012318582685077335,0.9859154929577465,1.0,0.5209880722517277,70,71,1,1.0,,1.0,,0.23445971335015298,0.9084338602329451,31.356422876526103,0.22459190316591518,permissive,sno2_Anti-Metal.png,sno2,A,1
35.01205997805991,0.8667761206139637,0.04038265392589437,0.19277486086408566,0.08251014884979703,29.72850757646354,0.02437663166046787,36.0558537581025,0.01205266217655225,1.0,0.9166666666666666,0.3535533905932738,96,88,4,1.0,1.0,1.0,0.0,0.28890732249801737,0.8121668716687167,25.68091433107975,0.23194984776725305,permissive,sns2_Vacancy-Metal.png,sns2,A,1
29.481386810058467,0.9115148122420966,0.007909311256273949,0.1568007244044995,0.037830869507596294,27.93580955084442,0.02871350800448479,29.554995515400833,0.01383868359951399,1.0,1.0,0.41560470729681676,110,110,29,1.0,1.0,,0.0,0.23535096824999105,0.6979830148619958,27.689099585488837,0.11219543539636069,permissive,snse2_Vacancy-Anion-03.png,snse2,A,1
33.440174443295064,0.8888544114695579,0.014018023323462615,0.1273985572785305,0.04551550144770484,23.325903644440842,0.03439386475521257,35.97295411036618,0.0120820463810484,1.0,1.0,1.2339883600452934,176,176,6,1.0,,1.0,0.0,0.10402710804118337,0.593876715895986,20.16305037038958,0.25984185306219204,permissive,snte2_Fe_doped.png,snte2,A,1
26.334827904622557,0.9049858905210472,0.009825514416431834,0.09445256561785148,0.06500783897233602,14.862428685435882,0.09185061327764141,36.6199894172246,0.010993567369268346,1.0,0.9705882352941176,0.17407765595569785,68,66,7,1.0,1.0,1.0,0.0,0.22762708697793704,0.5213163217675432,11.73844445222229,0.14888231426692966,permissive,tas2-A_Doped-Li.png,tas2,A,1
33.47143014268802,0.9114512521924117,0.0043517169092005484,0.11929981167282382,0.03695975923800068,26.41808438496591,0.03211341195900401,34.209784902089694,0.011151568228842283,0.96875,1.0,0.5287436926083546,93,96,11,1.0,1.0,1.0,0.010665271461343422,0.1330149037153481,0.30779993004547046,25.185132195205227,0.08552583951268447,permissive,tas2-B_Vacancy-Anion-06B.png,tas2,A,1
32.583196273708694,0.9154694612163469,0.00894672782371529,0.20011228548079013,0.029686740508620066,31.6184170253324,0.020071082959200442,32.616375645207725,0.011439804150240868,0.9801980198019802,1.0,0.3481553119113957,99,101,3,1.0,1.0,,0.0,0.13588186628787288,0.7581431806305522,28.81981209684545,0.16563505114124083,permissive,tas2-B_Vacancy-Anion-09B.png,tas2,A,1
31.389880781411982,0.9276916784564173,0.0029567211831599744,0.06862034520787122,0.015205930807248764,13.972091661063448,0.15800021804213027,39.25663805703187,0.008116687006073299,1.0,0.9834710743801653,0.36667939881128453,121,119,9,1.0,1.0,1.0,0.0,0.014301225376143943,0.07135118402724036,13.653480329523608,0.07586490939044481,permissive,tase2-A_Vacancy-Anion-12B.png,tase2,A,1
37.0156895310849,0.9296653171553872,0.008258472765341206,0.04540139968855751,0.014442787477163422,29.359901742401043,0.027194076290683124,37.334425910240434,0.010304008765109614,1.0,1.0,0.28988551782622424,119,119,33,1.0,1.0,,0.0,0.18473794549266248,0.7314077025232404,31.121446424240894,0.05718135480251454,permissive,tase2-B_Defect-Free.png,tase2,A,1
35.02769226111917,0.9073607701096936,0.005647358180100861,0.22699663533112707,0.08067485986372376,32.32627554241348,0.019044616499848132,35.369587577593116,0.013364626894297548,1.0,1.0,0.2626128657194451,145,145,21,1.0,1.0,,,0.223285121219732,0.8983030699277839,31.459331859620697,0.3245647264165871,permissive,tase2-B_Vacancy-Anion-09B.png,tase2,A,1
38.23240898420824,0.9513993321985219,0.00791509156752064,0.022240984248485144,0.006934121621621622,30.694312400309375,0.02231377257934877,38.37647890908259,0.008741590063466963,1.0,1.0,0.30027309973793775,122,122,28,1.0,1.0,1.0,0.0,0.0,0.0,30.69431195921938,0.14688555743243242,permissive,tate2-A_Fe_doped.png,tate2,A,1
33.79566112720283,0.8996797586436235,0.009971816790798546,0.10276627805190812,0.054795747730530336,25.703985411759618,0.03021420987171392,35.44263753146002,0.013027212015650479,1.0,0.9888888888888889,0.2702474937259706,180,178,3,0.6666666666666666,,0.6666666666666666,0.0,0.1516335268930729,0.5031529778123783,23.24615104710702,0.18182419288785748,permissive,tate2-B_Anti-Anion.png,tate2,A,1
35.63897595811293,0.9050679211270971,0.02062482867248957,0.09366518280676978,0.03555644665893113,32.49679976788127,0.018029060375211334,35.81237780197193,0.01249546149509656,1.0,1.0,0.30646802758803676,181,181,2,1.0,,1.0,,0.0930659741387891,0.6169766046790642,31.142898994949697,0.2357198314108252,permissive,tate2-B_Anti-Metal.png,tate2,A,1
31.601684076673706,0.9153896176338273,0.006680803798445729,0.09561109963175801,0.011300423179305167,16.820771085774272,0.07585684268634448,33.355380044774385,0.011309168983721229,0.9761904761904762,1.0,1.1502915855153062,164,168,0,,,,0.0,0.04707745465015836,0.6789354473386183,12.826254889391732,0.16297095761381475,permissive,tate2-B_Vacancy-Anion-12A.png,tate2,A,1
31.26904995741066,0.8182069958618174,0.021873823628402313,0.6094329612470544,0.31453126492509376,27.876856946349214,0.025542004434723462,34.671867789196085,0.014447487024817227,1.0,1.0,0.4871223004474547,118,118,27,1.0,1.0,,0.0,0.4791409166003794,0.9640904837730027,27.482451352069177,0.6328756089438261,permissive,tis2_Vacancy-Anion-12A.png,tis2,A,1
34.137680221274486,0.8460573956051688,0.014031438616567946,0.6185946006557956,0.21428368585598076,31.358674695670864,0.020848824945267526,35.35496063977628,0.013191317731933569,0.9915254237288136,1.0,0.48919959047022854,117,118,28,1.0,1.0,1.0,0.0,0.30713571811310286,0.9736997457923208,27.227032150913608,0.6793347635606982,permissive,tis2_Zr_doped.png,tis2,A,1
32.2041100845447,0.8415844942676264,0.030155142938062703,0.49598403506399324,0.21837645949468895,28.66414575415755,0.02621061189191457,34.08746483216347,0.01543511413273612,1.0,0.9936305732484076,0.4385290096535146,157,156,3,1.0,,1.0,0.0,0.32063179410944903,0.9130683261366522,22.2324779429138,0.6218741622061366,permissive,tise2_Adatom-Li.png,tise2,A,1
29.240031873315626,0.843469272632084,0.08914350114070646,1.3826607634225556,0.5133284336837045,27.327994646680224,0.02993901055736323,33.04296054240056,0.01735696422695321,0.9945945945945946,0.989247311827957,0.5,186,185,6,1.0,,1.0,0.0,0.5237621146205894,0.9995362637263686,31.580911883627248,0.9796248532416267,permissive,tise2_V_doped.png,tise2,A,1
37.39222464807882,0.9335520021847887,0.0009288911937124905,0.019717797458879725,0.015100070555276231,28.170240043889265,0.03084540994040041,37.91219589690325,0.00947357433362791,1.0,1.0,0.23570226039551584,72,72,4,1.0,,1.0,,0.0,0.0,28.170240008657377,0.0,tight,tite2-B_Cu_doped.png,tite2,A,1
33.64892926315037,0.9431479437761741,0.00408776984291654,0.24760147842620647,0.011605411858665989,19.571637342880614,0.0617870877333016,35.12713132556427,0.008798948345784435,0.9846153846153847,1.0,0.6614378277661476,64,65,0,,,,,0.10484646270429226,0.33054020324478517,18.904842264188055,0.03658735922567136,permissive,tite2-B_Vacancy-Anion-06A.png,tite2,A,1
28.54593181316443,0.737812702788608,0.08268933616725622,1.1937705237275587,0.8208365164247517,28.28538573743391,0.028914671531310047,29.992372995556483,0.023114531579177342,0.8032786885245902,0.98,1.7023393268304265,100,122,1,1.0,1.0,,,0.8208365164247517,1.0,,1.0,permissive,vo2_Vacancy-Anion-03.png,vo2,A,1
30.42470246057499,0.7584505969167604,0.026549451256641515,1.3446445315070448,0.5798871994272244,29.17731759412151,0.0268820935373574,33.09478503324973,0.017323364439999607,0.9875,1.0,1.021911834488844,158,160,8,1.0,1.0,,,0.6044532207544601,0.9963789510670382,16.73598411634889,0.9558843921475406,permissive,vs2_Vacancy-Anion-06A.png,vs2,A,1
32.46612673979715,0.7708883492055186,0.024710790255045422,1.0806402243795843,0.4615739443694516,31.47549546150403,0.021020781687401142,33.543188513023,0.016474792948710966,0.9772727272727273,1.0,0.5498414147691576,172,176,17,1.0,1.0,1.0,,0.501756269509796,0.9914043101069863,29.68438320404112,0.9120093274131427,permissive,vs2_Vacancy-Anion-12A.png,vs2,A,1
36.059719432822895,0.9006517832767635,0.013568823104151263,0.11467074450891643,0.04060658162751613,32.226183501038854,0.01900160461721042,36.328408704573306,0.011856395146407735,0.9878048780487805,0.9642857142857143,0.3685138655950444,84,82,0,,,,,0.2813594954449895,0.8168351452730624,30.722053954931784,0.11788791044814652,permissive,vse2-A_Vacancy-Anion-06A.png,vse2,A,1
28.487517122438746,0.8930455306714657,0.003408506635995237,0.20560396685797383,0.044094374352977014,19.46029035045797,0.05229976104694556,30.178979661613745,0.01339683455406903,0.9484536082474226,0.9787234042553191,0.5897678246195885,94,97,6,1.0,1.0,,,0.23140222470330396,0.6552693208430913,14.976801155393835,0.12486349589906828,permissive,vse2-A_Vacancy-Anion-06B.png,vse2,A,1
35.6828630488187,0.8976909733509896,0.007984020138272435,0.02535989842876909,0.011363870303654143,20.226520499246273,0.07014954770979323,37.84572923566915,0.009568005508013778,0.9732142857142857,0.990909090909091,0.38313051408846055,110,112,14,1.0,1.0,1.0,0.0,0.0,0.0,20.226520453594187,0.0,tight,vse2-B_Anti-2M.png,vse2,A,1
31.90413478627243,0.8333365898939049,0.019507009785470923,0.9084458522093951,0.443448275862069,30.473522828260712,0.023629217154175906,33.521071661488854,0.01618056070740017,1.0,1.0,0.5100153006885344,173,173,13,1.0,1.0,1.0,0.0,0.559565017012973,0.993448387920429,31.27382211718659,0.7872954194544519,permissive,vse2-B_Vacancy-Anion-09B.png,vse2,A,1
37.688831090761475,0.9206584621857926,0.003920346453630966,0.027369696906386996,0.012906519538912127,32.00642468646084,0.01840475664488935,37.84494244996032,0.009591742221176527,1.0,1.0,0.24253562503633297,119,119,7,1.0,1.0,,0.0,0.1985787341435877,0.518736988202637,30.29878281751525,0.03371503551308117,permissive,vte2_Defect-Free.png,vte2,A,1
27.314123012378573,0.8927591017792356,0.02220065983009277,1.3696889550930662,0.20008687941674355,20.929604702816572,0.03318745857547193,35.21524940634897,0.013750182203009036,0.985,1.0,2.2303854575700814,197,200,7,1.0,1.0,,,0.1986124069297331,0.9719778867029253,5.888303438034165,0.9791937231860564,permissive,vte2_Vacancy-Anion-09B.png,vte2,A,1
37.68046514111619,0.9337009293496784,0.009720430776905927,0.05027092530158381,0.008955588924533023,27.193457186772175,0.034817366848089615,38.099855403981614,0.008839739085139619,1.0,1.0,0.22549380840084865,59,59,0,,,,0.0,0.0554354539839407,0.2280088917116545,26.714841396933863,0.03683480080995609,permissive,ws2-A_Vacancy-Metal.png,ws2,A,1
26.145502812336133,0.8869204154512585,0.01877948677189806,0.16236634099893718,0.052573203194321204,16.983374185266705,0.0633457357548141,28.37887002086521,0.01498333194448948,0.9174311926605505,0.9803921568627451,0.6557438524302001,102,109,7,1.0,1.0,,0.113531799729364,0.1774760894212041,0.6604998377150276,12.360311215776958,0.19565786180693012,permissive,ws2-B_Vacancy-Metal.png,ws2,A,1
35.33201742824894,0.8962432974299204,0.011123582532027452,0.07669367423407239,0.05402687196037562,30.46146822054314,0.02291637510041947,35.87826304848312,0.012412775360125453,1.0,1.0,0.24253562503633297,68,68,4,1.0,,1.0,,0.2933196167941876,0.47311381903033445,29.230410640495556,0.08714336941661624,permissive,ws2-C_Defect-Free.png,ws2-C,A,1
34.91953660544223,0.9292954703236377,0.020270525477792727,0.13752726140428975,0.009638457846744521,20.299492168685735,0.08570505443491547,36.29970068306391,0.008782968170285269,0.991304347826087,1.0,0.33769081675298523,114,115,8,1.0,1.0,1.0,0.0,7.902015013828527e-05,0.0011065006915629322,20.294751611268644,0.13496507225510584,permissive,wse2_Vacancy-Anion-06A.png,wse2,A,1
29.34799858685952,0.9167717118774781,0.017766876996532045,0.039883062675001524,0.03239665636092981,15.525471871046575,0.1031847171245516,35.804164390780116,0.01267413018528427,1.0,1.0,0.36198685440029543,145,145,43,1.0,1.0,1.0,,0.0,0.0,15.52547169081825,0.0,tight,wte2_Mo_doped.png,wte2,A,1
34.35161520776676,0.8599092803356068,0.0353074277105168,0.4939135657649358,0.16401584909872202,30.86673621129951,0.02164647799320206,35.552083379408835,0.012899092418125237,0.9855072463768116,0.9577464788732394,0.36380343755449945,71,69,0,,,,0.0,0.2726208766846431,0.946920721333787,24.55609065513519,0.5696922701866,permissive,zro2_Defect-Free.png,zro2,A,1
28.47031200378246,0.8445693945218472,0.011778911447739116,0.35883145939960287,0.12071743075259182,28.824305631597813,0.024560416039073354,28.42388889612385,0.016662832174981577,0.9830508474576272,1.0,0.4913036844405175,116,118,28,1.0,1.0,1.0,,0.23929675002732323,0.90283582928795,21.74029479367895,0.4554513243100148,permissive,zrs2_Vacancy-Anion-03.png,zrs2,A,1
34.068690032478074,0.881067884745743,0.0029390390939073533,0.3394881646472586,0.05803719144993713,25.647387972136748,0.02659941056941429,36.05287615724177,0.011969268785327527,1.0,1.0,0.65243825430126,148,148,4,1.0,1.0,1.0,0.0,0.1291854257386769,0.9071904909989289,17.071191394964142,0.40755981494516336,permissive,zrse2_Vacancy-Anion-03.png,zrse2,A,1
32.494951380651564,0.9213526601947168,0.011857518062519706,0.19328865190287592,0.060856266005446934,28.465695972759477,0.02980298051402039,32.94804094434736,0.011233238267859644,0.9896907216494846,1.0,1.0103629710818451,96,97,3,1.0,1.0,,0.010114958400939,0.392061095817423,0.7372463889120815,28.591192790574564,0.114436405024186,permissive,cose2_Fe_doped.png,cose2,A,2
26.017275158150966,0.7443561618163563,0.02725604560341992,0.6515592015575765,0.6971978095142981,25.157367789564148,0.03259137163776457,29.063865080661127,0.022793919530336104,0.9512195121951219,0.975,0.5188745216627708,80,82,2,1.0,,1.0,,0.7879041822262735,0.9595929451789071,13.974224861450644,0.8491211425147308,permissive,cro2_Vacancy-Anion-03.png,cro2,A,2
32.80183527899236,0.8527015074979296,0.006895982550641985,0.10907124804951979,0.050394100202903074,23.184209669461403,0.039271651862021154,35.265159908020976,0.012816477925807052,0.9872611464968153,1.0,0.9469816226033043,155,157,2,1.0,1.0,1.0,0.002379959270800108,0.20715602298601324,0.4623015873015873,21.28291809944345,0.112462443421258,permissive,crse2_Anti-Anion.png,crse2,A,2
34.6970636798165,0.8736900220170605,0.014946332224174406,0.08258279399086561,0.0678689085697172,31.14712884507555,0.021290148768020007,35.1165729469487,0.013653690952483742,1.0,1.0,0.3735436838188142,172,172,1,1.0,1.0,,,0.18542638387749713,0.5312992498266406,30.50498596344106,0.194463697428657,permissive,crte2_Vacancy-Metal.png,crte2,A,2
31.32010934516055,0.8714464387864,0.022322724063463757,0.029411990976549365,0.022536783358701167,16.10181129790593,0.09649889829297262,37.23154354942262,0.010340442765787359,1.0,1.0,0.3634218921558155,53,53,1,1.0,,1.0,0.0,0.05940369204814586,0.20610085547050877,15.125348001172664,0.07819127346524607,permissive,cus2_Cu_adatom.png,cus2,A,2
32.6327059122656,0.8608065220529935,0.1147022848480673,0.14983568355057314,0.016744580122035512,21.735455787529858,0.05102918548932494,33.56046949080644,0.014396673044392185,0.9668508287292817,0.9887005649717514,0.5903993805649093,177,181,15,1.0,1.0,,0.0,0.031163287086446105,0.4320165704985945,19.5139624371005,0.232130072116397,permissive,cuse2_Cu_adatom.png,cuse2,A,2
31.57264737385799,0.7925088537233818,0.03584452227050143,1.042208928971155,0.5476441979709954,30.35666856766506,0.023705037990987343,33.72775815157909,0.016328518954744325,1.0,1.0,0.7443480731848872,74,74,4,1.0,1.0,1.0,,0.6368498732771938,0.9912197866227321,30.811469337962766,0.8523763414830953,permissive,feo2_Int-Anion.png,feo2,A,2
31.898452094517413,0.9283815131271997,0.003947039046177145,0.024192922131299064,0.027900479480499868,17.617282666105638,0.08295599905431571,37.75642333055839,0.009397667844636047,0.9523809523809523,1.0,0.2581988897471611,60,63,1,1.0,,1.0,0.0,0.0,0.0,17.617282377941187,0.0,tight,fes2_Ni_doped.png,fes2,A,2
27.638285011100407,0.8096859893467916,0.025436391868750196,0.5916246818111556,0.3309234815151975,24.043328524861245,0.030292020968650083,32.040949956209005,0.016227259910956138,0.9795918367346939,0.9896907216494846,0.7772815877574012,97,98,37,1.0,1.0,,0.0,0.5378919899155203,0.9292793446781847,13.738087392429962,0.5717139533707581,permissive,ges2_Vacancy-Anion-03.png,ges2,A,2
32.853450283158324,0.9375603087056443,0.005791911152015257,0.13251388683101575,0.02477891816920943,18.19866158352473,0.08604127388482888,38.330741417603974,0.008841773228369676,1.0,0.984251968503937,0.3794733192202055,127,125,8,1.0,1.0,1.0,0.0,0.09991919191919192,0.2214759090094931,20.32402606792424,0.05492371705963939,permissive,gete2_Defect-Free.png,gete2,A,2
28.921671853217457,0.9024941082620059,0.06899347415834232,0.17172094353131867,0.040863903502535666,16.538744689067578,0.0692870186034883,34.076945637616014,0.01657814007345061,1.0,0.9722222222222222,0.3380617018914066,72,70,0,,,,,0.16832497828703774,0.8007973903588257,31.283924316402416,0.19440791032750368,permissive,hfo2_Int-Anion.png,hfo2,A,2
31.113687665569284,0.8980366118254756,0.007930140535796071,0.08213320746992413,0.03212145349719314,29.53812784346355,0.023427233270178607,31.177182316164306,0.013475885838345336,0.989010989010989,1.0,0.3333333333333333,180,182,3,0.6666666666666666,0.5,1.0,,0.12171837708830549,0.7678455452559485,31.174121256161254,0.20263427401001366,permissive,irte2_Vacancy-Metal.png,irte2,A,2
27.71904165516427,0.7888771320138566,0.027697029834943855,0.9198469513948215,0.5092214532871973,25.307712595243814,0.027902577740916725,34.106227510705324,0.015571551498214894,0.9487179487179487,1.0,2.0201685773917686,74,78,9,1.0,1.0,1.0,,0.5972585582504872,0.9850575884211599,9.686362593723869,0.8398581314878892,permissive,mno2_Defect-Free.png,mno2,A,2
29.75196361056035,0.8095632003797842,0.02960158834367505,0.6723634774829553,0.39155269851097796,26.696490484871322,0.026549924077601504,34.398831176118776,0.014920761419190541,1.0,1.0,2.1168684596525353,106,106,15,1.0,1.0,1.0,0.0,0.5688925865510005,0.943460870643681,16.360805953460375,0.6493574684804448,permissive,mns2_Int-Anion.png,mns2,A,2
30.42786440192355,0.8467391396522548,0.0099946731790472,0.5389966526110656,0.20716433226083328,24.980595255791375,0.027808997619746274,35.04498134471826,0.013799495340783889,1.0,0.9875,0.4638856253622454,160,158,8,1.0,1.0,1.0,0.0,0.292029676265638,0.9147291307417224,15.168172073936043,0.6489040839714788,permissive,mnse2-B_Vacancy-Anion-03.png,mnse2,A,2
38.400209914503534,0.9445649817433579,0.0018466700495318375,0.03297389986715511,0.015941744590812913,33.1349866013775,0.01578133298616965,38.56961033246206,0.008708588741829375,1.0,1.0,0.21160368475757949,67,67,3,1.0,,1.0,,0.3238244728042039,0.6348675408081349,30.733604915710192,0.03125426592041499,permissive,mnte2_Defect-Free.png,mnte2,A,2
28.060231500885106,0.8035938724156259,0.024093636634153228,0.3043440623090089,0.20018564268876268,21.99090179836482,0.03699547417302726,34.29751283093758,0.015055780097233087,1.0,0.9642857142857143,0.5328701692569688,84,81,3,1.0,1.0,1.0,0.0,0.40131821250997485,0.7393799742716182,16.593735608086988,0.36881768812594273,permissive,mos2-A_Adatom-Li.png,mos2,A,2
28.927620994648173,0.8119860292574559,0.008680985975424396,0.28240382839796646,0.16550498490238194,22.226675259454005,0.0345439086983178,34.60641919207165,0.014557793831313554,1.0,0.9726027397260274,0.39361094683048226,73,71,3,1.0,1.0,,0.0,0.30915265749702836,0.7782470419259968,16.060497126157202,0.4166348300775115,permissive,mos2-A_Vacancy-Metal.png,mos2,A,2
35.59431025147553,0.8781657650711686,0.007827861413435305,0.13394487911864256,0.04780234025761638,32.126538112436414,0.01916256738589722,35.86929890462442,0.012343311476764159,1.0,1.0,0.4165977904505309,121,121,29,1.0,1.0,1.0,0.0,0.18280974075118347,0.734235308141614,30.992927679283238,0.19199286583263767,permissive,mos2-B_Adatom-K.png,mos2,A,2
32.30094984495295,0.8658169234011285,0.011929048671649862,0.40765945461400477,0.1986939687224883,31.888154947401112,0.020000234754201967,32.40967974166164,0.014934013685942323,0.9774436090225563,1.0,0.6201736729460423,130,133,28,1.0,1.0,1.0,0.0,0.3311088671320484,0.9732717704584235,31.522718116533518,0.5840472724061005,permissive,mos2-B_Anti-Anion.png,mos2,A,2
33.427865123727656,0.9411740660437854,0.007349818857549521,0.02516134757065694,0.014921424829753798,16.363432051168566,0.12825945210923473,39.542776008259736,0.007641983405149299,1.0,1.0,0.3380617018914066,105,105,30,1.0,1.0,,0.0,0.009035872413481522,0.035106196243637,16.211474303948908,0.057972760607647986,permissive,mose2-A_Doped-Na.png,mose2,A,2
34.89818788200353,0.8874828775175547,0.006692481614777165,0.6302625108312851,0.06005936816837413,27.057289832979393,0.02224877787371241,36.60362739129321,0.011504444036557112,0.9884393063583815,1.0,0.7453559924999299,171,173,5,1.0,1.0,,,0.07047550358044408,0.9763582835221697,13.517471742256008,0.8320545244116765,permissive,mose2-B_Adatom-K.png,mose2,A,2
29.4638372671711,0.8266608051049547,0.010736715779919208,0.15423328143666437,0.1118136225298984,21.376457978184003,0.04201237538010767,34.474731570046316,0.01476869703990258,1.0,0.9942857142857143,0.5141671091113803,175,174,8,1.0,1.0,1.0,0.0,0.20711140346068813,0.5431761548782825,18.448594264326626,0.2932455313129581,permissive,mose2-B_Doped-Na.png,mose2,A,2
34.17187078779359,0.8495882618801956,0.008858893027403463,0.05910076471025301,0.03447961764327661,27.046311473158838,0.031070668587827276,34.87011421624797,0.014297822720533168,1.0,1.0,0.42526587428312096,188,188,3,1.0,,1.0,,0.9912160307438924,0.2805749805749806,27.528889757971264,0.009759848257533541,tight,mose2-B_V_adatom.png,mose2,A,2
31.639342774752535,0.8939048924465574,0.0826608872322474,1.2168244433060043,0.22246323616472094,29.624318448456112,0.02709457310490652,32.44289819472956,0.019517945951260548,1.0,1.0,0.5587211398983505,189,189,10,1.0,1.0,1.0,0.0,0.22991833595422503,0.9991697181299497,31.576463142193937,0.9667716498141088,permissive,mote2-A_Anti-2M.png,mote2,A,2
29.55487478885272,0.8796357458390899,0.1158335231728253,1.6901372027016366,0.988211892301499,29.543755500503007,0.02770292828451176,30.605675294045923,0.024259751619207615,1.0,1.0,0.39361094683048226,213,213,0,,,,,0.988211892301499,1.0,,1.0,permissive,mote2-A_Ti_doped.png,mote2,A,2
38.830392056799326,0.9485885404953155,0.013642827011391507,0.019813684992814357,0.004973284389170415,30.88872661995095,0.021730742181971772,38.94532528387009,0.008247496237842253,0.9915966386554622,1.0,0.2603778219616477,118,119,24,1.0,1.0,,0.0,0.0,0.0,30.88872646320969,0.13850309882708592,permissive,mote2-B_V_adatom.png,mote2,A,2
37.76023115021589,0.9338493007937015,0.001539255795112405,0.022992279244098145,0.010667867299449149,30.599359542687615,0.02262501808767376,37.96155736420704,0.009549233491844038,1.0,1.0,0.36198685440029543,145,145,30,1.0,1.0,1.0,,0.0,0.0,30.599359923704533,0.06822243559998714,permissive,mote2-B_Vacancy-Anion-06B.png,mote2,A,2
33.88697029535657,0.8518610048607187,0.020140107511608534,0.2984616507129384,0.16987590928540863,30.732644778744856,0.022848249843579353,34.957345338918685,0.013921467475334199,1.0,1.0,0.2653724462171376,71,71,6,1.0,,1.0,0.0,0.4825631221570308,0.9219143576826196,31.01739713899896,0.3245400085579803,permissive,nbo2_Defect-Free.png,nbo2,A,2
35.53034874245412,0.8812390799504501,0.016046356040092986,0.19826123119692093,0.05819269861185333,31.514364770749367,0.020573070304617264,35.95901507128597,0.012322474330006718,1.0,0.9905660377358491,0.3903600291794133,106,105,15,1.0,1.0,1.0,0.0,0.171533035992117,0.8803957233485649,29.49241402223564,0.29867484529535226,permissive,nbs2_Anti-Metal.png,nbs2,A,2
28.95263108881634,0.8474610936624805,0.019056759306318855,0.5516685693428145,0.24418163371205961,23.887708851306286,0.027682506947898766,34.388247198729715,0.014538873853784441,0.9829059829059829,1.0,1.7470471982872926,115,117,28,1.0,1.0,,,0.37755935675856434,0.9430241901378669,12.310168602231357,0.6098887055926021,permissive,nbs2_Vacancy-Metal.png,nbs2,A,2
34.34621295733854,0.8882622153000811,0.03200789561412655,0.14905874111368983,0.09124082341150916,31.628717708475303,0.020497698162155513,34.742977861418424,0.014460032530795431,1.0,1.0,0.23488808780588138,145,145,40,1.0,1.0,1.0,,0.40618196401970896,0.7451650199705697,30.729326255745484,0.16738672817158723,permissive,nbse2_Cu_doped.png,nbse2,A,2
34.985985727118745,0.8931852001175925,0.008883492501194159,0.17107386539783614,0.06191889598028262,32.028859050268196,0.0193261714835517,35.2750811234387,0.013312520334229104,0.9852941176470589,0.9925925925925926,0.36650833306891567,135,136,31,1.0,1.0,1.0,,0.24515079048757804,0.8573917757298846,30.476928307858028,0.21655550067850413,permissive,nbse2_Vacancy-Anion-03.png,nbse2,A,2
27.494527172379467,0.8746119913403855,0.004646728174251848,0.3839532498469487,0.05821123321123321,21.9164702112424,0.035930150427039766,28.25936955139486,0.017574450319994765,0.918918918918919,1.0,1.0764866601178877,170,185,4,1.0,1.0,1.0,0.0,0.09986878022307362,0.9236272379953555,12.150070204826072,0.5383612419326705,permissive,nbte2_Vacancy-Anion-12A.png,nbte2,A,2
26.45286493544591,0.8743582679993419,0.016793105622202657,0.41224470479961556,0.18369745334031048,19.602669827174463,0.04741783377422814,35.13587813817795,0.01364492384903591,1.0,0.9779005524861878,0.4985855700092703,181,177,11,1.0,1.0,1.0,,0.247195606240516,0.8178894019062088,12.406742582886142,0.6077947845804988,permissive,nbte2_Vacancy-Metal.png,nbte2,A,2
32.96546600574503,0.9041497290647448,0.030528028817290102,0.11635748767177723,0.03691473988439306,20.871285890155974,0.045258457815089755,36.75861315841999,0.01092320269158235,0.9947089947089947,0.9894736842105263,0.4314744636313457,190,189,7,0.7142857142857143,,0.7142857142857143,0.0,0.0836665106639032,0.6123507535721276,16.94760271027545,0.2701770231213873,permissive,pbse2_Defect-Free.png,pbse2,A,2
31.802262920359468,0.8998529738105102,0.10031996833137297,0.12806510215902916,0.053245708824445175,21.445072380857315,0.04771370721746257,35.312550073103864,0.013546352810440861,1.0,0.9738219895287958,1.0751344002005627,191,186,8,0.75,,0.75,0.0,0.11474989361516086,0.6155602113887239,23.752224086756012,0.2856293696396728,permissive,pbte2_Vacancy-Metal.png,pbte2,A,2
39.03606652066371,0.9529554256470094,0.005474742745133642,0.10054919034995961,0.012269679976388245,27.81390616249077,0.021807633459414402,39.75298245158634,0.007634920903416065,1.0,1.0,0.30403449605253013,119,119,30,1.0,1.0,,0.0,0.29045013812902876,0.9213058419243986,22.23835785731417,0.03891934055740608,permissive,rete2_Defect-Free.png,rete2,A,2
30.47903720442569,0.856328306890751,0.2609927800918948,1.3684395299917769,0.7258481325722665,30.579465069136326,0.024476297722477513,30.223840681159523,0.023931610673243914,0.990909090909091,0.9083333333333333,0.449260350337442,120,110,0,,,,,0.7271283897536843,0.9985026213019014,28.109398858508044,0.9967445546803804,permissive,rus2_Anti-Anion.png,rus2,A,2
35.420344023526994,0.892965672050928,0.005553734555489938,0.18145640429763368,0.060861886046343405,29.837248144123038,0.02281284731831362,36.227348145053185,0.012053803806683552,1.0,1.0,0.35856858280031806,70,70,1,1.0,,1.0,,0.24611188718153396,0.9161095429109097,30.66410244803016,0.22654799508113713,permissive,sno2_Anti-Metal.png,sno2,A,2
26.885579964900174,0.8537987670222902,0.03738721652606494,0.19177811393371047,0.09930438092016239,17.384529234946523,0.06254552256444519,35.83441588097068,0.01231954394327114,0.93,0.96875,1.7567075753739847,96,100,4,1.0,1.0,1.0,0.0,0.2851846650751299,0.6485830476717696,13.00827187634525,0.22584362313937753,permissive,sns2_Vacancy-Metal.png,sns2,A,2
28.270013527572615,0.9044241804160996,0.008726092963478004,0.14253195717547384,0.030575936836102376,20.87432556096428,0.05299083026052755,28.93319023287141,0.014339066073086564,1.0,0.9818181818181818,0.41943524640393054,110,108,29,1.0,1.0,,0.0,0.15308161367003134,0.5836343337492612,17.45182464023398,0.11657289269607193,permissive,snse2_Vacancy-Anion-03.png,snse2,A,2
34.39679328214268,0.8877526350403583,0.0185631738806914,0.14214497181403934,0.05442523578116799,26.44418501199457,0.02831620119229987,35.956162091505284,0.012164832913637307,1.0,1.0,0.6699728624083489,176,176,6,1.0,,1.0,0.0,0.15041574170158548,0.7125034999844445,24.839483047007434,0.25780660017948154,permissive,snte2_Fe_doped.png,snte2,A,2
26.575777119713386,0.9018473974608513,0.03435073328749883,0.12694082415364036,0.050531027158246096,13.99576050701009,0.10360914571913091,37.07135372876459,0.01063139307447561,1.0,0.9705882352941176,0.17407765595569785,68,66,7,1.0,1.0,1.0,0.0,0.17154631271263596,0.8957613971876095,29.804825060803086,0.26385728012946946,permissive,tas2-A_Doped-Li.png,tas2,A,2
31.537160357922012,0.9074288113149729,0.00395289389533495,0.20098953164388034,0.05128344347574282,25.26007855860413,0.036306476515262594,32.374310359424705,0.01201398130161121,0.9484536082474226,0.989247311827957,0.6836602258050604,93,97,11,1.0,1.0,1.0,0.01444842435706524,0.20123612223875473,0.4432064532392236,25.0658285633944,0.11294767976999369,permissive,tas2-B_Vacancy-Anion-06B.png,tas2,A,2
32.275094768399136,0.9160911162895357,0.007594937624621624,0.21387365258512225,0.025146597995718407,32.4610392940012,0.01839367168741586,32.27040205605168,0.011463749427545683,0.9801980198019802,1.0,0.37605071654517747,99,101,3,1.0,1.0,,0.0,0.11932796574673059,0.7908698334361505,30.867146432704402,0.16666408116409667,permissive,tas2-B_Vacancy-Anion-09B.png,tas2,A,2
39.63411021371484,0.9358660988025029,0.002391511819704183,0.03878386441631681,0.0007248764415156507,33.95035885876865,0.014742088298518936,39.64262926334487,0.007829922490224295,1.0,0.9917355371900827,0.3651483716701107,121,120,9,1.0,1.0,1.0,0.0,0.012650814103314981,0.7012987012987013,32.64851101505727,0.0401835726053189,permissive,tase2-A_Vacancy-Anion-12B.png,tase2,A,2
31.850356528059752,0.9261861630286806,0.005046338014997313,0.03899770979198165,0.01804389418212681,15.853025419308404,0.10025987977772326,37.26723194530371,0.010343861979427693,1.0,1.0,0.3305203435175989,119,119,33,1.0,1.0,,0.0,0.12811961536323718,0.3062715918150412,14.293463874903459,0.043134161603859085,permissive,tase2-B_Defect-Free.png,tase2,A,2
31.439091857726737,0.9052201496428445,0.04629391815795224,0.866770668933118,0.9481939323030301,31.44358410584561,0.01777244756961433,31.357681855510368,0.019668220949070635,1.0,1.0,0.7878385971583354,145,145,21,1.0,1.0,,,0.9478661160942626,0.9605902610964737,22.794971559064034,0.960922477906659,permissive,tase2-B_Vacancy-Anion-09B.png,tase2,A,2
38.78263528933281,0.9513431683722334,0.009283815101608818,0.02374204500239676,0.0025886824324324324,31.366105622612935,0.020250775223844008,38.833843052172725,0.00839928809227467,1.0,1.0,0.2862991671569341,122,122,28,1.0,1.0,1.0,0.0,0.0,0.0,31.366105360023315,0.1480447635135135,permissive,tate2-A_Fe_doped.png,tate2,A,2
26.859637837910334,0.8867731612366758,0.005005911953049223,0.1682992232879847,0.08294868950924851,16.657439836628217,0.07037475907978688,35.31149507713429,0.013183614779988443,0.9572192513368984,0.9944444444444445,2.1364095604672495,180,187,3,1.0,,1.0,0.0,0.3073501686183914,0.5952582992620021,13.228885385167793,0.16065029690806087,permissive,tate2-B_Anti-Anion.png,tate2,A,2
27.645313370767155,0.8899014831531474,0.00827007282194513,0.08950632093080767,0.08074320865469933,17.454080257121763,0.06598478205754946,35.342320377391566,0.01314234987217012,0.9943181818181818,0.9668508287292817,0.501426536422407,181,176,2,0.5,,0.5,,0.20247283532477997,0.42480517765156517,15.098975637069449,0.16940609855982527,permissive,tate2-B_Anti-Metal.png,tate2,A,2
30.560628355015357,0.913176022091325,0.0037382782516460072,0.04553737561606653,0.017884871339840284,16.04222614287552,0.1153601608850555,33.54678152695874,0.011126571717028409,0.9938650306748467,0.9878048780487805,0.26057865332352387,164,163,0,,,,0.0,0.0284675432096638,0.19701848539057842,15.124930955555001,0.12377781380110572,permissive,tate2-B_Vacancy-Anion-12A.png,tate2,A,2
30.647794194120404,0.817377662836702,0.03293561468519306,0.5785599055324769,0.3364571151229763,27.220881241138084,0.02533924040308364,34.727849725061944,0.014371446791139032,0.9516129032258065,1.0,1.2655808608122348,118,124,27,1.0,1.0,,0.0,0.49546294607092717,0.9585811075218489,16.554456089212085,0.6509496554804299,permissive,tis2_Vacancy-Anion-12A.png,tis2,A,2
32.2788318954482,0.8369087550066453,0.014440847375455281,0.5616307258125498,0.21671558870378546,27.882259945246716,0.024082159665351904,35.15865871726841,0.013568424668170391,0.9914529914529915,0.9914529914529915,0.5,117,117,28,1.0,1.0,1.0,0.0,0.32513204134897966,0.9423193757817618,17.720733966794647,0.6280995789348679,permissive,tis2_Zr_doped.png,tis2,A,2
30.183253632348716,0.8386163639152651,0.022779990986686916,0.49931719250804707,0.2022861950060552,24.814378973163684,0.030653234540318406,34.37859121615202,0.014870299675976435,1.0,0.9872611464968153,0.47519096331149147,157,155,3,1.0,,1.0,0.0,0.2931812310698949,0.894694148024587,16.090105540196976,0.6173119412781615,permissive,tise2_Adatom-Li.png,tise2,A,2
32.518472322213306,0.8570719279962111,0.04217908828003381,1.358740076554869,0.4223359310720988,31.00862582358215,0.02206025515471909,34.092095227357305,0.014963464746319592,0.9946524064171123,1.0,1.0924964014113612,186,187,6,1.0,,1.0,0.0,0.4322194303668687,0.9996880780133306,32.04967330062081,0.976828355104418,permissive,tise2_V_doped.png,tise2,A,2
29.325686129428973,0.8935201661236313,0.216943149216525,0.06413546493094778,0.028741446983192948,15.404193932172712,0.10739102001586148,34.56038778908815,0.015916639402588625,1.0,1.0,0.16666666666666666,72,72,4,1.0,,1.0,,0.0,0.0,15.404193984445962,0.0,tight,tite2-B_Cu_doped.png,tite2,A,2
34.61955258615025,0.9440117032232602,0.003913427183125141,0.19557468308327694,0.01123918652456296,18.859276619975304,0.07327358373982587,36.96180401936369,0.008581853905890153,0.9846153846153847,1.0,0.57282196186948,64,65,0,,,,,0.14409146447896667,0.6078792341678939,30.942201885337006,0.04741480088307894,permissive,tite2-B_Vacancy-Anion-06A.png,tite2,A,2
25.636636581509322,0.724581060260463,0.14142173267060246,1.2205634355508408,0.8481016042780749,25.34431684304227,0.03546398039219735,27.77442300550499,0.03002428951047605,0.8032786885245902,0.98,1.804190134330727,100,122,1,1.0,1.0,,,0.8481016042780749,1.0,,1.0,permissive,vo2_Vacancy-Anion-03.png,vo2,A,2
28.13038086225598,0.7530798045141401,0.03733474257439889,1.3585486025842592,0.6361799488916622,26.80314424913417,0.03148939777966455,32.3905339844339,0.018937956629525063,0.9811320754716981,0.9873417721518988,0.560448538317805,158,159,8,1.0,1.0,,,0.662613413983277,0.9940748648828985,30.865280989067475,0.9544184940868842,permissive,vs2_Vacancy-Anion-06A.png,vs2,A,2
29.11813511441604,0.7616413745689297,0.1298810935934874,1.0809040882350138,0.7466288589483455,29.20623129080041,0.02859175391321554,28.86846643725083,0.026309876966947178,0.9828571428571429,1.0,0.5654798332924571,172,175,17,0.9411764705882353,0.9230769230769231,1.0,,0.7799926756297096,0.9525800313833699,28.83789269574582,0.9118338724329097,permissive,vs2_Vacancy-Anion-12A.png,vs2,A,2
33.76963425027861,0.8912604926134773,0.09697813940493182,0.19662123581482102,0.06335339265937096,29.522109540140224,0.025493291129996452,34.28661223190753,0.015351701247221195,1.0,0.9285714285714286,0.7510676161988108,84,78,0,,,,,0.3382778461436126,0.8289323553382233,27.158973005566732,0.15524421003172834,permissive,vse2-A_Vacancy-Anion-06A.png,vse2,A,2
29.539265209538385,0.8932276128889076,0.005035553870272415,0.2308406719173682,0.050507162754194514,24.51589809120682,0.03644573222331671,30.07438563507318,0.01346910688451984,0.9893617021276596,0.9893617021276596,0.672021505032247,94,94,6,1.0,1.0,,,0.26919675471988314,0.7157023103659783,20.449301714850773,0.1342813107491655,permissive,vse2-A_Vacancy-Anion-06B.png,vse2,A,2
36.869466698022684,0.8977524038207335,0.0034776560603934333,0.08267661540842983,0.01732372619660319,31.30285465335001,0.020825351303995578,37.07347392642279,0.00987440818991157,0.956140350877193,0.990909090909091,0.38313051408846055,110,114,14,1.0,1.0,1.0,0.002412898546681916,0.2629354321527474,0.5359477124183006,29.7154584037835,0.035311374163664436,permissive,vse2-B_Anti-2M.png,vse2,A,2
25.992074881642317,0.8187585092916407,0.04959085800948061,0.8878439673534904,0.47558414822439526,23.2109019370713,0.03513497833639949,33.28930637033928,0.016737490106659984,1.0,0.9653179190751445,0.5842237287798752,173,167,13,0.8461538461538461,1.0,0.5,0.0,0.5964254464033217,0.9699965370214055,10.012650046207872,0.773466289243438,permissive,vse2-B_Vacancy-Anion-09B.png,vse2,A,2
33.50034363261833,0.9165353533470351,0.003739217446291839,0.031725597645638946,0.020497272702845525,18.84005036772117,0.0757401687204382,37.383420433072835,0.010044186751073719,1.0,1.0,0.28988551782622424,119,119,7,1.0,1.0,,0.0,0.0,0.0,18.840050201915528,0.0,tight,vte2_Defect-Free.png,vte2,A,2
33.532028280632005,0.9021178835880248,0.03025011529685013,1.6882736295662542,0.364291216222268,31.772356454306582,0.018896170325858493,34.99673817414767,0.013923154159388633,0.9948717948717949,0.9847715736040609,0.5963808372950824,197,195,7,1.0,1.0,,,0.364586741485409,1.0,,0.9991894239984236,permissive,vte2_Vacancy-Anion-09B.png,vte2,A,2
31.294361670431755,0.9265817212774049,0.004858166218142291,0.11269912359568265,0.01815006939230542,24.330400839542094,0.043598194345971966,31.6254207508916,0.010251750874634443,0.9833333333333333,1.0,0.34444748191358604,59,60,0,,,,0.0,0.183312908496732,0.5625195863365716,22.64177252297454,0.055695856938092966,permissive,ws2-A_Vacancy-Metal.png,ws2,A,2
25.82111438055552,0.8868454437481789,0.02730688546269655,0.18711780215072005,0.06886617523263486,17.7249213196083,0.052667912106554096,28.062423400015128,0.015377225319841072,0.9345794392523364,0.9803921568627451,1.905255888325765,102,107,7,1.0,1.0,,0.11535859269282815,0.24717663421418637,0.7339252529423911,12.227188326014636,0.20447978522512683,permissive,ws2-B_Vacancy-Metal.png,ws2,A,2
34.691564868245145,0.8979838460881482,0.01687623116059896,0.12473826344479934,0.09205999686232323,30.565638489237635,0.022536319990537138,35.45285732392265,0.013089540179926435,1.0,1.0,0.2100420126042015,68,68,4,1.0,,1.0,,0.41852098834760637,0.7257539332339247,28.92062686868766,0.15964051188955378,permissive,ws2-C_Defect-Free.png,ws2-C,A,2
29.63638028124468,0.9200937059332988,0.025507911323106782,0.11102370268658225,0.028838052578254145,15.146270780940082,0.13831323954915992,36.742792448967066,0.009545734028800996,0.9911504424778761,0.9824561403508771,0.31339158526400435,114,113,8,1.0,1.0,1.0,0.0,0.0005719313682358117,0.002403846153846154,15.135964544938087,0.12120727350290621,permissive,wse2_Vacancy-Anion-06A.png,wse2,A,2
26.826671999445733,0.891842588928175,0.1612112808310824,0.058801589287556286,0.06768349937020497,16.382586977799967,0.09111244904810528,32.5378109634569,0.020196036582469126,1.0,0.9862068965517241,0.3344968040028363,145,143,43,1.0,1.0,1.0,,0.0,0.0,16.3825869279578,0.0,tight,wte2_Mo_doped.png,wte2,A,2
28.122193391634944,0.8506809000527964,0.046144444590563605,0.4820304185884318,0.19221878570526432,21.727196739814644,0.03839753469727747,35.10264456159459,0.013500225093419945,0.9710144927536232,0.9436619718309859,0.34554737023254406,71,69,0,,,,0.0,0.3092010526838473,0.8563635530156014,13.846298446258231,0.5323693462687357,permissive,zro2_Defect-Free.png,zro2,A,2
27.145766950788534,0.840996367529496,0.014218446932570475,0.3713372013820928,0.13947000447998262,23.12993598563038,0.03516512832147715,28.375078609786737,0.017043601484859186,0.9827586206896551,0.9827586206896551,0.4866642633922876,116,116,28,1.0,1.0,1.0,,0.2610959930096118,0.8483152447234795,15.644692539918035,0.45314571709136,permissive,zrs2_Vacancy-Anion-03.png,zrs2,A,2
35.133590103423515,0.882027571767427,0.00225538620733408,0.33165731521503505,0.06678257660985475,29.10759674081351,0.021146330222331734,36.185118452170194,0.011839557188948515,0.9932885906040269,1.0,0.5694947974514994,148,149,4,1.0,1.0,1.0,0.0,0.14887585949071774,0.9446880067263227,20.356425003500025,0.42376715336810633,permissive,zrse2_Vacancy-Anion-03.png,zrse2,A,2
32.27758173382801,0.9185996465414509,0.010725360740667189,0.16653729438785714,0.04902493801064997,20.83889439716442,0.06490256909709394,37.045774978128364,0.01007708772744827,0.9893617021276596,0.96875,0.5956833971812706,96,94,3,1.0,1.0,,0.0005696136983463941,0.25125284029009864,0.4183033632170804,19.387732255272073,0.08162015771716596,permissive,cose2_Fe_doped.png,cose2,A,4
27.801100808162374,0.7477441331258547,0.029582402672912258,0.907796235525847,0.678255767502247,27.847806425360538,0.029455300349213457,27.70425797587876,0.024191324165941958,0.9411764705882353,1.0,0.6020797289396148,80,85,2,1.0,,1.0,,0.7829223408170777,0.9788150411367359,30.318481550117887,0.8479601518026565,permissive,cro2_Vacancy-Anion-03.png,cro2,A,4
30.305443304647742,0.8502746146857161,0.014982655653507466,0.08433010486189071,0.12182963945684408,22.841215459861854,0.04379448500948902,34.68265995648053,0.014012573999270948,1.0,1.0,0.6425754631219991,155,155,2,1.0,1.0,1.0,0.0,0.4620604894731217,0.34618464248538716,21.42553291854092,0.09127711877633839,permissive,crse2_Anti-Anion.png,crse2,A,4
30.63060762897317,0.8687208509745497,0.019295539796669543,0.10871251516644356,0.08731014418345955,21.913672779199253,0.03894854165179548,34.79027924895627,0.014204542827349665,0.9941520467836257,0.9883720930232558,0.39107694443752145,172,171,1,1.0,1.0,,,0.2260824007351994,0.6449502621649434,30.562075945114373,0.24907157831686133,permissive,crte2_Vacancy-Metal.png,crte2,A,4
33.57485299962009,0.8757275657864838,0.024238838590678883,0.043825678875696945,0.03236681887366819,20.96966830678419,0.06760688986649978,37.30076373966059,0.01023102497536525,1.0,1.0,1.2438528093471328,53,53,1,1.0,,1.0,0.0,0.055807290905370247,0.1496198761658437,20.32219740112162,0.08677574835109082,permissive,cus2_Cu_adatom.png,cus2,A,4
28.55525310364762,0.8429551189220676,0.014181847421534333,0.09498440191137007,0.07527009584965304,18.356293411042564,0.090541957508977,34.95175448349236,0.013093316777864955,0.9659090909090909,0.96045197740113,0.7669649888473704,177,176,15,1.0,1.0,,0.0,0.32514332514332517,0.3005299015897048,17.42398147119595,0.06957213249994426,permissive,cuse2_Cu_adatom.png,cuse2,A,4
24.857874779884416,0.7728029269248103,0.04596994278630048,0.8971085962714187,0.5819670928603391,22.744254542245386,0.03474886836802026,33.81125538248324,0.01619814213493197,0.935064935064935,0.972972972972973,1.7795130420052185,74,77,4,1.0,1.0,1.0,,0.6750963286393961,0.978332524531893,9.724838070165399,0.8433719915201396,permissive,feo2_Int-Anion.png,feo2,A,4
28.479445690322134,0.9203503013822252,0.0049642368630444175,0.02258861137627895,0.040262338937160545,15.092788946015947,0.11377855180990393,37.442425370694544,0.009715294997215546,0.9516129032258065,0.9833333333333333,0.22549380840084865,60,62,1,1.0,,1.0,0.0,0.0,0.0,15.092788890921405,0.0,tight,fes2_Ni_doped.png,fes2,A,4
26.981167724672552,0.8084987182163322,0.025643794671405967,0.6293637806207484,0.3533227127901684,23.462728724899247,0.03471442595668141,31.956894058475292,0.01670882236480889,0.979381443298969,0.979381443298969,0.6958523739384593,97,97,37,1.0,1.0,,0.0,0.5362370596423165,0.9457076400071569,18.52721607981569,0.6231199109897335,permissive,ges2_Vacancy-Anion-03.png,ges2,A,4
37.12346372826073,0.9427808207144264,0.02735121254725926,0.06404303970467239,0.062002773925104025,32.826398313348655,0.016553228307427385,37.637829775286576,0.009573553431508267,1.0,1.0,0.34367169831173533,127,127,8,1.0,1.0,1.0,0.0,0.30780013292248204,0.9116678596993557,30.059528555296747,0.18364493758668515,permissive,gete2_Defect-Free.png,gete2,A,4
28.67605662666336,0.8929506278063286,0.22000984933114437,0.13685917721187787,0.1131599838854922,24.31333773246061,0.03701827882144895,29.75975709239559,0.022532492825359154,0.9863013698630136,1.0,1.4813657362192647,72,73,0,,,,,0.3958391259547603,0.6335436245124473,29.680217358093294,0.18111344139532679,permissive,hfo2_Int-Anion.png,hfo2,A,4
33.80149351166665,0.9010692950358262,0.01722746471264989,0.1125415074672507,0.04577454104081323,24.031338113829367,0.03265944274480711,36.07098827753928,0.012232498907331931,0.994475138121547,1.0,0.983192080250175,180,181,3,1.0,1.0,1.0,,0.18529952938678745,0.8678737156115346,31.238191260712085,0.21439083598846911,permissive,irte2_Vacancy-Metal.png,irte2,A,4
31.232119466488975,0.798116753777645,0.030480677064302065,1.0265723437998096,0.5623425605536332,29.88533602477478,0.02482754578179474,33.966084900158044,0.015782166659832533,1.0,1.0,0.46499055497527714,74,74,9,1.0,1.0,1.0,,0.6554405614808572,0.9952620341256607,30.94222889284099,0.8538961937716263,permissive,mno2_Defect-Free.png,mno2,A,4
26.287521745324298,0.7994357579054893,0.0321628907879911,0.6478747445884468,0.42167307073613414,22.93184452485754,0.034123507494979034,34.52171182195268,0.01474107407950631,0.9904761904761905,0.9811320754716981,1.992775412873675,106,105,15,1.0,1.0,1.0,0.0,0.597124124152292,0.9164195433737368,13.11104765494699,0.6471509478629832,permissive,mns2_Int-Anion.png,mns2,A,4
33.23994010049613,0.8576945071648157,0.003552649987831233,0.6301014575893339,0.20773254949723563,29.139356888371285,0.020460807845817837,35.54504680003963,0.012969500748396938,1.0,1.0,1.296630247988994,160,160,8,1.0,1.0,1.0,0.0,0.28439352114963057,0.9702806887955311,16.616682371415525,0.708732324128374,permissive,mnse2-B_Vacancy-Anion-03.png,mnse2,A,4
37.55335474159169,0.9435805599159158,0.006418703983390718,0.038374637914968965,0.021786055559347484,28.32517806404986,0.02657816218752403,38.332220717593074,0.009016149900727079,0.9852941176470589,1.0,0.2731791823540765,67,68,3,1.0,,1.0,,0.3713538009829578,0.5696103387507343,25.40483409216573,0.033417087570814276,permissive,mnte2_Defect-Free.png,mnte2,A,4
29.048948252571446,0.802275917294995,0.026574684799442732,0.3363284750395199,0.19147515189590425,23.06533180258971,0.036946773377422554,34.31303547391029,0.015141531653578077,1.0,0.9761904761904762,0.9370425713316364,84,82,3,0.6666666666666666,0.0,1.0,0.0,0.3610383536014967,0.7985841178817931,17.742525401842066,0.42352568293021137,permissive,mos2-A_Adatom-Li.png,mos2,A,4
27.486578279474735,0.8116235891360677,0.011903065984925585,0.3417689209120311,0.19772361312742842,21.167781888591243,0.0391870207084227,34.68593721307758,0.014414772870002745,0.9726027397260274,0.9726027397260274,2.331656003425432,73,73,3,1.0,1.0,,0.0,0.3399281016882607,0.793069887933132,15.276928949798654,0.461299442222958,permissive,mos2-A_Vacancy-Metal.png,mos2,A,4
31.55006786525452,0.8801738181118045,0.04132416833707549,0.2255667503679433,0.13981999333308642,25.1462528059591,0.030983581335050865,34.99504536554566,0.013904058404090437,1.0,1.0,0.4453617714151233,121,121,29,1.0,1.0,1.0,0.0,0.32987421876223744,0.8582577687213448,29.45940134528211,0.36377985509434824,permissive,mos2-B_Adatom-K.png,mos2,A,4
24.583678700420446,0.8428812198691729,0.015281237791340354,0.4166569519156884,0.2526247410872767,19.350771422504305,0.04775513607623608,31.356797406701933,0.015690707008454496,0.9555555555555556,0.9923076923076923,3.2742831631607765,130,135,28,1.0,1.0,1.0,0.0,0.38242334493006463,0.8504420986150584,11.539533035334127,0.5617928869160397,permissive,mos2-B_Anti-Anion.png,mos2,A,4
30.71162636132481,0.9374115360534695,0.005767922000212589,0.07299427105334656,0.020908852802514404,14.556247080043853,0.1423714648016179,39.243676105688614,0.007826769373405207,1.0,0.9904761904761905,0.5280588545286916,105,104,30,1.0,1.0,,0.0,0.14891015417331208,0.3508706000250532,14.04675370929554,0.04926663174436878,permissive,mose2-A_Doped-Na.png,mose2,A,4
35.805484803294846,0.8868341798027134,0.00827049644230175,0.6018138062338354,0.09198851215225685,32.00364339848358,0.01768968699179687,36.46967835656525,0.011714748169208448,0.9941860465116279,1.0,0.5514467945790074,171,172,5,1.0,1.0,,,0.11245285779850075,0.9847681733457595,24.242194122494624,0.8055585322988555,permissive,mose2-B_Adatom-K.png,mose2,A,4
30.802029964865465,0.8256224455424462,0.01131970894857694,0.1737443029075167,0.11847110892022804,23.62320076294029,0.03469029629690598,34.441975042170526,0.014842552957898967,0.9886363636363636,0.9942857142857143,1.2433732390132308,175,176,8,1.0,1.0,1.0,0.00010950503723171266,0.24569476342653512,0.679790144953755,21.991242882716936,0.3277867675425436,permissive,mose2-B_Doped-Na.png,mose2,A,4
31.094929516259544,0.8439324015644237,0.10998235368286283,0.07894524050638872,0.1177102533327618,29.286040570222948,0.026679067418578176,31.405107367603733,0.022503691202017635,0.9947089947089947,1.0,0.5834599659915782,188,189,3,1.0,,1.0,,0.4337879276952873,0.24469126248947357,30.080210951349894,0.06639804535127952,permissive,mose2-B_V_adatom.png,mose2,A,4
28.49528768831177,0.8824290519242766,0.028330092109584305,0.8735468501560466,0.2722986573207985,25.026550242783635,0.03622633011473518,31.151359599879637,0.01692282099109586,0.9842105263157894,0.9894179894179894,2.1282414723677108,189,190,10,0.8,1.0,0.7142857142857143,0.0,0.3058120165454103,0.9946516623329188,13.626351998226788,0.8856496720263326,permissive,mote2-A_Anti-2M.png,mote2,A,4
29.11784074463992,0.8713688803601507,0.35364798983557855,1.469230387515074,0.9772170783111133,29.077754501278285,0.028850219168439484,31.31999565440988,0.02139129278634048,1.0,1.0,0.4893226131278932,213,213,0,,,,,0.9772170783111133,1.0,,1.0,permissive,mote2-A_Ti_doped.png,mote2,A,4
36.343419921710236,0.9468480712675803,0.013752814669754213,0.06058465481033979,0.07759472211629904,31.213739830379424,0.02032106887066007,37.25834733666034,0.009820710927845212,0.9915966386554622,1.0,0.41169348479630913,118,119,24,1.0,1.0,,0.0,0.2607305888374717,0.7389206311613724,28.534706222264266,0.21990646090516072,permissive,mote2-B_V_adatom.png,mote2,A,4
36.35440076356523,0.9307803873743875,0.0032065193352732464,0.0540282447098171,0.01499565842609906,23.754213429206846,0.04596344851055548,37.67276849966343,0.009934367837727257,1.0,0.993103448275862,0.9316949906249123,145,144,30,1.0,1.0,1.0,,0.033973047343540536,0.14751838235294118,23.401178877353843,0.06511441999788664,permissive,mote2-B_Vacancy-Anion-06B.png,mote2,A,4
33.205297455058094,0.8516891949904524,0.0214662137564796,0.3055448616401613,0.20788862399902194,29.674554298557535,0.02464326012534066,34.93985081665091,0.013955941354606365,1.0,1.0,0.4279002121398116,71,71,6,1.0,,1.0,0.0,0.5085186796686374,0.8763250363879619,25.5284844846091,0.35825233816247937,permissive,nbo2_Defect-Free.png,nbo2,A,4
29.439289062483887,0.8733610242776537,0.00988434486182142,0.23869384241983752,0.06295582043159821,18.347560709824602,0.07145873787956868,36.357594532493515,0.011699964251584668,0.9629629629629629,0.9811320754716981,2.316329988448238,106,108,15,1.0,1.0,1.0,0.0,0.14391042418972752,0.6651357336176494,14.743902118439362,0.2909738196106374,permissive,nbs2_Anti-Metal.png,nbs2,A,4
31.454094499552582,0.8518728697260167,0.023129671670234896,0.5926395784138976,0.2665024744998722,27.55322302013465,0.02442178560012543,34.72130441875024,0.014442014635102692,0.9827586206896551,0.991304347826087,0.6688560540599386,115,116,28,1.0,1.0,,,0.37808843896578903,0.9573186089315121,18.364441964426327,0.674783336044053,permissive,nbs2_Vacancy-Metal.png,nbs2,A,4
30.447911391105457,0.8682412493585571,3.0152615899599198,0.7918888258091251,0.8245839067452421,30.01644683217989,0.025452078512154072,33.38070068396136,0.016787855003276307,1.0,1.0,0.32163376045133846,145,145,40,1.0,1.0,1.0,,0.804299333145487,0.7967574702918335,25.52886586282738,0.8168518367562229,permissive,nbse2_Cu_doped.png,nbse2,A,4
35.0900080140887,0.8939925008646536,0.0024489695328187497,0.18212426288313052,0.07971584343097719,31.660957455652348,0.01968916753020325,35.56768832391133,0.012759702261614712,0.9925925925925926,0.9925925925925926,0.44048819592160315,135,135,31,1.0,1.0,1.0,,0.3155938359583258,0.893741165147824,28.51938130389702,0.22575007072746192,permissive,nbse2_Vacancy-Anion-03.png,nbse2,A,4
27.043595795428953,0.871953525917966,0.039483364521254415,0.3572043949634454,0.08330716902145474,26.846283433594834,0.03168980880560302,27.061979571134607,0.02072268037910223,0.9548022598870056,0.9941176470588236,0.521717691009636,170,177,4,1.0,1.0,1.0,0.0,0.1389937157524602,0.9042085427135679,23.18399714220305,0.5419457526600384,permissive,nbte2_Vacancy-Anion-12A.png,nbte2,A,4
28.21241583406453,0.8773782603645427,0.010913129082603858,0.4845923555250327,0.23705956741671028,22.71564438943831,0.03640163715371156,35.00955271386302,0.013815976692630282,0.9731182795698925,1.0,2.7350800689240184,181,186,11,1.0,1.0,1.0,,0.32290204702001746,0.9183812370659922,13.29520597886299,0.6742325135182278,permissive,nbte2_Vacancy-Metal.png,nbte2,A,4
36.792870208917776,0.9100793606086809,0.03267728593243882,0.11961892196399151,0.025773121387283236,32.18229501736652,0.019093850181592858,37.01576202859332,0.010726507661715,1.0,1.0,0.37696851746252596,190,190,7,1.0,,1.0,0.0,0.07614487814114529,0.7891785814409868,30.09722669221436,0.26711705202312136,permissive,pbse2_Defect-Free.png,pbse2,A,4
32.668368002612475,0.903744008566237,0.4461971089395145,0.12942964565399417,0.11258872481031247,27.261073638459322,0.03256103552512095,34.3037500251033,0.015334619188197922,1.0,0.9895287958115183,0.9399988742535194,191,189,8,1.0,,1.0,0.0,0.21847260374708816,0.6809967465246969,30.121460756915862,0.3509481462487908,permissive,pbte2_Vacancy-Metal.png,pbte2,A,4
34.90019823995813,0.9399200741017388,0.0457244298034603,0.15823353437267307,0.02304043513091875,20.76392866544112,0.054100822388746785,38.74803745639606,0.009009068052012117,1.0,1.0,1.4112393980666293,119,119,30,1.0,1.0,,0.0,0.34630366492146597,0.7565193521822674,15.92703037357354,0.050333094404857275,permissive,rete2_Defect-Free.png,rete2,A,4
29.003642183131756,0.8530738072921901,0.11016405051113048,0.8951558043697775,0.8024840519322268,28.57682527048757,0.027702019184568508,31.366163435560075,0.022361648680976565,0.990909090909091,0.9083333333333333,0.515805240252132,120,110,0,,,,,0.8031058455822425,0.9985684091325846,27.199656918199633,0.9977952812823512,permissive,rus2_Anti-Anion.png,rus2,A,4
33.811524916548066,0.8867025032086827,0.08494397053029776,0.21061346256354782,0.06705567477636053,29.612565363246798,0.022887240909944172,34.352561044786434,0.015631279566820828,1.0,1.0,0.35856858280031806,70,70,1,1.0,,1.0,,0.24530204769442884,0.863673139158576,30.929578264756472,0.23609336194632652,permissive,sno2_Anti-Metal.png,sno2,A,4
35.09595423860424,0.8648148208561459,0.036337967852875366,0.17188486319171475,0.07872970230040595,30.148766421756626,0.02403846768969873,35.96585797366213,0.012161896614446327,0.93,0.96875,0.45199676466631616,96,100,4,1.0,1.0,1.0,0.0,0.2961790122279239,0.8339241594156193,26.978439894444392,0.22167202300405953,permissive,sns2_Vacancy-Metal.png,sns2,A,4
27.921208959709066,0.900248571023907,0.007960400023009868,0.17550329644074633,0.050676096271932466,18.13690108120961,0.07250470233713668,30.55379540190026,0.013368883907058104,0.9908256880733946,0.9818181818181818,0.3469443332443555,110,109,29,1.0,1.0,,0.0,0.21059666148504352,0.5743947378848516,14.837246337936262,0.13821721023441486,permissive,snse2_Vacancy-Anion-03.png,snse2,A,4
32.998368791290446,0.8879234948483482,0.009568522075992448,0.14783604527172636,0.06863136863136864,24.330289175081653,0.0316874957859547,35.74393328541804,0.012432888674026425,1.0,0.9943181818181818,0.7708992893275453,176,175,6,1.0,,1.0,1.5129737499054392e-05,0.1658082052692255,0.7735425455801446,30.997731224090042,0.3201848998459168,permissive,snte2_Fe_doped.png,snte2,A,4
34.43829248095141,0.9174441441226063,0.011097909258733002,0.19968865277871162,0.07274566327820765,26.52236604798249,0.029657738041899296,36.7081868825141,0.010758622431132384,1.0,1.0,0.641688947919748,68,68,7,1.0,1.0,1.0,0.0,0.22565667149475588,0.76359149054505,24.30163288181545,0.24616143225610682,permissive,tas2-A_Doped-Li.png,tas2,A,4
35.214162584462876,0.9104901166391975,0.005859521455547221,0.08540915107131784,0.061558230688881305,28.72290379020127,0.02663236698539806,36.33136867700329,0.01121217262196113,0.968421052631579,0.989247311827957,0.48900964692182575,93,95,11,1.0,1.0,1.0,0.0,0.2751240798107991,0.6938132638918056,30.394503617770972,0.15523874530731283,permissive,tas2-B_Vacancy-Anion-06B.png,tas2,A,4
32.36002253610215,0.9159805187794744,0.00749069731642542,0.21317742854535424,0.02926271808714178,32.44711008448992,0.018348041879064858,32.357424228492654,0.011549660243644087,0.9801980198019802,1.0,0.3481553119113957,99,101,3,1.0,1.0,,0.0,0.13122611175150153,0.7644460151970313,30.927318066851793,0.1704673554445513,permissive,tas2-B_Vacancy-Anion-09B.png,tas2,A,4
35.170263880149676,0.9295253963656412,0.004594033980133565,0.1379893247873042,0.041567427630030594,23.312834720052862,0.04650068609544894,39.39307869617895,0.008023404474260478,0.9916666666666667,0.9834710743801653,1.3781000195434097,121,120,9,1.0,1.0,1.0,0.0,0.17512249897917517,0.7770354433246518,18.072722328360012,0.18443869145681338,permissive,tase2-A_Vacancy-Anion-12B.png,tase2,A,4
31.20401947169033,0.922895706967759,0.0044475437160592995,0.12192430555284699,0.03513836209583451,17.956966265667205,0.08135228818099474,36.93485876872418,0.010683560421507634,1.0,0.9831932773109243,0.4529108136578383,119,117,33,1.0,1.0,,0.0,0.32664078882791237,0.49952237991266374,16.364286462812437,0.05373608826787247,permissive,tase2-B_Defect-Free.png,tase2,A,4
30.97427785012806,0.8922896481429415,0.23664736262446473,0.4560078421619495,0.3373052597256254,30.373040550699677,0.02444518383495295,31.315562422153537,0.022911704492494314,1.0,1.0,0.5119267188936727,145,145,21,1.0,1.0,,,0.4083108463515496,0.6786577391106562,28.29636298027749,0.5606386090425659,permissive,tase2-B_Vacancy-Anion-09B.png,tase2,A,4
37.04814982060139,0.9493851985452793,0.012912592223460962,0.06359359401533672,0.0488133445945946,29.455939217875837,0.023564032424547153,38.25982415088217,0.008946064419786006,1.0,1.0,0.45267873021259264,122,122,28,1.0,1.0,1.0,0.0,0.20583160800552106,0.928886581884246,28.264584247731463,0.22028716216216215,permissive,tate2-A_Fe_doped.png,tate2,A,4
33.59308587334989,0.9043035552321647,0.005358694394698062,0.14755668800525168,0.11857125793461197,27.930622594461468,0.028608346522058122,35.53789046478655,0.012807154600852376,1.0,0.9944444444444445,0.5692296077759089,180,179,3,1.0,,1.0,0.0,0.362105481066276,0.8181147688433171,28.094194495977614,0.2678912702204628,permissive,tate2-B_Anti-Anion.png,tate2,A,4
32.20773212982181,0.9042825296079292,0.06419349929959825,0.23834318279184818,0.1126160330352877,24.94792688337109,0.03516734201594995,35.659704520772216,0.013147419293195989,1.0,1.0,1.0218605066385649,181,181,2,1.0,,1.0,,0.22672200131947293,0.9633130042804652,30.751581367422887,0.47849122926762677,permissive,tate2-B_Anti-Metal.png,tate2,A,4
35.44685687097397,0.9217462575724207,0.006969226783320509,0.1114030386438058,0.032066923759470345,25.115289305846616,0.03465507818873859,37.15026275719176,0.010140241693146328,1.0,1.0,0.8765230646861663,164,164,0,,,,0.0,0.12806416811295088,0.9080085140348543,20.58301485183648,0.22736289331786227,permissive,tate2-B_Vacancy-Anion-12A.png,tate2,A,4
33.33809369260067,0.8214104533066998,0.029486369321732226,0.6144257177765527,0.32701348389445234,31.421881037679444,0.021128823354263613,34.701846080393906,0.014442094164916581,1.0,1.0,0.4509876168016973,118,118,27,1.0,1.0,,0.0,0.49349648366832666,0.9755583449778557,31.229300434375894,0.6464498607206384,permissive,tis2_Vacancy-Anion-12A.png,tis2,A,4
30.152852275242804,0.8413638621687768,0.01096295641065082,0.6182681453070659,0.2253098610820677,24.794324680487676,0.03264417834987159,35.49935145134054,0.012947488396634484,0.991304347826087,0.9743589743589743,0.6352234031660235,117,115,28,1.0,1.0,1.0,0.0,0.3036364402010589,0.9088044549350321,16.330461380725815,0.6743676923513816,permissive,tis2_Zr_doped.png,tis2,A,4
27.82442086301625,0.8346677874580329,0.025023283837988266,0.5028399345179849,0.24425908977452368,22.54340075379153,0.03832171321688148,34.154219210313826,0.015259505546942165,0.9872611464968153,0.9872611464968153,1.0564700810993488,157,157,3,1.0,,1.0,0.0,0.34659788191445845,0.865820772658889,14.663549990197584,0.6101727819840808,permissive,tise2_Adatom-Li.png,tise2,A,4
30.03055016750844,0.8518261944116025,0.042176836075867266,0.8339855116224673,0.45999389854951883,29.613246077027565,0.02332213059832654,30.420670254878992,0.01679018628350053,0.9841269841269841,1.0,2.0333245196354017,186,189,6,0.8333333333333334,,0.8333333333333334,0.0,0.46695297714368905,0.9991609389444913,11.918138826644986,0.9842702757670725,permissive,tise2_V_doped.png,tise2,A,4
32.41504327830314,0.8821177114943806,0.28496297452958164,0.05871455994195198,0.046032662334034746,29.53245773337681,0.025522925277802852,32.61708926388965,0.020726288796784575,1.0,1.0,0.28867513459481287,72,72,4,1.0,,1.0,,0.4110176218447373,0.3491100323624595,28.355676950906993,0.0390992098222876,permissive,tite2-B_Cu_doped.png,tite2,A,4
30.577280165156676,0.9376651298729549,0.036860619749588874,0.09215188238770666,0.02428880902279908,27.643638479960373,0.02870012854357393,30.68288146241205,0.011548887099991717,0.9696969696969697,1.0,0.3061862178478973,64,66,0,,,,,0.24229929662866845,0.6808075645284948,28.774311314039256,0.06824619446358333,permissive,tite2-B_Vacancy-Anion-06A.png,tite2,A,4
24.254147737588447,0.7198419917557841,0.14031293089455382,0.7084890276554154,0.8810847975553858,23.902744654030194,0.03631597933587757,28.50734599903367,0.02411024102780331,0.7916666666666666,0.95,0.8271701918685112,100,120,1,1.0,1.0,,,0.8832415257497191,0.9954176565453379,22.693775121540767,0.992987012987013,permissive,vo2_Vacancy-Anion-03.png,vo2,A,4
30.891827131923478,0.7564989635522901,0.025384582243310732,1.2948186952085003,0.5639575851734882,29.569971374719245,0.0246110141508139,33.56897600058597,0.016444154268956106,0.9753086419753086,1.0,0.6797244415612081,158,162,8,1.0,1.0,,,0.5876345790819728,0.9950221794022601,16.694514695441203,0.9549307094324031,permissive,vs2_Vacancy-Anion-06A.png,vs2,A,4
29.723609362611242,0.7638688214162261,0.11726779722555389,1.1073140432843591,0.7978192643908458,29.58237760431413,0.026854538672078248,30.33058794768378,0.02340695691924801,0.9772727272727273,1.0,0.6603381797442178,172,176,17,0.9411764705882353,0.9230769230769231,1.0,,0.8271134547739467,0.952490573667278,28.67843725669966,0.9187558543950057,permissive,vs2_Vacancy-Anion-12A.png,vs2,A,4
35.837576075225385,0.9006580420961432,0.005800370338857396,0.09957184401468382,0.05164308340497378,31.29860589898186,0.021495391838021623,36.297100948037,0.011829003841046116,0.9325842696629213,0.9880952380952381,0.3104602102825332,84,89,0,,,,,0.3558753208010704,0.8110377924415118,30.61807381548236,0.1176942876099455,permissive,vse2-A_Vacancy-Anion-06A.png,vse2,A,4
32.73406661674068,0.894471226981371,0.13296630064335696,0.18887992797961878,0.05938799693301424,29.615662487334102,0.02294222583501645,33.032087430486136,0.015586828997303195,0.9893617021276596,0.9893617021276596,0.5865884600854132,94,94,6,1.0,1.0,,,0.2965970075809998,0.8384628760215614,29.964912227206586,0.16788649054733304,permissive,vse2-A_Vacancy-Anion-06B.png,vse2,A,4
30.011144700325346,0.8936750938269673,0.004664489847356919,0.02604176833426174,0.031170869788986102,15.686251694557251,0.12672368211928972,37.93673617981077,0.009383809979284362,0.9818181818181818,0.9818181818181818,0.5931710140017395,110,110,14,1.0,1.0,1.0,0.0,0.0,0.0,15.686251692511847,0.0,tight,vse2-B_Anti-2M.png,vse2,A,4
25.009020448303943,0.8113553759315038,0.013909256879491865,0.8137385877551004,0.4824292331446217,22.121693472154686,0.036766799145953724,34.21927897456021,0.015088148840686882,0.9550561797752809,0.9826589595375722,2.7439773622801416,173,178,13,1.0,1.0,1.0,0.0,0.5974387583473497,0.9568255526158573,9.701738730902514,0.772632527020072,permissive,vse2-B_Vacancy-Anion-09B.png,vse2,A,4
37.79677242645577,0.9213211739085986,0.008097447242506684,0.04211935356826817,0.018739531925946493,30.563808040633056,0.022522344795791377,38.16782928269093,0.009305193700517083,1.0,0.9915966386554622,0.31889640207164033,119,118,7,1.0,1.0,,0.0,0.19764376338770803,0.8599593738797945,25.696888169509954,0.08153678044586159,permissive,vte2_Defect-Free.png,vte2,A,4
34.37092561760694,0.9027709827536594,0.011426772095874007,1.4672256267537132,0.28511003233347365,32.15713257024121,0.018777665716243595,35.708995792220364,0.012876942158803906,0.9948717948717949,0.9847715736040609,0.4425791326529006,197,195,7,1.0,1.0,,,0.29084517176867253,0.9999528779775227,,0.9802349326908436,permissive,vte2_Vacancy-Anion-09B.png,vte2,A,4
35.56517693716049,0.9270468529474216,0.020362610223149787,0.17530261312570605,0.04382806634359429,25.65138724909485,0.028167985170600044,37.80924643220065,0.0094636575125047,1.0,0.9830508474576272,0.454858826147342,59,58,0,,,,0.0,0.26153170862039354,0.8892349620401012,27.143322035493057,0.1490199758833299,permissive,ws2-A_Vacancy-Metal.png,ws2,A,4
25.927928103087968,0.8909920107548073,0.022828692158057395,0.17879770486751612,0.06841398766864605,30.236646563824564,0.022012136936513566,25.731747592496482,0.017346717769849546,0.9519230769230769,0.9705882352941176,0.4264014327112209,102,104,7,0.8571428571428571,0.8571428571428571,,0.11481732070365358,0.23762114351009353,0.9336132357831726,30.514282945110928,0.2687984892953837,permissive,ws2-B_Vacancy-Metal.png,ws2,A,4
34.23139357808271,0.8946051470379852,0.05088146926825287,0.15683882098134252,0.06900367556422152,32.17355662097002,0.018960958433614172,34.431023490773676,0.015446525552760573,1.0,1.0,0.2711630722733202,68,68,4,1.0,,1.0,,0.3276823037621923,0.801997482846819,30.243130763625405,0.16888545238575495,permissive,ws2-C_Defect-Free.png,ws2-C,A,4
28.637850204530963,0.9119426327243918,0.006913165308555125,0.16358859273800738,0.030525782541460034,14.517278338884346,0.14620330973357257,35.24721349550852,0.009434972177959926,0.9821428571428571,0.9649122807017544,1.0702591020190138,114,112,8,1.0,1.0,1.0,0.0,0.04323886639676113,0.06996244213468425,14.379451896303712,0.04939209726443769,permissive,wse2_Vacancy-Anion-06A.png,wse2,A,4
36.06497378976948,0.9255094191629191,0.010826815467189194,0.020514731293119003,0.01782663460437421,30.63251548758123,0.02245732787556234,36.266101361341484,0.011883084908439139,1.0,1.0,0.31072773313293267,145,145,43,1.0,1.0,1.0,,0.0,0.0,30.63251521500289,0.0,tight,wte2_Mo_doped.png,wte2,A,4
27.633430435249767,0.8453629813208469,0.05428717909241109,0.49299080971249004,0.21581032776147635,21.704796304117973,0.041479221165900165,34.678630128941485,0.014220572769686931,0.9850746268656716,0.9295774647887324,0.3692744729379982,71,67,0,,,,0.0,0.34838286783162004,0.8897312010888058,12.98515149949765,0.5511556389718646,permissive,zro2_Defect-Free.png,zro2,A,4
28.353380116235627,0.8461568810753148,0.012664970827223777,0.37550976981959505,0.15367697967716973,30.094368943041566,0.02257752983992123,28.100441571025904,0.01708665807574125,0.9830508474576272,1.0,0.5333692516640697,116,118,28,0.9642857142857143,0.96,1.0,,0.3017822119894261,0.9378975265017668,26.313837601818967,0.4776068747369707,permissive,zrs2_Vacancy-Anion-03.png,zrs2,A,4
31.540732715910007,0.876374798539969,0.00232323251697222,0.38175600371144797,0.09677477575035645,25.216915397035088,0.030096177320741033,33.427814448963076,0.012981998605607926,0.98,0.9932432432432432,0.6801360408136048,148,150,4,1.0,1.0,1.0,0.0,0.19038950632338084,0.9059223341207675,16.3923519628923,0.4604793217062425,permissive,zrse2_Vacancy-Anion-03.png,zrse2,A,4
33.15334611871558,0.9117676040655682,0.011001667711826629,0.19670207361326175,0.08137118409820739,24.803099695363336,0.04063730526750061,36.31618839498498,0.010592344038570662,0.9895833333333334,0.9895833333333334,2.3708759207472134,96,96,3,1.0,1.0,,0.0017951462008492423,0.4885680579742711,0.8146055137531611,22.362612405041617,0.1356728385024999,permissive,cose2_Fe_doped.png,cose2,A,8
27.805042121551914,0.7502780402016223,0.035426144621446096,1.0383752917097884,0.7192441492726123,27.323370972412174,0.031049138171694645,29.357059671401394,0.021460991606529468,0.975609756097561,1.0,1.4186260959111108,80,82,2,1.0,,1.0,,0.8185395314787701,0.9832911948994174,29.55986016395771,0.8640101201771031,permissive,cro2_Vacancy-Anion-03.png,cro2,A,8
28.024958788825153,0.8527933633685983,0.0097942967091624,0.1570627119195318,0.0964765100671141,18.598320593246683,0.06899118699016628,35.693525206806015,0.012397333427233384,1.0,1.0,1.0564700810993488,155,155,2,0.5,1.0,0.0,0.0,0.37471698113207547,0.5271233569261881,16.043547771938794,0.135715818635867,permissive,crse2_Anti-Anion.png,crse2,A,8
31.437845697997187,0.8751287774784763,0.010775113869737826,0.17172916926727977,0.12118470029521243,24.288464144810497,0.031047445484313665,35.178598674572385,0.013452418372661545,0.9885057471264368,1.0,0.9853579210409482,172,174,1,1.0,1.0,,,0.2855741279069767,0.6936574343765998,22.07603796711666,0.29435673640525395,permissive,crte2_Vacancy-Metal.png,crte2,A,8
35.487108150292485,0.8762129788840741,0.025457350278572943,0.09058058690446436,0.05658295281582953,27.78616840507032,0.031018878198446943,36.99456223340808,0.010632728878768032,1.0,1.0,1.453687568623262,53,53,1,1.0,,1.0,0.0,0.3178630581104416,0.8087872674288277,26.213483159693695,0.14397260273972604,permissive,cus2_Cu_adatom.png,cus2,A,8
33.93320477013515,0.8671802619440799,0.015508264544146246,0.12324113141732487,0.014943528228453648,28.977872630388934,0.02613136116526428,34.07584836958226,0.012923967952749426,0.9779005524861878,1.0,0.5097911392420601,177,181,15,1.0,1.0,,0.0,0.032509167810299444,0.4791114058355438,27.416026257859695,0.22023371559235283,permissive,cuse2_Cu_adatom.png,cuse2,A,8
31.631020750272004,0.792700783122812,0.039793613781722956,1.04564614314783,0.5378842895182765,30.399753341077734,0.02362187037690655,33.71779976251937,0.016349051464981328,1.0,1.0,0.7443480731848872,74,74,4,1.0,1.0,1.0,,0.6261184610148754,0.9910468319559229,30.756139557042253,0.8513860463751531,permissive,feo2_Int-Anion.png,feo2,A,8
30.37686550940768,0.9183374182539492,0.00787917883061518,0.17764625288377106,0.054360899416964654,18.582331473990237,0.07557034556065444,37.62383940316306,0.009539524816871238,1.0,1.0,1.9958289839896939,60,60,1,1.0,,1.0,0.0,0.7479616306954436,0.4641829546582002,16.3391322784088,0.033736226396776856,permissive,fes2_Ni_doped.png,fes2,A,8
23.340222590999034,0.7858224962393916,0.0316848428563946,0.6063334372970293,0.37740353006625194,19.551190364021018,0.050099104076803534,31.41656743738028,0.016932573140623693,0.9230769230769231,0.9896907216494846,3.1606302114188134,97,104,37,1.0,1.0,,0.0,0.5823842407108967,0.8668256861063465,11.709301574204368,0.5617306427957316,permissive,ges2_Vacancy-Anion-03.png,ges2,A,8
38.683802936955004,0.943829283186292,0.002977804405733493,0.018396628962308186,0.005059639389736477,31.040002094656536,0.020982111480675244,38.79141671758447,0.00844580512097718,1.0,1.0,0.25098232205526344,127,127,8,1.0,1.0,1.0,0.0,0.0,0.0,31.040001833613676,0.03373980582524272,permissive,gete2_Defect-Free.png,gete2,A,8
25.840585386905126,0.8977860135273105,0.003243774667540955,0.1650433446401423,0.07375645765202142,15.072006631932584,0.0952564563854761,34.72889857260875,0.01226491280035922,0.9459459459459459,0.9722222222222222,0.4629100498862757,72,74,0,,,,,0.23613475400878464,0.45126310293586086,12.50933419272098,0.14095158538319352,permissive,hfo2_Int-Anion.png,hfo2,A,8
30.736662443914785,0.8954547500104505,0.03238940646760867,0.1304146097198486,0.08409194355939918,22.540010129242756,0.03676475368206585,33.873161086424474,0.016629724413705037,0.9944444444444445,0.9944444444444445,0.5178382224025236,180,180,3,1.0,1.0,1.0,,0.2576515586439313,0.7793640054127199,30.93236098766799,0.25436769837657414,permissive,irte2_Vacancy-Metal.png,irte2,A,8
31.231047875049253,0.7989787792512788,0.03275863450521257,1.0451520512030776,0.567795847750865,29.91015978942616,0.02470287649280835,33.963645697773174,0.015778146183319287,1.0,1.0,0.46499055497527714,74,74,9,1.0,1.0,1.0,,0.660309074311934,0.9962521253191787,31.33445671863191,0.8566712802768166,permissive,mno2_Defect-Free.png,mno2,A,8
26.268436975841205,0.7980991265890535,0.02694456341421283,0.7363464779365302,0.47008601484772883,23.434754853946643,0.03604136271636257,33.62955732626467,0.0161096004766939,0.9903846153846154,0.9716981132075472,1.4142135623730951,106,104,15,1.0,1.0,1.0,0.0,0.6206515945727032,0.9548304203818366,16.518247797639944,0.7231954789090622,permissive,mns2_Int-Anion.png,mns2,A,8
31.63750377179028,0.8400603365104706,0.003465603568199843,0.47077587335219484,0.23312250955420122,27.779198727726374,0.025486028493978623,34.117681282459856,0.014633466951425133,0.9875776397515528,0.99375,0.7397092748646287,160,161,8,1.0,1.0,1.0,0.0,0.3443102472164559,0.9382006294094658,27.31849496228834,0.6352285096405127,permissive,mnse2-B_Vacancy-Anion-03.png,mnse2,A,8
35.43297882883458,0.9322120324527384,0.2602506897512304,0.06126155700927226,0.0438259333833868,33.694512471711164,0.0167880164854685,35.53209073642397,0.014094975674737538,1.0,1.0,0.24433888871261045,67,67,3,1.0,,1.0,,0.4854033606534909,0.8618289774662968,30.14629407955127,0.07781252132960208,permissive,mnte2_Defect-Free.png,mnte2,A,8
27.250584135221647,0.8089990428384632,0.03650012545267367,0.36741437402152693,0.2219420602376566,22.795039317385026,0.03626087610878502,30.353134970950745,0.01618057843317028,0.9625,0.9166666666666666,1.9137235072856429,84,80,3,1.0,1.0,1.0,0.0,0.3844128488678252,0.874953778673161,15.301896905603542,0.5051575274431398,permissive,mos2-A_Adatom-Li.png,mos2,A,8
27.312341708022107,0.8160321328794481,0.01808463852520141,0.36214904472762477,0.22278254619135346,23.094606072744636,0.033158915944836206,30.07275710845616,0.01599431940259909,0.958904109589041,0.958904109589041,1.7196345126633328,73,73,3,0.6666666666666666,0.6666666666666666,,0.0,0.38381296356727634,0.8814719780498959,16.122185217832772,0.5116465317927255,permissive,mos2-A_Vacancy-Metal.png,mos2,A,8
35.12992362131818,0.8833948126518345,0.010887133256501562,0.20928986348342035,0.1471906366902478,32.90940878372793,0.01720413903364953,35.661460971285955,0.012609829828258243,1.0,1.0,0.4065578140908709,121,121,29,1.0,1.0,1.0,0.0,0.40588512487564793,0.9003135767101544,29.15644343508454,0.32649072472769647,permissive,mos2-B_Adatom-K.png,mos2,A,8
29.836141665379326,0.8538782344988362,0.03277033190444727,0.5312774633939604,0.43128377974113,27.600750570725957,0.028094439024500963,32.93855352422649,0.018403832881593644,1.0,0.9769230769230769,0.5324139056496683,130,127,28,0.9642857142857143,1.0,0.75,0.0,0.6389978996241432,0.9164591246903385,29.44433792485535,0.6185528238937624,permissive,mos2-B_Anti-Anion.png,mos2,A,8
27.102615026923257,0.9259761475161896,0.009092423924410686,0.15789408680720585,0.05399423782084861,14.77806717029971,0.12223474870289294,37.94904152940797,0.008979923448231066,0.9811320754716981,0.9904761904761905,1.1848401385191818,105,106,30,1.0,1.0,,0.0,0.2775162600165295,0.37463012369633764,13.087609302506205,0.0728889470927187,permissive,mose2-A_Doped-Na.png,mose2,A,8
33.148415256343824,0.8846947863763563,0.008500646162305066,0.5866146703688664,0.11853540657550687,26.089050505738072,0.0264505079497906,36.60447959468478,0.011555732611376202,0.9941860465116279,1.0,0.5461186812727502,171,172,5,1.0,1.0,,,0.14471522544513693,0.9835009605605153,24.688442069136997,0.8055799648506151,permissive,mose2-B_Adatom-K.png,mose2,A,8
33.750914618512724,0.8426160939626586,0.03626517035847978,0.3179217333461362,0.15491984225641905,30.78253905391908,0.021359553683017167,34.61170319126094,0.014813316663554586,1.0,0.9942857142857143,0.6158817620514397,175,174,8,0.875,1.0,0.6666666666666666,0.0,0.25015204500532157,0.9104555044443676,31.198174365999783,0.5638475716918856,permissive,mose2-B_Doped-Na.png,mose2,A,8
30.670360406288598,0.8527358518681951,0.31576486620060995,0.24250046707484865,0.20246527926614943,28.876369913476132,0.029098063971739686,31.274385980677426,0.02299852097783259,1.0,0.9946808510638298,0.9783758231563668,188,187,3,1.0,,1.0,,0.2695710009976721,0.4290421182168235,28.75756270575746,0.32223841570577394,permissive,mose2-B_V_adatom.png,mose2,A,8
29.39898521313989,0.8904611909752467,0.047568592223979224,0.9180981310028872,0.22890430746643303,25.03340424267531,0.03660975207293257,32.53529503846264,0.018663132359183907,1.0,0.9947089947089947,1.2225714093924451,189,188,10,0.9,1.0,0.8571428571428571,0.0,0.2612812866587,0.9861892741868741,22.32552577034468,0.8639844656515665,permissive,mote2-A_Anti-2M.png,mote2,A,8
22.4387792290753,0.8277358206111817,1.433137840488223,1.7338201074642274,0.9715077316536029,22.419668081895985,0.06856304473459045,23.14650987021789,0.05750197011443658,1.0,1.0,1.257839268115424,213,213,0,,,,,0.9715077316536029,1.0,,1.0,permissive,mote2-A_Ti_doped.png,mote2,A,8
38.61782357578173,0.9467996542397857,0.018069249966674618,0.02646871364678478,0.004217528932340361,30.968905933722954,0.021463965814487607,38.707392649375706,0.008546804709148984,0.9915966386554622,1.0,0.5042194840896107,118,119,24,1.0,1.0,,0.0,0.0,0.0,30.96890622575529,0.1387075433123682,permissive,mote2-B_V_adatom.png,mote2,A,8
30.805842252681167,0.9040057838778612,0.11872944100082677,0.19997448310684549,0.11275457932675742,27.508601724924894,0.03155250246504228,31.483358081081334,0.023390463972836863,1.0,1.0,0.6997536512329129,145,145,30,1.0,1.0,1.0,,0.3816591142759225,0.8167668330447183,29.571208233730783,0.24129962373026193,permissive,mote2-B_Vacancy-Anion-06B.png,mote2,A,8
30.59205687860359,0.8457042606461942,0.019701769978229727,0.3058495497768169,0.18122745889113026,24.71173976922423,0.029900584108944066,34.979610025588485,0.013876767691612895,1.0,1.0,3.2218444546782274,71,71,6,1.0,,1.0,0.0,0.455154490845653,0.8536276857692178,17.37524673333787,0.33988630111865026,permissive,nbo2_Defect-Free.png,nbo2,A,8
32.44372723055981,0.8793122213370373,0.012029852543483582,0.2547237356615307,0.08944600633533926,23.931862711516523,0.03795961975917144,36.41339781549733,0.011618305568981892,0.9906542056074766,1.0,1.4471833410599741,106,107,15,1.0,1.0,1.0,0.0,0.226089033391374,0.8469708777094698,19.759869722997664,0.33508110215282777,permissive,nbs2_Anti-Metal.png,nbs2,A,8
32.208814264621836,0.8554074201634314,0.04579023000494991,0.5711473351756429,0.3196893773347687,29.80274418665936,0.023977557426057762,34.065320445245646,0.015787621155849182,1.0,0.9826086956521739,0.5485298130021853,115,113,28,1.0,1.0,,,0.4521401804041203,0.9694586213579689,28.493873791208273,0.6854635717992209,permissive,nbs2_Vacancy-Metal.png,nbs2,A,8
33.98621988025286,0.925701552178461,0.040035769915976294,1.0944336750109918,0.20733216013656394,30.529070667315857,0.020543909215952248,35.64999225170669,0.01236583525224363,1.0,1.0,0.31072773313293267,145,145,40,1.0,1.0,1.0,,0.21032959648404256,0.9917087780565931,27.43932607477174,0.9775757982613033,permissive,nbse2_Cu_doped.png,nbse2,A,8
31.185477670065815,0.877439107130525,0.13553517642365812,0.24541691435311438,0.15377109236766773,29.436345819227576,0.024816119623599708,31.595628399647172,0.022603230382255698,1.0,0.9851851851851852,0.9176629354822471,135,133,31,1.0,1.0,1.0,,0.33547976650016764,0.6084163587320891,29.65243936289651,0.2788747860194584,permissive,nbse2_Vacancy-Anion-03.png,nbse2,A,8
24.821937107473538,0.8611234706921296,0.010472610236705303,0.4017987055637117,0.10455913134484562,17.26472253540835,0.08557522648545578,28.2760914639379,0.019079717026200316,0.9139784946236559,1.0,2.0536910816438603,170,186,4,1.0,1.0,1.0,0.0,0.17274114798507284,0.9015535397768741,14.675298167273054,0.5457046921332636,permissive,nbte2_Vacancy-Anion-12A.png,nbte2,A,8
27.73567481288613,0.8767963531880529,0.09187724786380073,0.40596318394384256,0.2633852258852259,23.459493183645762,0.03705058871915447,31.71034783202908,0.015721277027707058,0.9781420765027322,0.988950276243094,1.632422883101601,181,183,11,0.9090909090909091,1.0,0.875,,0.32084645009815077,0.9593042988766464,15.837777313972055,0.7875,permissive,nbte2_Vacancy-Metal.png,nbte2,A,8
36.51529342558274,0.910075967815595,0.0279352822253062,0.10747395287768266,0.0338114161849711,31.531475999736394,0.020885017832345285,36.85508073315464,0.010828627808712693,0.9947643979057592,1.0,0.37696851746252596,190,191,7,1.0,,1.0,0.0,0.10307085867548055,0.8130142109199701,30.9838662860267,0.2667015895953757,permissive,pbse2_Defect-Free.png,pbse2,A,8
36.13178975842524,0.9110732379271416,0.013139106755385058,0.09364909749160605,0.027349636109644967,31.96830510364442,0.019277191106182395,36.33276450080758,0.011511621972315356,1.0,0.9947643979057592,0.33245498310218435,191,190,8,1.0,,1.0,0.0,0.05975133710172112,0.5740289784488006,30.591196092809323,0.26274698506309596,permissive,pbte2_Vacancy-Metal.png,pbte2,A,8
35.09294923394156,0.9341039159330163,0.14363313877425776,0.12395842491154407,0.04223341906649239,30.86084653788625,0.015404968033838765,35.420973250992986,0.014611794784082937,1.0,1.0,0.8199200616907877,119,119,30,1.0,1.0,,0.0,0.34519485099629693,0.9771876403933509,18.998741623389,0.1195555930345322,permissive,rete2_Defect-Free.png,rete2,A,8
28.72123694651467,0.8442989996931249,0.6184140212937631,1.311496183749157,0.8937914191521384,29.063403925757957,0.02952859884161498,26.579213080312112,0.03637825417145362,0.9904761904761905,0.8666666666666667,0.7337993857053428,120,105,0,,,,,0.8956448008621646,0.9793882921108804,26.365904525903336,0.9773616177575377,permissive,rus2_Anti-Anion.png,rus2,A,8
30.428416118242637,0.8709033555854827,0.2940325718574535,0.25208264454528845,0.16982735755792924,27.395959021249602,0.030308051149186326,31.433830422242288,0.023316833544852398,1.0,1.0,1.1952286093343936,70,70,1,1.0,,1.0,,0.39503820856127203,0.6587335392042026,29.508363646989274,0.28319026836737154,permissive,sno2_Anti-Metal.png,sno2,A,8
35.46280213286491,0.8662968233155456,0.03517370350792461,0.17371576057649407,0.07222598105548038,31.299522792650794,0.021429092418925894,36.043665694906494,0.012076609013960828,0.9393939393939394,0.96875,0.3592106040535498,96,99,4,1.0,1.0,1.0,0.0,0.2798399455133663,0.8660128805620609,30.893490283395995,0.2235157307171854,permissive,sns2_Vacancy-Metal.png,sns2,A,8
26.27521894837586,0.8906311700857092,0.011154312654331824,0.2317594049951553,0.09820162809283423,18.453598683995814,0.06581845206762979,29.74829469687444,0.0145337350198663,1.0,1.0,2.7601053998320095,110,110,29,1.0,1.0,,0.0,0.33937759848516036,0.6743277783457724,14.970100165562691,0.19512214712272544,permissive,snse2_Vacancy-Anion-03.png,snse2,A,8
27.491024904140858,0.8824119787998134,0.007604076899739668,0.233884406862728,0.09972231158671836,18.098804584789324,0.07176218035354387,35.79596518718807,0.012046882780943947,1.0,1.0,3.3123391899216643,176,176,6,1.0,,1.0,0.0,0.2225726858799888,0.7428474403599626,13.90395257944209,0.33282818876039216,permissive,snte2_Fe_doped.png,snte2,A,8
35.01917158473279,0.9212355757630905,0.00870651387849941,0.17213266790724244,0.13661811561219844,30.164261634087733,0.023246168429396898,36.730700318127205,0.010670315364847409,1.0,1.0,0.6063390625908325,68,68,7,1.0,1.0,1.0,0.0,0.3630019937339789,0.896422159290725,26.254769641887744,0.33737419713751077,permissive,tas2-A_Doped-Li.png,tas2,A,8
26.186741240078607,0.9011946422397993,0.005443517064267501,0.19068638757578366,0.10264703753115531,17.31733038037666,0.07237704867716986,32.519115836657505,0.012026114294952787,0.9479166666666666,0.978494623655914,0.5836602955995385,93,96,11,1.0,1.0,1.0,0.014227069666358111,0.3892421991084695,0.6598322460391426,16.567395203790117,0.17400432296029703,permissive,tas2-B_Vacancy-Anion-06B.png,tas2,A,8
30.906528114993037,0.9047024836148323,0.008734211621081485,0.24111739879441607,0.11342082674030178,24.614847558012244,0.04073863722119619,33.24799218219949,0.012085992115953133,0.9801980198019802,1.0,1.2987950904082934,99,101,3,1.0,1.0,,0.0,0.3312115845400563,0.7247424090453177,21.66435483961059,0.24818239169329734,permissive,tas2-B_Vacancy-Anion-09B.png,tas2,A,8
35.47163178612095,0.9284612408976797,0.0021831679849727385,0.050524836831739625,0.01708637326429748,20.23207657927233,0.0861215314425056,39.071803936657126,0.0082306647949475,1.0,0.9834710743801653,0.4674263524428027,121,119,9,1.0,1.0,1.0,0.0,0.02005473763684409,0.05853994490358127,19.98083344650224,0.04987526476818075,permissive,tase2-A_Vacancy-Anion-12B.png,tase2,A,8
31.800431757345777,0.9215984766682587,0.018876195055416017,0.1255145364407269,0.053498731700767695,20.613660091522128,0.048812085221873566,36.83562602429323,0.010942435493628163,1.0,1.0,1.4052721857228894,119,119,33,1.0,1.0,,0.0,0.38729807375312014,0.7370708971945864,15.678743657071685,0.10181397958254014,permissive,tase2-B_Defect-Free.png,tase2,A,8
28.936551950028342,0.8822543271832374,0.18453545538522592,0.4244154150444564,0.5555486293257635,27.82579093555293,0.03296110613743646,30.904007519365756,0.023730978316705544,1.0,1.0,0.4982728791224398,145,145,21,1.0,1.0,,,0.5516516803340201,0.5234424899445873,27.17582005163792,0.5271401650467281,permissive,tase2-B_Vacancy-Anion-09B.png,tase2,A,8
35.522865397143235,0.9495824239540629,0.01540283584682544,0.11180429848395226,0.13390625,31.158073313184893,0.020789093827830705,36.876461796724186,0.010221778442574663,1.0,1.0,0.6005461994758755,122,122,28,1.0,1.0,1.0,0.0,0.37891735929871434,0.8676716389668548,27.33179070685477,0.30662795608108107,permissive,tate2-A_Fe_doped.png,tate2,A,8
32.43981367022371,0.9067845722961887,0.006876897086671321,0.21309561592944404,0.1740495529315405,27.15137098591821,0.028304769089628083,35.46237821209469,0.01286981195039082,1.0,0.9944444444444445,0.9943977150227459,180,179,3,1.0,,1.0,0.0,0.42718710071348615,0.9259803921568628,30.480523069224255,0.377273735581189,permissive,tate2-B_Anti-Anion.png,tate2,A,8
35.64200240656526,0.9046055704449053,0.018297684968799056,0.09243684572125313,0.03538154392191659,32.62267130477219,0.01789506235186209,35.80498207408048,0.01249893404122562,1.0,1.0,0.29731765849886654,181,181,2,1.0,,1.0,,0.10403221985311538,0.6618037135278515,31.115215379364052,0.2250806258958433,permissive,tate2-B_Anti-Metal.png,tate2,A,8
28.717726708934443,0.9112108918317928,0.0032154686651090403,0.12543739005083362,0.062327230223192955,17.249742504266404,0.09515180570960702,37.43209455896812,0.009958572776363445,0.9939024390243902,0.9939024390243902,0.9528774633302539,164,164,0,,,,0.0,0.24692787358072837,0.8320728243386606,16.845355491846036,0.21002405979114053,permissive,tate2-B_Vacancy-Anion-12A.png,tate2,A,8
31.180160790800123,0.8210968663954913,0.03254463579388767,0.6804179845215328,0.3999318447609532,28.568032351675484,0.02666595445094506,34.6451773361607,0.014339732926368937,1.0,0.9915254237288136,1.499287580107048,118,117,27,1.0,1.0,,0.0023128783032331087,0.5278942073937464,0.9755993648088617,30.135720462406997,0.7391125878079571,permissive,tis2_Vacancy-Anion-12A.png,tis2,A,8
28.218759764313756,0.8319218206701208,0.01786393248149757,0.5778673926542561,0.2810525853812176,23.431312217523192,0.03474881584264982,34.91943282841723,0.013863630357389726,0.9913793103448276,0.9829059829059829,0.802170967356439,117,116,28,1.0,1.0,1.0,0.0,0.4116324118458205,0.9213161133870997,15.765776662566982,0.6290522032988168,permissive,tis2_Zr_doped.png,tis2,A,8
25.263383392592154,0.8150797106013404,0.028504285207068335,0.4330604698279693,0.2508921060173244,19.676007502475265,0.05080639021517727,34.384665596672704,0.014842799312520747,0.9691358024691358,1.0,3.034829662897499,157,162,3,1.0,,1.0,0.0,0.3755376403136876,0.787402010003961,13.69913489024908,0.5260536557857466,permissive,tise2_Adatom-Li.png,tise2,A,8
30.59647972512742,0.8479487653590085,0.03828559590907792,1.221359735860504,0.46948350297214597,28.576535099462113,0.02691387305638926,33.820961468918064,0.015945100094025326,1.0,0.9946236559139785,1.0500965206602213,186,185,6,1.0,,1.0,0.0,0.5126076944054461,0.9993551181955124,30.016485824056005,0.9152822845309742,permissive,tise2_V_doped.png,tise2,A,8
38.73984191290213,0.9607857289047409,0.05231052887595401,1.0185144441444212,0.6632568398271086,39.12878951269336,0.007526996291725793,38.06270695038539,0.009142135473250232,0.9863013698630136,1.0,0.408248290463863,72,73,4,1.0,,1.0,,0.6694572205581943,0.9998440219866608,25.42029049738691,0.9905836638672154,permissive,tite2-B_Cu_doped.png,tite2,A,8
35.47870187524324,0.9428817085584944,0.014998055363678722,0.17493341572929647,0.04172279018185054,29.590874520905622,0.023281143468816434,36.06047974995816,0.008961361674654196,0.9846153846153847,1.0,0.2795084971874737,64,65,0,,,,,0.4260781880235805,0.8172080337217952,25.88904483798029,0.08002333910603775,permissive,tite2-B_Vacancy-Anion-06A.png,tite2,A,8
25.478606734264822,0.7249835849997773,0.1277197920069372,1.3109334975871132,0.8846180290297937,25.3195482015468,0.03791398588125026,26.94163128193505,0.03492720201965463,0.7480916030534351,0.98,1.8844151368961313,100,131,1,1.0,1.0,,,0.8846321355165537,0.9998402369674385,27.941325487215053,0.9998242933537052,permissive,vo2_Vacancy-Anion-03.png,vo2,A,8
29.2153406027173,0.7471740644945104,0.07705252418725572,1.3673854571162771,0.6853469622234107,28.175401260899044,0.028566250174489025,33.08009168001576,0.017331774727015095,0.9810126582278481,0.9810126582278481,0.8835412617927487,158,158,8,1.0,1.0,,,0.7117215716318266,0.9935254501835419,29.028923375985165,0.9567078985870214,permissive,vs2_Vacancy-Anion-06A.png,vs2,A,8
29.949342695135222,0.7613645944774355,0.30241520718038567,1.2136864865577177,0.8781889650137109,30.48589965534953,0.023547399046144866,27.306174094238187,0.02717328255669137,0.9717514124293786,1.0,0.8033360674146919,172,177,17,0.8823529411764706,0.8461538461538461,1.0,,0.8832783198956248,0.9468167038859511,27.229562366662034,0.9413612476547046,permissive,vs2_Vacancy-Anion-12A.png,vs2,A,8
29.859338638124576,0.8641102988222317,0.18503691267106068,0.4488967235210765,0.502884980289195,29.63394150009442,0.026430404344200645,30.099914551925487,0.026723243786179216,0.9863013698630136,0.8571428571428571,0.5773502691896257,84,73,0,,,,,0.6361505081981536,0.6728219186521076,27.092322208738686,0.5318741916246505,permissive,vse2-A_Vacancy-Anion-06A.png,vse2,A,8
33.01954151836356,0.8905295594811975,0.09337047838720346,0.1947882267559716,0.09181853151276233,28.49635472424731,0.025423438502104306,33.90991970933775,0.016787262164373037,1.0,0.925531914893617,0.5570860145311556,94,87,6,1.0,1.0,,,0.4108196860535889,0.8160602822920767,25.105287901190792,0.18239013194751014,permissive,vse2-A_Vacancy-Anion-06B.png,vse2,A,8
33.96078302964547,0.8853581327565123,0.01725365115306431,0.13670088113627574,0.04815491507977355,23.012933720146037,0.0483001130338674,37.71498312038928,0.009703874756147632,0.9908256880733946,0.9818181818181818,0.73282810879294,110,109,14,1.0,1.0,1.0,0.0,0.37093205086596054,0.6718324159675092,19.25707739206995,0.08721821924858467,permissive,vse2-B_Anti-2M.png,vse2,A,8
32.017017994697795,0.8314187543503516,0.04964556908649216,0.9496652717820607,0.4443103448275862,30.52942360978355,0.0233172593054271,33.73447562642962,0.016218247881407858,0.9942528735632183,1.0,0.9123431055236466,173,174,13,1.0,1.0,1.0,0.0,0.5585149763359154,0.9876287943287058,29.644876534117405,0.7856793618116314,permissive,vse2-B_Vacancy-Anion-09B.png,vse2,A,8
30.13808039789034,0.9106023855781888,0.003576897071081233,0.23753302671580578,0.05976542557479243,18.800061244334696,0.0719316434950504,37.159049997569845,0.01028473108339822,0.9516129032258065,0.9915966386554622,1.1349606130700478,119,124,7,1.0,1.0,,0.0,0.6943809212675596,0.6370686748342138,15.784485369592058,0.0548325555983484,permissive,vte2_Defect-Free.png,vte2,A,8
34.89545050648421,0.9048437179274175,0.020303186414713674,1.6699759434800592,0.18793943519422476,32.41687407899724,0.018669690007534007,35.747240057349224,0.01287724184351836,0.9948979591836735,0.9898477157360406,0.3789323733725367,197,196,7,1.0,1.0,,,0.18855035055677988,1.0,,0.9967599351539199,permissive,vte2_Vacancy-Anion-09B.png,vte2,A,8
30.295008788778297,0.9178440070628703,0.015839082455978443,0.20030375164841244,0.049382294723909634,24.233262878147652,0.042648390193586315,31.04096350050135,0.01106205802830884,0.9661016949152542,0.9661016949152542,0.9365858115816941,59,59,0,,,,0.0,0.31147149442308153,0.7510366275051832,23.01697729266426,0.11907321457010898,permissive,ws2-A_Vacancy-Metal.png,ws2,A,8
24.063806188006993,0.8809841233596905,0.0405479950546021,0.2800438479269392,0.10801026096057152,22.797580803552506,0.02983966275334355,24.2455758484505,0.020969599976005643,0.9607843137254902,0.9607843137254902,0.7142857142857144,102,102,7,0.8571428571428571,0.8571428571428571,,0.11610284167794317,0.3534606468705155,0.9274072513757603,27.069460384454405,0.28339646895547516,permissive,ws2-B_Vacancy-Metal.png,ws2,A,8
32.44456317877407,0.8924094725456014,0.09358063919954723,0.2389778176470921,0.10486564019812188,29.682491480098967,0.024176963413407703,32.922134426795886,0.018998085128864656,1.0,1.0,0.2100420126042015,68,68,4,1.0,,1.0,,0.3421826050447308,0.8491397734558667,30.55205122863339,0.26022826598534254,permissive,ws2-C_Defect-Free.png,ws2-C,A,8
32.713780381195356,0.9210869267309753,0.0339388050106853,0.09087660748616352,0.09012424678718071,24.3216992249163,0.04582332685454454,36.5329547770359,0.009619393706772693,0.9821428571428571,0.9649122807017544,1.7320508075688772,114,112,8,1.0,1.0,1.0,0.0,0.3341123157113972,0.9728122596296077,21.630129042069317,0.26240868127766226,permissive,wse2_Vacancy-Anion-06A.png,wse2,A,8
30.4678823678241,0.9314977000192762,0.15081395006075074,1.0220582939645853,0.7829520210695065,29.774300679500975,0.02030288667434593,34.723459727840016,0.014955080075047061,0.9666666666666667,1.0,1.4093285268352884,145,150,43,1.0,1.0,1.0,,0.8044926767418459,0.9892095379611321,13.623205581787596,0.9627230046948356,permissive,wte2_Mo_doped.png,wte2,A,8
30.446031976229847,0.8386023800557713,0.04302478800396298,0.4286512817663276,0.2101532921538737,25.524357801487305,0.029675657865060986,34.014224418018884,0.014442402143240404,0.9324324324324325,0.971830985915493,1.899656719561172,71,74,0,,,,0.014297852392253377,0.3816695560050082,0.8861898838558191,19.050657166376503,0.48795016169252864,permissive,zro2_Defect-Free.png,zro2,A,8
28.348941273715106,0.8416708752728703,0.02887522081252908,0.40623203167767813,0.17178244480344643,27.686798132557907,0.026651982788091427,28.499893565273112,0.018322295930104558,0.9830508474576272,1.0,1.0667385033281394,116,118,28,1.0,1.0,1.0,,0.32449236330936887,0.9410842706988751,31.04147314190857,0.49819895648081525,permissive,zrs2_Vacancy-Anion-03.png,zrs2,A,8
30.559295404612755,0.8763286199482694,0.00879328587771111,0.4008497691185985,0.1882273198532877,24.922048178742372,0.03411770531631164,34.73020731306731,0.013885255747511005,1.0,0.9864864864864865,0.7938116818876942,148,146,4,1.0,1.0,1.0,0.0,0.35001923115852546,0.9210649677185656,15.750848898686893,0.4953144708951737,permissive,zrse2_Vacancy-Anion-03.png,zrse2,A,8
32.85106334265734,0.9055666779114956,0.03502640024455219,0.20826487934871502,0.09612414129506931,24.740133510168796,0.04067254873948277,36.63945676313616,0.010645080223773308,0.9891304347826086,0.9479166666666666,1.027105182026191,96,92,3,1.0,1.0,,0.001208271481340836,0.3365460903294055,0.9081033935934031,22.528981873544648,0.25937207837079795,permissive,cose2_Fe_doped.png,cose2,A,12
25.994516224212415,0.7446884037357274,0.05080384897570213,0.877366673997681,0.7821207430340558,25.71656832682975,0.038412307337602175,27.17070120395472,0.027192220487852865,0.9302325581395349,1.0,0.5477225575051661,80,86,2,1.0,,1.0,,0.8778788927504302,0.9582342394109166,29.058312986703587,0.8537110090216052,permissive,cro2_Vacancy-Anion-03.png,cro2,A,12
30.288426846205464,0.8552016445734335,0.008045930254353455,0.23044691847743495,0.10387076634930545,21.704847752344897,0.05300452062880423,35.82643880907134,0.01217515346239433,0.9810126582278481,1.0,1.302602853347246,155,158,2,1.0,1.0,1.0,0.0,0.41410157257025004,0.7542731029301277,21.0485927020842,0.1891973622600281,permissive,crse2_Anti-Anion.png,crse2,A,12
32.66660812535985,0.8774173807077077,0.01979922174868525,0.18780192710741572,0.14499850254567237,27.37975371245502,0.029339300963182734,34.909162088920674,0.013661461641662898,0.9942196531791907,1.0,0.5955259547582269,172,173,1,0.0,0.0,,,0.3334366510474593,0.8094303713430018,27.28163684217359,0.35198947503529715,permissive,crte2_Vacancy-Metal.png,crte2,A,12
28.37305930006314,0.8663400059359375,0.008845758990888564,0.057601736300943174,0.07409944190766109,17.715067730202048,0.05744653722620131,36.64659079241345,0.01109533657398128,0.9811320754716981,0.9811320754716981,1.1435437497937313,53,53,1,1.0,,1.0,0.0,0.49500196001568014,0.8646011639849367,29.488979228867844,0.12942668696093354,permissive,cus2_Cu_adatom.png,cus2,A,12
24.155484405176427,0.8177158044197256,0.4343385707409934,0.33517258984191634,0.5126160340688661,21.779933101128886,0.060899209082914456,30.458438801514305,0.02621268708500316,0.9873417721518988,0.8813559322033898,1.3468862476477232,177,158,15,1.0,1.0,,0.0,0.7874324987727049,0.8527008152948738,24.932502142136833,0.5551054990301075,permissive,cuse2_Cu_adatom.png,cuse2,A,12
31.312367480912915,0.7913073610014341,0.04661698799265039,1.0506361420143613,0.545414200098296,30.00199087379732,0.024613533785587293,33.69729141321939,0.016398165367014154,1.0,1.0,0.753370803500884,74,74,4,1.0,1.0,1.0,,0.6353204577906811,0.9903701960256884,30.936031934317484,0.8502196988035768,permissive,feo2_Int-Anion.png,feo2,A,12
32.89669465809347,0.9158298253837736,0.013098641097442326,0.17559514190957323,0.09157052786002837,25.046129007617992,0.03548487367451635,36.027633412214314,0.010711247792565335,0.9365079365079365,0.9833333333333333,0.41169348479630913,60,63,1,1.0,,1.0,0.012695500032005463,0.5519766623076149,0.8079868064554129,20.69565168702951,0.13404149744618654,permissive,fes2_Ni_doped.png,fes2,A,12
24.3394231769968,0.7943286995246368,0.0512581698279784,0.5308603503354316,0.43046325797805085,24.129364717308952,0.0403538717257776,24.505214956489333,0.025353894458066555,0.9238095238095239,1.0,1.7379926802783234,97,105,37,1.0,1.0,,0.0,0.6109484690067214,0.9611175402834972,28.564444541346706,0.6771860618014465,permissive,ges2_Vacancy-Anion-03.png,ges2,A,12
28.43019805985426,0.9292214857323736,0.017104536842926885,0.09396120684520504,0.12148016643550624,19.76622316609323,0.04690652130550909,37.578168910739635,0.009485375191461216,0.9919354838709677,0.968503937007874,0.8926073982886736,127,124,8,1.0,1.0,1.0,0.0,0.5192559987248495,0.773629023418947,20.450263520853674,0.18099084604715673,permissive,gete2_Defect-Free.png,gete2,A,12
24.285982766951673,0.8699040948903177,0.13597272547906325,0.17858682821747426,0.15276790369211812,16.95123114169151,0.07635200514067257,31.185630495111013,0.023868135428120465,1.0,0.9583333333333334,2.9903225554289703,72,69,0,,,,,0.4775536846592423,0.6951252617699527,21.21611104928519,0.2223683586899853,permissive,hfo2_Int-Anion.png,hfo2,A,12
31.595683044163685,0.8964216518033,0.0680312069728006,0.13465901569954222,0.09752124108632984,24.423872963300738,0.03990584911359066,34.23470672914806,0.01576961666391464,0.9944444444444445,0.9944444444444445,1.1627361296797178,180,180,3,1.0,1.0,1.0,,0.3516130293669104,0.8743314988039906,30.762783024228803,0.24249924138977394,permissive,irte2_Vacancy-Metal.png,irte2,A,12
29.674897223141038,0.7918169440558745,0.12519912486314844,1.0120993117457227,0.6610553633217993,28.74371915907875,0.02883426547108975,32.40264666552224,0.019349032437126393,1.0,1.0,0.5575040903982775,74,74,9,1.0,1.0,1.0,,0.7651345564261035,0.9875840770499097,30.33987142183372,0.8532456747404844,permissive,mno2_Defect-Free.png,mno2,A,12
28.221469930037166,0.8033614901645519,0.031193753001954677,0.6938064331173613,0.4360200074056538,25.278185808509463,0.03238118264250366,34.232282295441124,0.015363347962397342,0.9813084112149533,0.9905660377358491,2.042407542932745,106,107,15,1.0,1.0,1.0,0.0,0.573531920914535,0.9593412177447984,17.003030820427114,0.7293263890153515,permissive,mns2_Int-Anion.png,mns2,A,12
26.130448302786917,0.8341864794192512,0.004229609811072704,0.5969199712500306,0.2735066915371595,21.263679497406564,0.04244983082051969,32.668407335423005,0.014201162638279833,0.9404761904761905,0.9875,1.3871015222078709,160,168,8,0.875,0.0,1.0,0.0,0.37663323238614804,0.9222987780290678,14.171236938152035,0.6697626913837169,permissive,mnse2-B_Vacancy-Anion-03.png,mnse2,A,12
34.671896780746096,0.9304254256617662,0.2779232209729005,0.10373642260535795,0.07297283461879735,30.634309810587183,0.021530979450917948,35.2306739273133,0.01482223580663123,1.0,0.9850746268656716,0.8961195807649239,67,66,3,1.0,,1.0,,0.5764469781732289,0.948731439261078,29.2148758974025,0.12010059040338543,permissive,mnte2_Defect-Free.png,mnte2,A,12
30.964212057155464,0.818050042192695,0.031052723781616314,0.3919033651484978,0.2720627562845427,27.03779816353862,0.031239349786754432,34.42520880370988,0.014783177279685214,1.0,0.9047619047619048,0.9733285267845752,84,76,3,1.0,1.0,1.0,0.0,0.5162312659202654,0.9064573841769124,29.895595500141226,0.477718632469925,permissive,mos2-A_Adatom-Li.png,mos2,A,12
31.893159132228547,0.8190315767514815,0.017794798677861108,0.3107180206384223,0.2555388590332431,28.387118279905312,0.025978223435211664,34.30604521519939,0.015176167815670154,0.9863013698630136,0.9863013698630136,1.35400640077266,73,73,3,1.0,1.0,,0.0,0.5337153313432038,0.8850374865723873,29.03231826429067,0.42374924653405666,permissive,mos2-A_Vacancy-Metal.png,mos2,A,12
34.501185307163944,0.875485048789301,0.019780888723430385,0.13764618814270863,0.08131070381524103,31.12516788318559,0.021927910622040532,34.97839236194639,0.013855366122976292,0.9918032786885246,1.0,0.4165977904505309,121,122,29,1.0,1.0,1.0,0.0,0.2731758204578775,0.6790006657556327,30.560476509100738,0.20210435144321584,permissive,mos2-B_Adatom-K.png,mos2,A,12
27.509269139021253,0.8511572436097988,0.1476693060899696,0.46770723875412756,0.46979517759917033,26.424759556117777,0.029357871542273623,28.76644187762733,0.020886880265119284,0.9624060150375939,0.9846153846153847,1.3891319231808044,130,133,28,0.9642857142857143,1.0,0.75,0.0,0.6672268540748177,0.9270007034907697,19.88609360754466,0.6527022368349825,permissive,mos2-B_Anti-Anion.png,mos2,A,12
33.111031820153364,0.9314448312401614,0.007378219563007906,0.19217406884029434,0.06890518596123625,22.719422945094117,0.04366714295064409,38.892890663095486,0.008098390618809174,1.0,0.9714285714285714,0.8224783208299743,105,102,30,1.0,1.0,,0.0,0.3923818707810993,0.7733389083168618,17.70755135313109,0.1358040859088528,permissive,mose2-A_Doped-Na.png,mose2,A,12
33.71662055741769,0.8814347682074313,0.013746264760808232,0.5740041264965543,0.14100475802649062,32.43588512207845,0.01795523575824057,33.96829238551882,0.013536841973558552,0.9884393063583815,1.0,0.501459857121279,171,173,5,1.0,1.0,,,0.18028727779665837,0.9877640978872169,31.968234237945286,0.7725416863131724,permissive,mose2-B_Adatom-K.png,mose2,A,12
29.950700215197553,0.8310635690694634,0.02490303615719751,0.2298289344860831,0.23084197779587637,25.949669423254107,0.030061597055614234,32.57822321077804,0.01766601525258431,0.9886363636363636,0.9942857142857143,1.3282950786974836,175,176,8,0.875,0.8,1.0,0.00010950503723171266,0.4132601409770299,0.7627458945047293,30.39009012883302,0.42606037549830683,permissive,mose2-B_Doped-Na.png,mose2,A,12
29.520212700361625,0.8895283187429704,0.0400893373312482,0.8035857977377304,0.47293068712760944,27.44133368874057,0.020918523924594323,32.996589307731874,0.014849336036554358,0.9789473684210527,0.9893617021276596,1.2356705549741434,188,190,3,1.0,,1.0,,0.49069872495446265,0.9537920329919333,27.196285820811056,0.9192555403146299,permissive,mose2-B_V_adatom.png,mose2,A,12
27.247787899668445,0.8602211084101329,0.40189010744015335,0.6287978789651842,0.33133865353193304,23.444447616451075,0.042019933958525275,32.39159258571914,0.01786374206893748,0.9946808510638298,0.9894179894179894,2.078666787865064,189,188,10,0.9,1.0,0.8571428571428571,0.0,0.4550410341736435,0.9831476333073663,29.46294595307179,0.715880082407824,permissive,mote2-A_Anti-2M.png,mote2,A,12
33.04974517151671,0.8790864289281155,0.014827621884418305,1.2091993631019493,0.4256956120201757,32.02248824236379,0.019774145650325235,34.00691938482203,0.015880537616711866,1.0,1.0,0.34259435491376583,213,213,0,,,,,0.4381136540879111,0.9906378812574054,30.860477419811886,0.9625589050178787,permissive,mote2-A_Ti_doped.png,mote2,A,12
38.617193220876345,0.9466015789354526,0.019151160858324523,0.02631019368165698,0.0038109370908238883,30.917981468595386,0.021621812101298602,38.699160660408204,0.00857025094287261,0.9915966386554622,1.0,0.47834460310746046,118,119,24,1.0,1.0,,0.0,0.0,0.0,30.917981087603657,0.1398675934816666,permissive,mote2-B_V_adatom.png,mote2,A,12
37.951247317857295,0.934289048872863,0.0011801873790216375,0.02811830876320263,0.006296430720885038,31.039224711734814,0.021153006293572724,38.060237780014894,0.009473879892663318,1.0,1.0,0.32163376045133846,145,145,30,1.0,1.0,1.0,,0.0,0.0,31.03922461866202,0.06599651755236306,permissive,mote2-B_Vacancy-Anion-06B.png,mote2,A,12
24.766117875797818,0.838868355142814,0.06588646913978481,0.3846792722282639,0.32474478880127144,20.241173901568263,0.04364233857302105,34.058607862168635,0.01559352633764498,1.0,0.9154929577464789,0.4803844614152614,71,65,6,0.6666666666666666,,0.6666666666666666,0.0,0.504065327697693,0.9405835294117647,30.8240468696898,0.6059722476924018,permissive,nbo2_Defect-Free.png,nbo2,A,12
31.122628036735534,0.8659197157625674,0.03810136912740661,0.24584377821423598,0.10422071970899778,28.981903381438855,0.024202283613055257,31.4570955855475,0.016698472417741812,0.9369369369369369,0.9811320754716981,1.139331787969125,106,111,15,1.0,1.0,1.0,0.09146610730845661,0.27588166274324594,0.9260589546693089,31.178157617309438,0.34984032569943024,permissive,nbs2_Anti-Metal.png,nbs2,A,12
30.307979262146624,0.849768059533218,0.050423181558913795,0.5903126505997272,0.31458289768194736,26.576921306362436,0.02522479749592099,34.563924103807565,0.014833763339647308,1.0,1.0,1.7495340994725972,115,115,28,1.0,1.0,,,0.4794967362151526,0.9639240402448832,28.543278235695325,0.632400587580773,permissive,nbs2_Vacancy-Metal.png,nbs2,A,12
31.949523094525055,0.873387190100597,0.28749235852201244,0.190768182257018,0.14614691172733243,31.080387371455068,0.022148338222150867,32.11742021784747,0.020997347422139122,1.0,1.0,0.2994247358081712,145,145,40,1.0,1.0,1.0,,0.3575659422177424,0.5179388749446331,30.025662632753395,0.21169568490556084,permissive,nbse2_Cu_doped.png,nbse2,A,12
29.136299807879148,0.8666922144277799,0.41854177001277126,0.2847486360108618,0.23664929248562674,29.8558177310071,0.026327339158599652,28.935454187187297,0.027725024021164217,0.9779411764705882,0.9851851851851852,0.512989176042577,135,136,31,1.0,1.0,1.0,,0.3952201759413861,0.4820120561268426,28.799880402867792,0.28861839297616365,permissive,nbse2_Vacancy-Anion-03.png,nbse2,A,12
26.309845185421633,0.8628320109470043,0.4751935160118923,0.4161881538535196,0.18202729809872667,21.979827622719753,0.04934104624487522,28.3899887197773,0.023270624995522477,0.9709302325581395,0.9823529411764705,1.0,170,172,4,1.0,1.0,1.0,0.0,0.2717843541558127,0.8873090974426544,21.246913092038973,0.5942743764172336,permissive,nbte2_Vacancy-Anion-12A.png,nbte2,A,12
34.25135678957651,0.8867705033090428,0.031660712689819154,0.38281487693565647,0.1664595325309611,31.930040436966202,0.01974792581407063,34.911977341217366,0.014121660472619731,1.0,0.994475138121547,0.695221787153807,181,180,11,1.0,1.0,1.0,,0.24569073769477018,0.9097910799659441,29.980445877401202,0.616398482469911,permissive,nbte2_Vacancy-Metal.png,nbte2,A,12
36.84514527670808,0.9102451024475621,0.03181351538575764,0.11686871562395415,0.025688222543352603,32.28659451306381,0.018861917162333836,37.063117168372685,0.010630735028554933,1.0,1.0,0.34792618696922967,190,190,7,1.0,,1.0,0.0,0.07740484008269488,0.8056395471485831,30.957465572253394,0.2673663294797688,permissive,pbse2_Defect-Free.png,pbse2,A,12
35.438952942882224,0.9049119268365781,0.11478949505955985,0.10514505671373611,0.028153841286861485,31.829734981144778,0.01948150655445183,35.60511130164932,0.013044746321799998,1.0,0.9895287958115183,0.2817180849095055,191,189,8,1.0,,1.0,0.0,0.05562090621002629,0.5117393104264002,30.751730144229693,0.25902899301190657,permissive,pbte2_Vacancy-Metal.png,pbte2,A,12
30.375815907851095,0.93702896971124,0.07684714656687182,0.2023803013189184,0.05264367331450015,18.35156825632079,0.07269070970615761,38.07315935901287,0.009618922148863734,0.9915966386554622,0.9915966386554622,1.838846359053249,119,119,30,1.0,1.0,,0.0,0.6209050350541746,0.7802651075247287,14.070826043736162,0.06615507863557786,permissive,rete2_Defect-Free.png,rete2,A,12
26.222264598426356,0.8242449979997902,0.30075832534009733,0.9184760882888034,0.9441953163926258,26.290754718606834,0.03788315312106788,25.20226208487148,0.042568304199848785,0.98989898989899,0.8166666666666667,1.377664394427565,120,99,0,,,,,0.9465690870720866,0.9357403584562594,24.997489370951666,0.9333937436588521,permissive,rus2_Anti-Anion.png,rus2,A,12
26.44752997207284,0.8608960934663715,0.19394926455290187,0.29242355649979784,0.1429906204036361,19.219822253733106,0.05880930123493502,31.889775777952984,0.02188990455139249,1.0,1.0,4.448113564840075,70,70,1,1.0,,1.0,,0.37319615883289237,0.7462585894355213,19.799143802937316,0.28593000265232804,permissive,sno2_Anti-Metal.png,sno2,A,12
34.68713558007698,0.8749802896678075,0.044191559767457735,0.2607055200703531,0.20242938092016238,31.466038166848797,0.020476844300891344,36.1081069296285,0.011879962780517325,0.9072164948453608,0.9166666666666666,0.3988620176087328,96,97,4,1.0,1.0,1.0,0.0,0.4879274879274879,0.9266040672230288,27.026396119129004,0.3844257442489851,permissive,sns2_Vacancy-Metal.png,sns2,A,12
27.942414647207695,0.9004876201258517,0.010259202668555404,0.2772340855027467,0.09515949607032848,21.87461648216835,0.05112774533249703,29.617952242198346,0.01386502194497621,0.9482758620689655,1.0,1.2720777563426766,110,116,29,1.0,1.0,,0.0,0.38018323645714036,0.7425406203840472,18.742340743967453,0.1858571985076485,permissive,snse2_Vacancy-Anion-03.png,snse2,A,12
31.14078470581251,0.8938730024831854,0.01815629717858585,0.27212160772407107,0.13879171675781846,24.054854677706036,0.033081001850086444,35.86050671878712,0.012201211319700447,0.9943502824858758,1.0,1.7287672959760558,176,177,6,1.0,,1.0,1.5129737499054392e-05,0.26631209678557816,0.9205797313618563,15.86942254089475,0.4797710763812459,permissive,snte2_Fe_doped.png,snte2,A,12
35.651411827584866,0.9243184133378861,0.007854761432520903,0.19119527930110725,0.15909826531128307,31.860114285599636,0.018381426591083133,36.981159248179225,0.010403251979635863,1.0,1.0,0.36380343755449945,68,68,7,1.0,1.0,1.0,0.0,0.3835550452661863,0.9238679530174675,25.70175479038497,0.38321954179942347,permissive,tas2-A_Doped-Li.png,tas2,A,12
25.183980491572363,0.8865995873090017,0.017093318563264532,0.15121134450784562,0.1031434540245933,19.979962394477294,0.055632225180566916,26.52800247565022,0.016960967265166913,0.9574468085106383,0.967741935483871,1.3498971154211057,93,94,11,1.0,1.0,1.0,0.08194148186903852,0.34743970827076887,0.8526307873561778,29.583803227557624,0.2531181160994074,permissive,tas2-B_Vacancy-Anion-06B.png,tas2,A,12
25.83599415999949,0.8929651410352453,0.03220211734919682,0.35495022239918406,0.19271301955674144,21.08923071951719,0.049940222056690124,28.621296218420085,0.014403629375126218,0.9591836734693877,0.9494949494949495,1.3168304952390377,99,98,3,1.0,1.0,,0.0,0.42641825152033563,0.9162820650423956,25.44421394612638,0.41409926261466706,permissive,tas2-B_Vacancy-Anion-09B.png,tas2,A,12
29.508573839556572,0.909574176920499,0.0568560569021731,0.2251303556826469,0.14422923040715463,22.40918255406993,0.0535566606888408,34.67561106841846,0.010093976826713485,0.957983193277311,0.9421487603305785,2.8882702891450265,121,119,9,1.0,1.0,1.0,0.0,0.3275185719630164,0.9999836822609859,,0.4403624382207578,permissive,tase2-A_Vacancy-Anion-12B.png,tase2,A,12
34.41069069957215,0.9213378466384728,0.06851687588880889,0.11372444578141469,0.10003020901763152,31.904359234375406,0.018169712543042536,34.80499783593515,0.014900147448420081,1.0,1.0,0.45834924851410563,119,119,33,1.0,1.0,,0.0,0.4909047070485172,0.8783855040506208,29.880722406315115,0.17898603192565704,permissive,tase2-B_Defect-Free.png,tase2,A,12
34.9878479683043,0.906488723203304,0.003254734212263067,0.21972306624620222,0.07963912211635746,32.20686165311672,0.019157318130710192,35.33879407638948,0.013406072674747107,1.0,1.0,0.2876779808912305,145,145,21,1.0,1.0,,,0.2190902299855365,0.8299665833759822,30.097172404231113,0.30169218449558133,permissive,tase2-B_Vacancy-Anion-09B.png,tase2,A,12
35.435729602055154,0.9486662088354401,0.010672214812200117,0.030428381887421408,0.044780405405405406,28.45912321671275,0.03190607593582064,36.33382620534558,0.011069536370355326,1.0,1.0,0.3732884438274,122,122,28,1.0,1.0,1.0,0.0,0.0017123811271137204,0.005281026027913994,28.444843389375517,0.13810388513513513,permissive,tate2-A_Fe_doped.png,tate2,A,12
30.5516332777832,0.8984545502441862,0.00857234480281938,0.20802388333841365,0.19228636270561736,24.74577373786548,0.037615744005589105,35.34349754853022,0.013065041987438032,1.0,0.9833333333333333,1.4102129502212606,180,177,3,1.0,,1.0,0.0,0.5549720422349562,0.8873765945646145,29.089500170197724,0.3074576820694833,permissive,tate2-B_Anti-Anion.png,tate2,A,12
27.26056373142976,0.8827437172825733,0.07934145178823929,0.32066022464540694,0.21301873592246262,24.223910268095054,0.04298902820619339,28.651037715909048,0.01711024126775159,0.9329896907216495,1.0,1.3065918721781447,181,194,2,1.0,,1.0,,0.35768336334409834,0.9825673375388004,30.763658476895138,0.5851691010852501,permissive,tate2-B_Anti-Metal.png,tate2,A,12
30.443031736068747,0.9081112530318527,0.17669046343522032,0.12671700085977294,0.08725513616817965,21.578321648254658,0.04874826073657473,34.8855905360432,0.014844397607461394,0.9938650306748467,0.9878048780487805,1.3676148472323524,164,163,0,,,,0.0,0.28963249864889207,0.9432384863596363,31.1149225737725,0.2841614906832298,permissive,tate2-B_Vacancy-Anion-12A.png,tate2,A,12
30.880573072200725,0.8152033937826487,0.03743892516853005,0.6562102355974747,0.3368495240750637,27.69974897516553,0.02818632648304194,34.335304433491814,0.014984483499129436,1.0,0.9830508474576272,1.5057361585982934,118,116,27,1.0,1.0,,0.0,0.48716687973252043,0.9491948895990926,21.476922682679124,0.656316880555362,permissive,tis2_Vacancy-Anion-12A.png,tis2,A,12
25.886722638089786,0.8171449100238737,0.012477347918766424,0.5440788141571651,0.2658648099527302,20.521590453986907,0.04903315790273222,35.223791788752166,0.013471654306159467,0.9827586206896551,0.9743589743589743,2.442316990216822,117,116,28,0.9642857142857143,1.0,0.5,0.0,0.3842314978117447,0.8567724770107688,14.323196694824944,0.592834406003857,permissive,tis2_Zr_doped.png,tis2,A,12
32.65356956900287,0.8528033956121138,0.036706936147110326,0.6060717048685678,0.28078459106414844,30.19481606694267,0.021683924555014503,34.185753295194765,0.014069827993066138,0.9873417721518988,0.9936305732484076,0.5488916571437857,157,158,3,1.0,,1.0,0.0,0.3430779089260274,0.9871266184326412,30.655772020272416,0.8078921337511903,permissive,tise2_Adatom-Li.png,tise2,A,12
26.814187063934,0.8334574615501101,0.07945921740101089,0.8460212880818546,0.5323654214160912,25.16512816434671,0.03087100928502653,30.054497623327812,0.018975095496103937,0.9629629629629629,0.978494623655914,2.23606797749979,186,189,6,0.8333333333333334,,0.8333333333333334,0.0,0.5375705812463382,0.9997959591223637,31.61101552907054,0.9901151879893871,permissive,tise2_V_doped.png,tise2,A,12
38.169870881034804,0.9558149947761196,0.0934988799965249,1.0710774729227386,0.6634285726108969,38.25784957778331,0.008827730586300863,38.0015037317055,0.009333840159620632,0.9863013698630136,1.0,0.31180478223116176,72,73,4,1.0,,1.0,,0.6813314548124347,0.9999438624505288,29.188258296397436,0.9736690191988976,permissive,tite2-B_Cu_doped.png,tite2,A,12
35.94470628032541,0.939633351043856,0.07715302790317917,0.05877192870377732,0.04890866919506982,28.760024430657097,0.026760129839098687,37.00987202252524,0.011380504238051892,1.0,1.0,0.6846531968814576,64,64,0,,,,,0.5164518187619656,0.8559099754632372,27.261366742376474,0.0810558048784525,permissive,tite2-B_Vacancy-Anion-06A.png,tite2,A,12
28.480552364386902,0.7355447702393657,0.146945550621645,1.1079366914233189,0.8351451489686784,28.29173497173923,0.029727463412667382,29.58814658460961,0.02445364990987291,0.8362068965517241,0.97,1.6989990989239312,100,116,1,1.0,1.0,,,0.8351451489686784,1.0,,1.0,permissive,vo2_Vacancy-Anion-03.png,vo2,A,12
28.216064109789695,0.7472244363218312,0.1494566393764444,1.3696922710988846,0.7171099734836587,27.321552684768786,0.031455534449639555,31.981289354216784,0.019286181484970116,0.9813664596273292,1.0,1.5031612258457427,158,161,8,0.875,0.875,,,0.7432919100138604,0.9904144781237791,28.153515931794864,0.9555278223490026,permissive,vs2_Vacancy-Anion-06A.png,vs2,A,12
28.869108631386432,0.7614406429257343,0.08937347775321464,1.296753010520699,0.9079936723010354,28.988609532816298,0.024161180113882644,27.83843201468175,0.02443360929367294,0.9940828402366864,0.9767441860465116,1.4536489390823488,172,169,17,1.0,1.0,1.0,,0.907694404254147,0.9756806033878231,26.263485792705442,0.9760022865745811,permissive,vs2_Vacancy-Anion-12A.png,vs2,A,12
33.909276990675416,0.8976714113705175,0.007765500301905818,0.2185719570110248,0.06952867037906188,25.957055502341614,0.0326553253332737,36.067348014290694,0.012082622085370651,0.9620253164556962,0.9047619047619048,0.28097574347450816,84,79,0,,,,,0.43192425656754235,0.7215951284717065,23.06026560021013,0.11615821309355082,permissive,vse2-A_Vacancy-Anion-06A.png,vse2,A,12
31.589108572610876,0.8873100767575189,0.135601094308732,0.24982444799846418,0.10662164290269033,25.245005607527542,0.030203719941615047,33.77125215218094,0.017211110892014624,0.9886363636363636,0.925531914893617,0.6695340634119862,94,88,6,1.0,1.0,,,0.5192780466948648,0.8234140435835351,22.727964871124197,0.16906888067928055,permissive,vse2-A_Vacancy-Anion-06B.png,vse2,A,12
25.09906651729587,0.8764297229195833,0.012691666454216328,0.029704213934071078,0.07297735460627895,13.997457357285752,0.15115207540379508,37.023256970833394,0.010428226191482004,0.9454545454545454,0.9454545454545454,0.5459642140991688,110,110,14,0.9285714285714286,0.9230769230769231,1.0,0.0,0.0,0.0,13.997457135752171,0.0,tight,vse2-B_Anti-2M.png,vse2,A,12
31.82274408787663,0.8333369971803342,0.02336887689328026,0.9135108871912907,0.44245496654657746,30.42473472419148,0.02374980888793553,33.38022359022907,0.01630960756916971,0.9942528735632183,1.0,0.896363881519378,173,174,13,1.0,1.0,1.0,0.0,0.5567905704007384,0.9928986029847968,31.163712779693164,0.7890092640247041,permissive,vse2-B_Vacancy-Anion-09B.png,vse2,A,12
36.21216000899707,0.9212222103390584,0.005574528010012139,0.08777316762389449,0.09101514567976426,32.114951246977974,0.016647400579044975,36.954274627227505,0.010583848391500747,1.0,1.0,0.44908871313907184,119,119,7,1.0,1.0,,0.0,0.5477955960174358,0.8378724137082687,28.437973941026797,0.13921083037017798,permissive,vte2_Defect-Free.png,vte2,A,12
34.545993982616935,0.9045357418782035,0.04058186535994449,1.3851575601155286,0.9351292891114117,34.64126091505598,0.013971190582457969,33.36410482549385,0.016584497032710407,0.9948453608247423,0.9796954314720813,0.4378468277372642,197,194,7,1.0,1.0,,,0.9351292891114117,1.0,,1.0,permissive,vte2_Vacancy-Anion-09B.png,vte2,A,12
34.73065577821381,0.9286384844481206,0.013154647030793842,0.13952528813806167,0.08480934179691944,26.952093898215548,0.03128613233763661,37.43062870475525,0.009647892096401501,0.9833333333333333,1.0,0.46940279403817725,59,60,0,,,,0.0,0.6024508483705898,0.7501089836021596,22.95970211286778,0.1055957500056879,permissive,ws2-A_Vacancy-Metal.png,ws2,A,12
24.59916983052613,0.8819257497975874,0.5235903122428645,0.2536918621694789,0.12023354492298592,30.332554725034715,0.022062380613271128,24.18459933349662,0.02188723112831595,0.9690721649484536,0.9215686274509803,0.6101970382851059,102,97,7,1.0,1.0,,0.41610284167794315,0.3670942917770949,0.9861626889325165,29.310376778142427,0.32299558619434393,permissive,ws2-B_Vacancy-Metal.png,ws2,A,12
32.163587513408714,0.8911723338351242,0.13362445949295038,0.21516896015004605,0.1253585916313678,30.8150117083496,0.021169813079814217,32.3963747043483,0.020428082005172227,1.0,1.0,0.27116307227332026,68,68,4,1.0,,1.0,,0.3826119479106457,0.7544416385456009,30.382227194646113,0.24718449539433873,permissive,ws2-C_Defect-Free.png,ws2-C,A,12
32.89797672176699,0.9255410208119392,0.016469673185489937,0.16414008042174427,0.11630672425745214,25.663653556347533,0.03485331713523384,36.50897438750177,0.009449224863374978,0.95,1.0,2.1784430300303286,114,120,8,1.0,1.0,1.0,0.0,0.4212320184451907,0.9632754114896154,24.035091752606007,0.26597077800885194,permissive,wse2_Vacancy-Anion-06A.png,wse2,A,12
27.54583458115835,0.9297817501702379,0.06921227026784879,0.8016965843934974,0.889220199244246,27.178834928232472,0.02038753612721288,32.889001689919965,0.017994335408119275,0.9863013698630136,0.993103448275862,1.7579185924774154,145,146,43,0.9534883720930233,1.0,0.5,,0.9106480419152516,0.981219641597,13.06986271027906,0.9581312263826863,permissive,wte2_Mo_doped.png,wte2,A,12
33.39428650847175,0.85590439310401,0.02269422920278753,0.44626428235292204,0.2595451461400865,30.33204466682207,0.02211873870730191,35.325408680397615,0.01318744109407737,0.9861111111111112,1.0,0.4893226131278932,71,72,0,,,,0.0,0.4314140715353214,0.924494992361229,25.319896800739215,0.5561899894554736,permissive,zro2_Defect-Free.png,zro2,A,12
29.898237215634783,0.8501956728266044,0.036260686069337716,0.4285560378565191,0.19118665236692414,28.55958159245258,0.027116476134094982,30.28563275258869,0.015951009945004594,0.9745762711864406,0.9913793103448276,1.2086643724448038,116,118,28,1.0,1.0,1.0,,0.3659610097699451,0.9672773320078581,31.03108442850513,0.5053284641805026,permissive,zrs2_Vacancy-Anion-03.png,zrs2,A,12
28.275627655422436,0.8611360306706983,0.01663732273911416,0.3960900449757606,0.191955288441292,23.19094098871878,0.039755677788238714,31.540376056790386,0.01520612643832356,0.9668874172185431,0.9864864864864865,1.3922486000652188,148,151,4,1.0,1.0,1.0,0.0,0.3405619296451967,0.9395952821220004,15.625510623176755,0.5295961400785701,permissive,zrse2_Vacancy-Anion-03.png,zrse2,A,12
30.60784388760083,0.9107451985266255,0.00940340539706806,0.2399662165469613,0.09939382545424982,24.517492711428254,0.04180001127302587,32.400819701439936,0.011868409044522346,0.9494949494949495,0.9791666666666666,1.7805091311075736,96,99,3,1.0,1.0,,0.021248317050436703,0.39548382981437774,0.9508473276589219,25.920168641299043,0.23896894435185562,permissive,cose2_Fe_doped.png,cose2,A,16
23.286881226971836,0.7400041598742542,0.07391161105425978,0.5879838247931356,0.8467367422350944,22.847691642087604,0.04374455724133469,27.13712808491106,0.02331390821020362,0.9736842105263158,0.925,1.602363119760177,80,76,2,1.0,,1.0,,0.8833366391184573,0.9848929384070257,28.137137498287114,0.9440851892539699,permissive,cro2_Vacancy-Anion-03.png,cro2,A,16
28.179758281710306,0.8479746318410424,0.01789918188038267,0.23435827619254349,0.18979485328546902,22.043116304111244,0.046588814359551985,33.83631005597116,0.013908555725330335,0.9869281045751634,0.9741935483870968,0.9170930174464347,155,153,2,1.0,1.0,1.0,0.0,0.51685848821887,0.7207195631223899,19.194503675349832,0.2646543819260184,permissive,crse2_Anti-Anion.png,crse2,A,16
29.449474469851733,0.87518330642619,0.022050049966693273,0.2218631737674733,0.14983314080349122,22.422460651214294,0.04335367574561706,34.86403958931143,0.013692664782955064,0.9942196531791907,1.0,0.918162978895334,172,173,1,0.0,0.0,,,0.3433402180700322,0.8164360874345027,18.980623703709725,0.3562914473965687,permissive,crte2_Vacancy-Metal.png,crte2,A,16
29.716204076045344,0.8692427366691928,0.02196987855941995,0.08261778982726846,0.09036783358701167,20.07663518101026,0.061339280705135495,37.0442216645491,0.010435444004208119,0.9814814814814815,1.0,1.7156328938368761,53,54,1,1.0,,1.0,0.0,0.3795778399254228,0.6400920753445808,16.757093497237115,0.1523896499238965,permissive,cus2_Cu_adatom.png,cus2,A,16
29.590451623979533,0.8386411759427554,0.26043637331984126,0.09697145017788546,0.07600092158363743,20.70182246318451,0.06464173583117953,33.10254360864682,0.016790502861272504,0.9830508474576272,0.9830508474576272,0.9971222961920059,177,177,15,1.0,1.0,,0.0,0.31577633104432357,0.5770910750374861,24.907724140728973,0.13889405008757522,permissive,cuse2_Cu_adatom.png,cuse2,A,16
26.318735585263884,0.7731730805475726,0.058279003118053355,0.7150331865642818,0.6106783154713438,24.546477401597983,0.03042922989060216,33.10564509405728,0.017769356554306136,1.0,0.9594594594594594,1.3000541700523185,74,71,4,0.75,1.0,0.6666666666666666,,0.6768468013538271,0.9740839284320026,18.239574243934634,0.8788575662214007,permissive,feo2_Int-Anion.png,feo2,A,16
34.49548471635466,0.9294420092163876,0.011411955898365661,0.09842351993884976,0.12575980669762524,28.828870346201832,0.025942734836117785,36.61742227177503,0.010789485631799512,0.9230769230769231,1.0,0.5,60,65,1,1.0,,1.0,0.0,0.7069137192086238,0.7003044988634901,26.424907820476427,0.12458402774406852,permissive,fes2_Ni_doped.png,fes2,A,16
25.745471195107253,0.7952121010677565,0.0343591115204426,0.6061354191251558,0.4468644110655945,23.08499331508877,0.04266795892397706,30.732561840512936,0.018772318824380577,0.9595959595959596,0.979381443298969,1.6733200530681511,97,99,37,1.0,1.0,,0.0,0.680805319082831,0.9299784401048004,16.89650222000525,0.6104157184038841,permissive,ges2_Vacancy-Anion-03.png,ges2,A,16
37.09652771166117,0.9477195296825208,0.01573539891329503,0.1353849768911816,0.1773980582524272,35.215540058530316,0.012318633748640158,37.6364088304751,0.00950633677694632,1.0,1.0,0.4255612320274539,127,127,8,1.0,1.0,1.0,0.0,0.5474642025816463,0.9709031773830373,29.864346377972577,0.31460748959778084,permissive,gete2_Defect-Free.png,gete2,A,16
27.41820329430189,0.8824164985358636,0.6080350792834225,0.183408197930355,0.18813095407365277,22.09997414913998,0.047113886809143996,30.951873394659213,0.02533752891384657,1.0,1.0,2.336307628146031,72,72,0,,,,,0.5352130468286151,0.6671075421193513,26.466179329489993,0.23449274847149154,permissive,hfo2_Int-Anion.png,hfo2,A,16
28.14208693290562,0.8868737892264347,0.05958804911692082,0.20250878772594508,0.13843688362919132,20.877027467556324,0.051285651354299716,33.303545061262874,0.01796646711664613,0.9943820224719101,0.9833333333333333,1.396120532895667,180,178,3,1.0,1.0,1.0,,0.3346586754761892,0.8590451400780875,30.679800231476815,0.3553576847215901,permissive,irte2_Vacancy-Metal.png,irte2,A,16
26.986733494192787,0.7833464189678614,0.15016296404438512,0.83103777516881,0.6576332179930796,26.838638263969212,0.02883570442083917,27.28619860486412,0.02089215864916543,0.9736842105263158,1.0,0.9725975251592747,74,76,9,1.0,1.0,1.0,,0.7536428085072295,0.9900345161426106,30.434932204424925,0.8639100346020762,permissive,mno2_Defect-Free.png,mno2,A,16
25.525135972772492,0.790765073946662,0.08248690445712924,0.6262117861686334,0.5265541250098641,23.30300382428188,0.037326418219668804,31.425897252019006,0.01863346862509327,0.9714285714285714,0.9622641509433962,1.4450727642986174,106,105,15,0.8666666666666667,0.8333333333333334,1.0,0.0,0.6699891020852976,0.9461634234068063,25.612774912576644,0.7436035182925719,permissive,mns2_Int-Anion.png,mns2,A,16
25.461519607875395,0.8360660811120599,0.010531663354513316,0.8495207361187223,0.3380341122145128,22.44034761690392,0.037980513192040134,28.5881189541851,0.01722092595479998,0.9807692307692307,0.95625,1.450715397105405,160,156,8,1.0,1.0,1.0,0.0,0.4004327267516836,0.9910562301407172,18.336944581336915,0.8366219605172934,permissive,mnse2-B_Vacancy-Anion-03.png,mnse2,A,16
33.111745399185025,0.9227024802772029,0.4420319013142645,0.07821243401684583,0.08201018701795099,32.4868671707554,0.02071810464127581,33.1722047494361,0.019513765167940633,1.0,1.0,0.34554737023254406,67,67,3,1.0,,1.0,,0.5807729256905938,0.8962261697313324,30.881682959070822,0.1265549279912634,permissive,mnte2_Defect-Free.png,mnte2,A,16
24.330143867429577,0.7996874844253399,0.032800483103030874,0.5155894220738914,0.29974502429485494,19.406736834202366,0.0539934076214409,34.41355647082056,0.015074754374074186,0.975,0.9285714285714286,1.192927878405448,84,80,3,0.6666666666666666,1.0,0.5,0.0,0.4430816596206503,0.9212141238670695,25.964352410116614,0.6232019401924911,permissive,mos2-A_Adatom-Li.png,mos2,A,16
29.63244367766879,0.815380742184655,0.0369155901743111,0.3654758941019367,0.259679030582935,28.390338770717335,0.025093682433585975,30.168600229187188,0.0178750533849603,0.9863013698630136,0.9863013698630136,0.6666666666666666,73,73,3,0.6666666666666666,0.6666666666666666,,0.0,0.4763050721954832,0.8692378108585254,30.655319877712447,0.47390390160937496,permissive,mos2-A_Vacancy-Metal.png,mos2,A,16
30.933303581131533,0.8768795448057551,0.051342810257427374,0.2687349871283373,0.22037568342987063,26.13031532669297,0.025449608005589548,34.614458786456666,0.013871024241653745,0.9672131147540983,0.9752066115702479,1.426148065624585,121,122,29,1.0,1.0,1.0,0.0,0.48577329988547746,0.9212918072631837,22.475280553693683,0.41795280167071713,permissive,mos2-B_Adatom-K.png,mos2,A,16
32.92661992011715,0.8626298467434632,0.04168525861540201,0.501952507967053,0.3030311663964762,31.302471360835998,0.02162413422236147,33.88040811852481,0.016212137279070903,1.0,1.0,0.4296689244236597,130,130,28,1.0,1.0,1.0,0.0,0.4920171716419762,0.9321079353140278,30.36995922529668,0.5740810913224706,permissive,mos2-B_Anti-Anion.png,mos2,A,16
33.31346142248417,0.9324158659841671,0.0049626775405713554,0.11804180427703155,0.07782870612886328,23.523203879902503,0.039414753747629774,38.83853304989272,0.008386917829828113,1.0,0.9714285714285714,0.6567895774291853,105,102,30,1.0,1.0,,0.0,0.37722174512712414,0.9756352010768972,26.34532636798991,0.2012938711367208,permissive,mose2-A_Doped-Na.png,mose2,A,16
23.3133172714653,0.8521958592130743,0.17463591185449534,0.5187826099485511,0.8422698143941018,22.870221894148873,0.06253079681276338,27.014920788067446,0.0303007814791014,0.9824561403508771,0.9824561403508771,1.1126972805283737,171,171,5,0.8,0.8,,,0.906869560008953,0.9150097490688287,22.615202542015545,0.8498301470273051,permissive,mose2-B_Adatom-K.png,mose2,A,16
28.30674376486964,0.8451647835602425,0.05163418281793483,0.39098178677460627,0.22649652792661495,22.930917169413103,0.037355434110330946,33.786681900818316,0.016438992184420336,0.9829545454545454,0.9885714285714285,0.9249277428425254,175,176,8,1.0,1.0,1.0,0.00010950503723171266,0.3490082640910175,0.917639544373869,30.85719124867464,0.595522204123623,permissive,mose2-B_Doped-Na.png,mose2,A,16
28.595182231532455,0.8937466348802322,0.030336554736358302,0.9339962265135269,0.845741887779159,28.13072746325265,0.02360357293287943,32.78411310759206,0.018928801073185033,1.0,1.0,1.2882447236783492,188,188,3,1.0,,1.0,,0.8758713006369755,0.9700270839602768,15.560577984737694,0.9366587723434352,permissive,mose2-B_V_adatom.png,mose2,A,16
23.1812083233002,0.8343919074978225,0.12641111834077656,0.52335425412601,0.4009661606952568,19.841417096698965,0.05628994930533267,29.65691938258987,0.0192599090676944,0.9623655913978495,0.9470899470899471,2.8155593230610463,189,186,10,0.8,0.6666666666666666,0.8571428571428571,0.0,0.5264456150005896,0.9491093997306939,18.968512840567733,0.7228871154893557,permissive,mote2-A_Anti-2M.png,mote2,A,16
25.865444282054227,0.8707781529958217,0.33280069619824904,1.4677610632242832,0.9962584953467996,25.862783854166373,0.04568333050682342,26.63904393803743,0.03903995117149021,1.0,1.0,0.5351494898865378,213,213,0,,,,,0.9962584953467996,1.0,,1.0,permissive,mote2-A_Ti_doped.png,mote2,A,16
26.317848294181864,0.9257252500404652,0.018542571698770192,0.10897912186945204,0.17013916007773486,18.93049984716435,0.04827874661981939,37.19973518917691,0.009835203957061757,0.9741379310344828,0.9576271186440678,0.8673017867965745,118,116,24,1.0,1.0,,0.0,0.7530368059745671,0.893068344449545,15.356737245220902,0.20177751845743191,permissive,mote2-B_V_adatom.png,mote2,A,16
29.129103835590534,0.9201062350336051,0.03978503920045468,0.8874289899464018,0.3043535189719888,24.777911442325085,0.02899754219526065,35.22026814101557,0.014110213679097561,1.0,0.9862068965517241,1.5555000545099378,145,143,30,0.9333333333333333,1.0,0.5,,0.3182502775047555,0.9824292604137577,19.753465943973524,0.9395303749374032,permissive,mote2-B_Vacancy-Anion-06B.png,mote2,A,16
30.933540512168626,0.8508270722441807,0.12629340334966074,0.3944622391062269,0.29962100372883427,27.371053971996982,0.02660754454241121,34.34200926725338,0.01531989443633472,1.0,0.9859154929577465,0.5209880722517277,71,70,6,1.0,,1.0,0.0,0.6030403939966232,0.92180965010711,24.334235039893013,0.45800171159606334,permissive,nbo2_Defect-Free.png,nbo2,A,16
33.04049885103219,0.8746381089950802,0.03234069556733803,0.2543115729991184,0.12205467392623227,27.39053437121722,0.026085186700134405,35.057998494438344,0.01417601646435937,0.9813084112149533,0.9905660377358491,1.3627702877384937,106,107,15,1.0,1.0,1.0,0.0,0.34861908474496184,0.936334024281907,22.246541120898783,0.32781895490136853,permissive,nbs2_Anti-Metal.png,nbs2,A,16
24.393552535288503,0.8305330647895065,0.02399442750560333,0.4998961300869729,0.388650087388441,22.67774312758408,0.03504224021043129,25.9925549934011,0.02162103913214334,0.9572649572649573,0.9739130434782609,0.8017837257372732,115,117,28,0.9642857142857143,0.9642857142857143,,,0.5229618428200197,0.9464475502178765,16.617724765399636,0.7033723935138931,permissive,nbs2_Vacancy-Metal.png,nbs2,A,16
34.97059212846017,0.8906777585561222,0.014797780918150948,0.1481326986756272,0.06822442902559135,32.18252029526751,0.01916694680675508,35.266728135806304,0.013528668928879497,1.0,1.0,0.23488808780588138,145,145,40,1.0,1.0,1.0,,0.3145056862965882,0.7852473994939556,31.156338924394603,0.17034049878444668,permissive,nbse2_Cu_doped.png,nbse2,A,16
29.40955594677568,0.8686431443959021,0.5104846044130206,0.2578295721364942,0.4113820865320527,29.02379302570153,0.030250629834327282,29.70106863722222,0.029027818117998788,1.0,0.9851851851851852,0.5484084971070817,135,133,31,1.0,1.0,1.0,,0.5800533472122829,0.41570067313576364,27.967624437951738,0.2948208317549521,permissive,nbse2_Vacancy-Anion-03.png,nbse2,A,16
25.293331210916218,0.8579483643711305,0.09004363228332701,0.5092486819284716,0.17893990929705214,21.05566228974533,0.049274168549657424,27.23350256784775,0.023339793844977537,0.9649122807017544,0.9705882352941176,0.6324555320336759,170,171,4,0.75,0.6666666666666666,1.0,0.0,0.23012746234067208,0.9316672556019935,21.642369842122946,0.7244352869352869,permissive,nbte2_Vacancy-Anion-12A.png,nbte2,A,16
34.54807863712419,0.8896508773827706,0.025886112948219565,0.41151976673136487,0.15451116343973487,32.445686277252356,0.01876976671656581,35.072749882518615,0.013771406342172467,1.0,1.0,0.39331429238801513,181,181,11,1.0,1.0,1.0,,0.22514976552546692,0.9376702180201792,31.096458887586174,0.6434850863422292,permissive,nbte2_Vacancy-Metal.png,nbte2,A,16
32.072613288435534,0.9019047547861335,0.026814065226182276,0.115263289055076,0.05123013005780347,20.99213852198694,0.0490496767805202,36.49142590846338,0.011242760120902293,1.0,0.9789473684210527,0.4918693768379647,190,186,7,0.8571428571428571,,0.8571428571428571,0.0,0.10911719970261846,0.5640844822114877,17.63240972123168,0.2648356213872832,permissive,pbse2_Defect-Free.png,pbse2,A,16
26.788870045450718,0.8845925244175294,0.4242827151652824,0.20773312326512466,0.21842245913622038,20.677573604201687,0.051946087508956254,35.38948417971116,0.01345644624279345,1.0,0.9581151832460733,1.5940463000042933,191,183,8,0.875,,0.875,0.0,0.5173533555547919,0.9181372586386956,19.97918073020724,0.3876302254605032,permissive,pbte2_Vacancy-Metal.png,pbte2,A,16
34.65248021805024,0.930547498706563,0.17491134099674596,0.11402563795200789,0.07133279925791626,31.88146386009441,0.014478236765267473,34.96100942336013,0.015531493934728696,1.0,1.0,0.5266031944165814,119,119,30,1.0,1.0,,0.0,0.5999160446058659,0.971450526066911,20.58766024096752,0.11550997175022136,permissive,rete2_Defect-Free.png,rete2,A,16
26.46821563154623,0.8182695319828217,0.8758836864067523,0.8732674734644964,0.9473526594742236,26.621536156574564,0.03908524438748264,24.361882185521374,0.046497945420713276,1.0,0.8083333333333333,0.994832006747614,120,97,0,,,,,0.9440942553883452,0.8701840537609209,24.838200684798455,0.8731873675297082,permissive,rus2_Anti-Anion.png,rus2,A,16
29.15500631282271,0.8624263531903505,0.6967155807063546,0.26327883707096855,0.30333891929689194,27.423293928700573,0.03191650487069017,30.19709410418356,0.02768435699660867,0.9859154929577465,1.0,1.0757057484009542,70,71,1,1.0,,1.0,,0.5892283042380957,0.5590652106952296,27.74171663486551,0.2878107443396909,permissive,sno2_Anti-Metal.png,sno2,A,16
24.654264815580405,0.8535483955425083,0.019814678649836333,0.2868333895383862,0.2513151217861976,22.236272242197344,0.03434506846577319,25.90413490782709,0.01648849692858451,0.9302325581395349,0.8333333333333334,0.9219544457292888,96,86,4,1.0,1.0,1.0,0.0,0.5796319631754892,0.9365146135855025,20.814100846008486,0.406051251691475,permissive,sns2_Vacancy-Metal.png,sns2,A,16
31.212998510054234,0.9035529128251956,0.023701744354952814,0.2527080497689903,0.11314723115785753,28.086103053757455,0.027588993277244178,31.8404589106456,0.013220232123228946,0.9734513274336283,1.0,0.8366600265340756,110,113,29,1.0,1.0,,0.0,0.36525705676801073,0.9293675019521545,22.170366483086973,0.2878941217575692,permissive,snse2_Vacancy-Anion-03.png,snse2,A,16
30.254641007699043,0.8773378564346731,0.01897590598237025,0.19940391768439406,0.1354188184696659,32.60634264712404,0.017660833280217045,29.979144653519047,0.01604787444751781,0.9832402234636871,1.0,0.5838742081211422,176,179,6,1.0,,1.0,0.07265299947045918,0.303511617619178,0.9007589682033584,30.728280417314867,0.4018947154540375,permissive,snte2_Fe_doped.png,snte2,A,16
36.79813757202486,0.9184889068142004,0.011062281490845923,0.0957114532379193,0.029236838112577757,31.260153254484937,0.02157375260528974,37.149329933597265,0.010402740244918813,1.0,1.0,0.5557189302262113,68,68,7,1.0,1.0,1.0,0.0,0.13565211995221768,0.7562705414288186,30.494451764295153,0.16299752187326152,permissive,tas2-A_Doped-Li.png,tas2,A,16
30.686001397458703,0.9006952824927646,0.03391782800317272,0.20816424622299415,0.13829594696617128,24.058051229874486,0.03557736968485837,34.431144782245184,0.013306455708143747,0.9468085106382979,0.956989247311828,0.8072703346825195,93,94,11,1.0,1.0,1.0,0.0037630297420211695,0.5761332589088987,0.7332722615864944,25.515881385691227,0.1760158439597489,permissive,tas2-B_Vacancy-Anion-06B.png,tas2,A,16
30.94906573144401,0.9185247885890478,0.014264633516070727,0.25286171144326514,0.24873051823813513,25.88506751292008,0.034384330809889285,36.658490935485275,0.010959379363575375,0.9519230769230769,1.0,1.2831463854387957,99,104,3,1.0,1.0,,0.0,0.5419084888968295,0.9773809276314421,28.457406182184457,0.44860796541631764,permissive,tas2-B_Vacancy-Anion-09B.png,tas2,A,16
30.80131402899348,0.9196161821365155,0.004086294780918074,0.16827384813822943,0.0407837138150153,17.654909730222556,0.08961876491853765,38.62406892153718,0.008588038089838258,1.0,0.9917355371900827,2.717228980659034,121,120,9,1.0,1.0,1.0,0.0,0.26448569087775803,0.5402504472271914,15.355362253617193,0.08330666039068016,permissive,tase2-A_Vacancy-Anion-12B.png,tase2,A,16
30.907020643662833,0.91271646689165,0.2803847639403614,0.1631996476133822,0.09312768824293804,22.55455719038212,0.04303761278872426,34.88667709078294,0.014868910412073305,1.0,1.0,0.8451542547285166,119,119,33,1.0,1.0,,0.0,0.5633038654879529,0.8366243596014726,18.16690051255976,0.13831414501287478,permissive,tase2-B_Defect-Free.png,tase2,A,16
26.21605394790006,0.8633320540178391,1.3390222258706057,0.4266851514056157,0.8370031695493102,25.713074632182106,0.04570199863054037,30.540256735846253,0.025200802694674344,1.0,1.0,0.8469010445797932,145,145,21,1.0,1.0,,,0.7822495733943289,0.4937254553735366,24.620121212141477,0.5282837921427783,permissive,tase2-B_Vacancy-Anion-09B.png,tase2,A,16
26.630766670210434,0.913655740747366,0.023064380862990865,0.3957991375673916,0.17506756756756756,20.02571373676261,0.04807251888448254,32.80957987270495,0.012006762317965835,0.9435483870967742,0.9590163934426229,0.8915558282417286,122,124,28,0.9285714285714286,1.0,0.6,0.0015512465373961218,0.45425017234205084,0.8821642223079892,15.150660943701439,0.3399852195945946,permissive,tate2-A_Fe_doped.png,tate2,A,16
34.22425850595332,0.8982667070728013,0.06001593978421397,0.093342273160232,0.05652557845880827,31.485654019725647,0.020646476846620285,34.45913368986363,0.015097702468207885,1.0,0.9944444444444445,0.24789617578026582,180,179,3,1.0,,1.0,0.0,0.17977216260506423,0.5133013848534017,30.74762907717483,0.1613968329806839,permissive,tate2-B_Anti-Anion.png,tate2,A,16
34.1157888718572,0.901703097721079,0.028234793395024202,0.0972568530198192,0.0428788990512593,25.46984559710576,0.03276253638628116,35.56179700387181,0.012910381264101264,1.0,1.0,0.4071189707611169,181,181,2,1.0,,1.0,,0.09213085764809903,0.46649753768094315,23.18668715013662,0.21711401952085183,permissive,tate2-B_Anti-Metal.png,tate2,A,16
27.47658879343584,0.8979667834346347,0.1817882527376698,0.13514599596014742,0.09821855163470071,19.878977399392614,0.06512966141061984,30.641491412117926,0.018824062277121117,0.9820359281437125,1.0,1.176497488932048,164,167,0,,,,0.0,0.38175975177304966,0.8977588603196665,30.408062909086333,0.23097399494915022,permissive,tate2-B_Vacancy-Anion-12A.png,tate2,A,16
29.22130591435945,0.8138574847761693,0.04060486670523475,0.5608328206556807,0.5267780385231999,27.276074899710864,0.03392400228378099,33.527309738844124,0.01630827347752294,0.9672131147540983,1.0,0.4957446034647344,118,122,27,1.0,1.0,,0.0,0.7542780853653748,0.9414059436995217,29.58143759090829,0.6574657093953546,permissive,tis2_Vacancy-Anion-12A.png,tis2,A,16
29.15113700957747,0.8398315607076622,0.01790451042038773,0.6308087829941658,0.3022452504317789,24.75103349982911,0.03131192811843729,35.34730099928637,0.013185942734181513,0.9914529914529915,0.9914529914529915,1.1409312590734968,117,117,28,1.0,1.0,1.0,0.0,0.41480831268495577,0.956626094383942,19.937331896565816,0.6970344726101133,permissive,tis2_Zr_doped.png,tis2,A,16
21.238977486179756,0.8258894393667565,0.26500780106228045,0.8422654802997693,0.7827629401595622,20.239083866340614,0.08209283761490171,32.9695558393404,0.016740483906051894,0.9627329192546584,0.9872611464968153,2.0976176963403033,157,161,3,0.0,,0.0,0.0,0.9122078699482598,0.9718709494551049,14.074831395789786,0.8339596564698487,permissive,tise2_Adatom-Li.png,tise2,A,16
30.835929825990238,0.8449634162832045,0.07325821907313164,0.917137195872731,0.4941712658660824,29.039435255539317,0.026174668107271863,33.85085777139516,0.015903187213978143,1.0,1.0,1.1144215916209483,186,186,6,1.0,,1.0,0.0,0.5549584083026937,0.9953278458516509,25.972436232532758,0.8863050170563275,permissive,tise2_V_doped.png,tise2,A,16
36.673527479044324,0.9255870605385037,0.11115135011566916,0.02228879769689602,0.012838577390447933,30.628636221980802,0.02229637622737193,36.84768774905752,0.011293867078899743,1.0,1.0,0.31180478223116176,72,72,4,1.0,,1.0,,0.0,0.0,30.628636162459543,0.0,tight,tite2-B_Cu_doped.png,tite2,A,16
35.95969698781075,0.9395827266174532,0.043308162235523334,0.09043547922525343,0.08826237458851377,33.32859609835467,0.015364044591790764,36.324740069685795,0.012607571794728835,1.0,1.0,0.30618621784789724,64,64,0,,,,,0.6328043364681296,0.9085751793333021,29.810859253702628,0.1267263800177526,permissive,tite2-B_Vacancy-Anion-06A.png,tite2,A,16
27.103680644177782,0.7297815693067375,0.1527355449416399,1.022271854977862,0.8327616501145912,27.05132171750515,0.03441066404454275,27.37423443533695,0.03547690974997837,0.7903225806451613,0.98,1.720227796970328,100,124,1,1.0,1.0,,,0.8327380111016454,0.9998302884637437,23.4079841435359,0.9998586707410236,permissive,vo2_Vacancy-Anion-03.png,vo2,A,16
26.470016756234994,0.7314768687043983,0.10501083552807472,1.2381079133944428,0.7963816655205495,26.853387656833245,0.032027802769200406,25.230016523885,0.027529164267012594,0.9631901840490797,0.9936708860759493,1.7576040437260871,158,163,8,0.875,0.875,,,0.8343591715385151,0.9792939253415773,29.24369993090826,0.9347194276771742,permissive,vs2_Vacancy-Anion-06A.png,vs2,A,16
28.87654934214405,0.7614462433332333,0.13196150758000164,1.1396451166505857,0.9169588558071353,29.12795534293595,0.025353817362239718,26.778540744935533,0.0272598822981108,0.9771428571428571,0.9941860465116279,1.7013926184468013,172,175,17,0.9411764705882353,0.9230769230769231,1.0,,0.9185326779537594,0.9654283800841298,21.936419810597414,0.9637742064199544,permissive,vs2_Vacancy-Anion-12A.png,vs2,A,16
31.25904021171353,0.8797077548330083,0.36974278994259285,0.7311723751719682,0.7558829072340074,30.960986210370912,0.02125065018279484,32.3379031692762,0.019079826803277095,0.8953488372093024,0.9166666666666666,0.6546536707079771,84,86,0,,,,,0.7888920711437775,0.8372803901745949,25.889404683634105,0.8022465412507003,permissive,vse2-A_Vacancy-Anion-06A.png,vse2,A,16
32.337830017535246,0.8868492591688298,0.1998583507401011,0.21235155815235746,0.13921740230436994,30.00406836290747,0.022420511363569567,32.868755250039285,0.01944363291118714,0.9886363636363636,0.925531914893617,0.46732301954611777,94,88,6,1.0,1.0,,,0.5943098267374208,0.8618848051032897,26.808171669941956,0.20189698748680138,permissive,vse2-A_Vacancy-Anion-06B.png,vse2,A,16
26.58625612929861,0.8823550860284882,0.005293381456784124,0.24205100876041546,0.09233401955738549,16.557384393395775,0.09833660094871931,37.683562626973504,0.009513909824551529,0.9478260869565217,0.990909090909091,1.8097594751231902,110,115,14,1.0,1.0,1.0,0.0,0.7123029875323453,0.7595106044982024,12.632786005259533,0.09845342254246012,permissive,vse2-B_Anti-2M.png,vse2,A,16
23.054422828413475,0.7984692135777116,0.036128204863041136,1.080204942583265,0.5659650025733401,20.73365611006936,0.045991156311046624,34.08349652315608,0.015323230221945483,0.99375,0.9190751445086706,1.7229490587708902,173,160,13,0.7692307692307693,1.0,0.25,0.0,0.6351598465101969,0.9949530313639546,18.085370896713556,0.8865620174987133,permissive,vse2-B_Vacancy-Anion-09B.png,vse2,A,16
30.00595709034905,0.907422190947374,0.011791165175041418,0.07790540331338244,0.09160404481903107,20.413810695027095,0.06266889389412192,37.38578172497024,0.010199435605527092,1.0,0.9747899159663865,1.0,119,116,7,1.0,1.0,,0.0,0.4675597741199087,0.9512344170129553,29.53943558235522,0.18636530555580436,permissive,vte2_Defect-Free.png,vte2,A,16
25.83126239079221,0.8767214740435895,0.013294372423725656,1.5005370097097637,0.8935324096051017,25.578901992252213,0.02325842457450495,28.860029432080523,0.023505272340189936,0.9948186528497409,0.9746192893401016,1.6598820239201741,197,193,7,1.0,1.0,,,0.8935324096051017,1.0,,1.0,permissive,vte2_Vacancy-Anion-09B.png,vte2,A,16
31.773134817874986,0.9221382322990715,0.010002965302541238,0.2559171398900763,0.09985666507405638,22.869625923592555,0.04398625649736316,37.809140273538574,0.009269102340834109,0.9365079365079365,1.0,1.1424030574900927,59,63,0,,,,0.0,0.6066665182249338,0.775974025974026,19.17884292325062,0.12772450117170614,permissive,ws2-A_Vacancy-Metal.png,ws2,A,16
26.81538190573937,0.8865315096783737,0.05764184888701283,0.2703248767404812,0.141287284144427,22.913531548452866,0.035354982777506164,28.00450925960794,0.0188969513270147,0.9611650485436893,0.9705882352941176,1.7809315460503168,102,103,7,1.0,1.0,,0.11982408660351827,0.4181037994622634,0.9296497584541062,22.657092647439782,0.3141509112006006,permissive,ws2-B_Vacancy-Metal.png,ws2,A,16
28.352716578620615,0.883354696441335,0.22318166297119846,0.21819624896430162,0.14809554225778257,21.87685222778024,0.03734835266467673,32.31448971550212,0.020776399100017804,1.0,0.9852941176470589,0.6108472217815262,68,67,4,1.0,,1.0,,0.5068028438413512,0.7969468248113047,23.94822289769321,0.23288005109930748,permissive,ws2-C_Defect-Free.png,ws2-C,A,16
35.968154893019765,0.9242706080389562,0.05605543978589567,0.12233176179659404,0.0015490854796565883,27.226326675846995,0.03765935263566019,36.01207128751239,0.009645001111113927,0.9661016949152542,1.0,0.33769081675298523,114,118,8,1.0,1.0,1.0,0.0,0.00019188128944226505,0.01549053356282272,27.166078390957253,0.1250573241614675,permissive,wse2_Vacancy-Anion-06A.png,wse2,A,16
35.580015780533365,0.9472616643925768,0.030338423320294492,1.0777866764226078,0.8455238749570594,35.988473498429656,0.011429298106890218,33.8443072999647,0.016070621159005663,0.9931506849315068,1.0,0.43151697133684574,145,146,43,1.0,1.0,1.0,,0.8707310122072863,0.9930443826889637,24.83512172730013,0.964296347188824,permissive,wte2_Mo_doped.png,wte2,A,16
33.03664166841728,0.8582590763627654,0.03816047812936102,0.4768248947838299,0.2557385427405782,29.56559992829307,0.02442366284080798,35.40632830336452,0.013051692193712015,0.971830985915493,0.971830985915493,0.5107539184552492,71,71,0,,,,0.0,0.4215073180491358,0.9436653688453984,27.390927276164447,0.5725442855422501,permissive,zro2_Defect-Free.png,zro2,A,16
27.845787359762255,0.8356564589667923,0.019753042566199978,0.3915876568251977,0.2265739898544232,26.104015203027483,0.030652074364695633,28.523799770800316,0.018649571573655068,0.9741379310344828,0.9741379310344828,1.251547714398428,116,116,28,0.9642857142857143,0.96,1.0,,0.4224722918560554,0.9189019153568077,22.875860522604196,0.49281166424566597,permissive,zrs2_Vacancy-Anion-03.png,zrs2,A,16
23.934625572095435,0.8468639928061819,0.12872729941545222,0.5010696890477035,0.660973442986546,22.49170511264748,0.06416535900476561,30.286003239353803,0.02045719775270552,0.9192546583850931,1.0,1.475017178095115,148,161,4,0.75,1.0,0.0,0.004283350098971347,0.8501019413172591,0.8437726598362272,25.256527630005237,0.6560522838068996,permissive,zrse2_Vacancy-Anion-03.png,zrse2,A,16
32.057176774427475,0.9184387863531686,0.02123670778670171,0.17533012936125672,0.13462105198975652,24.817832030872196,0.03908648059795981,36.84937597449954,0.010470598621094108,1.0,0.9895833333333334,1.8637822325921867,96,95,3,1.0,1.0,,0.0,0.6360453986052236,0.877804827417011,26.128274723172606,0.18579021178000893,permissive,cose2_Fe_doped.png,cose2,A,20
26.474134742855316,0.7399777983175436,0.09119090504832457,1.0597522828994859,0.8332209793934552,26.175686555285186,0.036611570070887035,28.381197843054593,0.02671235641985801,0.9871794871794872,0.9625,1.4638501094227998,80,78,2,1.0,,1.0,,0.8867759347949233,0.9459879240684602,28.224516940898056,0.8888569859183062,permissive,cro2_Vacancy-Anion-03.png,cro2,A,20
27.173651121332917,0.8360616196915799,0.021457467877325345,0.3268822470767246,0.14531957234275011,19.341833354554762,0.07200485185281842,35.775657987359814,0.012403667301797126,0.9393939393939394,1.0,2.3293360538172467,155,165,2,0.5,1.0,0.0,0.0,0.4229069875728195,0.6858931328455393,16.964039781633463,0.2356870415170907,permissive,crse2_Anti-Anion.png,crse2,A,20
30.595637260061416,0.8746922534698096,0.07348719693593819,0.23889460964603593,0.2092029264536003,26.239370079931035,0.025936814324876333,33.24584368640409,0.0174215772318806,0.9884393063583815,0.9941860465116279,0.9612370197756298,172,173,1,0.0,0.0,,,0.45418088259969797,0.8303474650796573,30.50328478528286,0.3824712274847046,permissive,crte2_Vacancy-Metal.png,crte2,A,20
30.47209660465802,0.8658892535107013,0.01263853362038111,0.09960967366644327,0.11136732623033993,22.01652715288041,0.04365892303993712,36.542906394087225,0.011155817945109229,1.0,1.0,1.4471833410599741,53,53,1,1.0,,1.0,0.00045430944963655245,0.5843092533298244,0.9103437279333044,25.63844713383801,0.1735083713850837,permissive,cus2_Cu_adatom.png,cus2,A,20
35.01992645457348,0.8679675444237255,0.013671780676649405,0.10103096220478569,0.014234998872794207,31.140737860480353,0.021409608571528557,35.11137809852083,0.012805908699296749,0.9833333333333333,1.0,0.5420196589926082,177,180,15,1.0,1.0,,0.0,0.0352397694288868,0.4500522102332057,30.08462219036469,0.18179723673551293,permissive,cuse2_Cu_adatom.png,cuse2,A,20
30.07724876864074,0.7786205323112575,0.15083338223224518,0.8012949876919623,0.6265817213529632,29.009106573997773,0.02576469031597079,32.81709672397043,0.018520698191239127,1.0,1.0,1.475017178095115,74,74,4,1.0,1.0,1.0,,0.7210447877585325,0.9742324465127169,29.35852670086591,0.8465996200200994,permissive,feo2_Int-Anion.png,feo2,A,20
27.390044766970757,0.9106936952104577,0.008172314213854542,0.10764023362673221,0.13272548797523312,19.069555464609095,0.0576430849929582,36.84068469177674,0.010774807769040537,0.9836065573770492,1.0,3.9179076048319463,60,61,1,1.0,,1.0,0.0,0.6784931751416097,0.8493813113355142,26.33030005470524,0.16615428593002496,permissive,fes2_Ni_doped.png,fes2,A,20
25.128083775644036,0.7996484570119136,0.0588501479972508,0.6365331896980552,0.47171142467000454,23.92882130817229,0.041690015540370155,26.578790414188113,0.02116992767388056,0.97,1.0,2.0584249809166852,97,100,37,1.0,1.0,,0.0,0.7236367618962629,0.9563264233983586,28.598072612601698,0.6233930106711172,permissive,ges2_Vacancy-Anion-03.png,ges2,A,20
29.219378688403896,0.9325544651383687,0.01940482869298748,0.17158033641143397,0.2077092926490985,23.028530840926077,0.02761519628844822,36.87454900865467,0.010235643560174458,1.0,0.952755905511811,0.9090909090909091,127,121,8,1.0,1.0,1.0,0.0,0.8282662902846389,0.940437397835447,19.843707203472288,0.2358391123439667,permissive,gete2_Defect-Free.png,gete2,A,20
24.723579381668358,0.8671652094914886,0.16759639005162053,0.21729469073438,0.20604945732025215,18.87787865303131,0.06273303918214751,30.53389546769733,0.026678977022711083,1.0,0.9722222222222222,2.6779523094014523,72,70,0,,,,,0.5302701171137136,0.6457252116907949,22.59200192419663,0.25091236551495333,permissive,hfo2_Int-Anion.png,hfo2,A,20
28.786974148820473,0.8926043485323015,0.11935580257295303,0.21255999002013987,0.14933052647549688,21.9810334812647,0.03924289538631816,33.54710724001375,0.017499639148482734,0.9943820224719101,0.9833333333333333,1.0840393179852164,180,178,3,1.0,1.0,1.0,,0.38106447323266984,0.9025641676932651,30.913131384223806,0.3536944318009407,permissive,irte2_Vacancy-Metal.png,irte2,A,20
22.69919612499548,0.7587855366688991,0.09797113952704876,0.6033351267956114,0.6847543252595155,21.168727995122424,0.0425787917212704,33.54444394485573,0.016671229761961615,1.0,0.8513513513513513,1.685606668612177,74,63,9,0.6666666666666666,1.0,0.625,,0.7140111481106124,0.9968316371390744,26.503625773798753,0.9559861591695502,permissive,mno2_Defect-Free.png,mno2,A,20
25.915963590772087,0.7897591083600529,0.08418098373218866,0.7359076588650311,0.5582011545535666,24.716254098817668,0.034513465592087365,28.148934035204476,0.021468424375074537,0.9811320754716981,0.9811320754716981,1.1094003924504583,106,106,15,1.0,1.0,1.0,0.026144550313734603,0.7193308168454084,0.9522279313813446,24.995078524004164,0.7389294581125295,permissive,mns2_Int-Anion.png,mns2,A,20
24.366125155923278,0.8469992809370507,0.10544202518940073,0.9699441223299019,0.7249828575812647,23.14321744374771,0.05044963511163181,32.823313288450045,0.017840954143887245,1.0,0.96875,0.8871847463710973,160,155,8,0.875,1.0,0.8571428571428571,0.0,0.8288212655955182,0.9892620690111315,27.999419727604806,0.8653229248083166,permissive,mnse2-B_Vacancy-Anion-03.png,mnse2,A,20
27.58982209750044,0.9081724879464388,0.3197295423480068,0.12221164659047933,0.09681506381816941,18.879202658291987,0.05517807437021201,32.667595609401666,0.020861534886513378,1.0,0.9850746268656716,0.5504818825631803,67,66,3,0.6666666666666666,,0.6666666666666666,,0.6806686161384652,0.7589777484027319,14.252088073655218,0.107953382021705,permissive,mnte2_Defect-Free.png,mnte2,A,20
30.517877808440762,0.8229853417114569,0.030678983074712673,0.46890715301965114,0.303036220133742,26.683493105165738,0.03165668591511295,34.68017725715077,0.014450904087424084,1.0,0.9523809523809523,1.2449899597988732,84,80,3,1.0,1.0,1.0,0.0,0.5068822583345595,0.9329865618258734,28.359444852792496,0.5577798719178644,permissive,mos2-A_Adatom-Li.png,mos2,A,20
27.87802803458697,0.8121034315995045,0.09606898336184726,0.3422551897973566,0.3494921710289869,24.49098955205004,0.03315535203699408,32.25075477527368,0.018198768911482262,0.9726027397260274,0.9726027397260274,1.4339937336575128,73,73,3,1.0,1.0,,0.0,0.599823441934318,0.8197637227831804,30.176092971688742,0.4776422246559526,permissive,mos2-A_Vacancy-Metal.png,mos2,A,20
27.268942772986357,0.875922299620245,0.047930390469858516,0.3433831232492565,0.2795117767894537,24.194559221360002,0.028595773715184684,29.483679428033362,0.015156910216278519,0.9583333333333334,0.9504132231404959,1.2545569112153745,121,120,29,1.0,1.0,1.0,0.0,0.43201077272541794,0.9712349013811732,18.86714210524344,0.6283907951006732,permissive,mos2-B_Adatom-K.png,mos2,A,20
24.411669419397146,0.8497205224126713,0.037271445299803724,0.4336589601565292,0.5405299911392729,24.090995342869327,0.034796960607772466,24.8219801426238,0.024108860178505224,0.96875,0.9538461538461539,1.5026857675938214,130,128,28,0.9642857142857143,1.0,0.75,0.0,0.6436141059323982,0.9593978462884581,26.316208695905825,0.8057363947952488,permissive,mos2-B_Anti-Anion.png,mos2,A,20
33.14647100037763,0.9251500745417454,0.027269026600998857,0.11806474475453557,0.09216605552645364,24.12480784708897,0.03272071928026187,38.50658141667744,0.008703916058974352,0.9903846153846154,0.9809523809523809,0.6682828306544863,105,104,30,1.0,1.0,,0.0,0.42166881386884136,0.9580266560572906,23.61007256724289,0.20940020953378732,permissive,mose2-A_Doped-Na.png,mose2,A,20
30.67246328729134,0.8589033213833406,0.02089082246887666,0.4470996906756433,0.17140147455956106,25.59091191204024,0.030486679065398092,33.34596789338998,0.01461061373983267,0.9883720930232558,0.9941520467836257,0.9074852129730301,171,172,5,1.0,1.0,,,0.2506913036818471,0.9720841539279127,31.272282162318138,0.6646287882035236,permissive,mose2-B_Adatom-K.png,mose2,A,20
27.705817135431996,0.8399914660707599,0.10291586537098349,0.46986784184053654,0.23268517724720306,22.116428763546118,0.04349434453024121,34.590117819678895,0.015006766649601943,0.9885714285714285,0.9885714285714285,1.1225487102733744,175,175,8,0.875,0.8,1.0,0.0,0.3458934735188172,0.9530240751614797,30.257309444783406,0.6411065626473488,permissive,mose2-B_Doped-Na.png,mose2,A,20
28.74604868539086,0.8954548173279172,0.07273712688346297,1.0168316463654858,0.9177150756569077,28.52910712682169,0.024796345029956098,32.4241680252415,0.020016910996223294,1.0,1.0,1.4964496991638776,188,188,3,0.6666666666666666,,0.6666666666666666,,0.9427937829261701,0.9879229309589841,26.445057897868168,0.9616437695572034,permissive,mose2-B_V_adatom.png,mose2,A,20
25.417778259565583,0.8635714057878477,0.16754031393423965,1.1477986569717364,0.4209784745080395,21.909607498215117,0.05102339503726884,35.58057868873894,0.013092253458243832,1.0,0.9735449735449735,2.445048234609129,189,184,10,0.9,1.0,0.8571428571428571,0.0,0.43413238311197494,0.9950892982702855,11.269974269348836,0.9649387861422245,permissive,mote2-A_Anti-2M.png,mote2,A,20
19.15520794606618,0.7879518679570998,1.073898551417562,1.384588217337076,0.9816926756494352,19.17129975565554,0.1009056400890274,18.36947926011546,0.10188782160330476,1.0,0.971830985915493,1.5603789952109879,213,207,0,,,,,0.9819578318979448,0.9967218176423621,14.35729027860982,0.9964526747022189,permissive,mote2-A_Ti_doped.png,mote2,A,20
35.47348993208845,0.9442080469540761,0.010007322886755694,0.11227276008815014,0.15048951820015344,30.785478146871093,0.020693957952058972,37.30585970148893,0.009736442696037795,0.9915966386554622,1.0,0.8025383458814721,118,119,24,1.0,1.0,,0.0,0.6402124145428697,0.934851630235682,28.53091768387192,0.21974795900084074,permissive,mote2-B_V_adatom.png,mote2,A,20
27.470531561666437,0.8867210976044341,0.16990133551816072,0.46539602908806754,0.4330455796345727,25.352062185666824,0.034355521883530415,30.31237120176729,0.025203404818407143,1.0,1.0,1.5995689074419934,145,145,30,1.0,1.0,1.0,,0.5303478969362992,0.6422319590910055,23.891965263190006,0.5244024018781327,permissive,mote2-B_Vacancy-Anion-06B.png,mote2,A,20
32.58644190064778,0.8457351603549906,0.10041487421682004,0.3108684516636008,0.23366342685983252,30.435502571502724,0.023959939916824654,33.530804754464604,0.016997775672652093,1.0,1.0,0.721891100210676,71,71,6,1.0,,1.0,0.0,0.5737829864691588,0.8370176586003925,30.437184635195408,0.34086129959043954,permissive,nbo2_Defect-Free.png,nbo2,A,20
30.24238931340097,0.8638198762801182,0.026457830492728394,0.22540913118114386,0.14268454192708938,24.099029321345636,0.03651742525629249,33.415359040647374,0.0162012652444929,0.9375,0.9905660377358491,1.2421180068162376,106,112,15,1.0,1.0,1.0,0.00022079929344226098,0.39601012705705846,0.9169516365412799,30.853016805199882,0.3303825212791499,permissive,nbs2_Anti-Metal.png,nbs2,A,20
24.504406647481332,0.8299378030879915,0.026822491225825487,0.5031467406299722,0.33700184070778183,21.856312185609927,0.03841098384555924,26.922510320820553,0.0197092958402367,0.9572649572649573,0.9739130434782609,0.8345229603962802,115,117,28,1.0,1.0,,,0.4589877704040755,0.9303804256231902,14.188730653462011,0.6831116997245392,permissive,nbs2_Vacancy-Metal.png,nbs2,A,20
29.96586996509712,0.9138113190055125,0.10236713590998395,0.9632675939551373,0.8168230662632404,29.401175031118555,0.014767814222540749,34.15884349240925,0.015042847003227514,0.9602649006622517,1.0,1.5800480132381836,145,151,40,1.0,1.0,1.0,,0.8256458149435993,0.9938566212297324,10.610025862674235,0.9832363927555898,permissive,nbse2_Cu_doped.png,nbse2,A,20
29.307154599748294,0.8714013724160772,0.1049502843561983,0.34855840736374477,0.31707960315900013,27.354034518642607,0.03153775193381278,30.636400448030813,0.025085235535455937,1.0,0.9629629629629629,1.098950548337962,135,130,31,1.0,1.0,1.0,,0.3930375141774915,0.5554925445361885,27.13742790714302,0.44813878885814706,permissive,nbse2_Vacancy-Anion-03.png,nbse2,A,20
24.534058597343126,0.8634013906806309,1.0480665245123466,0.5735209763162771,0.2220499738356881,21.050084765925938,0.04614937723899513,26.413044141131863,0.025463509842926477,0.9770114942528736,1.0,1.4183669151113025,170,174,4,1.0,1.0,1.0,0.0,0.29527673865122245,0.9246472442336584,29.763335887926683,0.6953405721262864,permissive,nbte2_Vacancy-Anion-12A.png,nbte2,A,20
28.092423788908427,0.8864276197812296,0.01678976016654633,0.7039716852233057,0.4252267573696145,25.06230873409949,0.03142018723894262,34.05406532407301,0.014052089000312115,0.9836065573770492,0.994475138121547,1.5456030825826172,181,183,11,0.8181818181818182,0.3333333333333333,1.0,,0.5246812506935217,0.9940469475864756,22.179060760251218,0.8056231466945752,permissive,nbte2_Vacancy-Metal.png,nbte2,A,20
34.265370248965404,0.907345830182596,0.015263006443555665,0.17193496086934273,0.14483742774566474,28.681469344742517,0.023775744905686444,36.80912285790979,0.010945375552270459,0.9947089947089947,0.9894736842105263,1.0288394618685037,190,189,7,0.8571428571428571,,0.8571428571428571,0.0,0.37119695220278376,0.9502506797036742,27.705202899551587,0.37077854046242775,permissive,pbse2_Defect-Free.png,pbse2,A,20
22.484792490972843,0.8427668865742687,0.15185291624378158,0.26394635171045183,0.27850141443539966,17.12726998569712,0.0821355984842691,34.659161106704474,0.0147072568490271,0.9941176470588236,0.8848167539267016,2.682399349871184,191,170,8,0.625,,0.625,0.0,0.6465846137765234,0.8875742828787679,19.401942058059,0.3823021580338099,permissive,pbte2_Vacancy-Metal.png,pbte2,A,20
27.855697394980453,0.9208173560902998,1.1474118199810535,0.21471604487502835,0.09591432305940886,18.33457050287382,0.06471692244654104,35.925784507026904,0.013646866871322574,0.9834710743801653,1.0,1.697749375254331,119,121,30,1.0,1.0,,0.0,0.5868146096714443,0.7172278881659926,13.358065352082399,0.11723025677783869,permissive,rete2_Defect-Free.png,rete2,A,20
25.91752920533045,0.8208296489872214,1.2797126843237647,0.97159860519087,0.9520125157802614,26.077604949945908,0.04003792644431479,23.567497240364776,0.04602433419388573,0.9900990099009901,0.8333333333333334,1.2489995996796797,120,101,0,,,,,0.9489047549662442,0.9006570615815578,24.481717609929746,0.9036068062300084,permissive,rus2_Anti-Anion.png,rus2,A,20
24.19742166875651,0.836884132564076,0.3816189048884178,0.29983966117507743,0.26885262701034407,19.80536338015785,0.05244799962191292,28.673209247108712,0.027896217008935454,0.9855072463768116,0.9714285714285714,3.063062673400019,70,69,1,1.0,,1.0,,0.4964898814983994,0.5946345892983262,26.40939929910733,0.3219986497239168,permissive,sno2_Anti-Metal.png,sno2,A,20
35.34854501556165,0.8636454772179871,0.04162713538228359,0.16538334030330662,0.07203146143437077,31.4346547964416,0.021042967028795597,35.871899146014854,0.012368038738731438,0.9387755102040817,0.9583333333333334,0.3759047057780561,96,98,4,1.0,1.0,1.0,0.0,0.29189773708072503,0.8636550428554656,30.7017176709946,0.21312373139377538,permissive,sns2_Vacancy-Metal.png,sns2,A,20
28.271274457702916,0.9033586106706549,0.03096646801877967,0.2790428864470982,0.13012493825375598,23.487824326420665,0.034077391716659994,29.823068777039094,0.014843762979581922,0.990990990990991,1.0,1.3416407864998738,110,111,29,1.0,1.0,,0.0,0.450428712345398,0.9160378377544249,16.57899544849868,0.2646353658389658,permissive,snse2_Vacancy-Anion-03.png,snse2,A,20
28.097668177168487,0.8611421011962461,0.017285759383708275,0.15113317753414704,0.16614233224402716,21.200879343032067,0.048005469348102806,34.593156863232046,0.014651184767953462,0.9941860465116279,0.9715909090909091,1.265835368950698,176,172,6,0.8333333333333334,,0.8333333333333334,1.5129737499054392e-05,0.42750153535111984,0.8016448910539941,29.274877034006714,0.31154777425963864,permissive,snte2_Fe_doped.png,snte2,A,20
20.658789236834124,0.8570215492587497,0.03187550613341572,0.26633022574288256,0.27915086228695696,15.209416160809564,0.0862097818962995,36.01205277479079,0.011734768779060612,1.0,0.8235294117647058,3.856812155135378,68,56,7,0.5714285714285714,1.0,0.5,0.0,0.6848106326949855,0.8998758979283107,14.164283445455233,0.36681838871187983,permissive,tas2-A_Doped-Li.png,tas2,A,20
30.97893534921619,0.9072943212334101,0.020470568032783364,0.23070455985038058,0.14444168657503645,26.619478257920008,0.034301106806317545,32.47762900556496,0.012483277762620548,0.967032967032967,0.946236559139785,0.9828067413836206,93,91,11,1.0,1.0,1.0,0.012737956292510162,0.5606510969568295,0.8508216088497476,27.541934131758403,0.21919890788371443,permissive,tas2-B_Vacancy-Anion-06B.png,tas2,A,20
26.232624639267,0.8906813024806298,0.08208033285421365,0.2507073197243616,0.2540799230554435,22.390011769275603,0.03794145498280072,29.11064145964429,0.015844518579880687,0.9313725490196079,0.9595959595959596,1.1652874052533586,99,102,3,1.0,1.0,,0.03592749375881906,0.5045006677392557,0.9764121663563005,27.587684047003158,0.4917470757965933,permissive,tas2-B_Vacancy-Anion-09B.png,tas2,A,20
38.97187732006656,0.9348288656974201,0.003303069805693495,0.025196709420419412,0.0021463873852671216,32.1202503136386,0.018855164252352296,39.00793173023358,0.008341062594130826,0.9918032786885246,1.0,0.38569460791993504,121,122,9,1.0,1.0,1.0,0.0,0.02896939576249019,0.4857456140350877,31.492165957072807,0.03598964462226406,permissive,tase2-A_Vacancy-Anion-12B.png,tase2,A,20
32.61619322645175,0.9126211142470306,0.12495909658371915,0.16289309246794906,0.12163924678849372,28.572757860165172,0.023218830894798884,33.65572396512066,0.017578706143288467,1.0,1.0,0.5185629788417315,119,119,33,1.0,1.0,,2.508403150554357e-05,0.5729968111812199,0.8323051148122598,25.367965382028576,0.17668679002814713,permissive,tase2-B_Defect-Free.png,tase2,A,20
25.09313240397965,0.859654364179771,1.094673866708758,0.5005162380909326,0.8475691330970956,24.94747632314825,0.04900990673012762,26.006398767304635,0.03252026789184387,1.0,1.0,0.9649012813540153,145,145,21,1.0,1.0,,,0.8205584434754509,0.5818180789554079,24.054013399718343,0.6009700451217231,permissive,tase2-B_Vacancy-Anion-09B.png,tase2,A,20
31.90332086274246,0.9390478650146457,0.014323047453177494,0.15969404975976703,0.15879011824324324,25.146158459553604,0.03510577448730445,37.21762233369357,0.009794962691864136,0.9838709677419355,1.0,1.8376749387004954,122,124,28,1.0,1.0,1.0,0.0,0.6090570914616042,0.9274630001462708,26.26432636991761,0.24180320945945946,permissive,tate2-A_Fe_doped.png,tate2,A,20
24.82621418098772,0.870591914963838,0.025081424137031655,0.3400425993275674,0.3324175824175824,21.62375368459631,0.05380995587422992,28.227016949942936,0.020112118715279154,0.956989247311828,0.9888888888888889,2.9830984570567534,180,186,3,1.0,,1.0,0.0,0.5042390436636655,0.9605513064011088,30.678033626683487,0.6332396252815508,permissive,tate2-B_Anti-Anion.png,tate2,A,20
35.391603182939605,0.9032126436102725,0.01710575980582969,0.09899735373442586,0.037574227015220805,32.2136414231765,0.018858842137646097,35.578467315673294,0.012920205982226096,1.0,1.0,0.3324112476572668,181,181,2,1.0,,1.0,,0.11659500409500409,0.646514532243415,30.939444863400418,0.20834755306804997,permissive,tate2-B_Anti-Metal.png,tate2,A,20
27.58644756633619,0.895564577322103,0.10840363199891134,0.15524804330567563,0.13201317316224148,20.46737194762562,0.060373343704396544,31.92041745355473,0.01864143272650097,0.9878787878787879,0.9939024390243902,1.4142135623730951,164,165,0,,,,0.0,0.4448933008186155,0.8754604795450139,23.063189541448494,0.2597753566309467,permissive,tate2-B_Vacancy-Anion-12A.png,tate2,A,20
31.548555829497673,0.8185243222774566,0.02807552861126319,0.6327946564192544,0.3280229042909403,28.540667121951763,0.02566660919069702,34.45249906912569,0.014738824071153558,0.9830508474576272,0.9830508474576272,0.594515160329885,118,118,27,1.0,1.0,,0.0,0.4743611099274433,0.9637415394301905,24.11884087616443,0.6664317376229828,permissive,tis2_Vacancy-Anion-12A.png,tis2,A,20
27.511471525703467,0.8341419241178419,0.010503162218380477,0.6174615868988176,0.3078809658423497,22.928757757897014,0.04022441264082936,35.284120692984445,0.013178893876254863,0.9913793103448276,0.9829059829059829,1.4625766423618998,117,116,28,0.9642857142857143,1.0,0.5,0.0,0.41341561861075693,0.9189656039846383,17.621262288114103,0.6843767022674525,permissive,tis2_Zr_doped.png,tis2,A,20
28.40619235926994,0.8641691935647797,0.05207677443924631,0.9980049606194591,0.5786255096097845,26.501528583671345,0.03319221945028615,34.53073519902178,0.014438890014202876,0.975,0.9936305732484076,1.1036071393157612,157,160,3,0.3333333333333333,,0.3333333333333333,0.0,0.6561386787708688,0.9953986627363578,12.431664353693124,0.8778068983368925,permissive,tise2_Adatom-Li.png,tise2,A,20
29.82680675966321,0.8405563024964774,0.0489743729645113,0.7982466601461384,0.5366687929297131,28.37402628774562,0.026281721152624848,32.50401678985136,0.016264941909157348,0.9789473684210527,1.0,1.624741501358465,186,190,6,1.0,,1.0,0.0,0.5590510734147177,0.9983075518500655,27.844718307758065,0.9583391112220466,permissive,tise2_V_doped.png,tise2,A,20
32.90652109984577,0.9441473900714165,0.4519885268969075,0.906248980783286,0.5777090846642624,32.18515052330166,0.01455634436335953,34.13969471432537,0.01413158724017318,0.9855072463768116,0.9444444444444444,0.3208444739598739,72,69,4,1.0,,1.0,,0.5858460685301112,0.9837363723622193,25.333146072589827,0.9700729760877617,permissive,tite2-B_Cu_doped.png,tite2,A,20
28.63022214709146,0.9289588463825497,0.06655622729659902,0.1867665720275655,0.09902153694634282,27.0234192655337,0.027281998757766,28.849352558419557,0.015825397253754453,0.9696969696969697,1.0,0.9270248108869579,64,66,0,,,,,0.6054110133523761,0.938881691671194,27.873139012529684,0.1535642828914835,permissive,tite2-B_Vacancy-Anion-06A.png,tite2,A,20
25.626489605352983,0.7261412260712298,0.09952835908922764,0.9555979725861456,0.846157372039725,25.4154824824464,0.03500243191265431,27.016103946446037,0.03300025353869702,0.7692307692307693,1.0,2.2068076490713913,100,130,1,1.0,1.0,,,0.846157372039725,1.0,,1.0,permissive,vo2_Vacancy-Anion-03.png,vo2,A,20
26.639672653877323,0.7318574822989472,0.065268384581582,0.8582882006336798,0.7683230182784471,25.97678339528877,0.033808199640823114,30.077438424166168,0.021164572288239543,0.9811320754716981,0.9873417721518988,2.2489313701605718,158,159,8,0.875,0.875,,,0.8259601436869268,0.9773222836095764,25.57523458294661,0.909122809996406,permissive,vs2_Vacancy-Anion-06A.png,vs2,A,20
28.60201442629517,0.7637913953523859,0.11595952658880399,1.4165660176626913,0.9498623244388978,28.675677512466603,0.027993207244630072,27.400791097069167,0.02700887495740048,0.9712643678160919,0.9825581395348837,0.8970695222838924,172,174,17,0.9411764705882353,0.9230769230769231,1.0,,0.9492284040146197,0.9749352003575152,25.66773305264644,0.9755862884762867,permissive,vs2_Vacancy-Anion-12A.png,vs2,A,20
35.74526073334284,0.9000323138434901,0.0068391375491550725,0.10333044824497635,0.057534380961969896,31.04709880785719,0.022316056356084076,36.29569184513505,0.011831711393633692,0.9545454545454546,1.0,0.3450327796711771,84,88,0,,,,,0.40296099252120443,0.8292650094229561,30.65685906011471,0.11840165637883987,permissive,vse2-A_Vacancy-Anion-06A.png,vse2,A,20
28.29644628599661,0.87937002840453,0.09395850081354384,0.24912063201404813,0.14325766552816438,22.17422971453512,0.04187808488385298,31.46120793058404,0.020292443357712988,0.9767441860465116,0.8936170212765957,1.096531327587567,94,86,6,1.0,1.0,,,0.47759309513040854,0.9134093817015372,27.52549121023801,0.2739840609679593,permissive,vse2-A_Vacancy-Anion-06B.png,vse2,A,20
29.656288044575753,0.8907763627769658,0.006521955024263612,0.17839489719488907,0.11695316520844055,21.127713430976055,0.050277321221960374,36.90017327479442,0.010574082667178106,0.9243697478991597,1.0,2.195035721390843,110,119,14,1.0,1.0,1.0,0.0,0.6894675771813357,0.7975268438655166,15.971422891903762,0.13528306742151314,permissive,vse2-B_Anti-2M.png,vse2,A,20
27.619317284963497,0.8179850392330316,0.05882935428440217,1.0181762046431393,0.5124729799279465,25.322221682248717,0.03538271337309661,33.35059848375279,0.01674629625549924,1.0,0.9826589595375722,1.7388298973058596,173,170,13,1.0,1.0,1.0,0.0,0.6287651779873311,0.9893847258557749,25.846797245760644,0.8063947503860011,permissive,vse2-B_Vacancy-Anion-09B.png,vse2,A,20
35.94264846031881,0.9161559337813678,0.05967593619534953,0.10359515290134702,0.11809107112468539,32.80241345316122,0.016412638123918803,36.60796514298285,0.011499117358225472,1.0,1.0,0.42996970774675736,119,119,7,1.0,1.0,,0.0,0.7252290599523844,0.953032859932877,27.899034848998202,0.15518499941781835,permissive,vte2_Defect-Free.png,vte2,A,20
34.45326347312229,0.904517159310597,0.07792139936218662,1.4465724079267681,0.2998414674560453,32.518465571927706,0.017729912526089527,35.64721649028817,0.012779775662861634,0.9948186528497409,0.9746192893401016,0.3886407938787006,197,193,7,1.0,1.0,,,0.2998414674560453,1.0,,1.0,permissive,vte2_Vacancy-Anion-09B.png,vte2,A,20
26.877826334531672,0.9050574599855398,0.008807268388430529,0.1239288787660705,0.09741655859668281,20.06560272277254,0.054273814691702976,29.170149467236826,0.013079948052569968,0.9649122807017544,0.9322033898305084,2.3198746047616843,59,57,0,,,,0.018884908275874485,0.4683563986938268,0.9672447013487476,29.908411830143113,0.20118365071781222,permissive,ws2-A_Vacancy-Metal.png,ws2,A,20
24.997224914962963,0.8788009558565734,0.19540128939017198,0.266474348726149,0.2023496689645758,24.277884618307255,0.03048692511664811,25.200369545502657,0.02457240081848036,0.9230769230769231,0.9411764705882353,1.613743060919757,102,104,7,0.8571428571428571,0.8571428571428571,,0.0,0.5344300702862381,0.8848505291563014,16.82439545589701,0.33502832571155555,permissive,ws2-B_Vacancy-Metal.png,ws2,A,20
31.397235662162956,0.8873463812979921,1.012248706606805,0.24146723762903813,0.2005647818194043,31.65218507408663,0.02077693867585918,31.335554521189053,0.02361756561600499,1.0,1.0,0.3208444739598739,68,68,4,1.0,,1.0,,0.5286656053555392,0.7236143703207062,29.600379495036645,0.27452430578901366,permissive,ws2-C_Defect-Free.png,ws2-C,A,20
29.845999104494982,0.9247428597851809,0.01746214197168698,0.2737136656894665,0.2542659841092092,25.83708518479108,0.03452731439486245,33.00880797549885,0.01050062695935424,0.9724770642201835,0.9298245614035088,2.3189132132458163,114,109,8,1.0,1.0,1.0,0.0,0.5004015178951015,0.9997378493157867,31.610273785225125,0.5079907214845625,permissive,wse2_Vacancy-Anion-06A.png,wse2,A,20
35.41884059707587,0.9207422118786217,0.04245818455077051,0.02081514580246635,0.02020611473720371,30.680443695980948,0.02222222166865723,35.59965801450061,0.013094408031044889,1.0,1.0,0.2876779808912305,145,145,43,1.0,1.0,1.0,,0.0,0.0,30.680443859718096,0.0,tight,wte2_Mo_doped.png,wte2,A,20
27.908719258787368,0.8433321504354494,0.04352329082174519,0.46093261777617195,0.2599592904914219,22.712599365209382,0.03708920473643209,35.14115505917494,0.013532538613338613,0.9852941176470589,0.9436619718309859,0.47316022340738384,71,68,0,,,,0.0,0.3973303860694346,0.9464217115223826,21.613842496242228,0.6192104235140001,permissive,zro2_Defect-Free.png,zro2,A,20
30.979087266563987,0.8452887778491691,0.07394206450677718,0.38455720493582285,0.20879434164618998,28.042933429879263,0.028309991061574436,32.25728890176658,0.016459785205607026,0.9913793103448276,0.9913793103448276,1.4832396974191326,116,116,28,1.0,1.0,1.0,,0.41545170806789516,0.9476918075422627,30.4971286966093,0.47628324350741913,permissive,zrs2_Vacancy-Anion-03.png,zrs2,A,20
29.214771343971343,0.8632442533943252,0.00952686167899999,0.5007505278500842,0.1840060321299154,23.366225806668965,0.03726153075859466,33.669418888434876,0.013977143043644632,0.8909090909090909,0.9932432432432432,1.981204196449021,148,165,4,1.0,1.0,1.0,0.010043157997209333,0.3324133654944008,0.9582266203123467,14.407060159438567,0.5304223493621945,permissive,zrse2_Vacancy-Anion-03.png,zrse2,A,20
30.36644178913303,0.895270651276913,0.02127440325159157,0.20195149637422868,0.14149323198243974,23.624823425714947,0.04387677982565918,34.494934618444574,0.012282715797255626,0.9583333333333334,0.9583333333333334,1.8967936332022317,96,96,3,1.0,1.0,,0.004798563883039321,0.46416769464879026,0.9255934211943836,22.325838429560875,0.2821506239583757,permissive,cose2_Fe_doped.png,cose2,A,28
25.95716838634536,0.735582873976918,0.04303786072633167,0.8630498144448087,0.7167390725390326,25.288441223139518,0.034529094014860165,28.331999727115978,0.023101087881171475,0.9404761904761905,0.9875,2.9273913734184154,80,84,2,1.0,,1.0,,0.8240226623322333,0.9727707108063701,17.161758269670074,0.8461208761942808,permissive,cro2_Vacancy-Anion-03.png,cro2,A,28
26.814560803420765,0.8538114597361625,0.027060295640751852,0.25374027423661344,0.2483977485562666,21.707878544062716,0.05106909791829923,32.674921223042006,0.015400856126841202,0.9871794871794872,0.9935483870967742,1.0256451881367417,155,156,2,1.0,1.0,1.0,0.0,0.6092298910863596,0.7754454862304256,20.10049038790037,0.3161678632745435,permissive,crse2_Anti-Anion.png,crse2,A,28
30.44239340713226,0.8726656713427359,0.10597866426406223,0.2718638298161609,0.29053181020836005,27.490209882626523,0.025783663783975657,32.65090073856228,0.019244262323405356,0.9884393063583815,0.9941860465116279,0.8719139396343282,172,173,1,0.0,0.0,,,0.5925660840365077,0.8107751892321738,29.80707910240231,0.3975185042570487,permissive,crte2_Vacancy-Metal.png,crte2,A,28
31.013044666910762,0.8719115696061446,0.02365952340085227,0.11177751492888655,0.13463216641298834,23.358433151603982,0.04429316819334649,37.05119974532479,0.01051157861407503,1.0,0.9811320754716981,2.0143714423343844,53,52,1,0.0,,0.0,0.0,0.5753586241010616,0.854744498040398,19.10396780553196,0.2000076103500761,permissive,cus2_Cu_adatom.png,cus2,A,28
27.20355601992197,0.8284737033453456,0.194079224097296,0.14699915541809228,0.18571396719459535,20.459127362550625,0.06980636650903622,35.43285349136,0.013522522040769144,0.9818181818181818,0.9152542372881356,1.4487116456005886,177,165,15,0.9333333333333333,0.9333333333333333,,0.0,0.8370513208308127,0.8859585934581933,20.13856884379196,0.19656487131273642,permissive,cuse2_Cu_adatom.png,cuse2,A,28
29.794855486450118,0.7778293480744233,0.25148714849195336,0.9789170637607802,0.7127043859070002,29.06187906521463,0.026627559353875042,32.43958276491614,0.01954719559709817,1.0,1.0,1.1566494014340898,74,74,4,1.0,1.0,1.0,,0.8194078008735924,0.9605848206014945,29.802871247746555,0.8354973115321699,permissive,feo2_Int-Anion.png,feo2,A,28
31.422138920918915,0.9231347103509787,0.035274716842354864,0.11302169542184903,0.17030726663754187,25.050149961729215,0.030049791383349338,36.43889946499498,0.011610809750315849,0.9354838709677419,0.9666666666666667,2.80701092709444,60,62,1,1.0,,1.0,0.0,0.5787481866156466,0.8717558944151506,22.41606444080817,0.2565301576514624,permissive,fes2_Ni_doped.png,fes2,A,28
24.581190342033644,0.7878573656858712,0.05129428086688614,0.4943808154596292,0.4828680523946796,23.47780164621849,0.04373133892753776,25.948496007343,0.022403405506494185,0.9411764705882353,0.9896907216494846,2.0766559657295187,97,102,37,1.0,1.0,,0.0,0.6727918853579584,0.945840643083449,21.866180463585437,0.6788373033935164,permissive,ges2_Vacancy-Anion-03.png,ges2,A,28
37.468826900977234,0.9421874421167569,0.0037758796738516704,0.020561003650949806,0.01811484049930652,30.02543099185347,0.02478711832505033,37.84965471063056,0.009314202037662712,1.0,0.9921259842519685,0.3212080372198105,127,126,8,1.0,1.0,1.0,0.0,0.0,0.0,30.025431234250753,0.0,tight,gete2_Defect-Free.png,gete2,A,28
25.41914578431953,0.8656494201458088,0.6496118400977436,0.25486481770142994,0.26556057159107066,22.194721703663394,0.049534369616690645,27.6241270119298,0.031278679342263,1.0,1.0,2.715695122800054,72,72,0,,,,,0.5277617603839214,0.6329797320661692,28.449280950807537,0.3185044314896441,permissive,hfo2_Int-Anion.png,hfo2,A,28
27.46822117403024,0.8872820906880042,0.05455074227248805,0.27640109849488226,0.17371036261568806,21.073424238990512,0.050093211819696115,32.79001568372679,0.019283114761073986,0.994413407821229,0.9888888888888889,1.8798159125745635,180,179,3,1.0,1.0,1.0,,0.3402182253590009,0.8810074895735529,30.29252245923203,0.4498293126991352,permissive,irte2_Vacancy-Metal.png,irte2,A,28
30.34896457446866,0.7904407423370247,0.11396604297656188,0.9517342903477166,0.7059031141868513,29.604575304631787,0.025995611344359827,32.93561664226847,0.018187715336645788,1.0,1.0,0.6367145399670133,74,74,9,1.0,1.0,1.0,,0.8285291486844655,0.9852749428938364,30.143299382181745,0.8394498269896193,permissive,mno2_Defect-Free.png,mno2,A,28
26.06461772588397,0.796376594519063,0.08344195312412363,0.7540604911607731,0.586297112402042,24.1454481670188,0.03603045747691398,32.79081095960226,0.017369684636856713,1.0,0.9811320754716981,1.6495920241544109,106,104,15,1.0,1.0,1.0,0.0,0.7882554778396005,0.9585343631582217,29.412866812767078,0.7129489677611252,permissive,mns2_Int-Anion.png,mns2,A,28
27.023962674065896,0.8155345692055018,0.04341566228749268,0.4541037254424547,0.40359487309815056,24.510383040253316,0.033126293742070774,30.30705319592096,0.018285891145848575,0.9935483870967742,0.9625,1.3769908845391448,160,155,8,1.0,1.0,1.0,0.0,0.5984229267798564,0.9124672531885444,30.02706298387873,0.6153960498113135,permissive,mnse2-B_Vacancy-Anion-03.png,mnse2,A,28
32.56697135496931,0.9190897398719702,0.2888854105013015,0.10872072476972626,0.11619087434304826,31.87031250054669,0.021340303573049335,32.66746703620052,0.020780574463952425,0.9852941176470589,1.0,0.3232299675777271,67,68,3,1.0,,1.0,,0.6807776234874033,0.9449829276352021,30.254405028749343,0.16128378608968671,permissive,mnte2_Defect-Free.png,mnte2,A,28
27.18900201393445,0.829627886515656,0.062254543760458525,0.5479546457182327,0.31663115118276464,23.35193448112311,0.03862067881808085,31.844430589594168,0.0166515034882944,0.9571428571428572,0.7976190476190477,1.7016234566024593,84,70,3,1.0,1.0,1.0,0.0,0.39262433542559433,0.9867455557839606,30.474213605091727,0.7957590833326259,permissive,mos2-A_Adatom-Li.png,mos2,A,28
24.22900681327428,0.7953077576692315,0.0393572748093464,0.3591180261764556,0.32872905506173467,20.259736346088953,0.04713001732117383,29.94304176153068,0.01856586890651179,0.9714285714285714,0.9315068493150684,2.307277489112375,73,70,3,0.6666666666666666,0.6666666666666666,,0.0,0.5697184364148614,0.8460339870181298,17.28807760602789,0.4881638636318615,permissive,mos2-A_Vacancy-Metal.png,mos2,A,28
31.185386839617312,0.8778358254801426,0.03919104712231628,0.2761208679994743,0.2824720003874787,27.19822250807502,0.024516734706842413,35.08167976073513,0.013517081540698143,1.0,0.9504132231404959,1.0215078369104984,121,115,29,1.0,1.0,1.0,0.0,0.5127602344296711,0.94599774066005,30.298392617563685,0.5211361104542334,permissive,mos2-B_Adatom-K.png,mos2,A,28
26.51924741241939,0.8589239580699541,0.09253582997056178,0.7476212097639234,0.5573368814229587,24.711606482820436,0.03201996016137229,31.07803611680813,0.017374051885806575,0.992,0.9538461538461539,1.77118513267065,130,125,28,0.9285714285714286,1.0,0.5,0.0,0.649397404995128,0.9709689292396405,24.968703034897676,0.8333214620484519,permissive,mos2-B_Anti-Anion.png,mos2,A,28
26.810563768192274,0.9132212652908742,0.038930657296668,0.08543058396104612,0.27534311157674174,22.000661871566003,0.05653352696833617,33.19568385996683,0.017701717097675096,0.9722222222222222,1.0,0.9411239481143202,105,108,30,0.9666666666666667,0.9666666666666667,,0.0,0.6402251247743442,0.6308525008085536,25.60585944485778,0.27131220534311157,permissive,mose2-A_Doped-Na.png,mose2,A,28
28.0592302098541,0.8652275924955898,0.052283182947251566,0.7121756853891897,0.35636707531398687,24.38996354961009,0.03528116383748744,33.8287507743419,0.01672529843207401,1.0,0.9824561403508771,1.558387444947959,171,168,5,1.0,1.0,,,0.42247237419646694,0.9688766266473211,20.064501623069305,0.8172741009044537,permissive,mose2-B_Adatom-K.png,mose2,A,28
27.574447235796278,0.8295822502548444,0.03763597615594589,0.3588224396588094,0.289545737065455,23.0288005981898,0.04023333742836967,33.65132346297963,0.01669128142960843,0.9827586206896551,0.9771428571428571,1.7150861400630166,175,174,8,1.0,1.0,1.0,0.00010950503723171266,0.44108381475872643,0.8731645030857629,21.896355917273095,0.5731814479831969,permissive,mose2-B_Doped-Na.png,mose2,A,28
28.40106104657137,0.892609042823559,0.04141146335898593,1.1170560770706024,0.902712289425179,28.093141352268344,0.024340514942458046,33.37351251111567,0.01775941749735243,1.0,0.9893617021276596,1.444306582888946,188,186,3,0.6666666666666666,,0.6666666666666666,,0.9223172218378307,0.9969401988425582,27.07360415528816,0.9757490676839985,permissive,mose2-B_V_adatom.png,mose2,A,28
33.6526473382869,0.9035275983287991,0.052515809174031966,1.3050142381596739,0.2446209950507945,31.53400350547768,0.020454323064094487,34.64147500437428,0.014162919930621123,1.0,0.9947089947089947,0.5696210012862789,189,188,10,1.0,1.0,1.0,0.0,0.2512992402943403,0.9993901317509027,28.21643297263206,0.9728314665277416,permissive,mote2-A_Anti-2M.png,mote2,A,28
26.267406175758452,0.8547540924821471,0.10991057501410982,1.125930825281265,0.9803499964479386,26.268596386113813,0.03672607693537003,26.20843622863446,0.03844682214331357,1.0,1.0,1.788066860772144,213,213,0,,,,,0.9803499964479386,1.0,,1.0,permissive,mote2-A_Ti_doped.png,mote2,A,28
37.353499714874715,0.9460813235222374,0.017828678643237592,0.022048242741176935,0.008676256414732866,23.885433714971906,0.049653475850165635,38.24591960667446,0.00890920569071861,1.0,1.0,0.3053200599093529,118,118,24,1.0,1.0,,0.0,0.0,0.0,23.88543343154964,0.1321791025576235,permissive,mote2-B_V_adatom.png,mote2,A,28
24.99752563119881,0.875468576514544,0.27677566724587827,0.37497159619940634,0.39329605858597927,22.094068849930505,0.04882225685765135,29.1626314606304,0.03060244843450789,1.0,1.0,2.1123609931820937,145,145,30,0.9333333333333333,1.0,0.5,,0.6597349344658416,0.6314977922108264,23.309849574514278,0.3764626969213877,permissive,mote2-B_Vacancy-Anion-06B.png,mote2,A,28
26.780378331348295,0.8343546425954735,0.2675358909452794,0.4580765942436189,0.4059264013692768,23.92545890224551,0.03121457758049544,31.160593531786063,0.020794793309830917,1.0,0.971830985915493,1.103354568734741,71,69,6,0.8333333333333334,,0.8333333333333334,0.008399661303979677,0.5652079572281627,0.9806567227112212,25.271911864060215,0.7042973286875726,permissive,nbo2_Defect-Free.png,nbo2,A,28
32.496188475699256,0.8696792160351706,0.0516009937325039,0.21706989378476868,0.1717925086033081,30.197702940298843,0.023170446312844567,33.1750631500092,0.015213220601875093,0.9905660377358491,0.9905660377358491,0.8673989580239029,106,106,15,1.0,1.0,1.0,0.05404062706999337,0.5022865608192972,0.9375150276508776,30.820038185669084,0.32064974661224577,permissive,nbs2_Anti-Metal.png,nbs2,A,28
26.62088869268576,0.8363843511111624,0.06627449140087545,0.6064290526452172,0.46650970308583173,23.85143457143599,0.03302125655005017,33.19864461532993,0.017865760503553294,0.991304347826087,0.991304347826087,1.5531518604934889,115,115,28,0.9642857142857143,0.9642857142857143,,,0.6789623536855426,0.9501557804795715,29.60980064293702,0.6528445776569571,permissive,nbs2_Vacancy-Metal.png,nbs2,A,28
36.405719303456635,0.9319915365293958,0.06563289944565488,1.2912379027067429,0.942646022239591,36.57935391499304,0.011391335127664921,34.24631567831872,0.015214086041036965,1.0,1.0,0.32163376045133846,145,145,40,1.0,1.0,1.0,,0.9466329543919245,0.997955093445108,26.096462342057446,0.9937520079406561,permissive,nbse2_Cu_doped.png,nbse2,A,28
26.923173598064206,0.8600659988666195,0.1277677784352674,0.2891349623269317,0.5810776467654774,25.65302900823201,0.037578333815780254,29.69042065239838,0.028402917979805656,1.0,0.9555555555555556,1.0819161869844238,135,129,31,1.0,1.0,1.0,,0.6674011215961868,0.42867340033998447,26.968513476870687,0.3732276177552302,permissive,nbse2_Vacancy-Anion-03.png,nbse2,A,28
23.470174386025306,0.8597669821495223,1.3102810241424105,0.6196470076877906,0.4029216814931101,20.575005663322408,0.05266156918925318,27.901281321849375,0.028856743309771237,0.9826589595375722,1.0,1.70293863659264,170,173,4,1.0,1.0,1.0,0.0,0.5091015836785555,0.9197168769886794,28.661202172545295,0.7278976975405547,permissive,nbte2_Vacancy-Anion-12A.png,nbte2,A,28
32.867693396946564,0.8779749322970833,0.02870033368818876,0.35031569654395667,0.178414442700157,30.302631485711956,0.024468980708387638,33.70230598185445,0.01634296476035459,1.0,0.994475138121547,0.711024300256718,181,180,11,1.0,1.0,1.0,,0.2808934736149926,0.8352519919831842,28.03764064229128,0.5305250305250305,permissive,nbte2_Vacancy-Metal.png,nbte2,A,28
36.35124591418453,0.9077018861649576,0.034151497214914596,0.11433975153598687,0.02943099710982659,31.58946652200058,0.020640055674990734,36.62204471911504,0.011237651273408821,0.9947368421052631,0.9947368421052631,0.44839513942303283,190,190,7,1.0,,1.0,0.0,0.08267083096725346,0.7505677284723501,29.476982609742535,0.26720375722543355,permissive,pbse2_Defect-Free.png,pbse2,A,28
21.12322573716824,0.8171105802406745,0.1326060228370451,0.3298409884150169,0.3626099538289657,17.821093338442317,0.0752772811161721,25.657574043385544,0.023274924998889678,0.967032967032967,0.9214659685863874,3.5563643335191735,191,182,8,0.75,,0.75,0.12395477748896057,0.5741452197022899,0.9572689995913326,15.065138749798837,0.6045774759279579,permissive,pbte2_Vacancy-Metal.png,pbte2,A,28
29.200859036748753,0.9223754553037209,0.6759477539741738,0.14781984886544547,0.12202639456929629,21.172108162543708,0.045622867122712144,35.11478430219677,0.015264940807934004,0.9916666666666667,1.0,1.2931623670533507,119,120,30,1.0,1.0,,0.0,0.6935276133480778,0.92097716042984,12.17429583846953,0.16204621157819285,permissive,rete2_Defect-Free.png,rete2,A,28
24.17616026217987,0.8110491599293186,0.09629873915482211,0.9435260505752295,0.909074715180805,23.839243247348875,0.04018781040329302,31.309514229100003,0.022614972519649702,1.0,0.7416666666666667,0.9657040279831711,120,89,0,,,,,0.9317699625678735,0.894232544138403,19.067359757428946,0.8724516007445443,permissive,rus2_Anti-Anion.png,rus2,A,28
24.66355979357647,0.8430288034162715,0.16620378412923484,0.3319888479421612,0.3491006196802739,20.93286308181927,0.049110728811075186,30.347932205904034,0.026686720862881638,1.0,0.9714285714285714,1.996320144076861,70,68,1,1.0,,1.0,,0.573500784413579,0.6028180201336487,23.26457804193595,0.3669465676464206,permissive,sno2_Anti-Metal.png,sno2,A,28
33.5857124294854,0.8740520440007574,0.027278497550418956,0.2683008955349959,0.2807679296346414,30.354453207871405,0.021448084234558764,36.03552220465302,0.012024757795995246,0.978021978021978,0.9270833333333334,1.016714249515831,96,91,4,0.75,1.0,0.5,0.0,0.7391299299229559,0.95869480089162,26.686704303235523,0.36417244587280106,permissive,sns2_Vacancy-Metal.png,sns2,A,28
25.38240696003731,0.8728761415485904,0.030481908927439537,0.2877984749836109,0.16952205395115721,19.836280076282378,0.061717164507486884,28.641824246276627,0.016367713693305877,0.9537037037037037,0.9363636363636364,2.274809284655177,110,108,29,1.0,1.0,,0.0,0.43403974964313163,0.9364272769269038,20.365011901836894,0.36573856539881044,permissive,snse2_Vacancy-Anion-03.png,snse2,A,28
26.625779091272584,0.874871755764556,0.1523819335542384,0.3027073268026009,0.20100238744306542,20.118421532996976,0.05834998393604061,35.62383185780169,0.01262249825304512,0.9887005649717514,0.9943181818181818,3.415092552604855,176,177,6,0.8333333333333334,,0.8333333333333334,1.5129737499054392e-05,0.39399228980813655,0.8936399629348833,14.01720569111024,0.45590680505934744,permissive,snte2_Fe_doped.png,snte2,A,28
36.614226264789764,0.9193102879602653,0.010625791570259654,0.09758576453902904,0.033449653567996764,30.777394363431224,0.023265083327197778,37.06257718906451,0.01045142928884719,1.0,1.0,0.5,68,68,7,1.0,1.0,1.0,0.0,0.1563111827709317,0.8208345932869671,30.470253888142146,0.1756536691447934,permissive,tas2-A_Doped-Li.png,tas2,A,28
26.178559455113003,0.8749701257523947,0.014485058337095116,0.11282163741263661,0.17009245757190283,18.955274975612667,0.06981972485771316,35.25978367999069,0.013524909852969464,0.9772727272727273,0.9247311827956989,0.7313574508612273,93,88,11,0.9090909090909091,1.0,0.0,0.0,0.6574094080862259,0.7862191618404852,29.447388100485036,0.20341958569906818,permissive,tas2-B_Vacancy-Anion-06B.png,tas2,A,28
25.330267739057234,0.894013781022378,0.019286325552402186,0.2610159718379204,0.25147632196746406,19.579684360500167,0.055494475190274645,36.689993233683666,0.011097003517232076,0.9489795918367347,0.9393939393939394,1.4883056686853209,99,98,3,1.0,1.0,,0.0,0.5142802979011509,0.9761987991445962,28.70959784173482,0.4773484119843215,permissive,tas2-B_Vacancy-Anion-09B.png,tas2,A,28
33.927826209214295,0.9289996324320206,0.003198945221343991,0.1718156298482057,0.015954342198164273,17.51670763351447,0.09264780657217819,39.0610389544271,0.008300744567446087,0.975609756097561,0.9917355371900827,0.45643546458763845,121,123,9,1.0,1.0,1.0,0.0,0.07874903148552512,0.49476323941584305,15.671658528513765,0.10023770298893857,permissive,tase2-A_Vacancy-Anion-12B.png,tase2,A,28
29.38892285912205,0.9063376574450321,0.1422612105086694,0.2715836142681594,0.1636297812963025,23.207352051886826,0.033906571310350915,33.55102552991614,0.017902974634420744,1.0,0.9747899159663865,0.5570860145311556,119,116,33,1.0,1.0,,0.0,0.6997468292203323,0.8342539817433222,16.030364326488428,0.1950831227493083,permissive,tase2-B_Defect-Free.png,tase2,A,28
34.9499086730853,0.9066652689188084,0.007759080584743847,0.22192642946518637,0.08026248279764274,32.08338311076036,0.019387815662192862,35.319511170453104,0.013448277973316335,1.0,1.0,0.3321819194149599,145,145,21,1.0,1.0,,,0.2194634703196347,0.8269558204140156,29.951774818544102,0.3024354222309599,permissive,tase2-B_Vacancy-Anion-09B.png,tase2,A,28
25.119585759570633,0.9054569626505253,0.04405974663131093,0.402746208759427,0.29657094594594596,20.45659539541664,0.04895212279923961,32.37999898033823,0.011669008476656932,0.9421487603305785,0.9344262295081968,2.2710998958306754,122,121,28,0.9285714285714286,1.0,0.6,0.0,0.6176168160516857,0.9664663666913482,20.08293899123421,0.4640836148648649,permissive,tate2-A_Fe_doped.png,tate2,A,28
21.6072035405519,0.8383402952695533,0.0899824998514441,0.5581436117524925,0.4182777626100607,18.125354907271234,0.0765246001448771,30.961432871756664,0.016270734276337396,0.9714285714285714,0.9444444444444444,3.4359689103571904,180,175,3,0.3333333333333333,,0.3333333333333333,0.0,0.5629050998026837,0.9906885192399874,16.95124538768505,0.7361506893727391,permissive,tate2-B_Anti-Anion.png,tate2,A,28
23.848528794391946,0.8868712964526939,0.031511944347384795,0.5405756455670684,0.4166204525288376,20.260500849432034,0.05738692615612718,34.67711238116782,0.013165807256446876,0.9888888888888889,0.9834254143646409,2.2931260249476337,181,180,2,1.0,,1.0,,0.5880902150193137,0.9961448867272494,30.626221506427527,0.7056984164903419,permissive,tate2-B_Anti-Metal.png,tate2,A,28
26.436355783152425,0.8799738833429903,0.02502162563091602,0.15291491045482652,0.14818527745546378,18.8458370381458,0.07393602128848564,34.00379880675926,0.01677399898913707,1.0,0.9451219512195121,1.8298598571404843,164,155,0,,,,0.0,0.562633012497701,0.9246912514034027,16.22572816938699,0.24354352945191454,permissive,tate2-B_Vacancy-Anion-12A.png,tate2,A,28
31.420053146605692,0.8161778681491265,0.03144649335658944,0.6114964913173745,0.3486501906539547,28.46728560554682,0.025194892001257962,34.61837554362516,0.014563772282250755,0.9915254237288136,0.9915254237288136,0.48919959047022854,118,118,27,1.0,1.0,,0.0,0.5118323920976168,0.9482562014068864,25.871289376984173,0.6459335331521023,permissive,tis2_Vacancy-Anion-12A.png,tis2,A,28
27.353359798395296,0.8323758165044502,0.013276676505656925,0.594721099824153,0.36399028271516015,23.46752387622547,0.03121907392619144,34.99706634764907,0.013701899200809579,0.9913793103448276,0.9829059829059829,1.4264580641209372,117,116,28,1.0,1.0,1.0,0.0,0.5308001144899396,0.9733318202451203,29.9606208608888,0.6674514845708415,permissive,tis2_Zr_doped.png,tis2,A,28
21.192458124076406,0.827953952950243,0.271833860453523,0.9659092789904118,0.7974295328692533,20.27107163287414,0.08023840493366988,32.76469903334596,0.016704787750509743,0.9622641509433962,0.9745222929936306,2.2066447484250005,157,159,3,0.3333333333333333,,0.3333333333333333,0.0,0.8749364606782368,0.9777703711217702,10.748196140176251,0.8911538212644794,permissive,tise2_Adatom-Li.png,tise2,A,28
32.8411252148246,0.8558821829680577,0.02656702529413099,1.275741674008492,0.450756210074789,31.485613803628954,0.021000365202390146,34.394055598975505,0.01492824349330348,0.9893617021276596,1.0,0.47519096331149147,186,188,6,1.0,,1.0,0.0,0.47541353309735557,0.9944061322326762,27.14898395895161,0.9428312579157075,permissive,tise2_V_doped.png,tise2,A,28
34.988844455807055,0.9432924581144471,0.016250959543215607,0.9284773665041764,0.737464024050866,35.02456836581298,0.010708094686242951,34.89004003713194,0.013582928942240263,1.0,0.9722222222222222,0.5345224838248488,72,70,4,1.0,,1.0,,0.7658183057810228,0.9958476304840036,21.86213767399012,0.9589765553714084,permissive,tite2-B_Cu_doped.png,tite2,A,28
27.19365473253916,0.9186423638392082,0.061283489504020246,0.4975998102144568,0.12119368768220745,20.119633266171522,0.05432432469595051,30.810233165338218,0.016553303064346242,0.9841269841269841,0.96875,1.4919136877222163,64,63,0,,,,,0.5418097508694416,0.8458018916242701,23.688289080192156,0.18919159378368705,permissive,tite2-B_Vacancy-Anion-06A.png,tite2,A,28
28.406367450564357,0.7361684781060236,0.1379823990424685,1.1421309261450934,0.8501107715813598,28.25246491497708,0.030171177711765088,29.40045699019504,0.024962242308275262,0.8235294117647058,0.98,1.6536909861128892,100,119,1,1.0,1.0,,,0.8501107715813598,1.0,,1.0,permissive,vo2_Vacancy-Anion-03.png,vo2,A,28
26.251430022870576,0.7244370998669847,0.020140521863587883,0.9986737038332509,0.7803473442624806,25.496148721523625,0.03210022588552143,31.13017511668479,0.019789905519550087,0.987012987012987,0.9620253164556962,2.3297277907402334,158,154,8,1.0,1.0,,,0.8436973630144505,0.9754523135170028,19.635293164187356,0.902209317791418,permissive,vs2_Vacancy-Anion-06A.png,vs2,A,28
26.258988694286135,0.747152453382781,0.03193928001165738,1.4154528663153494,0.9208160354532257,26.28577603805208,0.029750587561133263,25.95904275895061,0.028663761900695743,0.9704142011834319,0.9534883720930233,2.077756764092397,172,169,17,0.9411764705882353,0.9230769230769231,1.0,,0.9210849344751674,0.9823932191305096,24.379010363130355,0.9821064219352684,permissive,vs2_Vacancy-Anion-12A.png,vs2,A,28
29.74150916550894,0.8597669415755888,0.22446032294338603,0.6123502879464359,0.3680718521444375,27.794623806670003,0.030155230827980373,31.477227882185122,0.021489322320874648,0.922077922077922,0.8452380952380952,0.6500270850261592,84,77,0,,,,,0.4088909287882171,0.6935885476212186,25.353159204176954,0.6243484591494536,permissive,vse2-A_Vacancy-Anion-06A.png,vse2,A,28
30.903638153915555,0.8875396751616682,0.1806915346692413,0.2418536966269746,0.19661495646067778,29.66734987860576,0.024155247547636857,31.268569514815518,0.021312104775699142,0.9772727272727273,0.9148936170212766,0.6099942813304187,94,88,6,1.0,1.0,,,0.6353094949117729,0.8934991268267704,29.797768805009586,0.2765192293294712,permissive,vse2-A_Vacancy-Anion-06B.png,vse2,A,28
31.881956885317205,0.8799558948822382,0.012234112631375367,0.13870775558094284,0.15607050952135873,29.898747770942936,0.02372416731112463,32.37361308099515,0.013385847431128712,0.963963963963964,0.9727272727272728,1.2304546686443938,110,111,14,1.0,1.0,1.0,0.0664174732907473,0.5457222753834576,0.9685402892050982,24.029851416764604,0.27699176531137415,permissive,vse2-B_Anti-2M.png,vse2,A,28
30.959494260542296,0.8303144875200642,0.01609336245084742,0.8620752033223829,0.4933247555326814,29.065653185467358,0.024244303072305653,34.25906555777995,0.015124949124463705,0.9941860465116279,0.9884393063583815,0.8129075675931996,173,172,13,0.9230769230769231,1.0,0.75,0.0,0.6220649216872243,0.9828383044870792,19.809061614423204,0.7794338651569738,permissive,vse2-B_Vacancy-Anion-09B.png,vse2,A,28
31.740754078324684,0.9132082679702249,0.02714311543477747,0.19928124628937444,0.15707037232756227,25.12307281986661,0.03490033218764592,36.54074285512615,0.011409415938395765,0.9914529914529915,0.9747899159663865,1.0787924283421142,119,117,7,1.0,1.0,,0.0,0.7634152034649999,0.8392376010378205,19.968350383622457,0.17267060161756934,permissive,vte2_Defect-Free.png,vte2,A,28
34.201741722555916,0.9058528908662438,0.044308170161438405,1.4359470761683752,0.5828444500174654,33.23526681703032,0.016998672859333236,36.060874263109106,0.012386204753564976,0.9949238578680203,0.9949238578680203,0.40406101782088427,197,197,7,1.0,1.0,,,0.5828444500174654,1.0,,1.0,permissive,vte2_Vacancy-Anion-09B.png,vte2,A,28
27.597523490781704,0.9049513232143558,0.029155687891648574,0.21077733001092616,0.15548711123245285,19.930632575780894,0.05658192811286639,37.255193595080165,0.010263558216284495,0.9661016949152542,0.9661016949152542,1.5503253761484472,59,59,0,,,,0.0,0.5663600207922826,0.8569312091891793,16.39719508659348,0.23525982299274226,permissive,ws2-A_Vacancy-Metal.png,ws2,A,28
26.014500793851948,0.8829753814876294,0.09617188427220578,0.30933235486887234,0.18781710008418082,21.631141778820307,0.043849485225155214,28.25642479532542,0.019206308524158562,0.9595959595959596,0.9313725490196079,0.7326950970650465,102,99,7,0.8571428571428571,0.8571428571428571,,0.0,0.5105928037750688,0.9437319241077512,22.980403378449964,0.3471435396901235,permissive,ws2-B_Vacancy-Metal.png,ws2,A,28
30.3124928915919,0.8854505724970224,1.0241894064525083,0.26242302850759275,0.22935016472803066,28.297074491342897,0.02724766493202565,31.151878907841805,0.02424757675433768,1.0,1.0,0.7376433061167325,68,68,4,1.0,,1.0,,0.5804286887334711,0.7511817948623988,29.436493146842842,0.29682142136757883,permissive,ws2-C_Defect-Free.png,ws2-C,A,28
27.175868167614148,0.8972593154764978,0.041013713485349636,0.17988796034220422,0.17798752199648057,22.509518185474974,0.04875402751712036,29.523330186629106,0.012990593570198331,0.9469026548672567,0.9385964912280702,2.2754274529103196,114,113,8,1.0,1.0,1.0,0.03217273622047244,0.4895424590472604,0.97368026844029,20.344017258988274,0.35401002506265666,permissive,wse2_Vacancy-Anion-06A.png,wse2,A,28
31.930142214542382,0.9032305991677488,0.31548162347693715,0.1350514464713868,0.045020038932783696,28.500953486285134,0.026719492044887685,32.18359524477964,0.02123821260675159,1.0,1.0,0.38951782748808106,145,145,43,1.0,1.0,1.0,,0.23073756432246997,0.34215077830908536,30.184955742391836,0.06675827321653498,permissive,wte2_Mo_doped.png,wte2,A,28
24.386782823091814,0.8168638896489435,0.17562424973338964,0.4868185521086697,0.34223596829005376,21.626716945758034,0.039857804786012536,27.079271781666566,0.019351222857706882,0.9558823529411765,0.9154929577464789,0.6324555320336759,71,68,0,,,,0.10143271512701063,0.5643353559316879,0.9554489435108738,28.880705827073044,0.5794231938459912,permissive,zro2_Defect-Free.png,zro2,A,28
28.508824767319357,0.8462595292357865,0.10091843240009675,0.4619770098948083,0.2680952833475878,23.882704308862188,0.03590456177286495,33.68709486193126,0.015957038908003388,0.991304347826087,0.9827586206896551,1.8801828951722346,116,115,28,1.0,1.0,1.0,,0.48228827533719504,0.9626716404054385,30.255412452319433,0.5351316617115344,permissive,zrs2_Vacancy-Anion-03.png,zrs2,A,28
23.25920517529239,0.8455712686798628,0.12382290769042677,0.5835800108144428,0.6881340705045291,21.89415203951163,0.06837379358999676,30.585360294392963,0.019604192065993474,0.9863013698630136,0.972972972972973,1.4385563751360058,148,146,4,0.75,1.0,0.0,0.004007528312295162,0.8308370233553525,0.9005732237204463,25.354996851738115,0.74589251658936,permissive,zrse2_Vacancy-Anion-03.png,zrse2,A,28
24.72853013262455,0.8904334322356982,0.0390259737235413,0.2655141661577271,0.22732053575057926,18.569033986771295,0.06628099261557126,35.7433427030084,0.010656169577448736,0.9456521739130435,0.90625,1.2270888828592579,96,92,3,1.0,1.0,,0.0,0.6370763301730581,0.9717804575477497,22.979606491698767,0.346749115889598,permissive,cose2_Fe_doped.png,cose2,A,36
22.601826097315815,0.7169679795732121,0.1570246542104218,0.8875940323204926,0.9045449249309231,22.49407182228464,0.04946507728830153,23.782598832462483,0.037303394910833676,0.9625,0.9625,3.6662730996965354,80,80,2,1.0,,1.0,,0.9503179145930553,0.9302949308331762,27.738418975799238,0.8854863677219614,permissive,cro2_Vacancy-Anion-03.png,cro2,A,36
29.608448369370485,0.8404295756650101,0.02091253586639657,0.286104585447854,0.16413444279694084,23.052282061461856,0.046941120968584306,34.72549948231082,0.013195832692029825,0.9556962025316456,0.9741935483870968,1.5093527405362335,155,158,2,0.5,0.0,1.0,0.0,0.4403413729128015,0.8816248904209322,19.72988128252198,0.3286200639925082,permissive,crse2_Anti-Anion.png,crse2,A,36
24.046084655927746,0.8393643089551485,0.04644708003938025,0.3151844513438995,0.28547255380139475,19.722557910380235,0.05710559744317433,29.01708962957131,0.020425149489742098,0.9817073170731707,0.936046511627907,1.9655416651058508,172,164,1,0.0,0.0,,,0.5455580865603644,0.9045388806042849,18.377906391800703,0.4733153638814016,permissive,crte2_Vacancy-Metal.png,crte2,A,36
29.954996133148413,0.8671425854349972,0.03109701408891645,0.13785029738993043,0.171570268899036,23.150876768456182,0.03838979004908068,36.63252871091197,0.010945859063420877,0.9811320754716981,0.9811320754716981,2.023895710295826,53,53,1,1.0,,1.0,0.0,0.5956096802801321,0.9632280099951207,25.073513512669876,0.2774657534246575,permissive,cus2_Cu_adatom.png,cus2,A,36
23.273248852724365,0.7671612411998483,0.2554530300411809,0.2057046467086317,0.2955880422045668,18.32830087757528,0.09378135138384588,32.884206983653485,0.017485602878473793,0.9925925925925926,0.7570621468926554,1.2428902282192844,177,135,15,1.0,1.0,,0.00019067594622938316,0.6395290581162325,0.9628713908561372,30.503543950475553,0.44503571136595044,permissive,cuse2_Cu_adatom.png,cuse2,A,36
30.45455226228149,0.7902755187430585,0.060583238892722324,1.0344675956592486,0.5745105374735004,29.05926497606865,0.02719075164738488,33.56667573816036,0.016593703486727118,1.0,1.0,1.071750273453965,74,74,4,1.0,1.0,1.0,,0.6674254672443898,0.9883042429040207,27.375254358140232,0.8507185141172069,permissive,feo2_Int-Anion.png,feo2,A,36
27.118351129858702,0.9049843588251022,0.029873649486283356,0.27826435741521527,0.11785296290902815,26.535632300494857,0.031693133770751905,27.202475086819273,0.015638332543073667,0.921875,0.9833333333333333,0.947789578306157,60,64,1,1.0,,1.0,0.0,0.5495486724432885,0.9041233810809574,23.52537345887011,0.19389296096737482,permissive,fes2_Ni_doped.png,fes2,A,36
24.851845034552404,0.7901873089784085,0.053105770810703196,0.519224083728555,0.43385424568856523,22.910398957801974,0.04506677460086782,27.30802245827599,0.018890229170878303,0.9504950495049505,0.9896907216494846,2.3717082451262845,97,101,37,1.0,1.0,,0.0,0.6020802560761841,0.9669351642459143,23.826231148267816,0.6967657917362059,permissive,ges2_Vacancy-Anion-03.png,ges2,A,36
34.70124498622121,0.9396083859445423,0.004404760548108317,0.02188523967190682,0.015984466019417477,19.657409416210633,0.06939102322283129,37.73463409231895,0.009486461973951097,0.9920634920634921,0.984251968503937,0.66332495807108,127,126,8,1.0,1.0,1.0,0.0,0.0,0.0,19.65740911348828,0.0,tight,gete2_Defect-Free.png,gete2,A,36
25.646090359445495,0.8709587279129155,0.18476318963559668,0.24326800875271212,0.23673219109910423,20.65473253252492,0.056181549725696,30.44379592285717,0.026882193797306768,1.0,0.9861111111111112,3.148887574643858,72,71,0,,,,,0.5181450684641381,0.704092996483852,22.51191464861732,0.321688824114887,permissive,hfo2_Int-Anion.png,hfo2,A,36
25.442328024393703,0.8848477553157442,0.25443821851994636,0.3425688348516271,0.2295611439842209,19.686481297952014,0.059565487457766686,32.97237155383505,0.019076571208008757,1.0,0.9888888888888889,2.0581435946453723,180,178,3,0.6666666666666666,1.0,0.0,,0.4450825334707283,0.9527523276852028,30.329351755216386,0.49140304961310877,permissive,irte2_Vacancy-Metal.png,irte2,A,36
30.6437157835186,0.794655592513835,0.0684754741735924,1.022130125533992,0.6046885813148789,29.50825118012397,0.026378504898085645,33.29634858340239,0.017379561774243532,1.0,1.0,0.9372184261837677,74,74,9,1.0,1.0,1.0,,0.7058394250361812,0.985162084060542,29.723275235036894,0.8439826989619377,permissive,mno2_Defect-Free.png,mno2,A,36
21.98934286267276,0.759119094846498,0.08506651506641126,0.7796188459249982,0.5808005390344727,20.180484206626414,0.05270477583569315,27.453416753419823,0.02108059233910731,0.9615384615384616,0.9433962264150944,2.613426869074396,106,104,15,1.0,1.0,1.0,0.027190332326283987,0.7470192669724659,0.9642299110058998,29.842519684839818,0.749679796526627,permissive,mns2_Int-Anion.png,mns2,A,36
23.286044362862164,0.8398105408899498,0.08905810506280692,1.0210650396656409,0.6875260732592653,21.79680412879984,0.04998294961686532,33.286141055118115,0.01709720004155895,0.9870967741935484,0.95625,2.22434539096352,160,155,8,0.625,1.0,0.5714285714285714,0.0,0.7897773839849375,0.994675045246423,29.429655091019946,0.8658959371268826,permissive,mnse2-B_Vacancy-Anion-03.png,mnse2,A,36
32.40483693853898,0.9217559050038404,0.28817661947417933,0.10455652228352269,0.1283700771278411,31.495840040947073,0.022302664321254644,32.55636420429434,0.02106301699340461,1.0,1.0,0.44048819592160315,67,67,3,1.0,,1.0,,0.6569225271748528,0.946929416456201,30.818969054572904,0.185040696880759,permissive,mnte2_Defect-Free.png,mnte2,A,36
27.59288404144828,0.8163144125844806,0.08423316404409731,0.46712933510283045,0.4344463404901986,24.662503687897548,0.03604989852079119,33.44590844530754,0.01602624427061882,0.925,0.8809523809523809,2.2056438662814233,84,80,3,1.0,1.0,1.0,0.0,0.623358578618405,0.9205440368944561,20.278107149306372,0.6415681147362374,permissive,mos2-A_Adatom-Li.png,mos2,A,36
26.759342467656072,0.8039314311322766,0.1518052475286376,0.38028347784775585,0.3762603751906658,23.971301852472322,0.036895910770360675,30.160588674984435,0.01869593691680566,0.9726027397260274,0.9726027397260274,1.501173250081603,73,73,3,0.6666666666666666,0.6666666666666666,,0.0,0.6854003650360518,0.8557890461649543,25.101547584573307,0.4697976890881152,permissive,mos2-A_Vacancy-Metal.png,mos2,A,36
32.82930597983945,0.8689471221690523,0.026312838432383898,0.16468194671636902,0.08790923880371637,25.924780243737864,0.02957658031389414,34.87863831869008,0.014027508139688163,0.9918032786885246,1.0,2.126184647913909,121,122,29,1.0,1.0,1.0,0.0,0.2816743263003969,0.6992059633770864,24.21226318536723,0.21821890839261854,permissive,mos2-B_Adatom-K.png,mos2,A,36
23.9358391704112,0.8456564125471537,0.0789409663281326,0.4473913597405166,0.6070737662648474,23.00923449825037,0.035035052197658303,25.924867508887598,0.020107002153707566,0.9523809523809523,0.9230769230769231,1.879716290649558,130,126,28,0.9285714285714286,1.0,0.5,0.0,0.6832556307045768,0.9766795729203332,26.7883573731591,0.8677814278021693,permissive,mos2-B_Anti-Anion.png,mos2,A,36
27.94759838471082,0.907951249980756,0.0809771074156958,0.1606490492392156,0.17656102671555787,20.743410121498947,0.04997237743181625,38.50050097726583,0.00901995475423181,0.98989898989899,0.9333333333333333,1.1693361102674928,105,99,30,1.0,1.0,,0.0,0.6289344005468995,0.9826289477978372,22.898916670909614,0.2758538501833421,permissive,mose2-A_Doped-Na.png,mose2,A,36
25.299291813607212,0.8293031575520653,0.025710149157168054,0.45554237007536497,0.24529019675082514,19.609574832252832,0.06158887741161965,34.49547859827962,0.015129971026042846,0.9937888198757764,0.935672514619883,0.9810708435174292,171,161,5,1.0,1.0,,,0.3562876320807263,0.9571528430066187,29.452135396617805,0.658962557332076,permissive,mose2-B_Adatom-K.png,mose2,A,36
26.318470057183937,0.8292576610660637,0.19664239269493994,0.4192903660161837,0.3608250460799863,22.533271800019705,0.04056949690852283,32.99524271444728,0.018569687561303252,0.9885714285714285,0.9885714285714285,1.8576509499965599,175,175,8,0.875,0.8,1.0,0.0,0.5520346867801815,0.907508742751498,27.717950865138683,0.5931726606369755,permissive,mose2-B_Doped-Na.png,mose2,A,36
26.18113873971575,0.8716877884559917,0.007590341585230783,1.0124545507567995,0.81471291096918,25.441846559235643,0.027128360423985535,33.53251417470007,0.01505718103237873,1.0,0.9627659574468085,1.915335032649071,188,181,3,0.6666666666666666,,0.6666666666666666,,0.8253362084574739,0.9892700828337767,10.768835999641627,0.9765367139611643,permissive,mose2-B_V_adatom.png,mose2,A,36
28.570064328896233,0.8897589998397378,0.10594880965648992,1.2245592390796243,0.23815861138080466,23.410782154342122,0.03546082818526491,33.9893892304254,0.015665973152820034,1.0,0.9894179894179894,1.1791413535072044,189,187,10,0.9,1.0,0.8571428571428571,0.0,0.2527538559032117,0.9954162192260271,11.9770434420443,0.9379360155343485,permissive,mote2-A_Anti-2M.png,mote2,A,36
27.271050425761352,0.8763222189651358,0.21406647352218428,1.514865527023027,0.995562291316394,27.266610568556548,0.03780970109624276,28.40312612991868,0.030592443483107374,1.0,1.0,0.4223786877537083,213,213,0,,,,,0.995562291316394,1.0,,1.0,permissive,mote2-A_Ti_doped.png,mote2,A,36
31.419265303506045,0.937891888294407,0.021473267542676387,0.18412693272321612,0.27773438756242447,26.808784262210796,0.025631563115406975,37.06003256992456,0.00999924218440471,0.9914529914529915,0.9830508474576272,2.460025231157403,118,117,24,1.0,1.0,,0.0,0.8417271987627264,0.949803564782267,26.074187622282107,0.3133950189053721,permissive,mote2-B_V_adatom.png,mote2,A,36
22.25442503444714,0.8544318088963629,0.07315555088341907,0.3961738197695839,0.47621782296485854,19.455671117727988,0.05859103573982261,29.768301992672676,0.02792046783158285,0.9863945578231292,1.0,3.419013771895895,145,147,30,0.9333333333333333,1.0,0.5,,0.7212254514838432,0.5330374801022623,19.041890321238387,0.35195922136513785,permissive,mote2-B_Vacancy-Anion-06B.png,mote2,A,36
28.548272644185815,0.8642027638017199,0.11642266323677392,0.5573345275588231,0.4935387248609328,26.05385648293985,0.024316239341507576,34.67784135116683,0.014668973012272851,1.0,1.0,0.9344728121351195,71,71,6,1.0,,1.0,0.0,0.7690125984328189,0.9839728504545567,30.70316995373812,0.6314964239867963,permissive,nbo2_Defect-Free.png,nbo2,A,36
25.397143835921668,0.844327048786636,0.25207562656012267,0.2631324426542424,0.43878549429328956,22.43334993785738,0.0500276736467193,31.690060661714853,0.02250309111238263,0.9122807017543859,0.9811320754716981,2.019139192062567,106,114,15,0.8666666666666667,1.0,0.3333333333333333,0.0,0.840583873703795,0.7230354663340472,24.168191725340385,0.3774251260484677,permissive,nbs2_Anti-Metal.png,nbs2,A,36
21.97184414042539,0.8039332136467697,0.06885588227406936,0.6265535030982017,0.4816664988602069,19.02201504664584,0.054344748320932716,32.12932864707704,0.018062932897531078,0.981651376146789,0.9304347826086956,0.6835859270246633,115,109,28,0.9285714285714286,0.9285714285714286,,,0.6836151230800627,0.9515848939294864,28.27064647060469,0.6704745824846199,permissive,nbs2_Vacancy-Metal.png,nbs2,A,36
29.97240709142065,0.8995377049552453,0.4049748744101946,0.935325270532356,0.8592691335766038,29.61023510454598,0.02489797133582507,33.26079542697234,0.01766271946325407,1.0,0.9862068965517241,2.006980824017018,145,143,40,1.0,1.0,1.0,,0.8663883243678935,0.9837219165392471,25.456483316767123,0.9756385850671552,permissive,nbse2_Cu_doped.png,nbse2,A,36
24.444917194582544,0.8440473831655859,0.30211374614519704,0.35114148728535777,0.6212196770991671,22.912906842120172,0.04468019809710546,29.583752281526216,0.029088732445837984,0.9920634920634921,0.9259259259259259,1.4254823744964369,135,126,31,0.9354838709677419,1.0,0.3333333333333333,,0.7367922043718725,0.4318833532092919,25.477598983607788,0.3641385395138746,permissive,nbse2_Vacancy-Anion-03.png,nbse2,A,36
22.566033088292606,0.8435649924817702,1.3292090070143834,0.5808861203134013,0.30871707657421943,19.023640805282447,0.06990759298294831,26.161238514949158,0.029964631128597385,0.9659090909090909,1.0,1.8973665961010275,170,176,4,1.0,1.0,1.0,0.0,0.4140428142252701,0.929571297408009,29.260238346539857,0.6931035234606663,permissive,nbte2_Vacancy-Anion-12A.png,nbte2,A,36
30.099851173724904,0.8753278982436906,0.026929108445923847,0.3811393175952423,0.21692830978545263,24.901954194565242,0.03002224944650837,34.534904002692244,0.014767575460669377,0.9888888888888889,0.9834254143646409,1.280800311602963,181,180,11,0.9090909090909091,1.0,0.875,,0.3209685135956661,0.8968258754472721,17.730998535412315,0.6061246293389151,permissive,nbte2_Vacancy-Metal.png,nbte2,A,36
24.159081088759518,0.8725918590954478,0.03329539984272575,0.2676658361726912,0.2964450867052023,19.254196548624595,0.05382723634710004,33.44828818013286,0.013238942888831306,0.9728260869565217,0.9421052631578948,2.5772966652208784,190,184,7,1.0,,1.0,0.040067899046801844,0.5691115743390901,0.963226333235839,18.919177404720628,0.5017359104046243,permissive,pbse2_Defect-Free.png,pbse2,A,36
21.368007777095084,0.8070239804459961,0.22069379590032667,0.30657493675931374,0.35248995576039016,18.197550341079246,0.07439779286159136,25.19043500465214,0.026080021810483883,0.9553072625698324,0.8952879581151832,2.7508637665264892,191,179,8,0.625,,0.625,0.15953148977482698,0.545398615739554,0.9547432015606769,19.98120675354676,0.6170484837485618,permissive,pbte2_Vacancy-Metal.png,pbte2,A,36
34.67696885262943,0.9339034767361655,0.21580868158982539,0.13110389264096414,0.17539528608171354,34.75840963724022,0.01331729103906359,34.65984147014482,0.016085599655202613,1.0,1.0,0.6546536707079771,119,119,30,1.0,1.0,,0.0,0.7547001221758238,0.9949156820558434,29.298956226310207,0.23122232997428005,permissive,rete2_Defect-Free.png,rete2,A,36
24.72260308217181,0.8239072890464466,0.06365501713909769,1.2753368979829678,0.8968041905145462,24.34597332198601,0.03565704663581817,31.444676901392977,0.02173420589936223,0.989247311827957,0.7666666666666667,1.6681153124565982,120,93,0,,,,,0.8997921732663083,0.982120341529976,17.276378738850667,0.9788589677062922,permissive,rus2_Anti-Anion.png,rus2,A,36
24.3077962112925,0.837232028916265,0.27339847290792635,0.3131531290802416,0.47057422901646856,21.732891033895612,0.04704201192424457,29.824800265840516,0.028508255969561108,0.9852941176470589,0.9571428571428572,3.857537688075824,70,68,1,1.0,,1.0,,0.6562571536172381,0.5692152002510744,27.13868871039982,0.4081601282762279,permissive,sno2_Anti-Metal.png,sno2,A,36
26.60825343524897,0.8691907580400002,0.030498628397367625,0.3508623411739299,0.3973401556156969,30.51012254542425,0.021877852426770393,25.175493691981742,0.01842449132150999,0.9529411764705882,0.84375,1.0183501544346312,96,85,4,0.75,1.0,0.5,0.0,0.809046663458308,0.948240264785075,27.366810360962695,0.46570111637347766,permissive,sns2_Vacancy-Metal.png,sns2,A,36
29.549115374199737,0.9004977512349039,0.03224669056633167,0.2842424505220176,0.21052959201294763,23.7830357654904,0.041767443458212705,35.3876817019657,0.012489478550475226,0.990909090909091,0.990909090909091,2.025072203945494,110,110,29,1.0,1.0,,0.0,0.4916287917289849,0.9687729505460442,25.09057479363023,0.4148564475126806,permissive,snse2_Vacancy-Anion-03.png,snse2,A,36
28.9647192526327,0.8810833234215075,0.16810900867750458,0.32594888621512547,0.19796305389525728,22.67907086627549,0.0476645056612196,36.01141024898904,0.012285775607088548,0.9943502824858758,1.0,3.3676266258166287,176,177,6,0.6666666666666666,,0.6666666666666666,1.5129737499054392e-05,0.4275066870958527,0.9856220331009707,30.98694705055483,0.4564063055588479,permissive,snte2_Fe_doped.png,snte2,A,36
23.5875666434114,0.8701223319666952,0.049775846927611805,0.25763252492410216,0.33740201284579985,20.967131636409995,0.03732549437169637,25.966566246276752,0.020684056631962794,0.9545454545454546,0.9264705882352942,1.3333333333333333,68,66,7,0.8571428571428571,1.0,0.8333333333333334,0.002195634188251766,0.604941102027154,0.9887730553327987,28.952440339623195,0.551481818641582,permissive,tas2-A_Doped-Li.png,tas2,A,36
19.447053940897334,0.8124203868161565,0.017076300649642828,0.2588200125854488,0.2344533730466528,13.952167683953569,0.1342721336294437,26.00515509291707,0.018003019472718994,0.8804347826086957,0.8709677419354839,2.0397288611873132,93,92,11,1.0,1.0,1.0,0.08186098925423592,0.631636249706274,0.8892920158800176,16.424762657546065,0.33009111311056644,permissive,tas2-B_Vacancy-Anion-06B.png,tas2,A,36
25.87585327147744,0.8878612648086571,0.046051738408110526,0.342921890895878,0.22108891026237681,21.359562603162118,0.051358855582381686,29.05569139543718,0.014517076096439707,0.9591836734693877,0.9494949494949495,1.4911083982457978,99,98,3,1.0,1.0,,0.0,0.5081831796538686,0.8849153910023272,24.90441158559409,0.38498908917915464,permissive,tas2-B_Vacancy-Anion-09B.png,tas2,A,36
37.84739357144871,0.9303938451321139,0.004733482558081169,0.02698174680867675,0.005267121675688397,23.103532144883033,0.05937794677853265,38.566294033627415,0.00880430809948434,0.9918032786885246,1.0,0.3277773886785445,121,122,9,1.0,1.0,1.0,0.0,0.02477443034103074,0.1447721179624665,22.48034193666275,0.030779006825135326,permissive,tase2-A_Vacancy-Anion-12B.png,tase2,A,36
29.135685095895035,0.9077861325758685,0.11175428642052465,0.21812624921304283,0.21153025457091207,23.972838450986544,0.026296977276585365,33.2530802076531,0.01846787208016234,0.9830508474576272,0.9747899159663865,1.3390681268239724,119,118,33,1.0,1.0,,2.508403150554357e-05,0.7358206195099399,0.9019698961780841,17.813817937653933,0.25929406800385524,permissive,tase2-B_Defect-Free.png,tase2,A,36
31.052872170743008,0.9012661547764593,0.023379536724016176,0.29522349736510084,0.12753719784988515,23.94802858157716,0.03359037830022249,35.079871766039645,0.013938137883473993,1.0,0.993103448275862,0.42491829279939874,145,144,21,1.0,1.0,,,0.31340678843451897,0.7967290158849516,18.228436099004156,0.3242194805007984,permissive,tase2-B_Vacancy-Anion-09B.png,tase2,A,36
30.549665888121798,0.9366548811775174,0.03388317619427168,0.24374327577600757,0.34993243243243244,26.848262810623492,0.031126844887670927,36.14070592188918,0.01110171458797516,0.983739837398374,0.9918032786885246,1.8362736251567413,122,123,28,1.0,1.0,1.0,0.0,0.8221075887258015,0.9452838385788762,25.092889962419306,0.4023627533783784,permissive,tate2-A_Fe_doped.png,tate2,A,36
22.265521943511608,0.845783968252817,0.07791209678104812,0.5483145572778606,0.4136065797556481,18.962076926038737,0.06831618707540685,29.3395626223746,0.01811138974127098,0.946236559139785,0.9777777777777777,3.465741426645046,180,186,3,0.3333333333333333,,0.3333333333333333,0.0,0.5543532295171042,0.9891290894838896,17.770172054726842,0.7379956999522217,permissive,tate2-B_Anti-Anion.png,tate2,A,36
23.035186833227613,0.854994782166852,0.0783095475986137,0.41004353052498915,0.4801122790253225,20.235672393464803,0.06262714521662814,30.886462985817445,0.017787245948777328,0.967032967032967,0.9723756906077348,3.005676447838474,181,182,2,0.5,,0.5,,0.6375478774904103,0.9975698825369183,30.605052483325657,0.7512307180397243,permissive,tate2-B_Anti-Metal.png,tate2,A,36
28.146442660895698,0.8944584662468805,0.06292800721910889,0.1561732290832667,0.16149068322981366,22.932999884437216,0.04802956496511404,30.72012180857055,0.019324991194310335,0.9818181818181818,0.9878048780487805,1.539600717839002,164,165,0,,,,4.37636761487965e-05,0.4958945412474144,0.9340923499577346,20.95547758570862,0.30419211999180945,permissive,tate2-B_Vacancy-Anion-12A.png,tate2,A,36
30.89507776677263,0.8179391097226253,0.041445247312465724,0.652823844745835,0.39352938291110645,28.206902250866285,0.027976622872205804,34.42232110605419,0.014786607839841284,0.975,0.9915254237288136,0.8963363227153095,118,120,27,1.0,1.0,,0.0,0.569420233463035,0.9600286025427398,27.137116424800354,0.6634809255687993,permissive,tis2_Vacancy-Anion-12A.png,tis2,A,36
23.44621871457768,0.814123066027149,0.010938993550875617,0.6093309889646574,0.35153129848638576,19.105435477929646,0.05885426954715648,35.04125819265656,0.013646061263388139,0.9910714285714286,0.9487179487179487,1.76553592914931,117,112,28,0.9285714285714286,1.0,0.0,0.0,0.5110769040362629,0.9704478357299179,23.54581012354013,0.6674979540520096,permissive,tis2_Zr_doped.png,tis2,A,36
27.57085568470975,0.8442546817392123,0.030481043913878885,0.6250631914500534,0.32370274842610314,24.97350174296297,0.03143092574541102,29.730469424276343,0.0162709605917408,0.9451219512195121,0.9872611464968153,1.185939126980481,157,164,3,1.0,,1.0,0.0,0.37602127498403837,0.9923604715088425,11.960913612201418,0.8542862689630307,permissive,tise2_Adatom-Li.png,tise2,A,36
32.21757167661127,0.8540921235198901,0.05998312878241925,1.3467016937387266,0.44450915679803277,30.824493306954114,0.022530525616453564,33.7829273066262,0.01574649215488961,0.9946524064171123,1.0,1.0650861947047,186,187,6,1.0,,1.0,0.0,0.454165229185669,0.9993136867499948,31.438620739539264,0.9780671344445369,permissive,tise2_V_doped.png,tise2,A,36
31.764657538854554,0.8680093906985732,0.6934482339196856,0.24601221850353303,0.020961744970608865,30.118775839843682,0.023794302125202622,31.80771692102134,0.023111484707536642,1.0,1.0,0.3535533905932738,72,72,4,1.0,,1.0,,0.08802785761662613,0.7860033560359293,27.083092570804844,0.1871680436325415,permissive,tite2-B_Cu_doped.png,tite2,A,36
26.934910373314093,0.9182042127394516,0.045550650634059754,0.2694333665045014,0.1283237018139534,18.783793589300664,0.05723565170776864,34.252352483232265,0.015545392931197737,0.9841269841269841,0.96875,1.9919191588726364,64,63,0,,,,,0.6320780566840205,0.8554659787165431,25.418179259742008,0.17367564022188703,permissive,tite2-B_Vacancy-Anion-06A.png,tite2,A,36
23.283531590238344,0.7083410934861711,0.06782096397293422,0.863745030132125,0.9097402597402597,23.137985767372356,0.0437077941959305,25.11123472871741,0.025367768807080505,0.7804878048780488,0.96,2.7137765813222967,100,123,1,1.0,1.0,,,0.9159383392582703,0.9909224503505899,26.305105417437996,0.9842169595110771,permissive,vo2_Vacancy-Anion-03.png,vo2,A,36
25.732659695489236,0.7218513346629407,0.057216438711362484,1.094080375371145,0.7356997116312503,24.69831156797264,0.03443692829971329,31.728379313089047,0.018770635618108617,0.9868421052631579,0.9493670886075949,1.9561867668161612,158,152,8,1.0,1.0,,,0.7958376925631018,0.9772898619851369,17.701968282749693,0.9034403325720851,permissive,vs2_Vacancy-Anion-06A.png,vs2,A,36
26.693670790922535,0.7427104621247056,0.07053995697840318,1.359510191988381,0.9271324147416142,26.64144473970793,0.03155633757594668,27.41960955236946,0.026521385692314915,0.9757575757575757,0.936046511627907,1.1529061308640227,172,165,17,0.9411764705882353,0.9230769230769231,1.0,,0.9280548566340264,0.9670927726803777,26.173564913764015,0.966131528976956,permissive,vs2_Vacancy-Anion-12A.png,vs2,A,36
24.08437913469983,0.8441813016532618,0.15036141505359532,0.46864408254459294,0.6393839179452228,22.50955479305034,0.04465286720223985,30.561890947533016,0.0237331438851904,0.9861111111111112,0.8452380952380952,2.2580061003672633,84,72,0,,,,,0.7166817918411529,0.5293177101418847,21.983776092496903,0.47222803090736826,permissive,vse2-A_Vacancy-Anion-06A.png,vse2,A,36
27.836057966249985,0.8767327110808638,0.143391063097377,0.3115465599645255,0.23668713905475913,23.095549710797222,0.03934900407975788,31.965732917848403,0.021730786479962183,0.946236559139785,0.9361702127659575,1.7613269790906876,94,93,6,1.0,1.0,,,0.6421737688608854,0.844875164974204,20.764392064309828,0.31139715658408007,permissive,vse2-A_Vacancy-Anion-06B.png,vse2,A,36
27.04476582619433,0.8720256565462384,0.017590003278784055,0.2801642273029883,0.15472979927946476,19.505043214197535,0.07115845933767578,35.45484624440855,0.011184135961661856,0.9051724137931034,0.9545454545454546,2.1536237457121516,110,116,14,1.0,1.0,1.0,0.0,0.7685252047259822,0.831908594997339,15.939322179315651,0.1674909933093155,permissive,vse2-B_Anti-2M.png,vse2,A,36
31.434765696916433,0.8306112887950371,0.03962373017901041,0.9614993969297851,0.4776942871847658,29.90476990752464,0.02514465351300966,33.55488870722054,0.016544012917592926,1.0,0.9942196531791907,0.4822428221704121,173,172,13,1.0,1.0,1.0,0.0,0.5935746766668635,0.9746056714359593,26.51761256677759,0.7843386515697375,permissive,vse2-B_Vacancy-Anion-09B.png,vse2,A,36
29.64116621714234,0.9107547652607989,0.061484597955221626,0.1802051654042734,0.18411494952932853,23.071869578283902,0.04007369319110085,36.59946911694282,0.011580387291899303,0.9914529914529915,0.9747899159663865,1.0085838484282528,119,117,7,1.0,1.0,,0.0,0.8248743638507878,0.9442140468227425,16.54531497286705,0.21075199957008123,permissive,vte2_Defect-Free.png,vte2,A,36
22.505258607581137,0.8509937170569573,0.031140874709173483,1.1889672245445637,0.8683620095119526,21.94548346604611,0.037326814251427066,32.8430153718715,0.017239581079224846,0.994535519125683,0.9238578680203046,1.6189129441940728,197,183,7,1.0,1.0,,,0.868259943977591,0.9991078036239676,24.015920768892162,0.9992252505620293,permissive,vte2_Vacancy-Anion-09B.png,vte2,A,36
24.409999429059056,0.8808313992457856,0.029027812531957017,0.2186841610936174,0.19601051122790253,19.003403340553028,0.07693941769119624,28.42015624695729,0.013659782260135716,0.9464285714285714,0.8983050847457628,3.159292970819848,59,56,0,,,,0.02198138513331053,0.6212789244891427,0.873001363860596,20.906166817038322,0.27542772962027623,permissive,ws2-A_Vacancy-Metal.png,ws2,A,36
24.58332814369864,0.8787999684103217,0.16673639631647397,0.28445803350636123,0.2562225559119969,21.226419237733666,0.041844653753858124,26.81434849796628,0.021661398954366445,0.96875,0.9117647058823529,1.4664711502135328,102,96,7,0.8571428571428571,0.8571428571428571,,0.0,0.6396686683265798,0.8725775301351921,14.780715904394672,0.3495153914408573,permissive,ws2-B_Vacancy-Metal.png,ws2,A,36
27.440999587771966,0.8861564982572747,0.1285072362803793,0.3716674598408506,0.2765806046751384,23.27671362477789,0.030594638908940035,31.58701136772295,0.02266556819155007,1.0,1.0,2.0255718146909993,68,68,4,1.0,,1.0,,0.576375578044367,0.8711079148349978,28.461300318985977,0.41801138528429593,permissive,ws2-C_Defect-Free.png,ws2-C,A,36
25.738588679523776,0.8759950003578708,0.10505652014157296,0.2668645420915496,0.3041220071455234,22.14318429982216,0.04695088860574524,29.334704178772864,0.014877964278656333,0.9107142857142857,0.8947368421052632,3.256968396723386,114,112,8,1.0,1.0,1.0,0.03740157480314961,0.5229314030403949,0.9994213774722962,31.15164516186801,0.581235002399616,permissive,wse2_Vacancy-Anion-06A.png,wse2,A,36
25.367198437347795,0.8731073185150052,0.33972526346873994,0.3621331641102199,0.802539791595099,24.570352650886523,0.04859712747747824,32.77886474077543,0.018113832947577624,1.0,1.0,1.1295406451144276,145,145,43,0.7674418604651163,0.7948717948717948,0.5,,0.7054434798007335,0.4319819421337846,23.122527209151965,0.4914393679148059,permissive,wte2_Mo_doped.png,wte2,A,36
27.552290577788497,0.8544056915934033,0.027087090384544404,0.5366565954311867,0.38958940965338174,23.937513198589183,0.029799419615683973,35.219001761287636,0.013391366436632057,0.9444444444444444,0.9577464788732394,0.7276068751089989,71,72,0,,,,0.0,0.6185469287755936,0.9593259951749096,14.92265419554456,0.6042277970163984,permissive,zro2_Defect-Free.png,zro2,A,36
28.213871941089067,0.8400192713283501,0.06375433782159745,0.4884086045953442,0.2700094577410932,23.62958774823174,0.04113179872609825,33.34268264685058,0.01578099711226422,0.9911504424778761,0.9655172413793104,1.5439975943726634,116,113,28,1.0,1.0,1.0,,0.46994672974168183,0.9706456613734445,26.933148811053616,0.5576876954335854,permissive,zrs2_Vacancy-Anion-03.png,zrs2,A,36
28.667646799076884,0.8736788132747618,0.03229193418782728,0.6039284552551557,0.23675708845452742,22.997967268210843,0.04493862744843902,36.473924245803225,0.011374605901450285,0.9801324503311258,1.0,2.4878081093985505,148,151,4,1.0,1.0,1.0,0.0,0.3739089780692657,0.9619267842320137,12.770694791440828,0.6090866978299974,permissive,zrse2_Vacancy-Anion-03.png,zrse2,A,36
32.03683740948631,0.9206026028621075,0.004781937469982168,0.07304880905465448,0.0334818706556644,18.73130496325641,0.059751354224634456,37.36711830906245,0.010064883429944844,1.0,1.0,0.6454972243679028,108,108,22,1.0,1.0,1.0,0.0,0.23774580798815617,0.5605129372486531,15.268440622711356,0.07893733994553066,permissive,cose2_Fe_doped.png,cose2,B,1
30.286726446525257,0.7506897803157168,0.030261174853075057,1.0418911313091015,0.7560463064682579,29.820582435896434,0.025388686335109312,32.165282143700345,0.019611519388695643,0.8850574712643678,1.0,0.4698714938993648,77,87,5,1.0,1.0,1.0,,0.789703514382697,0.9744560700545444,29.71744338865461,0.9329246978927395,permissive,cro2_Vacancy-Anion-03.png,cro2,B,1
29.321922918929666,0.8139651413448002,0.01735612971470365,0.3802423024583135,0.24890012876541284,26.1531796026867,0.026306904744202435,31.23311040568425,0.0170137622390547,0.9617834394904459,1.0,1.5246321888436825,151,157,2,1.0,1.0,1.0,0.008021236078250333,0.4220873980489365,0.8275247156112521,22.02875545577518,0.4879818948025597,permissive,crse2_Anti-Anion.png,crse2,B,1
31.753106281931736,0.8766504894681507,0.013121351951558908,0.09635586559474532,0.06124588200059898,21.914308186163222,0.0418276310560381,35.35229326923044,0.013023063823060102,0.99375,1.0,0.5773502691896257,159,160,1,1.0,,1.0,0.0,0.11488301286713015,0.41383164512748866,20.197517048953422,0.2206199460916442,permissive,crte2_Vacancy-Metal.png,crte2,B,1
37.10430689030072,0.8766796906377734,0.006788961410622943,0.020707655275005617,0.009185692541856926,27.201086707548264,0.034375727689009414,37.47301680082582,0.010199187264106438,1.0,1.0,0.5,64,64,2,1.0,,1.0,0.0,0.0,0.0,27.20108639987962,0.0,tight,cus2_Cu_adatom.png,cus2,B,1
33.9856685495982,0.8412969765359221,0.023037423699505923,0.05777951437595985,0.02574488483920595,23.681588547694407,0.040984627001383285,35.27573390106816,0.013484632945583112,0.989247311827957,1.0,0.4544466295731929,184,186,14,1.0,1.0,1.0,,0.045294542391238944,0.2897421093148576,22.363578360740494,0.16468600505880052,permissive,cuse2_Cu_adatom.png,cuse2,B,1
31.750810977970705,0.806018739214374,0.034561336793027864,1.009138817484543,0.5045150121402845,30.24254081872286,0.023891738646072774,34.137527997371066,0.0155455751450598,1.0,1.0,0.4026936331284146,74,74,4,1.0,1.0,1.0,,0.5882809167409935,0.9925556508716576,31.084054355259436,0.8512246649501551,permissive,feo2_Int-Anion.png,feo2,B,1
31.246676320862328,0.9102333324259055,0.005465423436252028,0.02097530221493574,0.03704243051847537,18.38038617073955,0.06326298817724259,36.56005660950905,0.011271734168426247,0.967391304347826,1.0,0.33520076157699547,89,92,0,,,,0.0,0.0,0.0,18.38038628508854,0.0,tight,fes2_Ni_doped.png,fes2,B,1
32.827137970634546,0.8449796315660941,0.012744074609876263,0.6493661526970915,0.21339199919081575,31.464930357698822,0.020527599700617752,33.28445515739634,0.014274038766723915,0.9823008849557522,1.0,0.6711560552140243,111,113,36,0.9722222222222222,0.9714285714285714,1.0,0.0,0.3121519989444518,0.9812177086789591,26.630768676058928,0.67077580539119,permissive,ges2_Vacancy-Anion-03.png,ges2,B,1
32.46137706260103,0.9325415823841233,0.013357979600162074,0.31664758507647806,0.017375866851595007,29.50344615763528,0.025655422441061886,32.53698732227758,0.010065126437838644,0.9603960396039604,0.9797979797979798,0.41863794854117425,99,101,22,1.0,1.0,,0.0,0.09919028340080972,0.3879948914431673,29.446601542968796,0.06796782246879335,permissive,gete2_Defect-Free.png,gete2,B,1
36.9803134461912,0.9217103611445667,0.022031274438917895,0.21992117258313054,0.032836271861225654,32.67421153260463,0.018284022294566285,37.237766895592806,0.010475115670793308,1.0,1.0,0.41785544701867244,63,63,3,1.0,1.0,1.0,0.0,0.10884523179426507,0.9461434370771312,31.989501518776585,0.2854311815725864,permissive,hfo2_Int-Anion.png,hfo2,B,1
27.891360427248948,0.9029225879755146,0.02327813818728014,0.23879947759720083,0.059480731300257925,20.4775092162308,0.048934806891222093,29.350796050311743,0.014564383283866281,0.9891891891891892,0.9838709677419355,1.3570298650526482,186,185,11,1.0,1.0,1.0,0.0,0.1208690570678482,0.8837164812039665,31.289682783774715,0.434884691245638,permissive,irte2_Vacancy-Metal.png,irte2,B,1
27.180558101022537,0.7639824011617251,0.04990301939053694,1.047873195624082,0.5909584775086505,25.338206849547603,0.02793995775897277,33.44024037030561,0.016970767804250518,1.0,0.9705882352941176,0.44381268229929727,68,66,0,,,,,0.6545462433787307,0.9716957379660044,11.463693081381532,0.8772975778546713,permissive,mno2_Defect-Free.png,mno2,B,1
29.62897837638749,0.8112200874141391,0.03249886066583363,0.8004403721844775,0.508352606243816,27.685039565424574,0.02742603928058105,33.43542357789684,0.016204963177479118,1.0,0.9770992366412213,0.5448623679425842,131,128,32,1.0,1.0,1.0,,0.6109928319045956,0.9715089168970273,29.635790966629894,0.8083058656420156,permissive,mns2_Int-Anion.png,mns2,B,1
32.645200479917726,0.8606422754963767,0.02412258865671226,1.0606843787191003,0.38254446239936324,31.21342727382626,0.021559939287214443,33.84820336120307,0.015337981830518418,1.0,1.0,0.41702882811414954,184,184,9,1.0,1.0,1.0,,0.41997148286468067,0.9986775885733625,31.581787624306422,0.9096774348228457,permissive,mnse2-B_Vacancy-Anion-03.png,mnse2,B,1
30.727296503108864,0.9497415401511227,0.018798317010857372,0.2277288924803453,0.006695362091324824,31.195036864467415,0.02059050551851527,30.724308565146647,0.008759184362456006,0.9661016949152542,1.0,0.26490647141300877,57,59,4,1.0,,1.0,0.0,0.058278385788412296,0.8193692258681109,27.35183953392294,0.09413393283734899,permissive,mnte2_Defect-Free.png,mnte2,B,1
34.48807800850312,0.8401701457251798,0.007649328391055076,0.176209036186942,0.08055930519827828,31.030742739249618,0.02174035056828238,34.97769821907739,0.014029676398599481,0.9846153846153847,1.0,0.41457809879442503,64,65,1,1.0,,1.0,,0.2769114239885938,0.8732918818280816,30.786223370694486,0.2540588113774065,permissive,mos2-A_Adatom-Li.png,mos2,B,1
34.05490362804787,0.8310670606354795,0.008032226554863657,0.26740062890761596,0.1330033647737338,30.34284246498267,0.022752877973747237,35.0633453016897,0.013513613287677022,0.9682539682539683,0.9838709677419355,0.4616435357484827,62,63,3,1.0,1.0,,0.0,0.33826399589111456,0.8407838464648184,26.79502203382594,0.3305911417874335,permissive,mos2-A_Vacancy-Metal.png,mos2,B,1
33.70754463317584,0.8757665490242368,0.010782669015680885,0.16148081343878,0.07398279708365267,26.21726569327613,0.03172229101058125,35.70296093416917,0.012565393391065643,1.0,0.9834710743801653,0.43963315494212873,121,119,29,1.0,1.0,1.0,0.0,0.22087354771638498,0.6054607771402164,22.862187775240542,0.20280238299424194,permissive,mos2-B_Adatom-K.png,mos2,B,1
30.33291507317784,0.8493344083359271,0.04060327589933062,0.4286884757217427,0.36906780023191743,27.777703864859816,0.03387413459777028,33.078438169515614,0.017813141172416995,1.0,1.0,0.7878385971583354,116,116,20,1.0,1.0,,,0.6433834213720362,0.871620682734024,29.493841076165936,0.49999287722907115,permissive,mos2-B_Anti-Anion.png,mos2,B,1
30.24675679827943,0.9090084346927544,0.013314008548105357,0.15108775051469267,0.057949188056574126,19.074452192525865,0.06071803480689809,36.168464911613974,0.011773269872939213,1.0,1.0,0.45643546458763845,120,120,24,1.0,1.0,1.0,0.0,0.1717799225907599,0.792361581920904,25.73917075669561,0.2672996333158722,permissive,mose2-A_Doped-Na.png,mose2,B,1
30.298547713558698,0.8584735518629649,0.017471088081800847,0.65123741904338,0.22622058382270993,25.252886440125422,0.02652632387823499,34.758876591257824,0.01441469568626881,1.0,0.9841269841269841,0.3810003810005715,189,186,5,1.0,,1.0,0.0,0.2885317245168638,0.939057318806253,14.125025525188288,0.7362590552531184,permissive,mose2-B_Adatom-K.png,mose2,B,1
30.623111967947715,0.8640366817854236,0.007364498304628096,0.5611923155117261,0.2353267392515753,25.789984494916155,0.026013022345234393,34.9264782102616,0.013852698268522035,1.0,0.9937106918238994,0.47065803652096727,159,158,6,1.0,1.0,,0.0,0.33143792985280407,0.9469256252917269,14.331091058578115,0.6723337905611042,permissive,mose2-B_Doped-Na.png,mose2,B,1
34.10547415776574,0.833589540656057,0.009333882070231796,0.04968000605555981,0.05731064340520382,31.279806153942815,0.021006334992021144,34.35453075511137,0.0152317987685826,1.0,1.0,0.3689854126409119,213,213,0,,,,,0.19720334284716945,0.4489528795811518,30.926333902327812,0.13047333790561105,permissive,mose2-B_V_adatom.png,mose2,B,1
28.881357582809883,0.8932235251699251,0.021848837897354804,0.9955972221791893,0.23497359634374482,23.434628933424648,0.02773813299218045,35.25199656034202,0.013267418828497215,0.9947368421052631,0.9947368421052631,2.1256807188565543,190,190,13,1.0,1.0,1.0,0.0,0.24937069591822117,0.9824039827869431,6.9182328013913095,0.9256861398564967,permissive,mote2-A_Anti-2M.png,mote2,B,1
35.238679761492236,0.9038481802928194,0.011047222729584909,0.04730444995369317,0.009933931658339057,19.369179862725268,0.07646992264917127,37.29789403527014,0.010434515712997186,1.0,0.9939024390243902,0.3229465567669167,164,163,5,1.0,1.0,1.0,0.0,0.03300925656401001,0.2703218116805721,18.0447572845075,0.08135167775699165,permissive,mote2-A_Ti_doped.png,mote2,B,1
36.93091876125273,0.9343168445539094,0.00932253413496087,0.039292971432121314,0.00846262341325811,22.024804972161828,0.05874411558457342,38.21278984921492,0.009133619944262794,1.0,0.984,0.42292054645983584,125,123,17,1.0,1.0,,0.0,0.05561010093076228,0.38436482084690554,22.145667810464957,0.058491796952169176,permissive,mote2-B_V_adatom.png,mote2,B,1
31.087174880086774,0.9429363230892958,0.004916147083112735,0.1892880095109935,0.0030413988597051407,23.672317694251824,0.0606461537951249,31.147399357050524,0.010321275101146811,0.9823008849557522,0.9736842105263158,1.1547005383792515,114,113,17,1.0,1.0,,0.0,0.0013132627144892522,0.08006042296072508,23.393872604760787,0.1854127711186559,permissive,mote2-B_Vacancy-Anion-06B.png,mote2,B,1
34.476694312493436,0.8569925158389403,0.026767943624916298,0.38852985905523546,0.15371355217311572,31.436427940642627,0.02104438189817119,35.36058166512275,0.013229259806396424,1.0,1.0,0.3872983346207417,60,60,0,,,,0.0,0.3476296019112864,0.9605503857472362,30.341090278414413,0.4247325631151048,permissive,nbo2_Defect-Free.png,nbo2,B,1
35.046693422066475,0.8766592707318367,0.007936279830697307,0.16644504594749698,0.06445058874251003,29.66882998118961,0.025234812471232958,35.849450643400594,0.012283649382842212,1.0,0.9826086956521739,0.42070316191167123,115,113,25,1.0,1.0,,0.0,0.2819221388070576,0.7129981974764671,27.21602123506459,0.1629994501111395,permissive,nbs2_Anti-Metal.png,nbs2,B,1
35.24139343543066,0.877739373809519,0.005349396438012944,0.13056462550277081,0.03667732883095694,27.06072725935558,0.028586882621442156,36.27811467883201,0.011795903778200736,1.0,0.9912280701754386,0.48881290193421156,114,113,27,1.0,1.0,1.0,0.0,0.13460029391202613,0.6640388540860139,23.138645917379193,0.18094441475560927,permissive,nbs2_Vacancy-Metal.png,nbs2,B,1
36.69688706592895,0.9155475488496416,0.004368208061804215,0.430648001018994,0.05673301462020552,32.737891426360996,0.018119064213414672,37.10414986459908,0.010869856862452959,1.0,1.0,0.3092768564135433,115,115,37,1.0,1.0,1.0,,0.10724668298574912,0.9868571187085323,29.394925116187537,0.52204299270668,permissive,nbse2_Cu_doped.png,nbse2,B,1
33.6039164249984,0.9054446216768004,0.012215174120297765,0.31117989350802067,0.05609766623351091,31.60644576247565,0.021104616564936143,33.757321809810286,0.013935886728970571,0.9927007299270073,1.0,1.1694644324747672,136,137,28,1.0,1.0,,,0.12698820480743456,0.9717924608940935,31.54331977201075,0.42929411595467687,permissive,nbse2_Vacancy-Anion-03.png,nbse2,B,1
29.783297789786477,0.9077314627350626,0.012627633725822268,0.16987855645101943,0.006259811616954474,18.440392516771944,0.08786866896941826,30.143148868842687,0.013185585176073546,0.9455782312925171,0.9928571428571429,0.581489033776973,140,147,0,,,,0.018789144050104383,0.028465932401300218,0.9425287356321839,31.770485947938504,0.20726713762428048,permissive,nbte2_Vacancy-Anion-12A.png,nbte2,B,1
29.70550433188468,0.890813536974708,0.01688234829370072,1.6954658953606159,0.22544261294261295,31.460328578490873,0.020143363265421918,29.304436770396435,0.017208435986094315,0.9800995024875622,1.0,1.2237082695373152,197,201,9,0.6666666666666666,0.25,1.0,,0.22544261294261295,1.0,,1.0,permissive,nbte2_Vacancy-Metal.png,nbte2,B,1
33.46202891978462,0.9474051323640745,0.012930213325816967,0.03422601360614629,0.006927384393063583,12.877202918847424,0.17778153060662233,40.26366817060368,0.006810060006657748,0.9810126582278481,1.0,0.30053715351876426,155,158,0,,,,0.00034078248902287176,0.0,0.0,12.877202944850836,0.12280166184971099,permissive,pbse2_Defect-Free.png,pbse2,B,1
34.31342748235976,0.9076637115441593,0.017879139763943872,0.1090278340861957,0.03852525753713413,24.263401284684328,0.03397199147161844,36.2874860525801,0.01155873799668002,1.0,0.9842931937172775,0.9730408576407765,191,188,8,1.0,,1.0,0.0,0.07492971363873446,0.5091191978563402,21.536187042356566,0.2617646226312994,permissive,pbte2_Vacancy-Metal.png,pbte2,B,1
32.42149975992464,0.9297003718953882,0.01675646047217839,0.10371230462669725,0.07281064215541595,23.553246561080915,0.04215554959115721,35.66927158280893,0.012495645253545563,0.9863013698630136,1.0,0.5,144,146,31,1.0,1.0,,,0.9902777777777778,0.02064452616034977,24.20887879825782,0.001517898553779989,tight,rete2_Defect-Free.png,rete2,B,1
36.13355617517153,0.8833023122712678,0.001825789021342022,0.041877340758073624,0.03186257425435845,29.478196514510536,0.025465106392067074,36.68602533527869,0.010995956484907978,1.0,1.0,0.3892494720807615,66,66,3,1.0,,1.0,0.0,0.21774193548387097,0.4025279533300924,28.56047899506177,0.058902649018590374,permissive,rus2_Anti-Anion.png,rus2,B,1
37.03203556741486,0.9105003956583215,0.005998266427168412,0.183166698872488,0.03011597907072071,32.99050340165769,0.01747472752094436,37.244275986098486,0.01051375292007122,1.0,1.0,0.3281650616569468,65,65,3,1.0,1.0,1.0,,0.1539487990511021,0.9352481985588471,31.601214228245446,0.18295638126009692,permissive,sno2_Anti-Metal.png,sno2,B,1
26.63310284760227,0.8765240845560804,0.012357562523811268,0.11454498283598506,0.033776640730717185,16.42799334167251,0.07351354315340612,28.382233442849905,0.014696920489193768,0.9459459459459459,0.9859154929577465,0.31622776601683794,71,74,3,0.3333333333333333,0.0,1.0,0.042658678923720494,0.12935313179375693,0.39480438184663535,14.29354257464934,0.1030911705006766,permissive,sns2_Vacancy-Metal.png,sns2,B,1
29.157981455604187,0.9100576657757645,0.006463411995539867,0.14257050255362605,0.015196604056979233,18.791953194977943,0.07110537496251675,29.876324255758963,0.013451977325141994,0.9921259842519685,0.9921259842519685,0.6606874726434099,127,127,25,0.96,1.0,0.0,0.0,0.047131578157365434,0.41490486257928116,16.53977767686429,0.13377750468869853,permissive,snse2_Vacancy-Anion-03.png,snse2,B,1
30.20302467805868,0.9003485208942831,0.02059634258724983,1.615491565716613,0.7420342369494912,29.37604001732078,0.018220897920397862,34.219115575563116,0.015449834172889003,0.9681818181818181,1.0,1.1526658221933113,213,220,4,1.0,,1.0,,0.7416913357951598,0.9982110177574742,5.268309789977431,0.9986725139267512,permissive,snte2_Fe_doped.png,snte2,B,1
37.29290338699834,0.9195330188672823,0.011142893823699145,0.10917550284862806,0.02723157841501037,32.290290979675085,0.01882850516915089,37.564323150773475,0.009940527051085134,1.0,1.0,0.21004201260420147,68,68,7,1.0,1.0,1.0,0.0,0.11871650211565585,0.7815953198997121,30.7936185804637,0.17928488342689525,permissive,tas2-A_Doped-Li.png,tas2,B,1
38.34267852946028,0.9377265413823123,0.0033230078746969254,0.020469832796637454,0.007182526139430982,25.842963427505275,0.04061463391549129,38.90479861018113,0.008245073863435863,1.0,1.0,0.3208444739598739,68,68,3,1.0,1.0,,0.0,0.0,0.0,25.842963444259293,0.0,tight,tas2-B_Vacancy-Anion-06B.png,tas2,B,1
29.28967674122585,0.8968054153793344,0.020435696705465314,0.1762167151813072,0.05620624036900293,17.78470806557263,0.05575307026132582,35.91758639154956,0.012380615662407439,0.99,1.0,1.5472360498448172,99,100,10,1.0,1.0,1.0,,0.254189798297976,0.6718800312801877,13.293542649887964,0.1485655631741698,permissive,tas2-B_Vacancy-Anion-09B.png,tas2,B,1
37.540532508275774,0.923545997845465,0.002857915367836664,0.022918695904290253,0.005403624382207578,21.537684245536767,0.0698384260077302,38.56976158267054,0.008919554262393041,1.0,0.9772727272727273,0.4402254531628119,132,129,11,1.0,1.0,1.0,,0.0,0.0,21.537684026290528,0.0,tight,tase2-A_Vacancy-Anion-12B.png,tase2,B,1
35.3809990731039,0.9184333882279488,0.008415419546952255,0.14479266965857862,0.057035104796520686,31.889665535822992,0.019751690280202447,35.71795728510907,0.01255748051644527,1.0,1.0,0.2055566129482595,142,142,33,1.0,1.0,1.0,0.0,0.23171132340766634,0.7412249358947413,30.822597598013335,0.18245047878895404,permissive,tase2-B_Defect-Free.png,tase2,B,1
34.47221372760735,0.9208897903391963,0.003260668662970172,0.018990914400012004,0.012956312006406229,18.880571566367966,0.07740236198781907,37.168812305527595,0.010528843917022331,0.9924242424242424,1.0,0.3494816226644152,131,132,20,1.0,1.0,1.0,,0.0,0.0,18.88057196865049,0.0,tight,tase2-B_Vacancy-Anion-09B.png,tase2,B,1
29.119372073358658,0.9115452385697176,0.10243517207194254,0.052483720045040164,0.027875844594594596,14.848094015449583,0.11155440167499513,34.93702340220773,0.014607489529799081,1.0,1.0,0.2793101938654641,141,141,35,1.0,1.0,,,0.0,0.0,14.848093547471022,0.0,tight,tate2-A_Fe_doped.png,tate2,B,1
35.144233102514114,0.9203772559999447,0.004046714732243451,0.020375334915450755,0.007904750528974132,17.28381903519396,0.10171340712126499,37.97469740680061,0.009481203369044148,1.0,0.9935897435897436,0.3407771005482389,156,155,0,,,,0.0,0.01706827309236948,0.06880733944954129,16.981542401619556,0.03186642549996587,permissive,tate2-B_Anti-Anion.png,tate2,B,1
35.64836096982794,0.9047733102937839,0.012541661520479294,0.11731512163756228,0.033713569039656,32.545527028093545,0.018078744024939586,35.8093595370701,0.012503129140374374,1.0,1.0,0.31622776601683794,190,190,1,1.0,,1.0,,0.10628014718499171,0.7053650512463622,31.263120492544108,0.2237517916865743,permissive,tate2-B_Anti-Metal.png,tate2,B,1
32.35820991844638,0.929811290107634,0.00448058676894221,0.16937975036004654,0.033167531226537435,20.433844625984797,0.049664248732604395,35.36860524925488,0.009983565078404982,0.9722222222222222,0.9905660377358491,0.29277002188455997,106,108,0,,,,0.0,0.11749304081801394,0.5482958199356913,17.20375126276919,0.15478039041703637,permissive,tate2-B_Vacancy-Anion-12A.png,tate2,B,1
30.117966896671348,0.7668569523349048,0.03570622474156181,0.7180484560062101,0.5230837147703246,28.619267241999573,0.029043006758401095,32.73023300123909,0.018453364463563302,1.0,0.9926470588235294,0.35486043161491804,136,135,36,1.0,1.0,,,0.6746843569441472,0.9336235360310339,29.883508372564886,0.7238396183306613,permissive,tis2_Vacancy-Anion-12A.png,tis2,B,1
31.903478040760376,0.8484070691052534,0.007146959628551677,0.4569687656616011,0.20238233540122524,30.353333960825136,0.02170330657816084,32.40390561243505,0.014810713531413578,0.984375,0.984375,0.4960158727618966,128,128,29,1.0,1.0,1.0,0.0,0.32933100198968124,0.9754697485744901,20.11935006327638,0.5994511437946461,permissive,tis2_Zr_doped.png,tis2,B,1
31.70800260865278,0.85079525898052,0.011851761456614686,0.5539594621806109,0.189692708766675,26.412720319200126,0.02397180285346042,35.256456107935634,0.01343782772239274,1.0,0.9878787878787879,0.44994887235113873,165,163,4,1.0,1.0,1.0,0.0,0.24251890363592674,0.9468304153416913,15.018069178285842,0.740588974863873,permissive,tise2_Adatom-Li.png,tise2,B,1
29.80128845294987,0.8156002602161473,0.0163096010569792,0.3984155792737254,0.2883790479888325,25.870560558356203,0.026893574278984544,33.74363946543698,0.015551578237514577,1.0,0.9940119760479041,0.5859807965931167,167,166,5,1.0,1.0,1.0,0.0,0.471284638143024,0.8438494273784432,19.56778271090561,0.5163514250584722,permissive,tise2_V_doped.png,tise2,B,1
29.957858666646487,0.9186989266559699,0.08523976621661356,0.05497932191450401,0.02424742762911512,14.875000386307327,0.11709190453682039,36.45754678159462,0.011995248698289704,1.0,1.0,0.16666666666666666,72,72,4,1.0,,1.0,,0.0,0.0,14.87500060963802,0.0,tight,tite2-B_Cu_doped.png,tite2,B,1
36.64441530484498,0.941492544066148,0.0027142592516002373,0.11618256927674946,0.01671187583926639,23.098599539685,0.048981664250529286,38.63401830710337,0.00855956762415055,1.0,1.0,0.37529331252040077,71,71,3,1.0,,1.0,,0.06702582791950562,0.20948371920267425,23.79573291329723,0.05223159510789164,permissive,tite2-B_Vacancy-Anion-06A.png,tite2,B,1
27.167787318839494,0.7514810033913938,0.12751617619347247,0.8794845586701655,0.5772918258212376,25.573776537576627,0.030905351843511755,31.208593091979928,0.017629793837004366,0.9230769230769231,1.0,2.2236106773543893,72,78,0,,,,0.0,0.6960139667719868,0.9707215403447249,14.89481394603337,0.8051413292589763,permissive,vo2_Vacancy-Anion-03.png,vo2,B,1
32.718822469150645,0.7927436831037054,0.039532741490923534,1.1024447068306318,0.3874527049781106,31.10966824097353,0.021898471416237904,34.16776304234819,0.015357751146649421,1.0,0.9875776397515528,0.5934654647590163,161,159,11,1.0,1.0,1.0,,0.4544998138099798,0.9984369636192326,32.095009484768,0.8511490886245745,permissive,vs2_Vacancy-Anion-06A.png,vs2,B,1
29.024069089325167,0.6916569985153734,0.07185781096630348,1.311927433356408,0.830507659175871,28.578864051665214,0.027532732344638454,32.293456330411445,0.01947321786343521,0.9945652173913043,0.9945652173913043,0.6228789144581013,184,184,9,1.0,1.0,,,0.8602291816654668,0.9771427792581285,20.50371796601375,0.9433818098464203,permissive,vs2_Vacancy-Anion-12A.png,vs2,B,1
29.874035832328047,0.9082313119259261,0.005796182174088248,0.09267240574524761,0.05186768589728696,18.003300831089323,0.07086854921661748,36.58792725507578,0.010823990280075768,0.9130434782608695,1.0,0.5232681184722836,84,92,1,1.0,,1.0,0.0,0.26467091182920705,0.49858145438255935,15.099825738066759,0.09770724743191575,permissive,vse2-A_Vacancy-Anion-06A.png,vse2,B,1
30.140972890668827,0.9112697890511803,0.005312082197787785,0.22852122642953934,0.02666315563920062,19.007643465911656,0.0607085517585266,31.868718197265036,0.011526228398934163,0.96875,0.9841269841269841,2.5684186172718,63,64,2,1.0,,1.0,,0.09314225982108129,0.7419635941130907,15.630512599130844,0.21239650859298156,permissive,vse2-A_Vacancy-Anion-06B.png,vse2,B,1
28.095248254392374,0.8127870924462652,0.02286394502194731,0.9413357929320348,0.6362171899125064,26.707087505568484,0.025800259483501058,32.76362008816727,0.018440195085399146,1.0,0.9946236559139785,0.4093501771925445,186,185,3,1.0,1.0,,,0.685984706391574,0.9615505957918409,14.752969534092612,0.8917910447761194,permissive,vse2-B_Anti-2M.png,vse2,B,1
31.565520960631783,0.8154425463459316,0.04560043587196735,1.6914848413103742,0.9056021616057642,31.45103232061495,0.020884734341212893,32.851342920738155,0.017781972348928886,1.0,1.0,0.5744562646538028,200,200,7,1.0,1.0,,,0.9058574540605773,0.9961041950232583,26.808384056167483,0.9958234688625837,permissive,vse2-B_Vacancy-Anion-09B.png,vse2,B,1
31.002870638645554,0.8681013597695566,0.006371743023629493,0.04616739026534572,0.05322036023609705,20.208875609928576,0.044720119232131914,35.18987101347388,0.013352912628830607,1.0,0.9879518072289156,0.38254602783800296,166,164,6,1.0,1.0,1.0,0.0,0.15702822799782615,0.20666442275328173,19.328292370954475,0.07004317100914473,permissive,vte2_Defect-Free.png,vte2,B,1
34.64819165520523,0.8805054968638524,0.020305017241662622,0.2813002464742558,0.11958906931544394,31.271074883428525,0.020746075979226373,35.404239902988806,0.013126441861846574,1.0,0.9874213836477987,0.48545729967620965,159,157,9,1.0,1.0,1.0,0.0,0.26354101054361223,0.9009137207908927,29.2737472535218,0.40881467814310923,permissive,vte2_Vacancy-Anion-09B.png,vte2,B,1
31.901416374421878,0.9138042942588177,0.0032745625182492707,0.19250571614761453,0.024167861124382864,32.53823860564694,0.018194898671895145,31.886771128150166,0.012117618904830802,0.9572649572649573,1.0,0.5824823725107175,112,117,15,1.0,1.0,1.0,,0.12033374091922606,0.7874794069192751,30.88151603722684,0.1581575774122358,permissive,ws2-A_Vacancy-Metal.png,ws2,B,1
34.53897688656546,0.9210258875577074,0.007074396462498108,0.18165629026202848,0.026497053670966716,23.738754898869733,0.038472982644682935,36.08820681006599,0.01027465884630618,0.9466666666666667,0.9861111111111112,0.7505866250408015,72,75,0,,,,0.0014014355244967142,0.1806705007714967,0.5529676934635612,23.42096249614424,0.08109799103587924,permissive,ws2-B_Vacancy-Metal.png,ws2,B,1
35.940909085769654,0.9713534727361396,0.004249459425720797,0.029152525861961303,0.00708778771375423,15.268706744257655,0.14637216700925657,43.54034905946535,0.004054013051074766,1.0,0.9772727272727273,0.21566554640687682,44,43,0,,,,0.0,0.0,0.0,15.268706218752117,0.0,tight,ws2-C_Defect-Free.png,ws2-C,B,1
35.59021639588836,0.901212602217738,0.003340879502017774,0.0347461052570275,0.010702287633978564,22.404117239948214,0.056227942414518665,36.63864988335148,0.010924872178390365,0.9919354838709677,0.9919354838709677,0.4417261042993862,124,124,6,1.0,1.0,1.0,0.006972477064220183,0.03398058252427184,0.11509715994020926,21.914906489042984,0.03625019996800512,permissive,wse2_Vacancy-Anion-06A.png,wse2,B,1
30.989021839940598,0.9394057426272647,0.008093842008683108,0.030476470353530846,0.019606091835566244,14.870228668749192,0.12835424152518277,37.94026596640382,0.009346215022861698,1.0,0.9847328244274809,0.457495710997814,131,129,23,1.0,1.0,1.0,0.0,0.007709682276765547,0.059806097418525876,14.608054188143289,0.15208977441887095,permissive,wte2_Mo_doped.png,wte2,B,1
34.749039042430866,0.8599460576671586,0.0049746420169596555,0.0207649374976587,0.05324838968339986,29.137381689412308,0.027073080130190625,35.447256422417254,0.013039667431221938,1.0,1.0,0.40219983326992187,68,68,4,1.0,,1.0,,0.0,0.0,29.137381977262443,0.0,tight,zro2_Defect-Free.png,zro2,B,1
31.430653243855634,0.8448146656529125,0.015857260361188084,0.3264197571965191,0.1257630677472928,30.799181538159587,0.021477988007041482,31.529547098251953,0.015313820922375264,0.9365079365079365,0.9915966386554622,0.4602873089491617,119,126,25,1.0,1.0,1.0,0.0,0.32564036188162515,0.8826439738769049,27.300919640858794,0.34087916265052065,permissive,zrs2_Vacancy-Anion-03.png,zrs2,B,1
31.767306402556947,0.8534396998539678,0.016121869617690462,0.47039101491358004,0.24432733128385303,30.31303936150136,0.024336551411991803,32.36512749972845,0.015917953801497863,0.9655172413793104,1.0,0.592613260221602,168,174,5,1.0,1.0,1.0,0.004000311712600982,0.3709804802876589,0.9484228928814727,30.806698710391878,0.6246302613187664,permissive,zrse2_Vacancy-Anion-03.png,zrse2,B,1
35.15019536760226,0.920724889370678,0.004983169950262729,0.11469228191572928,0.04239156944839641,25.99915327103716,0.03355703464693929,36.823898900112965,0.010357987583948866,0.9906542056074766,0.9814814814814815,0.42337369193050706,108,107,22,1.0,1.0,1.0,0.0,0.29617987781692817,0.7002277358264414,21.942741003038595,0.10022204381935694,permissive,cose2_Fe_doped.png,cose2,B,2
27.637450134090088,0.7451136077884931,0.03194745643957002,0.9998125507527891,0.7657878091813975,26.881401926924973,0.02795272583538201,31.85964463825532,0.020540136223959147,0.8735632183908046,0.987012987012987,1.3228756555322954,77,87,5,1.0,1.0,1.0,,0.8002785890811054,0.9677983785076184,16.090428099911698,0.9260877525883019,permissive,cro2_Vacancy-Anion-03.png,cro2,B,2
28.89638999365569,0.8107680316159387,0.023466951680069868,0.35287571947913454,0.25994761588887155,25.959513394820995,0.029553774446293743,30.697521251691192,0.01758305684422371,0.967948717948718,1.0,0.575435337648436,151,156,2,1.0,1.0,1.0,0.006693981187604593,0.44423031480557673,0.7936598774755842,22.728119131027587,0.4644212384891525,permissive,crse2_Anti-Anion.png,crse2,B,2
34.91019210175244,0.8797413333400058,0.013492824205366254,0.09650884458908465,0.07142001454669918,31.233946182203802,0.021075946308941565,35.379389774665384,0.013030459581743464,1.0,0.9937106918238994,0.328016671388606,159,158,1,1.0,,1.0,0.0,0.1702641640597845,0.58689270951896,30.47026064899412,0.24618149146451032,permissive,crte2_Vacancy-Metal.png,crte2,B,2
33.77700444643537,0.8682621920649785,0.010566826217719545,0.07228323068953577,0.021763064434297312,27.274704008137114,0.03294950012764198,34.12583521021751,0.011748782821197623,0.9696969696969697,1.0,1.0,64,66,2,1.0,,1.0,0.0,0.3154709018214127,0.6621983914209115,29.43962047017484,0.045682394723490616,permissive,cus2_Cu_adatom.png,cus2,B,2
29.691718036728926,0.8451899576013026,0.01580467234436468,0.11284573485930502,0.045747213572053226,17.55805169414655,0.07222558245132225,35.469295527827065,0.013226035559693542,1.0,0.9891304347826086,0.5741692517632145,184,182,14,1.0,1.0,1.0,,0.08744823901331315,0.5317881511967941,14.495148997747274,0.2781968671111078,permissive,cuse2_Cu_adatom.png,cuse2,B,2
30.585431641921147,0.8051338318415411,0.046074658370662915,1.008655087624801,0.5719321024331917,29.154042352328766,0.027169581712430387,33.78753176281004,0.016230503606881972,1.0,1.0,0.4026936331284146,74,74,4,1.0,1.0,1.0,,0.6655205652761401,0.9917914515663577,30.874940583213657,0.8523213250882096,permissive,feo2_Int-Anion.png,feo2,B,2
28.962209378686254,0.9038960003628679,0.025889969646319656,0.07620400598540178,0.047362857250726774,30.413878920336067,0.02287326835014008,28.9012886696749,0.015538471746089114,0.9777777777777777,0.9887640449438202,0.4264014327112209,89,90,0,,,,0.12841013121757705,0.368609865470852,0.5382337869384501,29.497743574040832,0.06915791574303297,permissive,fes2_Ni_doped.png,fes2,B,2
29.44243098593686,0.8353200866263202,0.012751001886203903,0.5798639921627777,0.22254842461943053,24.584389170627794,0.02855538913568926,33.313000035289264,0.014775804236286222,0.9821428571428571,0.990990990990991,0.7135060680126757,111,112,36,0.9722222222222222,0.9714285714285714,1.0,0.0,0.33825103039722676,0.9446193002988331,13.14033039028558,0.6215015425074597,permissive,ges2_Vacancy-Anion-03.png,ges2,B,2
31.755953534240746,0.9312444729745732,0.013456234878101271,0.32401164438220625,0.020291816920943135,22.741806203595733,0.0485746659691285,32.43297570640021,0.010019688884382453,0.9603960396039604,0.9797979797979798,0.4061384660534476,99,101,22,1.0,1.0,,0.0,0.08293317905698583,0.3135389326334208,22.362461537421634,0.07671567267683772,permissive,gete2_Defect-Free.png,gete2,B,2
28.909113576110915,0.9147012784021537,0.016956884797677894,0.21123413787239223,0.060930020380112804,17.422617965650264,0.05800742176915358,37.1128229034398,0.010596340235265045,1.0,0.9841269841269841,0.4016096644512494,63,62,3,1.0,1.0,1.0,0.0,0.16662472475621265,0.7725703728912441,11.081896462268084,0.2825074648087587,permissive,hfo2_Int-Anion.png,hfo2,B,2
27.81838388300768,0.9014480905367089,0.02608676137066424,0.24397680391641893,0.0794492489758762,21.142663544254564,0.04655540992788544,29.46228807891667,0.014511575092509178,0.9837837837837838,0.978494623655914,1.0136431953466305,186,185,11,1.0,1.0,1.0,0.0,0.15711176217433045,0.9063066934020816,29.714196177187024,0.458306781975421,permissive,irte2_Vacancy-Metal.png,irte2,B,2
30.776339497040727,0.7688620987319802,0.08621013004688959,1.080521006215309,0.5765709342560553,29.659999160631397,0.025136568916759323,32.98841476562768,0.017906578754069216,1.0,1.0,0.6063390625908325,68,68,0,,,,,0.6332968381165363,0.9789232366514833,26.243191572253124,0.8912387543252596,permissive,mno2_Defect-Free.png,mno2,B,2
31.225598531274194,0.814017270045453,0.04372853786955369,0.8175760162001668,0.5043341285305848,29.78535240709945,0.02544538041789129,33.44490191768176,0.016251617547343906,1.0,0.9923664122137404,0.4472135954999579,131,130,32,1.0,1.0,1.0,,0.6083842007400034,0.9746881149686761,30.60624548902226,0.807990214824662,permissive,mns2_Int-Anion.png,mns2,B,2
28.943396343206828,0.8457063663860578,0.035954466065074714,0.9234112416674534,0.3996269426076616,26.002569634744912,0.02792710501472807,33.435055641960574,0.015983517040690867,1.0,0.9728260869565217,0.6971610427677902,184,179,9,1.0,1.0,1.0,,0.4368719976715683,0.9815636961399551,12.882407124075936,0.8978815327000628,permissive,mnse2-B_Vacancy-Anion-03.png,mnse2,B,2
30.312152560353912,0.9482452311788662,0.019375601072453674,0.27464388718855975,0.00985640911883148,28.10224320833744,0.02759549242287739,30.340926788900816,0.009029965969722074,0.9344262295081968,1.0,0.1873171623163388,57,61,4,1.0,,1.0,0.0,0.07102709399160338,0.6699848517636875,24.796522442017466,0.09297360248447205,permissive,mnte2_Defect-Free.png,mnte2,B,2
34.5103392512413,0.8404385581478143,0.015686903011181436,0.17269300494640746,0.08628140148910339,31.729777383825773,0.020333703345478904,34.89469557108753,0.014192557699302309,0.9846153846153847,1.0,0.375,64,65,1,1.0,,1.0,,0.2923010581484061,0.8670668109810096,30.22706773844289,0.2559407075363574,permissive,mos2-A_Adatom-Li.png,mos2,B,2
28.62996889149705,0.8295325879096898,0.010308460414594439,0.3061382835181948,0.14484657593946237,21.139239680250913,0.038974898121727004,35.22724059799377,0.013253612275707278,0.9836065573770492,0.967741935483871,0.5627314338711378,62,61,3,1.0,1.0,,0.0,0.3066498654874919,0.7749882775867458,15.414769850556599,0.3660670068229348,permissive,mos2-A_Vacancy-Metal.png,mos2,B,2
30.162060024479338,0.8678075127490995,0.011464450687162807,0.22023329620395865,0.08740494662195467,20.864936042009568,0.04712438416854348,35.67302376547237,0.012625623783318258,0.9758064516129032,1.0,1.9958634909181954,121,124,29,1.0,1.0,1.0,0.0,0.2605723000568681,0.6571810417889041,17.178456672521477,0.22044121292241592,permissive,mos2-B_Adatom-K.png,mos2,B,2
33.67127586150524,0.847881009918971,0.01837356741350292,0.33887080674810954,0.19504995911529488,31.654383223689756,0.020424483924056096,34.342602940829345,0.01512321483015663,0.9914529914529915,1.0,0.5169539431229293,116,117,20,1.0,1.0,,,0.3715142117601094,0.8889424481449021,30.0873208140786,0.46670674412442625,permissive,mos2-B_Anti-Anion.png,mos2,B,2
31.478950477105492,0.9091476798368393,0.011489946402580975,0.17656803991161094,0.06577265584075433,21.174426179686993,0.04549983268417952,36.49264224055683,0.01132274265248503,1.0,0.9833333333333333,0.6036611463901059,120,118,24,1.0,1.0,1.0,0.0,0.16684269916497405,0.7359827970691303,15.744730701846084,0.29013881613410164,permissive,mose2-A_Doped-Na.png,mose2,B,2
34.653761431886274,0.8642299209280017,0.013873757748297435,0.6436415040011358,0.18268571306099704,32.997309696782104,0.017592649724406044,35.12967090312804,0.013779141958195497,1.0,1.0,0.3708990935094579,189,189,5,1.0,,1.0,0.0,0.24182487521407556,0.9691010412083884,31.067485321566576,0.7321038192807235,permissive,mose2-B_Adatom-K.png,mose2,B,2
31.999815563326585,0.8573924657985107,0.004092814726844191,0.424873996194862,0.15464657722148398,26.161434561028546,0.02557065290152432,35.176057885570025,0.013562294226996905,0.98125,0.9874213836477987,0.6957560155119171,159,160,6,1.0,1.0,,0.0,0.230768889618194,0.901427482502945,17.778765512528253,0.6040791504136482,permissive,mose2-B_Doped-Na.png,mose2,B,2
30.232347567404286,0.8865094737203855,0.7488091790331093,1.535304386230732,0.9940203180590681,30.234435684728712,0.02771828970606198,29.89848496472659,0.026720823247760105,1.0,1.0,0.47471266327754136,213,213,0,,,,,0.9940203180590681,1.0,,1.0,permissive,mose2-B_V_adatom.png,mose2,B,2
31.400541986527585,0.898517446403884,0.023173395025676568,1.069516322560492,0.2210234672855147,26.707404895220044,0.02495268388828763,34.89072499164262,0.013761672832489797,1.0,0.9894736842105263,1.0262511823923528,190,188,13,0.9230769230769231,1.0,0.9,0.0,0.2346577027880447,0.999228593468758,31.994146308349265,0.9411707594307229,permissive,mote2-A_Anti-2M.png,mote2,B,2
31.53921050469033,0.8999591290029814,0.01404588165770218,0.055572016526827896,0.01632527410073646,15.021997765697847,0.11404949132015878,37.18830871883808,0.01056678962296261,1.0,0.9939024390243902,0.3229465567669167,164,163,5,1.0,1.0,1.0,0.0,0.04162659960056217,0.3265158108500145,13.338978150791112,0.1280541807762438,permissive,mote2-A_Ti_doped.png,mote2,B,2
32.717710445642695,0.929823951516278,0.007725913667154601,0.17726154626526974,0.019755309813794718,19.294529518831077,0.07580915317372527,35.10682276499023,0.0099989472463379,1.0,0.984,1.0630528212713648,125,123,17,1.0,1.0,,0.0,0.11246169297726044,0.5077906976744186,17.92053444727007,0.0891998180673794,permissive,mote2-B_V_adatom.png,mote2,B,2
30.368360436031136,0.9371389128161294,0.009844931483793246,0.1525933437036987,0.011274309368151684,35.76983014055385,0.012445033587873614,30.3332581247602,0.011543441860516071,0.9658119658119658,0.9912280701754386,0.7466740412615168,114,117,17,1.0,1.0,,0.016172273631410532,0.04790479858900805,0.962917685411573,31.979167255566278,0.22662096911280283,permissive,mote2-B_Vacancy-Anion-06B.png,mote2,B,2
28.20265297499357,0.8480464236510701,0.024008138188871528,0.35868712527425817,0.1754722171281863,21.431716350779446,0.036749240411530985,35.170463106869775,0.013495094296707533,1.0,0.9666666666666667,0.41522739926869984,60,58,0,,,,0.0,0.3968780659004076,0.8666806012785007,13.101948400589198,0.3831866250993337,permissive,nbo2_Defect-Free.png,nbo2,B,2
34.73005539216549,0.8752202128421163,0.0059328144941550014,0.16903321922609063,0.08428014901213628,29.269902970616315,0.023601443186465766,35.87384361057454,0.012326613770997212,1.0,1.0,0.5897678246195885,115,115,25,1.0,1.0,,0.0,0.33606819665416565,0.8042639220731483,25.071130312009885,0.20169561973507233,permissive,nbs2_Anti-Metal.png,nbs2,B,2
35.44582294465268,0.8774202282364245,0.009329217748552106,0.1272332197045554,0.05403626168513829,31.00992158730882,0.021723660370734994,35.91070368658101,0.012296083782052466,1.0,1.0,0.5540916385036406,114,114,27,1.0,1.0,1.0,0.0,0.215894755811858,0.8012995079069323,30.316417896756573,0.20055711744645038,permissive,nbs2_Vacancy-Metal.png,nbs2,B,2
33.26673547859668,0.8991696761856106,0.003702599507827594,0.2121474246312563,0.0653785477614159,24.169857126366367,0.031488177263924486,36.26168818905236,0.011920008720746585,1.0,0.991304347826087,0.33769081675298523,115,114,37,1.0,1.0,1.0,,0.1970078045997874,0.8358942388793135,17.004464030568368,0.2773979007130287,permissive,nbse2_Cu_doped.png,nbse2,B,2
34.52361755681063,0.9088257717350589,0.009917027464870262,0.3481108365616187,0.07339832268025913,32.37248666665216,0.018430437696031084,34.74993267945919,0.013048283499106495,0.9927007299270073,1.0,0.5072996561958923,136,137,28,1.0,1.0,,,0.13771157561257633,0.9570131312471418,26.093359608526214,0.5100744676260027,permissive,nbse2_Vacancy-Anion-03.png,nbse2,B,2
29.93269108294665,0.9102560674611043,0.013009026928525704,0.18573913565151204,0.01200069771498343,31.31581680327493,0.020305891544287375,29.91832724121742,0.013331774020358372,0.9333333333333333,1.0,0.7121396331779725,140,150,0,,,,0.03218124178458208,0.050890610449565096,0.9333212209302325,29.132717540296248,0.2200898308041165,permissive,nbte2_Vacancy-Anion-12A.png,nbte2,B,2
31.598433908043262,0.8961376043145843,0.008308938003061645,1.1589861939666273,0.22569771498342928,29.457491604933004,0.020530078551836604,32.490729139852036,0.01441882122245495,0.98989898989899,0.9949238578680203,0.31943828249996997,197,198,9,0.8888888888888888,0.75,1.0,,0.22628772083836277,0.9960778252217092,10.5709161280147,0.9934807256235828,permissive,nbte2_Vacancy-Metal.png,nbte2,B,2
40.49657498894916,0.950290030873849,0.012507150757096892,0.036559583422523,0.00815570809248555,34.57556384858793,0.01561911555619731,40.60173270442144,0.006651583394708537,0.9935897435897436,1.0,0.28960484758017346,155,156,0,,,,2.621403761714398e-05,0.05706579506802721,0.9512735326688815,30.6556267885968,0.1359537572254335,permissive,pbse2_Defect-Free.png,pbse2,B,2
26.44957651343549,0.8951481645434413,0.028574560785644607,0.14988549429365047,0.09358084426558418,16.675801282274435,0.06997152687657608,35.542719044405445,0.012631647372921962,0.9947368421052631,0.9895287958115183,2.7294203505021812,191,190,8,1.0,,1.0,0.0,0.15949780201274077,0.48868407942495196,13.990914872290155,0.2867216234621449,permissive,pbte2_Vacancy-Metal.png,pbte2,B,2
33.47019821608506,0.9296048244479508,0.24102954667576384,0.16066049879137764,0.014118564742589703,32.76647146472893,0.017477043708420625,33.481152392253655,0.016327422188949975,1.0,1.0,0.9965217285917832,144,144,31,1.0,1.0,,,0.07412173913043478,0.6364043601612662,31.42308855089082,0.12122106505881856,permissive,rete2_Defect-Free.png,rete2,B,2
36.19135675895821,0.8853658660476529,0.0019617113062715863,0.07909933379647795,0.039230568657367605,30.211267211486255,0.02171084668956036,36.75137372860946,0.01092129615061792,1.0,1.0,0.3892494720807615,66,66,3,1.0,,1.0,0.0,0.23756205482408807,0.5794287970518558,28.76857213106272,0.0956858250010972,permissive,rus2_Anti-Anion.png,rus2,B,2
27.758896994440377,0.8914006581137884,0.022437750014336982,0.19251083839391375,0.052169483760518894,15.468926032294675,0.09352593639220602,36.8786812898376,0.011042263247263715,1.0,0.9692307692307692,0.3563483225498992,65,63,3,1.0,1.0,1.0,,0.20518444392657884,0.8647524409266856,17.482285080757475,0.21986895088370748,permissive,sno2_Anti-Metal.png,sno2,B,2
28.112957538110564,0.8791081427272438,0.013044292976180977,0.18206515956767233,0.036571803112313936,31.93223216020039,0.019512455297710785,28.01757432353896,0.015130928616931135,0.9342105263157895,1.0,0.31399291281137964,71,76,3,0.3333333333333333,0.0,1.0,0.03798481640241698,0.1885022644124615,0.6761866219575648,30.548989973567213,0.13118868403247633,permissive,sns2_Vacancy-Metal.png,sns2,B,2
29.250692221065925,0.9100525320819001,0.006338454435046105,0.14070826139955842,0.02113629153062413,30.447198166519374,0.020833265857069228,29.2281684009645,0.014196222245744522,1.0,1.0,0.39683789506627254,127,127,25,0.96,1.0,0.0,0.0,0.10827635605912612,0.7898536956108684,27.168478238488024,0.15418488933868266,permissive,snse2_Vacancy-Anion-03.png,snse2,B,2
33.64853576672961,0.9049473961793773,0.028035784562446403,1.9491232920934674,0.9581520174740513,33.623705443558116,0.016307911646140313,34.25973981261165,0.015315541346097148,1.0,1.0,0.2272513861085624,213,213,4,1.0,,1.0,,0.9581520174740513,1.0,,1.0,permissive,snte2_Fe_doped.png,snte2,B,2
25.998816785329897,0.9040546040384329,0.02329846893133334,0.12636586874694666,0.07436150305972791,15.08803905844805,0.08807315067286298,36.47870797971671,0.011104892297954277,1.0,0.9705882352941176,0.12309149097933274,68,66,7,1.0,1.0,1.0,0.0,0.1978009998286898,0.43190396844288775,12.67244665007258,0.16237040408638043,permissive,tas2-A_Doped-Li.png,tas2,B,2
33.80040191777821,0.9306471911563502,0.006045266232310283,0.12057156727202019,0.014869225280009928,17.239201495575408,0.09869946614736952,38.59796945777603,0.008550128254897763,0.9855072463768116,1.0,0.7669649888473704,68,69,3,1.0,1.0,,0.0,0.13997341751121448,0.2929925230394714,17.659842472523057,0.031124279937534256,permissive,tas2-B_Vacancy-Anion-06B.png,tas2,B,2
28.05722799921613,0.8943283302034399,0.01590346834789573,0.1314900195627308,0.059642373284519046,16.518657045659506,0.06923318614975556,36.02885427185632,0.01222381439147025,1.0,0.9797979797979798,0.4307748951706429,99,97,10,1.0,1.0,1.0,,0.22308280254777071,0.5693601525923357,12.921849994803978,0.15222146380813503,permissive,tas2-B_Vacancy-Anion-09B.png,tas2,B,2
35.34141585512016,0.9194106298900624,0.030445016629188002,0.18463761406570023,0.012075782537067545,20.672401425950717,0.07148560082975175,37.18530515941366,0.009732337497376628,0.9621212121212122,0.9621212121212122,0.9221679352414079,132,132,11,1.0,1.0,1.0,,0.19454954494324572,0.7415708438900799,19.85140194863011,0.046029654036243824,permissive,tase2-A_Vacancy-Anion-12B.png,tase2,B,2
35.28792107191826,0.9179778281177758,0.01062106235308638,0.14214849547604247,0.058691805684090395,31.80845070377333,0.019844964550795898,35.6339170637554,0.012697972457325034,1.0,1.0,0.31399291281137964,142,142,33,1.0,1.0,1.0,0.0,0.2399290635018075,0.7184640522875817,30.891684264679377,0.17575174900621923,permissive,tase2-B_Defect-Free.png,tase2,B,2
30.80684081480635,0.915888037474575,0.0038553038057814733,0.02093460437719195,0.02173850498928299,15.328339365686276,0.12141811785030236,37.0472082793981,0.010648757383318073,1.0,0.9923664122137404,0.4019184762342502,131,130,20,1.0,1.0,1.0,,0.0,0.0,15.32833968649853,0.0,tight,tase2-B_Vacancy-Anion-09B.png,tase2,B,2
36.742786780652004,0.932347481423871,0.0022775208653221745,0.02418125949024568,0.011579391891891892,30.949167881498518,0.02130404288896151,36.88743946800579,0.01093266835995445,1.0,1.0,0.2228124549277306,141,141,35,1.0,1.0,,,0.0,0.0,30.949167531818446,0.0,tight,tate2-A_Fe_doped.png,tate2,B,2
33.13816535447487,0.9184010077097524,0.0021318948968172043,0.10064522788694491,0.01659869633472118,17.083581250795405,0.09463424327876874,37.869341977380245,0.009548792400372716,0.9936305732484076,1.0,1.52542553961938,156,157,0,,,,0.0,0.1753557167763343,0.40066820868671293,15.300243654677736,0.03792616544945737,permissive,tate2-B_Anti-Anion.png,tate2,B,2
33.84878911350651,0.9025030015736716,0.016171747806413894,0.13282984515073992,0.056627960548768,25.709087196038666,0.028862695320427605,35.59517787475358,0.01282697825703967,1.0,0.9894736842105263,0.3342186823915959,190,188,1,1.0,,1.0,,0.13661424547797432,0.6449207126445441,21.767581014597013,0.26732603576547675,permissive,tate2-B_Anti-Metal.png,tate2,B,2
35.0547290414054,0.9319790952331087,0.004257255863163063,0.14942779092446062,0.044493549928332536,24.93260263254612,0.03234862362589126,37.51406828843078,0.009026995896714346,1.0,1.0,0.7647912528117451,106,106,0,,,,0.0,0.18736784666803083,0.7901246404602109,30.83005536575373,0.18762797761244968,permissive,tate2-B_Vacancy-Anion-12A.png,tate2,B,2
31.328203280653156,0.7688339627982225,0.023653578695631977,0.7213088650238734,0.5771561193852603,30.502980075004423,0.023481213619033527,32.789014697168845,0.01845848846071745,1.0,1.0,0.4287464628562721,136,136,36,1.0,1.0,,,0.7089961630378443,0.9116620892638284,30.08062658420041,0.7421356857217356,permissive,tis2_Vacancy-Anion-12A.png,tis2,B,2
31.023633474722324,0.8494991279023922,0.041783239200584285,0.5236525594007597,0.2904032776474051,28.646381294084478,0.029864111605452236,32.561688065849054,0.015150269001819459,0.9844961240310077,0.9921875,0.46954492963387634,128,129,29,1.0,1.0,1.0,0.0,0.4853275402527493,0.9890477206457577,31.471157568068136,0.5918120774181557,permissive,tis2_Zr_doped.png,tis2,B,2
33.042741549324376,0.8488770386736033,0.0111462929549305,0.4995809398966135,0.19527183810818058,28.936997551345577,0.021465986438347857,35.132090176509,0.013636861261759217,1.0,1.0,0.5928871321888775,165,165,4,1.0,1.0,1.0,0.0,0.26175958332094,0.9374252879004864,20.175223059448847,0.6993163602074494,permissive,tise2_Adatom-Li.png,tise2,B,2
29.382610315158807,0.8136298848915884,0.02154852690763118,0.3952298616146855,0.29403906777232347,25.274144995512234,0.028445839116362788,34.0192079697929,0.015524134968859835,1.0,0.9880239520958084,0.5773502691896257,167,165,5,1.0,1.0,1.0,0.0,0.45837324798587353,0.8161303507144766,18.904348499344756,0.5235344963067735,permissive,tise2_V_doped.png,tise2,B,2
31.03535775852645,0.8951104093871891,0.6026107961551833,0.20039838400465576,0.05305922298157079,21.815741961349563,0.049977817506119876,33.342570730294874,0.01891976246626787,1.0,0.9444444444444444,0.42008402520840293,72,68,4,1.0,,1.0,,0.47452399555866265,0.4499688036187802,20.01189398396488,0.05031356751064019,permissive,tite2-B_Cu_doped.png,tite2,B,2
33.47332349671788,0.9399263477109399,0.00381330446692935,0.021918603691798814,0.014200025242650148,16.50132631355579,0.10368472252230541,38.74421094912489,0.008476143098269077,1.0,1.0,0.29070094986690553,71,71,3,1.0,,1.0,,0.0,0.0,16.501326530026514,0.04677959649003019,permissive,tite2-B_Vacancy-Anion-06A.png,tite2,B,2
27.065317229147816,0.7494311308060102,0.08979636410283977,0.8708616196899455,0.578724216959511,26.76532583881285,0.030423806854830142,27.514437195625764,0.020427416992183853,0.8860759493670886,0.9722222222222222,1.1275764148954923,72,79,0,,,,0.0,0.6877962670934639,0.964371988647614,18.949603081481985,0.8114400305576777,permissive,vo2_Vacancy-Anion-03.png,vo2,B,2
28.254314962076762,0.7800477621115061,0.04096367426555693,0.977832586245446,0.42618863674310276,25.324668831152888,0.029391963969313754,33.71197604265761,0.015647062939721845,0.9695121951219512,0.9875776397515528,1.6233361099249175,161,164,11,1.0,1.0,1.0,,0.4951322857238181,0.985425063578595,9.640353211148875,0.8482116326651894,permissive,vs2_Vacancy-Anion-06A.png,vs2,B,2
25.659998050008475,0.6844762097884672,0.10485612016219459,1.234168880375937,0.833634719710669,27.959486286404335,0.029309072818963295,20.802921317506954,0.042810730968391046,0.978494623655914,0.9891304347826086,0.9521519871288442,184,186,9,0.8888888888888888,0.8888888888888888,,,0.8390582288926711,0.9940728972533683,29.423386024006174,0.9876474034077884,permissive,vs2_Vacancy-Anion-12A.png,vs2,B,2
35.5477889116204,0.9116333145734774,0.006442298152203205,0.07533194354329951,0.03722979932929049,26.321250288108352,0.0328994343758237,37.004367340682116,0.010581665812321206,0.9879518072289156,0.9761904761904762,0.4131969352706687,84,83,1,1.0,,1.0,0.0,0.2195988759711279,0.5527355939255253,23.485559304036915,0.09370829041360419,permissive,vse2-A_Vacancy-Anion-06A.png,vse2,B,2
31.647736052309373,0.9118077610722519,0.006889322203929859,0.24568064633196499,0.031103572728610484,26.041300955298937,0.03451874275020216,32.03175180812936,0.01156110247023177,0.9841269841269841,0.9841269841269841,0.4579054698896255,63,63,2,1.0,,1.0,,0.1120374892439359,0.7997177954847278,21.574098565366274,0.22201569119480782,permissive,vse2-A_Vacancy-Anion-06B.png,vse2,B,2
30.236993301662196,0.8185306106286511,0.03651420075616848,1.1236707501086993,0.7801441070509522,29.81992311306142,0.024011036694802156,32.15940807900444,0.019821371538404537,1.0,1.0,0.7690239589651063,186,186,3,1.0,1.0,,,0.802485813148789,0.9562415062474436,28.91090496524477,0.9296191456510551,permissive,vse2-B_Anti-2M.png,vse2,B,2
26.463615707052956,0.8045872833096515,0.22830656315064815,1.600385052989679,0.7483530622748328,25.698345727018665,0.04389919232486006,30.15954973457741,0.02570979304816252,0.9950248756218906,1.0,0.4847679857416329,200,201,7,1.0,1.0,,,0.7643644591785723,0.9989752759533717,31.075150069833413,0.978049408131755,permissive,vse2-B_Vacancy-Anion-09B.png,vse2,B,2
32.40384663395333,0.8700572854732045,0.0042820018356920534,0.12483516850952166,0.05890110972780768,23.09748003547437,0.035901008043250554,35.16847466267323,0.013365295822308991,0.9879518072289156,0.9879518072289156,0.7156780854205468,166,166,6,1.0,1.0,1.0,0.0,0.1769999656510837,0.3917886333396693,22.267739711473304,0.13037734328117584,permissive,vte2_Defect-Free.png,vte2,B,2
28.37665487084299,0.8650628358824749,0.029628636959400836,0.28476697124116573,0.12889501921199473,20.324928025542448,0.044567741147186764,35.29804503218821,0.013389835661788014,0.9691358024691358,0.9874213836477987,1.930314650434361,159,162,9,1.0,1.0,1.0,0.0,0.26875847873883146,0.7984504204016399,13.888222914113626,0.38293222509829916,permissive,vte2_Vacancy-Anion-09B.png,vte2,B,2
32.68777787796785,0.9139476256597031,0.0040187871215271705,0.1744672182876279,0.026039178213091256,32.26074949946633,0.018793194875765598,32.6997913789206,0.011971156797139346,0.9649122807017544,0.9821428571428571,0.6396021490668313,112,114,15,1.0,1.0,1.0,,0.12936998938390012,0.7719528178243774,30.93487962949601,0.15537619730166313,permissive,ws2-A_Vacancy-Metal.png,ws2,B,2
34.88829405326279,0.9238816188354245,0.006695513849301038,0.031954720926111485,0.07736673264623575,28.213779756443245,0.03161428024869923,36.47511674813474,0.010986910473603726,0.9473684210526315,1.0,0.37267799624996495,72,76,0,,,,0.0,0.5199450468573672,0.38953830319070726,27.450142919966467,0.05796248265192364,permissive,ws2-B_Vacancy-Metal.png,ws2,B,2
36.14264226631056,0.9662019988479548,0.0038198837629355113,0.03371396046888282,0.007328716466079473,15.794098114697553,0.13679319286052513,42.97440886850788,0.004305551245332794,1.0,0.9090909090909091,0.22360679774997896,44,40,0,,,,0.0,0.0,0.0,15.794098072036167,0.0,tight,ws2-C_Defect-Free.png,ws2-C,B,2
31.580833401230933,0.8961668709419015,0.0029549068476803246,0.16312822822261513,0.020604703247480403,16.56785606698125,0.09116906980216488,36.09373023145188,0.011105015021141062,0.9761904761904762,0.9919354838709677,1.0592219878345592,124,126,6,1.0,1.0,1.0,0.0,0.11488914913378831,0.3681418219461698,15.459505271648082,0.06602410281021703,permissive,wse2_Vacancy-Anion-06A.png,wse2,B,2
38.137545212351775,0.9472555488521509,0.008509633029485125,0.02359899373245896,0.00405817015916638,31.27487226917279,0.020208543565956787,38.20632133033382,0.00910387980816523,1.0,1.0,0.428025825003853,131,131,23,1.0,1.0,1.0,0.0,0.001994958477027048,0.07279909706546275,31.13217816424809,0.14808885835337227,permissive,wte2_Mo_doped.png,wte2,B,2
35.06625882056835,0.8630866453936716,0.005862183065270164,0.047981870900143234,0.06672423566869627,31.381448122710104,0.02055190413142088,35.50226932878816,0.013002036032674507,1.0,1.0,0.36380343755449945,68,68,4,1.0,,1.0,,0.48204537700443534,0.497556895716864,30.146145053816756,0.0688713244688819,permissive,zro2_Defect-Free.png,zro2,B,2
30.547061758389926,0.8430623084656929,0.016827654145368253,0.3488289637618019,0.14149278451283584,28.454801534725117,0.023867255336943602,31.014328328772844,0.01562821317976441,0.9444444444444444,1.0,0.5940885257860046,119,126,25,1.0,1.0,1.0,0.0,0.3590559723928786,0.8785000399776125,23.557694215756037,0.3461895258911319,permissive,zrs2_Vacancy-Anion-03.png,zrs2,B,2
29.311616917712602,0.854653520585235,0.010919244868072307,0.5296317666494459,0.19496533731197221,23.98582521846318,0.032300876241125744,33.113661349321966,0.014566107951467434,0.9764705882352941,0.9880952380952381,0.8103249385426172,168,170,5,1.0,1.0,1.0,0.0028054134088370524,0.27596779234696156,0.9535907510645739,17.664562205709785,0.6736914509398131,permissive,zrse2_Vacancy-Anion-03.png,zrse2,B,2
28.731388078965576,0.9130513266265201,0.0076390136312913005,0.10623872549990492,0.04426903377911467,15.821329562751485,0.08526772591142436,37.23716454699856,0.010218993308169489,1.0,0.9722222222222222,0.4879500364742666,108,105,22,1.0,1.0,1.0,0.0,0.21598361654923567,0.5084074605451937,12.81037982578616,0.1042056217226942,permissive,cose2_Fe_doped.png,cose2,B,4
29.63027979575932,0.7484404744312412,0.036517084808923586,1.0465556755501944,0.7681222743766437,29.379342967239527,0.026310558760510916,30.583351186947475,0.021514585453735403,0.8555555555555555,1.0,0.496742636335202,77,90,5,1.0,1.0,1.0,,0.8048534642642751,0.9733028511991505,29.355654656279203,0.9288841173141582,permissive,cro2_Vacancy-Anion-03.png,cro2,B,4
31.320419108690288,0.8195994211491199,0.014583227565123005,0.4012464046780792,0.2918121780864679,29.776918258135765,0.021997274332356764,32.160342585617045,0.016257493045712536,0.9741935483870968,1.0,1.1008726219691924,151,155,2,1.0,1.0,1.0,0.0,0.4815253893276257,0.8723852344618368,25.301166847811466,0.5286795692211643,permissive,crse2_Anti-Anion.png,crse2,B,4
31.04563341823415,0.8784291616569431,0.012039076410041358,0.17997098764914166,0.07807726864330639,21.752065576688693,0.0434784508914554,35.42352605708308,0.012901843357961247,0.9875776397515528,1.0,0.8723567442899586,159,161,1,1.0,,1.0,0.0,0.19080843430184685,0.711080059181325,22.905849159602173,0.2909682111838446,permissive,crte2_Vacancy-Metal.png,crte2,B,4
35.50090833242607,0.871679449365192,0.009053066031219257,0.07196112198146945,0.029535768645357688,26.657138258468688,0.033899540791770676,36.48509686319551,0.010849048358926966,0.9846153846153847,1.0,0.5994789404140899,64,65,2,1.0,,1.0,0.0,0.4261172586660146,0.598642961436056,24.408158144208222,0.04149416539827499,permissive,cus2_Cu_adatom.png,cus2,B,4
30.06411317881068,0.830247079300532,0.012323335219002265,0.05112940914711417,0.05453198663208251,18.93989611534711,0.0772436732585709,35.14355858575742,0.013555905508654596,0.9945054945054945,0.9836956521739131,0.49304555839388076,184,182,14,0.9285714285714286,0.9230769230769231,1.0,,0.08797782874617736,0.20911321097583135,18.127057114370842,0.12961627932902767,permissive,cuse2_Cu_adatom.png,cuse2,B,4
28.546496718362718,0.8020050828877886,0.09582879028371975,1.0969494410071996,0.6833476375960036,27.454365130208664,0.03238762357315637,32.7147469898444,0.01846261280855579,1.0,1.0,1.115008180796555,74,74,4,1.0,1.0,1.0,,0.7601779516575669,0.988669543561338,30.04966319104414,0.8887458462621861,permissive,feo2_Int-Anion.png,feo2,B,4
36.09077448163747,0.9147879638788875,0.006170924571125047,0.05917721918519834,0.043786979057111576,29.926019247801058,0.02366624753436975,36.7637957535265,0.01101517641967637,0.9885057471264368,0.9662921348314607,0.3234983196103153,89,87,0,,,,0.0,0.5015034258392074,0.6265935825583544,28.62225566723161,0.05470877896973718,permissive,fes2_Ni_doped.png,fes2,B,4
30.537042480348504,0.8347541716775783,0.00921157621743015,0.558067863087951,0.22501137915339098,25.697992012522924,0.027845530426158064,34.45601483946862,0.014180021591811838,0.9401709401709402,0.990990990990991,1.8853502206607278,111,117,36,1.0,1.0,1.0,0.0,0.3593179513184584,0.9555645460368835,15.876098709665033,0.5983917463207404,permissive,ges2_Vacancy-Anion-03.png,ges2,B,4
27.325937900333734,0.9214182352044151,0.015412008460731708,0.32450596456607766,0.03422801664355062,14.302636481393678,0.10805551928160828,32.21387101846051,0.010525015906475341,0.95,0.9595959595959596,0.5525062514530825,99,100,22,1.0,1.0,,0.0,0.10825502119034458,0.2285399377593361,13.203154788514626,0.07225963938973648,permissive,gete2_Defect-Free.png,gete2,B,4
28.58162826146213,0.9100207562922127,0.012949092802807205,0.23598762245924831,0.049335868998530735,16.933817641706224,0.07009717384434362,33.90607906806702,0.011472213329828243,0.984375,1.0,1.3392724867071653,63,64,3,1.0,1.0,1.0,0.0,0.14450151546701834,0.7499849894926448,16.213995329811684,0.2560607137779042,permissive,hfo2_Int-Anion.png,hfo2,B,4
26.805025073758678,0.9024932851988123,0.01566682012041561,0.2698086492903756,0.09843346988317403,21.80720809135034,0.04407145422771541,27.973551593840718,0.01525864995279902,0.978494623655914,0.978494623655914,1.056117709057383,186,186,11,1.0,1.0,1.0,0.0,0.20812323403018163,0.8827212824168625,23.8325190453142,0.4174897587619481,permissive,irte2_Vacancy-Metal.png,irte2,B,4
30.9546921024435,0.770704302103161,0.07088534987537509,1.1034507230270054,0.6209584775086505,30.06214019350172,0.02461093009798656,32.9874259070749,0.018020030726152207,1.0,1.0,0.36380343755449945,68,68,0,,,,,0.6862612858457172,0.9809425099048797,30.568691954855357,0.887598615916955,permissive,mno2_Defect-Free.png,mno2,B,4
24.555551966512127,0.7888816685195874,0.05852013449694796,0.7661376703194466,0.5724782838307869,22.39677991737162,0.04186457748626554,33.164052508962136,0.01719734601200009,0.9548872180451128,0.9694656488549618,2.3477246481693816,131,133,32,1.0,1.0,1.0,,0.6955163145073376,0.9369681739379384,15.914088374999702,0.771216894602978,permissive,mns2_Int-Anion.png,mns2,B,4
32.95053948507699,0.8594174490569245,0.021709565643569205,1.0603478796347148,0.36878497413053174,31.632089651130123,0.020602090813748582,33.95909754587414,0.015166766782615602,1.0,1.0,0.9612039551927889,184,184,9,1.0,1.0,1.0,,0.40560173921772186,0.9982251752070629,31.064156671866762,0.9076155494924405,permissive,mnse2-B_Vacancy-Anion-03.png,mnse2,B,4
32.60900053737042,0.9528739187760803,0.014728990185572161,0.16514533148016194,0.014514794211999181,28.885055501503555,0.024980823666098186,32.69669312164644,0.007917738645595243,0.9661016949152542,1.0,0.1873171623163388,57,59,4,1.0,,1.0,0.0,0.11400623819728829,0.7895664952240999,23.643578353578874,0.10052428161900212,permissive,mnte2_Defect-Free.png,mnte2,B,4
34.5409456942795,0.8432128823024425,0.010424710971640695,0.2166724499971125,0.09906980561286141,31.264420744186907,0.02162799394520943,35.115247321008646,0.01385285919974732,1.0,1.0,0.375,64,64,1,1.0,,1.0,,0.3129377326797835,0.9100205667276051,30.368082007916193,0.2880942476235755,permissive,mos2-A_Adatom-Li.png,mos2,B,4
26.843616436550974,0.820715252614797,0.009935449630932097,0.30050425235391776,0.16359478955307089,19.552502655800474,0.051433550972518505,35.16027529723867,0.013356658141229395,0.9508196721311475,0.9354838709677419,0.41522739926869984,62,61,3,1.0,1.0,,0.0,0.32594563139080557,0.6782334930547147,14.946730317017662,0.3404109608424103,permissive,mos2-A_Vacancy-Metal.png,mos2,B,4
31.68394453573938,0.8801710654909845,0.048183258824497505,0.24633522230313784,0.12370543638368373,24.519010061571503,0.03198759620961827,35.59587999871577,0.012966126092700795,1.0,1.0,0.51425947722658,121,121,29,1.0,1.0,1.0,0.0,0.2990201006968345,0.890462700661001,28.591636557170766,0.36838686333112053,permissive,mos2-B_Adatom-K.png,mos2,B,4
29.239034397708217,0.8465575463204416,0.014365547560948714,0.35132485288940835,0.18663939120252318,25.00800485123448,0.02779704241806908,31.30406698596335,0.015550912939498476,0.9913793103448276,0.9913793103448276,0.5191967039488062,116,116,20,1.0,1.0,,,0.33803249066703034,0.9081333577578311,22.36863012767262,0.5014117331980956,permissive,mos2-B_Anti-Anion.png,mos2,B,4
36.33793028887083,0.9153930567836059,0.024365592139433213,0.15768458307965483,0.032710843373493975,32.691766360936796,0.017935013328878386,36.5355378505537,0.011342474729181448,1.0,0.9916666666666667,0.4099600308453939,120,119,24,1.0,1.0,1.0,0.0,0.09640205382369782,0.8223236448074306,31.385491159996125,0.2790282870612886,permissive,mose2-A_Doped-Na.png,mose2,B,4
34.16798681118284,0.8677869349733567,0.009810141321577013,0.7145841726306278,0.1873178233100433,32.04229395436846,0.0196881016906864,34.85107521079225,0.014129204070096543,0.9947368421052631,1.0,0.4241393401869012,189,190,5,1.0,,1.0,0.0,0.24192686818039372,0.9716243081279766,29.500123977844133,0.7523039993141584,permissive,mose2-B_Adatom-K.png,mose2,B,4
32.23232854393307,0.8701001801205662,0.017936168208739764,0.6919022384247047,0.20674375241116208,27.669359750345652,0.02455024525834069,35.111280189770206,0.013250074399566545,0.9875776397515528,1.0,0.6491406995395853,159,161,6,1.0,1.0,,0.0,0.2574249448605316,0.9936762990799534,18.486197497645563,0.7980437438381414,permissive,mose2-B_Doped-Na.png,mose2,B,4
22.992245947365085,0.8173018591837456,6.170049831618741,1.62168349322993,0.9712321574006602,23.00588294615922,0.06915788700869048,22.55530504515026,0.07188474955715476,1.0,1.0,0.49882491024387726,213,213,0,,,,,0.9712819138242981,0.9995448602307145,25.741830882650333,0.9994936559646792,permissive,mose2-B_V_adatom.png,mose2,B,4
27.962560978405364,0.8857373938311134,0.01653356950148869,1.0280883486727845,0.2831537568969192,23.046688897746602,0.03608820002138508,35.66150951613696,0.012779484828106636,0.9792746113989638,0.9947368421052631,2.53546276418555,190,193,13,0.8461538461538461,1.0,0.8,0.0,0.2961882899018693,0.9819273581828674,8.846202298891933,0.9387151009969452,permissive,mote2-A_Anti-2M.png,mote2,B,4
33.169437993614906,0.9022380799368928,0.014410154722248533,0.10847336700416577,0.03656255180089512,21.071624683162227,0.05811886375967819,36.90828039396258,0.010804751589769538,1.0,0.9939024390243902,0.7832604499879573,164,163,5,1.0,1.0,1.0,0.0,0.21370074378857415,0.6996761658031088,16.917130213701647,0.11970920457505506,permissive,mote2-A_Ti_doped.png,mote2,B,4
30.30676470987698,0.9269379350114344,0.008819058387369905,0.14764332595072663,0.029867271883599878,15.907314136668042,0.08500426085120008,37.68331086551291,0.009629074930008424,0.992,0.992,1.0924964014113612,125,125,17,1.0,1.0,,0.0,0.2811692625673581,0.5859098600215351,12.912065727105935,0.06223841442964583,permissive,mote2-B_V_adatom.png,mote2,B,4
32.05142439272195,0.9482459505667349,0.00339251356460569,0.15734912327146414,0.019608293554715318,34.24349273504958,0.014543868216398786,32.01713375505776,0.00951571249724442,0.9824561403508771,0.9824561403508771,0.6050383695034791,114,114,17,1.0,1.0,,0.0,0.07616426410878273,0.9823102155576382,31.835761609232797,0.2528932340361017,permissive,mote2-B_Vacancy-Anion-06B.png,mote2,B,4
28.15357260672277,0.8472307217949909,0.022701437143722004,0.35310714612480687,0.17181368054282048,21.292745077368256,0.03785257484063654,35.132488584243255,0.013357412163032944,0.9833333333333333,0.9833333333333333,0.4871223004474547,60,60,0,,,,0.0,0.36450688961139494,0.8376383107410965,13.757752328244878,0.3948285347515129,permissive,nbo2_Defect-Free.png,nbo2,B,4
35.60294929516525,0.8762759753354592,0.01087964439258326,0.15989582091684418,0.0532023926619526,31.683742940952747,0.02028416088631851,35.97619883898025,0.012164601926410655,1.0,1.0,0.5437390678561211,115,115,25,1.0,1.0,,0.0,0.25903346669206834,0.7917313664596274,30.902866195677188,0.16261220443473748,permissive,nbs2_Anti-Metal.png,nbs2,B,4
31.318909148602994,0.868092643699833,0.01407039097015835,0.14027378972763907,0.0731558715480275,21.902861080253004,0.04040440509608694,35.42016208216998,0.013186299584980674,1.0,0.9912280701754386,0.5485298130021853,114,113,27,1.0,1.0,1.0,0.0,0.26320802641605284,0.731375939584289,17.092781617280217,0.20327816373263527,permissive,nbs2_Vacancy-Metal.png,nbs2,B,4
28.16919791616685,0.8894213732646479,0.004437590383147802,0.19593358568300076,0.0796223393287844,17.928560859317226,0.05540579204632374,35.81093038054567,0.012494481714266426,0.9663865546218487,1.0,1.901944085494583,115,119,37,1.0,1.0,1.0,,0.3052831132584684,0.6982535380909365,13.062441833646366,0.18211482303749274,permissive,nbse2_Cu_doped.png,nbse2,B,4
34.214596419026975,0.9140763577401738,0.01655165259666991,0.44190880422369133,0.042316600094942626,32.707261159440094,0.01789085932645852,34.29495921834957,0.013019465746673467,0.9927007299270073,1.0,1.0537049480984033,136,137,28,1.0,1.0,,,0.0720416028764104,0.9944475920679887,31.70736926791648,0.5841297165626933,permissive,nbse2_Vacancy-Anion-03.png,nbse2,B,4
30.651772827851676,0.9159973127530562,0.01338472322508131,0.16591641998912973,0.02140894819466248,33.301578488326726,0.016876985158948456,30.608593806654987,0.012488126682345202,0.9395973154362416,1.0,0.5477225575051661,140,149,0,,,,0.024402690790999767,0.08053133034228967,0.9761686526122824,31.258868293734743,0.25951072736787023,permissive,nbte2_Vacancy-Anion-12A.png,nbte2,B,4
33.82516230904734,0.8986544919904595,0.021298662087202942,1.398740259892956,0.26225579975579977,31.507263762052602,0.0196423928350704,35.07864647830377,0.013997550693984492,1.0,1.0,0.783717549867006,197,197,9,1.0,1.0,1.0,,0.2674233825198638,0.9989607668709106,31.174586046930855,0.9796572475143903,permissive,nbte2_Vacancy-Metal.png,nbte2,B,4
35.88404941447403,0.9476210621103754,0.009099309738131497,0.04508703567058886,0.018460982658959537,20.394251241363428,0.07236961902150203,40.40588605554006,0.006725484600073397,1.0,0.9870967741935484,0.3429971702850177,155,153,0,,,,7.864211285143195e-05,0.0777273221666304,0.5593933463796478,18.088767426518363,0.13286127167630057,permissive,pbse2_Defect-Free.png,pbse2,B,4
34.22810832356263,0.9109225745720684,0.017643529122729852,0.13992699375259407,0.08849420489416293,27.28519669805496,0.030269438219713257,36.32625108667443,0.011543975341988269,1.0,1.0,1.0052219676213217,191,191,8,1.0,,1.0,0.0,0.2169664279911583,0.864306007638902,30.79990146285908,0.3525249212028778,permissive,pbte2_Vacancy-Metal.png,pbte2,B,4
35.60000750503859,0.9328254258322178,0.004113241861771743,0.13093079190797985,0.017474807100392124,30.490131924008324,0.02293002932620201,35.77683608884003,0.011210013875125206,1.0,1.0,1.0307764064044151,144,144,31,1.0,1.0,,,0.06546881453944652,0.11473036554469779,30.278359256445725,0.030623603322511277,permissive,rete2_Defect-Free.png,rete2,B,4
32.19025118042985,0.879398374735716,0.004531858299598135,0.07572209802031446,0.05141331763697525,21.315235242077538,0.05613237310003582,36.266037824782664,0.011343983741219399,0.9701492537313433,0.9848484848484849,0.4640954808922571,66,67,3,1.0,,1.0,0.0,0.2574100965234475,0.30263620386643236,19.87679301133786,0.060446468448513105,permissive,rus2_Anti-Anion.png,rus2,B,4
33.93041611550063,0.9114365645305427,0.012013146250268756,0.26415803255740306,0.12790550478624646,27.58099667396488,0.031326296515189575,36.821942361448265,0.011024605405414892,1.0,1.0,1.1094003924504583,65,65,3,1.0,1.0,1.0,,0.357329684225113,0.9722176402667484,28.188015648418453,0.3480035203626456,permissive,sno2_Anti-Metal.png,sno2,B,4
26.489217424968004,0.8735506517961867,0.011225967955220928,0.18132773914266373,0.05116711772665765,19.21066041687385,0.04902255468947952,27.648341938622032,0.015508553727047595,0.922077922077922,1.0,1.7238999350065225,71,77,3,0.3333333333333333,0.0,1.0,0.047539121003976656,0.2279531665466939,0.6411983471074381,15.129614487046982,0.1439254905277402,permissive,sns2_Vacancy-Metal.png,sns2,B,4
28.967372916561473,0.9085484987303368,0.006853307294252495,0.18010011163483539,0.03396143821560383,20.991036649168056,0.04607589560200368,29.85822027043382,0.013964059448395114,1.0,1.0,1.7456357278906125,127,127,25,0.96,1.0,0.0,0.0,0.18250487329434698,0.7528528350972624,15.782517778299479,0.14009469765424512,permissive,snse2_Vacancy-Anion-03.png,snse2,B,4
32.07742044079455,0.9013041858093546,0.04625022351650446,1.546596969363352,0.986633705277773,32.0770318965138,0.017589995750411137,32.10619734544827,0.01964917858509941,1.0,1.0,0.4647175930762187,213,213,4,1.0,,1.0,,0.986633705277773,1.0,,1.0,permissive,snte2_Fe_doped.png,snte2,B,4
27.47017261799591,0.906609261251068,0.011410296848846768,0.13307734257597834,0.07361047893592272,16.6339667637276,0.0703498268809025,36.82004164034669,0.010715723785932614,1.0,0.9558823529411765,0.6793662204867574,68,65,7,0.8571428571428571,1.0,0.8333333333333334,0.0,0.22771543510480627,0.7389213328753006,18.832198982382188,0.23886107318059982,permissive,tas2-A_Doped-Li.png,tas2,B,4
34.08195782723935,0.9315600439320061,0.006505803986216673,0.14519868407674769,0.03423722503180168,21.413590256131286,0.05963845737644182,38.28282242942145,0.008767943274122255,0.9852941176470589,0.9852941176470589,1.0,68,68,3,1.0,1.0,,0.0,0.3935892657472978,0.558223833257816,20.96848618662207,0.048558323766973825,permissive,tas2-B_Vacancy-Anion-06B.png,tas2,B,4
32.802852134447924,0.898400042322487,0.023837394017069462,0.18446841369760864,0.0961651825881915,25.388532644229972,0.03452472712225832,35.64472654659049,0.012713251348181338,0.99,1.0,0.6030226891555273,99,100,10,1.0,1.0,1.0,,0.3982622522573684,0.7542076679034253,22.652399564401982,0.18211245901978426,permissive,tas2-B_Vacancy-Anion-09B.png,tas2,B,4
34.197660809120784,0.9184434251111748,0.004426165651333821,0.18078814295704912,0.031412096963991526,21.288379721697787,0.05396330129373893,38.1908992256273,0.009335850000044915,0.9777777777777777,1.0,0.7229988054812212,132,135,11,1.0,1.0,1.0,,0.429120026145927,0.7869933318348693,17.366463458146043,0.05760884914097435,permissive,tase2-A_Vacancy-Anion-12B.png,tase2,B,4
34.943017243971845,0.9163224930004471,0.03324231093272148,0.14201438260034188,0.06156645744124826,31.870639818612432,0.019654526391736007,35.24650343817629,0.013530739055572645,1.0,1.0,0.411113225896519,142,142,33,1.0,1.0,1.0,0.0,0.24213745105364382,0.6814907122551501,30.387860879403537,0.17327748660973305,permissive,tase2-B_Defect-Free.png,tase2,B,4
31.36243867008879,0.9160046128492194,0.004977578080627331,0.16099764847201992,0.033404939893645076,17.98489838079187,0.07020329783962641,36.85406528626992,0.010860437577284972,0.9776119402985075,1.0,1.191573467413686,131,134,20,1.0,1.0,1.0,,0.37278879259171316,0.4507284863274241,16.391617078628403,0.04038897706512201,permissive,tase2-B_Vacancy-Anion-09B.png,tase2,B,4
24.13647045394631,0.7964189599111932,3.431057460351284,0.35731320022926766,0.9378082770270271,23.921314423133865,0.059113838215093355,30.441831012760883,0.026059867739940505,1.0,1.0,0.4456249098554612,141,141,35,1.0,1.0,,,0.8390099504261921,0.31780090330657035,22.796698578475393,0.35522381756756755,permissive,tate2-A_Fe_doped.png,tate2,B,4
32.05590263879612,0.9128077242237603,0.004225921852801712,0.09060137473138259,0.029422053102177326,21.51866298499398,0.059888835401163944,33.68471242152077,0.010920453928048619,0.9872611464968153,0.9935897435897436,0.8944271909999159,156,157,0,,,,0.022112612687673925,0.17562139724047526,0.7575757575757576,17.309362026270033,0.12691753122653743,permissive,tate2-B_Anti-Anion.png,tate2,B,4
35.71439051377139,0.9066952611605266,0.016920921353307007,0.15147926331372463,0.031188144153982664,32.372034041494246,0.01856216304325206,35.879516861306875,0.01243858354229139,1.0,1.0,0.2991215208080594,190,190,1,1.0,,1.0,,0.08234029208852253,0.7542059909725072,31.10927000265871,0.28567162651013583,permissive,tate2-B_Anti-Metal.png,tate2,B,4
32.60527727080901,0.9356535360455465,0.007588127008810806,0.2913222699741446,0.08479156712852365,23.398791727754244,0.037904654883742825,37.54172679703614,0.0088426618008571,0.9814814814814815,1.0,1.153338059393378,106,108,0,,,,0.0,0.29970488306921605,0.9120066410082258,19.9358132151782,0.2580220633403863,permissive,tate2-B_Vacancy-Anion-12A.png,tate2,B,4
29.756049505937277,0.7731564877237487,0.11069447060802884,0.7632961662767836,0.8092737594584757,29.43372816615787,0.026645758720635907,31.47520788059266,0.02207739905768189,1.0,0.9779411764705882,0.47493569014597764,136,133,36,1.0,1.0,,,0.8462156545832371,0.8768602080561962,28.18029687618669,0.8385805122485808,permissive,tis2_Vacancy-Anion-12A.png,tis2,B,4
33.13129753659017,0.8577244788766895,0.014926341181748556,0.5393305160093178,0.22724092618839245,32.1874240069375,0.019134228157716215,33.45295063146786,0.013808328779657698,0.9846153846153847,1.0,0.5,128,130,29,1.0,1.0,1.0,0.0,0.3218758919271557,0.98652609574879,29.736319725598975,0.6964768388360943,permissive,tis2_Zr_doped.png,tis2,B,4
33.944002464420116,0.8517522077593387,0.015031885006808764,0.5657915199635318,0.20427609987889545,31.14789094636578,0.02015608722719343,35.09044490511491,0.013742113694890713,1.0,0.9878787878787879,0.6067109357092572,165,163,4,1.0,1.0,1.0,0.0,0.2620297503750768,0.9504452012173736,24.095798427996616,0.7409587597415204,permissive,tise2_Adatom-Li.png,tise2,B,4
25.475182974850227,0.8065485799888489,0.010884416389897102,0.4105955370316769,0.30621654602435033,20.785349142573285,0.03979028516713223,33.957300450747134,0.015563073099259084,1.0,0.9940119760479041,2.072481778663341,167,166,5,1.0,1.0,1.0,0.0,0.48403690043491077,0.8181591758179554,14.975744826692928,0.5175925155540764,permissive,tise2_V_doped.png,tise2,B,4
36.59420647939564,0.9284643150779931,0.049675092662850154,0.01856027740962532,0.019436840613355016,30.25789787499411,0.02377946639767804,36.888157267799365,0.011042089615584599,1.0,1.0,0.2041241452319315,72,72,4,1.0,,1.0,,0.0,0.0,30.25789769683047,0.0,tight,tite2-B_Cu_doped.png,tite2,B,4
29.225991422032905,0.9310406574658467,0.07064258385936051,0.0695414492053183,0.017700891148312983,33.129951882715154,0.016567346074823606,29.179830581047256,0.01263587592326021,0.9861111111111112,1.0,0.29070094986690553,71,72,3,1.0,,1.0,,0.14473124379520635,0.7157218001168907,30.93138821015622,0.08753406205967611,permissive,tite2-B_Vacancy-Anion-06A.png,tite2,B,4
24.76551861936838,0.7441344701798172,0.08884069182949698,0.8319761663061042,0.5881818181818181,22.906828653050965,0.0366517671929347,31.016366110061785,0.017793233617607415,0.9078947368421053,0.9583333333333334,1.685401943200769,72,76,0,,,,0.0,0.6997118910424306,0.9368449079786474,12.679066579625243,0.7875171886936593,permissive,vo2_Vacancy-Anion-03.png,vo2,B,4
32.296376063353016,0.7925399983431474,0.04054287761025635,1.1268837534503724,0.3985997560609791,30.619721960084803,0.023209768916767393,33.922326961059404,0.015760528619458324,1.0,0.9937888198757764,0.518411033833193,161,160,11,1.0,1.0,1.0,,0.46705524834354606,0.9984096782438304,31.4922800179575,0.8520744721493518,permissive,vs2_Vacancy-Anion-06A.png,vs2,B,4
28.419945874199477,0.6928745647554001,0.06697540681205011,1.0529609767447845,0.7998369966635255,27.816191813224155,0.02828868041312956,32.35590425156089,0.01902615681367101,0.994535519125683,0.9891304347826086,0.8644378215075664,184,183,9,1.0,1.0,,,0.8241503955438357,0.9841598380956424,17.43962798456735,0.9551259738458883,permissive,vs2_Vacancy-Anion-12A.png,vs2,B,4
36.10774869587185,0.9152549499820508,0.0054218444112363,0.09805179957269822,0.02427772227256416,32.00600680036321,0.0193659825332111,36.28096643439947,0.010517746804178116,0.9540229885057471,0.9880952380952381,0.4251151509488518,84,87,1,1.0,,1.0,0.0,0.17017566354660854,0.7056571671629094,30.64696254625759,0.10067096767531257,permissive,vse2-A_Vacancy-Anion-06A.png,vse2,B,4
36.554152685123384,0.9165747132486223,0.005096323941687386,0.17484650151527673,0.04895043513505838,30.033657495786244,0.021854990035771734,37.41350062730853,0.0101808916987229,0.9841269841269841,0.9841269841269841,0.6350006350009525,63,63,2,1.0,,1.0,,0.17518645274881797,0.93407520700385,25.524595328307456,0.26099842261927814,permissive,vse2-A_Vacancy-Anion-06B.png,vse2,B,4
30.182533075987482,0.8177977309918486,0.01928999271642566,0.9994094372469894,0.6478178075141534,29.18569066861633,0.024185418681710678,32.97758737084055,0.017981193257046165,0.9946524064171123,1.0,1.0998533626601497,186,187,3,1.0,1.0,,,0.6933817574336356,0.9760508774856798,19.05487413626864,0.9119119917653113,permissive,vse2-B_Anti-2M.png,vse2,B,4
30.763982522356663,0.8146635138052203,0.06440988144140333,1.722712940305416,0.9438986103962944,30.76974089728061,0.022122025259844982,30.668226287234837,0.023138287451093795,1.0,1.0,0.744983221287567,200,200,7,1.0,1.0,,,0.9438986103962944,1.0,,1.0,permissive,vse2-B_Vacancy-Anion-09B.png,vse2,B,4
31.994754564852435,0.8744705767869615,0.024139921941835365,0.10280262399933879,0.19144819926734677,27.783736643734287,0.03156700586802081,34.12437060800525,0.015137922274124676,1.0,0.9518072289156626,0.38153587020510216,166,158,6,1.0,1.0,1.0,0.0,0.6174431385812125,0.3416374269005848,27.228274640750424,0.10593019194081452,permissive,vte2_Defect-Free.png,vte2,B,4
24.67267582113026,0.8576700416566769,0.019180944647782482,0.2833967764303487,0.1871467724744512,17.72383835847043,0.06521644823892407,35.13783624355475,0.013404870934812232,0.9803921568627451,0.9433962264150944,1.163328557774343,159,153,9,0.7777777777777778,1.0,0.6,0.0,0.32761273737757746,0.6495770468658395,13.317489935434491,0.37106691506417433,permissive,vte2_Vacancy-Anion-09B.png,vte2,B,4
35.86621027911825,0.9197412644619852,0.007916326477941975,0.11747780239108957,0.0472095192592087,30.80653787982769,0.0230049070042659,36.36892390620668,0.011455659482633688,0.990909090909091,0.9732142857142857,0.6973080611251326,112,110,15,1.0,1.0,1.0,,0.22312062937062938,0.7380722891566265,29.92839326816597,0.15616681455190773,permissive,ws2-A_Vacancy-Metal.png,ws2,B,4
27.722669145137218,0.9090712917089947,0.0035473013637253633,0.22551148104136215,0.05441323686665302,15.683583522668119,0.09095103395546417,36.346536896236344,0.010224646957954376,0.8780487804878049,1.0,2.2391714737574,72,82,0,,,,0.001079484120220442,0.23862581244196843,0.47013014164009825,13.346456965993738,0.10720258002866699,permissive,ws2-B_Vacancy-Metal.png,ws2,B,4
34.97447754388197,0.9581647231834829,0.004299874519622216,0.2674430367301287,0.014940384141285103,17.54142202373567,0.09895646099204443,42.53638504514665,0.0044989105597937834,1.0,0.9772727272727273,1.9289712886816484,44,43,0,,,,0.0,0.5986791973583947,0.44196512282017625,15.447633087830893,0.011029494161680002,tight,ws2-C_Defect-Free.png,ws2-C,B,4
29.69170367811347,0.8976213278706061,0.0031533447598224114,0.14173737729990257,0.03042713165893457,15.410581542865675,0.09996313024135982,36.89530262861274,0.010796440101817758,0.9838709677419355,0.9838709677419355,1.8242447348036983,124,124,6,1.0,1.0,1.0,0.0,0.2721844332519861,0.4593410445145461,13.358179983708245,0.05134911747453741,permissive,wse2_Vacancy-Anion-06A.png,wse2,B,4
35.85614634150573,0.9472770098919904,0.016576524269027934,0.04532499233448463,0.03488835451734799,29.12880960649527,0.028818812254056757,36.480978823275436,0.011030952589472422,1.0,1.0,0.41901374569812083,131,131,23,1.0,1.0,1.0,0.0,0.010667254047420508,0.04450571090980701,29.09515888228702,0.14556051757700675,permissive,wte2_Mo_doped.png,wte2,B,4
34.85532620317072,0.8656029096966352,0.029074399932089365,0.11749519912512194,0.08446488731455291,32.52180905765781,0.017753687046073666,35.15014657327322,0.013764330332219651,1.0,1.0,0.42008402520840293,68,68,4,1.0,,1.0,,0.39995459790772026,0.7351949090656188,30.54444712210153,0.15526301103503778,permissive,zro2_Defect-Free.png,zro2,B,4
29.546619153907034,0.8394004746337269,0.017327163992558223,0.34413717771094104,0.150796667616966,23.342788475735343,0.03159218378232455,33.14510293574158,0.015250340654368255,0.952,1.0,2.570027629580414,119,125,25,1.0,1.0,1.0,0.0,0.35058579624897546,0.8728374870586824,15.515378871392965,0.3754315942855333,permissive,zrs2_Vacancy-Anion-03.png,zrs2,B,4
31.066819489914206,0.8514885645545942,0.014808006948696944,0.5017948467303094,0.2265578155989115,28.776262665316015,0.023249137363799,32.054689521754376,0.015574868446339625,0.9655172413793104,1.0,0.7598558760587117,168,174,5,1.0,1.0,1.0,0.0,0.3203593799052218,0.948422673842232,20.598881116744533,0.6707235146782496,permissive,zrse2_Vacancy-Anion-03.png,zrse2,B,4
32.55043168341773,0.9094592178474402,0.02136923042370652,0.1570898972300562,0.08603054753871794,25.55662773470706,0.03609261982850514,34.60526427110035,0.013154561650005865,0.9813084112149533,0.9722222222222222,1.98086080374405,108,107,22,1.0,1.0,1.0,0.002230625424881033,0.3902878644353226,0.8760298851253581,26.79925742722675,0.19310190642656802,permissive,cose2_Fe_doped.png,cose2,B,8
29.770776068476806,0.7638222947834296,0.029297630732304618,1.485838528298868,0.944626152668198,29.66945458322188,0.025483411914131716,32.00862709290042,0.019881269524936754,0.8105263157894737,1.0,0.7559289460184544,77,95,5,1.0,1.0,1.0,,0.9450101153356831,0.9980044492412061,27.319540520785957,0.9975989546922335,permissive,cro2_Vacancy-Anion-03.png,cro2,B,8
26.00040693232923,0.812268885444749,0.014409333871546803,0.49587542872878454,0.3030133057593257,21.331044222439488,0.043971843342665934,33.93928290298314,0.015338394980410695,0.961038961038961,0.9801324503311258,1.3925477331815916,151,154,2,0.5,0.0,1.0,0.0,0.45280993572138384,0.8691509054325955,15.384516706645606,0.5816221515529889,permissive,crse2_Anti-Anion.png,crse2,B,8
34.201317374627095,0.8832277576233765,0.01957699373086587,0.15647216408150566,0.1051597997689642,29.859137916141822,0.023631557027729257,35.1805956961679,0.013327560756158279,1.0,0.9937106918238994,0.3897418814769785,159,158,1,1.0,,1.0,0.0,0.24055529835554063,0.7716139794133203,28.127528170728606,0.33731442262439565,permissive,crte2_Vacancy-Metal.png,crte2,B,8
30.932675027661997,0.8719240149614194,0.009737087961655466,0.04809299414101183,0.05067478437341451,19.081851390079922,0.060970502731740525,37.20477991518347,0.010473448182181147,1.0,1.0,1.0825317547305484,64,64,2,1.0,,1.0,0.0,0.5488373948071631,0.6888766519823789,14.403816593948118,0.06360476915271436,permissive,cus2_Cu_adatom.png,cus2,B,8
30.306637686094078,0.8403052785674052,0.007908204841960476,0.07995735114496712,0.07950640773139306,20.82263304861886,0.05155720141865549,35.2633215382837,0.01343229279005147,1.0,0.9891304347826086,1.2269859434787773,184,182,14,1.0,1.0,1.0,,0.32352726209618476,0.8275636431620602,31.103068123004768,0.20337269882795372,permissive,cuse2_Cu_adatom.png,cuse2,B,8
23.95684158389753,0.7907932923544514,0.12390309598237213,0.5537433255909234,0.7639943369790865,22.8975387844206,0.03884025630907326,33.71283371686366,0.015930659752782596,1.0,0.918918918918919,0.8911327886790068,74,68,4,0.75,1.0,0.6666666666666666,,0.7711292382267858,0.9943494959193471,28.733236267934544,0.9851492411405265,permissive,feo2_Int-Anion.png,feo2,B,8
30.349531047877655,0.8907593472211199,0.4664161812009739,0.13542715574164937,0.12658231261697112,27.426020636603027,0.030956749810210765,31.000471161064695,0.021697874473120295,0.9354838709677419,0.9775280898876404,0.454858826147342,89,93,0,,,,0.0,0.5692038893953205,0.47889814440017897,26.96998335337033,0.10649968448133586,permissive,fes2_Ni_doped.png,fes2,B,8
29.559621195262732,0.8382849853966544,0.013304620848514456,0.6016949944817562,0.2401759975724473,24.57876175221413,0.03214269762264145,34.49575910256448,0.013929674589275125,0.9727272727272728,0.963963963963964,0.9422581744350746,111,110,36,1.0,1.0,1.0,0.0,0.3187401191779156,0.9658349126131818,17.624758939615635,0.7277727203762707,permissive,ges2_Vacancy-Anion-03.png,ges2,B,8
29.958891035678615,0.9224457612018511,0.016469160307497354,0.25691526018891175,0.0684249653259362,21.439044095192266,0.0521848587692098,32.54676840918044,0.010671643375804566,0.9797979797979798,0.9797979797979798,0.6092076990801715,99,99,22,1.0,1.0,,0.0,0.3960811882615906,0.712622429785302,23.937021364732146,0.12310901525658807,permissive,gete2_Defect-Free.png,gete2,B,8
34.4106865202954,0.9229535345853995,0.014357777869250441,0.23904984455216463,0.08388134508744491,26.573539148357185,0.030285843972468095,37.12626578914768,0.010552943158895042,1.0,0.9841269841269841,0.9503819266229828,63,62,3,1.0,1.0,1.0,0.0,0.2044318955688696,0.9434968393544514,23.29685594649291,0.387130314232902,permissive,hfo2_Int-Anion.png,hfo2,B,8
29.2995484655048,0.9036149849860478,0.03138826775846387,0.2257437301234075,0.037469655590957364,31.015613132847623,0.02172190692833321,29.244711607629597,0.014611432515535979,0.9840425531914894,0.9946236559139785,0.382028723980208,186,188,11,1.0,1.0,1.0,0.0,0.06626028028865227,0.625550437819507,29.189987794503907,0.353743741465635,permissive,irte2_Vacancy-Metal.png,irte2,B,8
30.619732639921228,0.7660138166127585,0.1319400646166487,1.1322222661756982,0.6274359861591695,29.759837774131434,0.025072439671573445,32.61772723601316,0.018964942235869586,1.0,1.0,0.48507125007266594,68,68,0,,,,,0.6844240330789302,0.9648759988749731,29.99392438202684,0.8845363321799308,permissive,mno2_Defect-Free.png,mno2,B,8
31.813481242992466,0.8146017141998526,0.029017618235313018,0.7750269161511988,0.48753482781854934,30.640171770940437,0.02299070004082504,33.332146678423435,0.0162626197615125,0.9924242424242424,1.0,0.436852028330519,131,132,32,1.0,1.0,1.0,,0.5925302839128672,0.9735295582449325,30.65299258816062,0.8010216160107807,permissive,mns2_Int-Anion.png,mns2,B,8
30.499334500641137,0.8532853914990646,0.02919617669760335,0.8495514040561043,0.4694888921921677,30.318135002588306,0.022395225806915463,30.66625065985295,0.017680160275015483,0.9633507853403142,1.0,0.5054055625027248,184,191,9,1.0,1.0,1.0,,0.5048227107949657,0.9977377298655404,27.43413929775196,0.9279035421271944,permissive,mnse2-B_Vacancy-Anion-03.png,mnse2,B,8
30.089876760615425,0.9466599459895355,0.016165019255471952,0.1475778530418106,0.02914050235478807,19.37923014033066,0.0711700117995093,31.787184499854547,0.00853784402315258,0.9827586206896551,1.0,1.4985372985307104,57,58,4,1.0,,1.0,0.0,0.14139638003860783,0.541501976284585,16.311697457261836,0.11159861101631288,permissive,mnte2_Defect-Free.png,mnte2,B,8
22.635241697487874,0.792863830683685,0.42389700279650555,0.25916320789446023,0.9039412282414601,22.919274058160582,0.061814899672378354,20.605599174880318,0.04965009674201178,0.8767123287671232,1.0,1.4577379737113252,64,73,1,1.0,,1.0,,0.9499812212362593,0.5305503986876337,25.314758831364713,0.50483774659207,permissive,mos2-A_Adatom-Li.png,mos2,B,8
29.0605554916337,0.8268933968239432,0.01099440448620637,0.3839636379675307,0.20301556172477905,23.154103520013237,0.03692137867245114,34.87351702245568,0.013640041616048789,0.8970588235294118,0.9838709677419355,2.1038606199548298,62,68,3,1.0,1.0,,0.0,0.3775086972458186,0.8183275484743305,17.334855320912183,0.44007787937187115,permissive,mos2-A_Vacancy-Metal.png,mos2,B,8
34.98318802583748,0.8724681427362353,0.014184679694976022,0.148087044687015,0.05759757483895415,29.48431006727453,0.023505839570246705,35.71811908112299,0.012672302248056265,1.0,0.9834710743801653,0.42008402520840293,121,119,29,1.0,1.0,1.0,0.0,0.19473970936640864,0.7603383458646616,29.36727792901914,0.2248829728736392,permissive,mos2-B_Adatom-K.png,mos2,B,8
30.623493255030287,0.8458014688285987,0.009783546907742946,0.38076421924950554,0.21125283842421513,28.915786355133196,0.02302316296369632,31.223435688555213,0.015840622885225364,0.9830508474576272,1.0,0.7712506636670704,116,118,20,0.95,0.95,,,0.38811314206385933,0.9049186076307875,26.400317658526564,0.49255385527099294,permissive,mos2-B_Anti-Anion.png,mos2,B,8
35.10380423542185,0.9074482630239346,0.06702734493664293,0.15444486543048921,0.04363541121005762,32.14334687592333,0.01927018705285898,35.30188390014307,0.013641464560486607,1.0,1.0,0.4281744192888376,120,120,24,1.0,1.0,1.0,0.0,0.13296618546398584,0.7347539015606243,30.9931675715084,0.2411236249345207,permissive,mose2-A_Doped-Na.png,mose2,B,8
33.17134017610998,0.8695689235297376,0.054419444113099985,0.9002941459314214,0.3687925971966222,30.941246214003364,0.020348964793816527,35.33313376247206,0.013561591299751763,1.0,0.9841269841269841,0.7146696356863379,189,186,5,1.0,,1.0,0.0,0.44330830582254815,0.9920745040208635,30.51488656508507,0.8253166659522483,permissive,mose2-B_Adatom-K.png,mose2,B,8
30.217255663842124,0.8724502236987418,0.0069167599128593165,0.7173357287293941,0.23644123194307515,25.127190857735584,0.028767318696604188,35.30480832676049,0.01327059650158595,0.9874213836477987,0.9874213836477987,1.2208381792328626,159,159,6,1.0,1.0,,0.0,0.3019488126087111,0.9638207466999037,12.857424765090332,0.7547205195250547,permissive,mose2-B_Doped-Na.png,mose2,B,8
33.858531863575024,0.8341744845936998,0.009428296930760355,0.04631274064238175,0.07240719705088088,30.61882237172656,0.023168128143698136,34.25157792281623,0.015409840154931275,1.0,1.0,0.4279002121398116,213,213,0,,,,,0.2504622361765219,0.5312835312835312,30.613444768432263,0.15359102404732308,permissive,mose2-B_V_adatom.png,mose2,B,8
33.0022058278346,0.9030360649169411,0.043686507479273565,1.269122547272112,0.18720310686968672,30.534662767537775,0.0237697960400455,33.84400653681177,0.015743867714875966,1.0,0.9842105263157894,0.537373290623879,190,187,13,1.0,1.0,1.0,0.0,0.19154710470647246,0.9999367520935057,,0.9772597030476686,permissive,mote2-A_Anti-2M.png,mote2,B,8
32.27724158615295,0.9001141801154117,0.011134487737901148,0.08142959570633951,0.057969641715408846,21.60169603876465,0.05085701531977119,36.92935731244303,0.010951601261993297,1.0,0.9878048780487805,0.8240220541217403,164,162,5,1.0,1.0,1.0,0.0,0.32544280748220494,0.8834150326797385,17.268161666920754,0.1573586871581141,permissive,mote2-A_Ti_doped.png,mote2,B,8
34.53724624434123,0.9372008801587388,0.007320971111200968,0.16107081560248732,0.07064820387479728,25.987710481512032,0.02538970417292055,37.28079700388974,0.009627281623167123,1.0,0.992,0.5388159060803247,125,124,17,1.0,1.0,,0.0,0.36099640158808144,0.8839863436839538,19.073534198704532,0.17299908574263884,permissive,mote2-B_V_adatom.png,mote2,B,8
32.387819714139,0.9443010048390086,0.00992880594956605,0.13494297501338975,0.04690278090442565,29.49876187810194,0.024513192055751476,32.59461849299551,0.010330192661312913,0.9658119658119658,0.9912280701754386,0.6976572680885752,114,117,17,1.0,1.0,,0.0,0.16729676229960835,0.9644431384072877,26.619435067332958,0.2703881688665506,permissive,mote2-B_Vacancy-Anion-06B.png,mote2,B,8
25.499183334710565,0.8335681505865383,0.029921800343637818,0.3894413895726977,0.2126810929763433,19.16065512945772,0.05102770595842158,35.183827943522715,0.013527027384683829,0.9491525423728814,0.9333333333333333,2.3528098702858005,60,59,0,,,,0.0,0.38515030600069283,0.8628008909966228,12.910944454582175,0.4764411027568922,permissive,nbo2_Defect-Free.png,nbo2,B,8
33.717324401761914,0.8720826198294265,0.005045647058871391,0.17799916239974534,0.10291441096060162,27.335400953902308,0.02776337790004079,35.821332263801175,0.012359906475422311,0.9745762711864406,1.0,0.9735636019061732,115,118,25,1.0,1.0,,0.0,0.3762960776355116,0.7674593618302228,23.97609915750622,0.2098949015234245,permissive,nbs2_Anti-Metal.png,nbs2,B,8
35.51437362968233,0.8811025731307809,0.01149168802102107,0.16985122173841555,0.09128413247932754,32.40018250874152,0.018382823252496537,35.997686744038134,0.012232516146217589,1.0,1.0,0.5461186812727502,114,114,27,1.0,1.0,1.0,0.0,0.32710757297407633,0.9064170366809016,30.263241750983212,0.2529488758258014,permissive,nbs2_Vacancy-Metal.png,nbs2,B,8
34.919445653652204,0.9012326297781035,0.024907666108592505,0.2299919611600882,0.1197691647446379,31.05496636039531,0.020092778460769286,35.86264828429733,0.012597298412733878,1.0,0.991304347826087,0.38616422286061647,115,114,37,1.0,1.0,1.0,,0.38382189669743316,0.927334601141027,28.6070293672542,0.28936882333478786,permissive,nbse2_Cu_doped.png,nbse2,B,8
31.54363046271902,0.9083226552801003,0.04638128353613706,0.6776658407142339,0.15344023169837015,30.570441748067367,0.02447761765704243,31.745990679067013,0.020814589496209412,0.9927007299270073,1.0,0.5490633736057197,136,137,28,1.0,1.0,,,0.19418132400749308,0.9734370849544524,26.482378566041195,0.7692007077541274,permissive,nbse2_Vacancy-Anion-03.png,nbse2,B,8
30.502957788526036,0.9088000072112139,0.012105089202517003,0.1466889545108853,0.04618001046572475,22.48739868308377,0.04635742130048214,31.799878340299898,0.011801584979271824,0.9583333333333334,0.9857142857142858,0.6079187588743288,140,144,0,,,,0.01108791463697518,0.19349279787214116,0.9754485363550519,31.07529124978023,0.23280568637711496,permissive,nbte2_Vacancy-Anion-12A.png,nbte2,B,8
31.175977678796635,0.8867384155680405,0.010832840873565286,0.9728028988258306,0.2874171463457178,27.30473802798212,0.025991788391245746,34.9457121437259,0.014116411682724607,1.0,1.0,1.5576892947845196,197,197,9,0.8888888888888888,1.0,0.8,,0.3047908706316,0.9936125503523717,25.25339778801647,0.9369745334031049,permissive,nbte2_Vacancy-Metal.png,nbte2,B,8
31.866093196887242,0.9435699146479356,0.02190536044529677,0.0521958423523009,0.037805274566473986,18.36723965747161,0.0707658625618702,39.82721958190754,0.007086940190220472,0.9868421052631579,0.967741935483871,0.4,155,152,0,,,,2.621403761714398e-05,0.13283398877043032,0.5584117731377515,14.877909623577628,0.1589270231213873,permissive,pbse2_Defect-Free.png,pbse2,B,8
29.750078603490095,0.8989043933272811,0.08865770381944417,0.2371451975454107,0.14838001774912463,22.447546280923145,0.04205727633306619,35.98427052195686,0.012322648330193009,1.0,0.9842931937172775,1.9074322720192256,191,188,8,1.0,,1.0,0.0,0.30409890541049106,0.8523273037389469,16.546077063260867,0.41587897294840265,permissive,pbte2_Vacancy-Metal.png,pbte2,B,8
29.884183273366084,0.9324399941987117,0.23180642585622324,0.9656947016196998,0.1220706666104482,23.472243461986764,0.04457959481364845,32.63794738950532,0.02099273044470358,0.9793103448275862,0.9861111111111112,0.9115842887484172,144,145,31,1.0,1.0,,,0.1174778746633101,0.9332677063364593,18.14916119099734,0.9697537631234979,permissive,rete2_Defect-Free.png,rete2,B,8
32.3502590626524,0.8799545172273361,0.005517697811537764,0.13858958106019387,0.09891545394229007,24.377173464425468,0.039016283598780614,36.10303363352182,0.011665762822734125,1.0,0.9848484848484849,1.457078214467886,66,65,3,1.0,,1.0,0.0,0.38937174454305223,0.6653007960328853,22.796218054720015,0.16901208464674158,permissive,rus2_Anti-Anion.png,rus2,B,8
27.69676823310526,0.8935338064247973,0.031679408710042926,0.2316075917855071,0.10981240807272201,18.667086033687543,0.061330544652448284,36.337000530470725,0.01186676230711384,0.984375,0.9692307692307692,0.8637312927246217,65,64,3,1.0,1.0,1.0,,0.2682445759368836,0.7726848548059505,12.658135555942335,0.3163172425433414,permissive,sno2_Anti-Metal.png,sno2,B,8
24.406993274525757,0.8646372501525782,0.01322069327657675,0.21186539260437107,0.07117515223274695,14.88133301993608,0.11303786715247541,28.500545964622095,0.014977660355310467,0.8947368421052632,0.9577464788732394,3.721953946043743,71,76,3,0.3333333333333333,0.0,1.0,0.048236327015441824,0.1693093046639338,0.32513442058045927,14.030146046653662,0.136681748985115,permissive,sns2_Vacancy-Metal.png,sns2,B,8
28.24675285054715,0.9027404245387655,0.006241502236155728,0.20079779620532048,0.05309373782645189,24.284549935657797,0.036995989826709444,28.625675237966952,0.015270858816004618,0.9767441860465116,0.9921259842519685,0.5773502691896257,127,129,25,0.96,1.0,0.0,0.0,0.21994871053962292,0.9212208312847472,26.63208152895633,0.2223748308253314,permissive,snse2_Vacancy-Anion-03.png,snse2,B,8
28.732139224168144,0.8710113697042452,0.12421993921504193,1.9259334068673863,0.291933490238575,29.425720587146323,0.02792349372354018,28.47557374769531,0.03378832941163878,1.0,1.0,0.29070094986690553,213,213,4,1.0,,1.0,,0.291933490238575,1.0,,1.0,permissive,snte2_Fe_doped.png,snte2,B,8
34.41915010160939,0.91978365112671,0.027377951380806474,0.19601772471905937,0.1799094725130228,30.48222261172858,0.022126866274975503,36.11794186563818,0.011507805140679376,1.0,1.0,0.2711630722733202,68,68,7,1.0,1.0,1.0,0.0,0.4337448373579331,0.8089026944214092,26.374351845289482,0.33551813078440296,permissive,tas2-A_Doped-Li.png,tas2,B,8
35.92502983600132,0.9330535314511151,0.0067264324190733785,0.08146405838638734,0.03851623178513439,25.122542345586687,0.039072917920235394,38.45739455851589,0.008646252707689688,1.0,0.9852941176470589,0.47316022340738384,68,67,3,1.0,1.0,,0.0,0.3032898353635601,0.703631603678593,21.055038160595277,0.089357554321409,permissive,tas2-B_Vacancy-Anion-06B.png,tas2,B,8
34.666927806322576,0.9042502978577364,0.012008180570518402,0.17364434851618868,0.08515611264517597,28.47986293071687,0.028830872389302653,36.177629040378406,0.012029762599945473,1.0,1.0,0.5222329678670935,99,99,10,1.0,1.0,1.0,,0.36486246897320296,0.8747571046878795,27.29422238843351,0.20416162493665518,permissive,tas2-B_Vacancy-Anion-09B.png,tas2,B,8
31.668770806962737,0.906613072520664,0.03798352894050877,0.1524530318638894,0.04554248058366674,21.103374674442236,0.06261493611860772,34.64260987780888,0.013272373931475071,0.9694656488549618,0.9621212121212122,1.6337966025741018,132,131,11,0.9090909090909091,0.8571428571428571,1.0,,0.2646080205475454,0.9370058394914992,21.625329926502566,0.16127088726759237,permissive,tase2-A_Vacancy-Anion-12B.png,tase2,B,8
28.42257877535602,0.9052325558384059,0.02653300260973413,0.24825013967377918,0.17108613406090714,21.574414595000256,0.04131310201001926,35.25243144154093,0.013372867723659494,1.0,0.971830985915493,0.7172815023567723,142,138,33,0.9696969696969697,1.0,0.8333333333333334,0.0,0.46818832767470675,0.8154962933897616,22.46738183576464,0.297999971229507,permissive,tase2-B_Defect-Free.png,tase2,B,8
30.51936917992697,0.9146924278048203,0.04825525195488433,0.1325965772952584,0.060626621337156614,19.746945197845715,0.06065092541625969,35.8430498657702,0.012959682659635428,1.0,1.0,1.1086061670348881,131,131,20,0.95,1.0,0.5,,0.3552507467379343,0.7149128010440147,17.16037401197242,0.12200607057401928,permissive,tase2-B_Vacancy-Anion-09B.png,tase2,B,8
30.538990002127157,0.8917214854449184,0.42254133710330705,0.08728046923464047,0.053205236486486486,23.390447830206348,0.03898784478820156,31.703779834666328,0.022938022405088934,1.0,1.0,0.3472281323374084,141,141,35,1.0,1.0,,,0.0,0.0,23.390447670417657,0.0,tight,tate2-A_Fe_doped.png,tate2,B,8
29.552031662360672,0.910616586227213,0.003216297360890284,0.2300011966869121,0.06380537164698655,18.277499777532416,0.08681231923762503,37.67237167672079,0.009665795588091084,0.9570552147239264,1.0,2.0127796827477296,156,163,0,,,,0.0,0.4408608099136977,0.5327940094938824,16.197544434787453,0.07711077742133643,permissive,tate2-B_Anti-Anion.png,tate2,B,8
35.512274937785776,0.9044220480970281,0.012362026692400215,0.11051413572463553,0.04026815575728619,32.44468804049732,0.018213797131170186,35.70348215311255,0.012646375076673646,1.0,1.0,0.28097574347450816,190,190,1,1.0,,1.0,,0.12332379673420135,0.6712749615975423,30.972936798642202,0.21918725684253634,permissive,tate2-B_Anti-Metal.png,tate2,B,8
28.94315147990735,0.9168410115624644,0.010170821314415495,0.2995949570912565,0.09956018360521467,19.494381735633812,0.05761030861000071,37.58601508297068,0.008865083306442976,0.9904761904761905,0.9811320754716981,1.593255013631383,106,105,0,,,,0.0,0.30139993373094764,0.9354071598431776,12.492357856649267,0.3089891474984643,permissive,tate2-B_Vacancy-Anion-12A.png,tate2,B,8
29.653500502685276,0.7670634072171693,0.13154990341594544,0.7154297584573349,0.7700948235579617,29.204820359809368,0.026684897547412594,31.622790117342504,0.021615389827561476,1.0,0.9852941176470589,0.9658342616078197,136,134,36,1.0,1.0,,,0.8270479504326792,0.8573770436846498,28.341707676682717,0.7983353599190398,permissive,tis2_Vacancy-Anion-12A.png,tis2,B,8
32.32424570309909,0.8518057738664164,0.014451388995348594,0.48208789051712675,0.2118698544730748,31.048175937011678,0.022034602853165282,32.74251491911449,0.01454398692402441,0.9846153846153847,1.0,0.46770717334674267,128,130,29,1.0,1.0,1.0,0.0,0.3528336061862134,0.9874250621435883,31.621838141011796,0.5929299266040361,permissive,tis2_Zr_doped.png,tis2,B,8
33.25571280741884,0.8359829007903029,0.007435206747249547,0.32196814624959375,0.23079198676170137,30.58064362438095,0.021392039384154966,34.53683983956134,0.014566987166799954,1.0,0.9757575757575757,0.49844478627922684,165,161,4,1.0,1.0,1.0,0.0,0.37290694899442434,0.8606248748247547,25.906666729056194,0.5326404489188414,permissive,tise2_Adatom-Li.png,tise2,B,8
28.93840378450264,0.8206675166250034,0.029706907530986516,0.5048599062160637,0.32452320862338335,25.012270356618703,0.02947972854548949,34.25510980179122,0.015147187707600781,0.9880952380952381,0.9940119760479041,1.029680029842,167,168,5,1.0,1.0,1.0,0.0,0.46172576806221277,0.8993846855059252,20.136039453760596,0.6321310702498821,permissive,tise2_V_doped.png,tise2,B,8
37.757061887242884,0.954434992206083,0.06546738932767691,1.1443555511529515,0.4520648280913453,37.50279644689138,0.009308033217065772,37.97866047752598,0.009466273146292215,0.9863013698630136,1.0,0.37267799624996495,72,73,4,1.0,,1.0,,0.4580641915052864,1.0,,0.9869027888990274,permissive,tite2-B_Cu_doped.png,tite2,B,8
33.301641358058454,0.9381078437016922,0.03210926276120846,0.06819672732859194,0.043601505455102225,21.540731286001716,0.04179624931659011,37.71754792527203,0.010166167452694816,1.0,1.0,0.5814018997338111,71,71,3,1.0,,1.0,,0.35808060540044717,0.8891947041237602,30.69842620185318,0.1082723475043916,permissive,tite2-B_Vacancy-Anion-06A.png,tite2,B,8
22.686266117593185,0.7312113776276197,0.0780452735192504,0.8622897216749144,0.5972039724980901,20.766114925212506,0.04653641945256751,30.240541486713784,0.01853261436139855,0.9166666666666666,0.9166666666666666,1.2060453783110545,72,72,0,,,,0.0,0.7115236221231939,0.9436193619361937,14.890284989685815,0.792009167303285,permissive,vo2_Vacancy-Anion-03.png,vo2,B,8
26.05139758153252,0.7586395759036677,0.0877259260094254,0.8917488421898633,0.48369825139302763,23.41645546150992,0.04056263627823148,32.66105649714473,0.018623986828142813,0.9748427672955975,0.9627329192546584,1.4390857312667247,161,159,11,1.0,1.0,1.0,,0.5333958917140139,0.9710805450407494,13.500338078342258,0.8806028859514329,permissive,vs2_Vacancy-Anion-06A.png,vs2,B,8
29.438335787082963,0.6940866939656765,0.07177204375915601,1.3179252787267373,0.816338254562537,28.988778551916937,0.027996799630864006,32.3182126902401,0.019267393108945232,0.9945945945945946,1.0,0.7481862125805662,184,185,9,1.0,1.0,,,0.8497026744359779,0.9857384033528965,30.01896774054279,0.9470324054028815,permissive,vs2_Vacancy-Anion-12A.png,vs2,B,8
25.32207316744242,0.8854470172128669,0.02663448897479425,0.1620510166324625,0.11618402947197762,18.929838422638497,0.0497992047944839,27.850670510951936,0.01770939199667032,0.9310344827586207,0.9642857142857143,1.3698697784375502,84,87,1,1.0,,1.0,0.0,0.39398844181802384,0.8059061416762955,14.626955635686038,0.23765525324576417,permissive,vse2-A_Vacancy-Anion-06A.png,vse2,B,8
36.055882298463935,0.9162269966401738,0.008040491385116212,0.19402135368367765,0.06423114952588221,28.88942628918071,0.02393471392431563,37.536063311809464,0.010075838846282591,1.0,1.0,0.5039526306789697,63,63,2,1.0,,1.0,,0.20995405960283192,0.9165996784565916,21.454693831801634,0.28041492083407554,permissive,vse2-A_Vacancy-Anion-06B.png,vse2,B,8
28.95812317307241,0.818158480012218,0.058280302670304075,1.4927399425087318,0.9300617601646938,28.81999471737704,0.025847626546808996,31.397506301553463,0.02089051506607141,1.0,0.9946236559139785,1.283997137321049,186,185,3,1.0,1.0,,,0.9292343932809627,0.9844862791971711,25.174432405440896,0.9853628409675759,permissive,vse2-B_Anti-2M.png,vse2,B,8
27.216487924555643,0.792282856139701,0.08100513267900422,1.0971473513120447,0.8252727740607309,26.802619021520467,0.03129224698273331,29.992216466173748,0.025723944146782883,1.0,0.975,1.167948014297967,200,195,7,1.0,1.0,,,0.8261735796517186,0.9917555604753338,25.08944655945621,0.9906742151312403,permissive,vse2-B_Vacancy-Anion-09B.png,vse2,B,8
26.39928883136557,0.8571021874718227,0.009071755398597345,0.14359922018025692,0.12319411727825597,17.88072583756747,0.06584306744181316,34.8900229242168,0.013830937289535406,0.9818181818181818,0.9759036144578314,1.8872541946070032,166,165,6,1.0,1.0,1.0,0.0,0.49949133000248686,0.40157766549129376,16.169132566739098,0.09904477424786608,permissive,vte2_Defect-Free.png,vte2,B,8
25.936442358804367,0.8569962962650393,0.028482375718541533,0.286357898038473,0.1959287588782703,19.3313254524045,0.053844060830770986,34.845148776413126,0.01403522219007791,0.987012987012987,0.9559748427672956,1.7033249218730064,159,154,9,0.8888888888888888,1.0,0.8,0.0,0.3692604401384443,0.6498782871052903,15.041827139667355,0.34482395722308307,permissive,vte2_Vacancy-Anion-09B.png,vte2,B,8
31.67120235015441,0.9089186965915047,0.006584651771687569,0.20219329246069243,0.11796123131526859,24.168923656167827,0.03730357844292531,35.85871867790019,0.011473124719533736,0.9646017699115044,0.9732142857142857,0.9954022744967959,112,113,15,1.0,1.0,1.0,,0.3991031390134529,0.8110805728337914,19.586594231862165,0.2397276636407071,permissive,ws2-A_Vacancy-Metal.png,ws2,B,8
29.45507336102758,0.9127565497333331,0.003497002122632446,0.22789221650854108,0.06635212613473483,24.33526120726274,0.04395206369586408,30.21204361066315,0.011779743878194525,0.8658536585365854,0.9861111111111112,0.5566499393061832,72,82,0,,,,0.0016476336571785695,0.30484691186090185,0.6192190647636192,22.281499117868368,0.13477748959115418,permissive,ws2-B_Vacancy-Metal.png,ws2,B,8
39.368785606003634,0.9597362952591961,0.00590928933447411,0.11786383176988947,0.02601190075976602,26.477436444635583,0.03031386727939611,42.31865612147445,0.004620052520908872,1.0,1.0,0.8790490729915327,44,44,0,,,,0.0,0.5116872571196567,0.9501346257404416,20.8927019012723,0.04830061184697102,permissive,ws2-C_Defect-Free.png,ws2-C,B,8
29.337729237708217,0.881570756935286,0.07003950063206933,0.14059022699693494,0.08407988055244495,21.744188927952447,0.04777268107790888,31.822324785875008,0.021689273097078125,0.967479674796748,0.9596774193548387,1.1881770515720091,124,123,6,1.0,1.0,1.0,0.0,0.312066515665227,0.7034089107341049,29.9368414558897,0.18951901029168666,permissive,wse2_Vacancy-Anion-06A.png,wse2,B,8
33.59367910818536,0.9407470145045213,0.008654165561639442,0.10361764127892034,0.08349478987747624,25.11540782810765,0.03552793735068401,37.06761502411034,0.010127067364478782,1.0,0.9847328244274809,0.49021431794612025,131,129,23,1.0,1.0,1.0,0.0,0.2666960138086026,0.6314663448351527,21.824048217022,0.19769380510706516,permissive,wte2_Mo_doped.png,wte2,B,8
34.16017794898801,0.8635347996870583,0.19229482602779746,0.1636099161669394,0.09652206860697701,32.13718090076095,0.01841738087578399,34.444568709512694,0.015313636465324968,1.0,1.0,0.48507125007266594,68,68,4,1.0,,1.0,,0.4533661712859095,0.8178443186659363,30.67436379826223,0.17411979639371322,permissive,zro2_Defect-Free.png,zro2,B,8
27.517084577167736,0.8351044889662899,0.01542928704237599,0.38250180876388246,0.1678952679617889,20.71658035656519,0.04590849966864243,33.78945315145429,0.014765276168694575,0.9830508474576272,0.9747899159663865,1.1670771035014103,119,118,25,1.0,1.0,1.0,0.0,0.3605744140300168,0.847299336962967,14.343466677406859,0.3945303484883453,permissive,zrs2_Vacancy-Anion-03.png,zrs2,B,8
30.974322789359313,0.8464420478280138,0.012327691903357871,0.39300730097987,0.2538668399299727,27.684092204468197,0.026103064058917096,33.0894539433051,0.014921576009948905,0.9710982658959537,1.0,1.0578504710249077,168,173,5,1.0,1.0,1.0,0.0,0.41378093653914005,0.9078313348183958,21.909155142212512,0.5569813681785093,permissive,zrse2_Vacancy-Anion-03.png,zrse2,B,8
27.03524769710837,0.910729460184707,0.009108757100274862,0.251227597729361,0.10948487866346897,17.825905496120896,0.07204885915499204,37.117371198057434,0.010192490251209958,0.963963963963964,0.9907407407407407,1.459740086965939,108,111,22,1.0,1.0,1.0,0.0,0.3911571973788435,0.630235526163128,14.174429760168213,0.17640289012641763,permissive,cose2_Fe_doped.png,cose2,B,12
27.688949939448648,0.7634076450550943,0.03018545508024406,1.4229199058134028,0.9782657545191251,27.845626075214508,0.029620140681112603,23.54782293219992,0.04050341109928331,0.7857142857142857,1.0,1.0930714500000422,77,98,5,0.8,1.0,0.0,,0.9782942510559497,1.0,,0.9999708712007723,permissive,cro2_Vacancy-Anion-03.png,cro2,B,12
27.532174847318522,0.8139802875474078,0.02048565313967255,0.5085262547589857,0.3537341969720618,25.33199185730338,0.028327400167430284,29.47759985440402,0.0181612818220806,0.937888198757764,1.0,1.458021884118869,151,161,2,1.0,1.0,1.0,0.024063708234750996,0.5089671438245803,0.9015843031272406,19.381075269601034,0.6266046901826128,permissive,crse2_Anti-Anion.png,crse2,B,12
32.275798134809335,0.8880584304084967,0.015838890144215006,0.2654328864905509,0.12081033671330167,25.38712891336992,0.033948037145914545,35.590498401869816,0.012597598501542304,0.99375,1.0,0.7048796676823283,159,160,1,1.0,,1.0,0.0,0.23928332821725862,0.9386089173779084,30.644652925693737,0.47388867496684206,permissive,crte2_Vacancy-Metal.png,crte2,B,12
33.17105263772877,0.8666714356909861,0.04380794783103684,0.0706412046558583,0.05983510908168443,30.65462642401949,0.02164328816995279,33.39363862678085,0.013000755021994844,0.9696969696969697,1.0,0.770551750371122,64,66,2,1.0,,1.0,0.0,0.5222100552275757,0.9300462118963836,31.409208811992816,0.10656519533231862,permissive,cus2_Cu_adatom.png,cus2,B,12
27.600268433001464,0.8630073911810058,0.04536349524998033,0.7324876010762833,0.25591535303837704,22.64896719969791,0.04434001906167331,33.31165532304157,0.018297065757142093,0.9883720930232558,0.9239130434782609,0.5790458683446924,184,172,14,1.0,1.0,1.0,,0.290107980492714,0.9599616654243425,21.052111062463613,0.8468189261568724,permissive,cuse2_Cu_adatom.png,cuse2,B,12
29.2691336014856,0.7955243277042828,0.03895236068192906,0.9743285328131396,0.5539857544214842,27.454462373975655,0.028087149942283774,33.75763796083939,0.016296494287368967,1.0,0.9864864864864865,1.6175408360113768,74,73,4,1.0,1.0,1.0,,0.6420950280847665,0.9793434938626342,17.347760864952264,0.8449564636928472,permissive,feo2_Int-Anion.png,feo2,B,12
32.19599428193342,0.9041139523364204,0.054876418697576965,0.18004065700614902,0.14753059452345896,28.927080083722757,0.02276256504751607,33.13425948310477,0.018774451968574142,0.9468085106382979,1.0,0.4370483222197017,89,94,0,,,,0.0,0.6296645466313953,0.8179757617855119,29.286271677637075,0.19165196942974722,permissive,fes2_Ni_doped.png,fes2,B,12
27.84733788187736,0.828710183484534,0.014130729301292392,0.6199631446101778,0.277046983260001,23.361312240217366,0.03560903541243042,32.981096244837694,0.015383919529002517,0.9473684210526315,0.972972972972973,2.3882428066894086,111,114,36,0.9722222222222222,0.9714285714285714,1.0,0.0,0.3730893697412843,0.9733573078011336,21.026695215376655,0.7227911798917717,permissive,ges2_Vacancy-Anion-03.png,ges2,B,12
28.786439020535827,0.9140754400004224,0.00838270190969807,0.4102449290903574,0.09205436893203883,25.1787992325869,0.03651654683499824,29.39767498607882,0.011833310420105818,0.97,0.9797979797979798,1.2268474392422466,99,100,22,1.0,1.0,,0.0,0.450795461192022,0.7431898172701412,20.706168832889844,0.1517625520110957,permissive,gete2_Defect-Free.png,gete2,B,12
24.431792413618467,0.8870464068316044,0.021764919905975143,0.2911492010841012,0.1226598416986587,17.027016637267863,0.07367439908346153,28.742068888567964,0.01702820161052582,1.0,0.9841269841269841,3.773848895209103,63,62,3,1.0,1.0,1.0,0.0,0.2903394602243415,0.9513862055641422,30.945493641207598,0.4019325560453102,permissive,hfo2_Int-Anion.png,hfo2,B,12
24.875537343605142,0.8900936353542365,0.014786691397878313,0.2412632987734523,0.08593726293430436,15.92031097769777,0.083169920148297,29.374791251358086,0.014233579335112913,0.9731182795698925,0.9731182795698925,1.757383791337353,186,186,11,0.8181818181818182,1.0,0.7777777777777778,0.0,0.13284041835697244,0.5824597797541544,12.541603418902614,0.37680549233803673,permissive,irte2_Vacancy-Metal.png,irte2,B,12
30.384402555566332,0.765201006711908,0.19754699501790512,1.1697578082930868,0.7364982698961938,29.989284021994322,0.02509075598306083,31.728730699506748,0.02119786841497909,1.0,0.9852941176470589,0.3232299675777271,68,67,0,,,,,0.7712378804266243,0.9413900999774487,28.98116204519021,0.8989861591695502,permissive,mno2_Defect-Free.png,mno2,B,12
29.89523195809925,0.8116039087027659,0.07483415122882493,0.8903301716655349,0.5550173304439143,28.2494428051314,0.030829316915908834,33.60823989354154,0.01635467129045442,1.0,1.0,0.47854742041702225,131,131,32,1.0,1.0,1.0,,0.6798510103219866,0.9771636061378277,30.64161245916225,0.797737633468699,permissive,mns2_Int-Anion.png,mns2,B,12
23.921055816172835,0.8291778271832607,0.031120170159594188,0.974144190326413,0.4882496511577726,21.10523483019792,0.04093196442872808,32.798851931272246,0.01691535416747696,0.9722222222222222,0.9510869565217391,1.519398377178095,184,180,9,0.7777777777777778,1.0,0.6666666666666666,,0.5323062688434615,0.9944167820629917,12.23606625815388,0.912113336562022,permissive,mnse2-B_Vacancy-Anion-03.png,mnse2,B,12
33.93792994219483,0.953851218622561,0.013781830586733485,0.09234687880573995,0.06952597092348645,23.65619694814232,0.028416871805105607,39.506373726134804,0.0074908845516110335,0.9827586206896551,1.0,1.480872194397731,57,58,4,1.0,,1.0,0.0,0.3259209675406451,0.8813044545342987,14.794063958774473,0.18800124564876117,permissive,mnte2_Defect-Free.png,mnte2,B,12
32.50050529221741,0.8449821680879163,0.11160992635443573,0.34305644962768883,0.15748782427334754,29.34456346843667,0.025941713228914132,33.46784864268949,0.01733746334942826,1.0,1.0,0.7180703308172536,64,64,1,1.0,,1.0,,0.3384405903145502,0.8843327163932364,30.76497575540155,0.41150984670328583,permissive,mos2-A_Adatom-Li.png,mos2,B,12
29.92033820916432,0.8252093972085895,0.00889488239274177,0.34727477286365044,0.20102329872342353,24.164440119863727,0.033480793358410005,35.08153713987425,0.01356185172689564,0.967741935483871,0.967741935483871,1.140175425099138,62,62,3,1.0,1.0,,0.0,0.4263720114516252,0.8658830154149363,17.863008718569805,0.4082412902166869,permissive,mos2-A_Vacancy-Metal.png,mos2,B,12
33.85872773982896,0.8709519903679485,0.010971406269675993,0.16078574694217335,0.09018567639257294,27.64611014170075,0.025606618196392622,35.503725870387974,0.012873559387488374,1.0,0.9834710743801653,1.5393985511100314,121,119,29,1.0,1.0,1.0,0.0,0.29372684147176137,0.7863461173943261,27.331473446612748,0.24143914162062982,permissive,mos2-B_Adatom-K.png,mos2,B,12
27.897621061315053,0.8409439507799805,0.024095316686161616,0.4408506404708726,0.2960223598024998,23.719876515709792,0.029905040505287507,32.844408816097534,0.018539079637326646,0.9913793103448276,0.9913793103448276,0.6324555320336759,116,116,20,0.95,0.95,,,0.4790505852373804,0.8630702598652551,30.04929193047079,0.5333217469592891,permissive,mos2-B_Anti-Anion.png,mos2,B,12
28.90085650799287,0.8985395177460938,0.17112654057453192,0.25910392111357444,0.22072027239392353,23.454634754785886,0.03363276915452445,34.267247692171615,0.01544206999267316,0.9917355371900827,1.0,2.401388487243717,120,121,24,1.0,1.0,1.0,0.0,0.4408993416729689,0.8440032751480343,16.370330590580867,0.42251964379256157,permissive,mose2-A_Doped-Na.png,mose2,B,12
28.987348299057885,0.8707542883738039,0.019854689570377004,1.023853097885679,0.4839416605941103,26.3979692399149,0.02763174379546965,35.267789145817176,0.013193830902180863,0.9946236559139785,0.9788359788359788,2.0729923534102332,189,186,5,0.8,,0.8,0.0,0.4951459779782421,0.9972707846632491,19.604259319242967,0.9747042307857173,permissive,mose2-B_Adatom-K.png,mose2,B,12
28.68508343376583,0.863441400413639,0.005622147550068965,0.7100891399803576,0.2519476831411548,23.39331987442285,0.03527196432196113,35.72450019123369,0.012594812363762057,0.9754601226993865,1.0,1.5781527295340743,159,163,6,1.0,1.0,,0.0,0.32729831446793123,0.9719064683176845,13.69905184823298,0.7481541214797034,permissive,mose2-B_Doped-Na.png,mose2,B,12
25.917916721122385,0.8522242256499799,0.6004564059182212,1.0566405105344931,0.9778842856530499,25.97210016998143,0.047062634113820445,24.019563036116395,0.05522084845255932,1.0,1.0,1.380616994819699,213,213,0,,,,,0.977882745058113,0.9999287688796714,22.096861278034616,0.9999303442067813,permissive,mose2-B_V_adatom.png,mose2,B,12
24.58052400904693,0.8470035745412503,0.07561773052442178,0.5871526295595518,0.3867152904402188,20.843771723883965,0.05271989184821824,33.12497511976873,0.01691251721409617,0.988950276243094,0.9421052631578948,2.1193442645619998,190,181,13,0.7692307692307693,1.0,0.7,0.0,0.4291772252887676,0.9717524157103842,10.78404262298619,0.8756091785266049,permissive,mote2-A_Anti-2M.png,mote2,B,12
31.33050098051193,0.9008040862099685,0.00615348227702133,0.15161483707655954,0.08583911529991238,26.32279563047499,0.03627231036375028,32.318990909956284,0.01242973668419603,0.9815950920245399,0.975609756097561,1.8354154842977652,164,163,5,0.8,0.5,1.0,0.0,0.34762481304750376,0.9425639327981462,23.337286549998236,0.23274763787918254,permissive,mote2-A_Ti_doped.png,mote2,B,12
29.510700099991894,0.9222548252491345,0.01598586068417096,0.29264251601936675,0.06468026260779278,18.423111663487685,0.0680507347352884,36.93797378741031,0.01107178105227636,0.9917355371900827,0.96,0.6055300708194983,125,121,17,1.0,1.0,,0.0,0.378678798786788,0.8070106900593103,14.399587982660886,0.1378415256612286,permissive,mote2-B_V_adatom.png,mote2,B,12
32.655429440882436,0.9343454128293225,0.0643448779290792,0.21577954173877792,0.0587881265993761,24.931138937908635,0.03375090212079662,34.25057183448351,0.012211566479114403,0.9565217391304348,0.9649122807017544,0.5640760748177662,114,115,17,1.0,1.0,,0.0,0.24397539975399754,0.9688183807439825,20.54292646490611,0.23344573951475445,permissive,mote2-B_Vacancy-Anion-06B.png,mote2,B,12
29.02109157847145,0.8491345042554524,0.04757392095915959,0.443081408414597,0.20657436273610857,29.97750236400004,0.023030095916819433,28.80315557527938,0.01611042246662088,0.9836065573770492,1.0,0.4281744192888376,60,61,0,,,,0.05125162783967588,0.3869123140383696,0.9700830041280127,29.98455385555946,0.5179320251849135,permissive,nbo2_Defect-Free.png,nbo2,B,12
28.41265837495748,0.8781350921176188,0.09090934771300452,0.3167436335386312,0.2067711197337815,22.237474085596634,0.03851424526562426,35.85493082092036,0.01239063328806466,1.0,1.0,0.8340576562282991,115,115,25,1.0,1.0,,0.0,0.4542209499328153,0.970734021699774,30.34432198578271,0.44189894953156184,permissive,nbs2_Anti-Metal.png,nbs2,B,12
34.29305361728425,0.8772928098819962,0.022604629448974657,0.16773679541498765,0.13901861619048356,31.400643876921777,0.02130603737858367,35.01328225249768,0.013845724133397163,1.0,1.0,0.5214689104456789,114,114,27,1.0,1.0,1.0,0.0,0.4521846539943337,0.85658043789114,30.27877731112106,0.26334513141827437,permissive,nbs2_Vacancy-Metal.png,nbs2,B,12
32.6698918074981,0.8957586720624409,0.12262760458631036,0.2289882313401395,0.20150134022546476,31.1911342245058,0.021539925697173005,33.13889262950184,0.01833790925964125,1.0,1.0,0.4373835248681493,115,115,37,1.0,1.0,1.0,,0.5256838515265482,0.8032839550240942,29.42382168626427,0.307909008520861,permissive,nbse2_Cu_doped.png,nbse2,B,12
34.307891583336456,0.9134468404414912,0.019999191921929737,0.42615839573244274,0.05985461310879562,30.78627245912266,0.023373666927501955,34.66800656221839,0.013352690043725168,0.9927007299270073,1.0,1.0606601717798212,136,137,28,1.0,1.0,,,0.10326330096590981,0.9707991187662728,27.40189788053838,0.5627052894551348,permissive,nbse2_Vacancy-Anion-03.png,nbse2,B,12
25.61384943926597,0.9018782602562049,0.01092104368480522,0.3396234229463962,0.07638452817024245,16.147373624386407,0.0999894960397234,30.15718963712752,0.013361501011633983,0.9210526315789473,1.0,2.3406348345206327,140,152,0,,,,0.011242557797881388,0.15716671446163188,0.7978477435560757,11.35429145281715,0.38776164311878597,permissive,nbte2_Vacancy-Anion-12A.png,nbte2,B,12
26.876592446243365,0.877331887299139,0.03849752896799949,1.643051601556237,0.6499978196406768,25.704313678007242,0.02822559991141324,30.59746314848008,0.02002264785158116,0.9948717948717949,0.9847715736040609,0.987029282303069,197,195,9,0.8888888888888888,0.75,1.0,,0.6498067144071519,0.9974674202908274,26.495359312327352,0.9977607709750567,permissive,nbte2_Vacancy-Metal.png,nbte2,B,12
40.19551515415836,0.9495753946108526,0.048626471288764475,0.051277619432520974,0.04596278901734104,35.482570130328845,0.012275502675553862,40.626285883376234,0.006846759398146248,0.9932885906040269,0.9548387096774194,0.39421492285986004,155,149,0,,,,1.310701880857199e-05,0.2514301198289878,0.9845942228335626,30.947609246588975,0.17998916184971098,permissive,pbse2_Defect-Free.png,pbse2,B,12
29.334043172678726,0.8947701620283754,0.31312499744497385,0.16940340524466632,0.11277021210703421,20.825238327619672,0.05489845429426056,35.803500226104646,0.012603895127515986,1.0,0.9738219895287958,1.4609615334260302,191,186,8,0.875,,0.875,0.0,0.26516370473487244,0.8662168347384429,26.490358034294438,0.3683892419658571,permissive,pbte2_Vacancy-Metal.png,pbte2,B,12
30.588978850667615,0.93726308489408,0.20702974787181935,0.9861852515484048,0.16397520765695492,28.20917637737715,0.022674742602501578,31.25982135110327,0.019729282518555494,0.972972972972973,1.0,1.5184055965240497,144,148,31,1.0,1.0,,,0.16630740588866058,0.9750707122653638,17.546633598611937,0.9613968883079648,permissive,rete2_Defect-Free.png,rete2,B,12
27.445820289696904,0.8646247760515251,0.011399545573661584,0.14170403643717347,0.10243680795970579,19.159320010168845,0.06611513113306082,32.068578920592955,0.013166560911122938,0.9696969696969697,0.9696969696969697,0.7180703308172536,66,66,3,1.0,,1.0,0.0,0.5036697956503264,0.657199022152776,23.22545648879948,0.13366171766692225,permissive,rus2_Anti-Anion.png,rus2,B,12
31.63963928277312,0.9007791401334165,0.0087203896020381,0.1778143434543862,0.051849998794396356,20.265952687383635,0.05078373283625519,36.80553406850466,0.011006475588947458,1.0,0.9692307692307692,0.3563483225498992,65,63,3,1.0,1.0,1.0,,0.2004498317423254,0.6786606987153403,16.07647538973049,0.1755479468569913,permissive,sno2_Anti-Metal.png,sno2,B,12
24.076263639684022,0.8615263447070179,0.007845947128008332,0.20761554704471363,0.10139335250338295,15.493886106552155,0.09952513049103684,29.323413634670338,0.014655350424556979,0.9444444444444444,0.9577464788732394,2.662373995913731,71,72,3,1.0,1.0,1.0,0.05043123482931364,0.3339314589744927,0.6674799291001982,14.51648587280258,0.20267041610284167,permissive,sns2_Vacancy-Metal.png,sns2,B,12
27.705745852360955,0.9010081500276026,0.008990795787570435,0.224180250770045,0.07194491632630932,21.376459912406567,0.04715711568760637,28.986569789339928,0.014936538667771062,0.9465648854961832,0.9763779527559056,1.0356546939792675,127,131,25,0.96,1.0,0.0,0.0,0.2899050825267686,0.8652488207876301,14.964190340945843,0.21472632859845062,permissive,snse2_Vacancy-Anion-03.png,snse2,B,12
32.57140622994147,0.903202029395099,0.043727941084068,1.6022980771546593,0.990621243163616,32.56769566610447,0.018319258042770695,32.98234068581545,0.018154944307156518,1.0,1.0,0.34259435491376583,213,213,4,1.0,,1.0,,0.990621243163616,1.0,,1.0,permissive,snte2_Fe_doped.png,snte2,B,12
26.17961937253082,0.8937933841282977,0.028811966695494646,0.1756939715138335,0.12946189247964396,17.67556469251766,0.06327096839773805,36.40644014237309,0.011307001041186258,1.0,0.9264705882352942,0.3779644730092272,68,63,7,1.0,1.0,1.0,0.0,0.3782639195614331,0.853116393538684,25.98889488592662,0.291981489910484,permissive,tas2-A_Doped-Li.png,tas2,B,12
29.086712912441584,0.9164288453767552,0.026853099736315417,0.1733702575066004,0.07882680235384154,24.407277940875446,0.03682461741122087,29.87388720405032,0.01235604633747255,0.9428571428571428,0.9705882352941176,1.5324767040594283,68,70,3,1.0,1.0,,0.05938779355590195,0.44352123215065165,0.9331868276043034,19.055130206675095,0.16585481885968995,permissive,tas2-B_Vacancy-Anion-06B.png,tas2,B,12
32.620201826394954,0.8990472826234056,0.09729908336077583,0.2597959809994001,0.130694569410402,27.329809264836907,0.03005614531242651,34.54459017758968,0.015346220228188105,1.0,0.98989898989899,0.6388765649999399,99,98,10,1.0,1.0,1.0,,0.47107506499694435,0.8997012799461909,22.961852679874927,0.24961217461450155,permissive,tas2-B_Vacancy-Anion-09B.png,tas2,B,12
30.402150241563483,0.8967736506619292,0.20502946842785102,0.20192877952620236,0.06526476818074842,21.70669772376925,0.06341857652737629,32.976719643781166,0.01577895261348035,0.96875,0.9393939393939394,1.4480242379008672,132,128,11,0.9090909090909091,0.8571428571428571,1.0,,0.271421264482843,0.8802423280804875,21.15921076951444,0.21165921393269005,permissive,tase2-A_Vacancy-Anion-12B.png,tase2,B,12
30.31578659698532,0.9111451998089127,0.0328626780370701,0.22576594024018115,0.1506446987969139,23.44984179613899,0.035052885980104344,35.326350349253225,0.01334540316715446,0.9791666666666666,0.9929577464788732,1.4316582658130823,142,144,33,0.9696969696969697,1.0,0.8333333333333334,0.0,0.47745655111144014,0.8211131093533652,20.710238597683507,0.2590734942243235,permissive,tase2-B_Defect-Free.png,tase2,B,12
28.705087641132025,0.8971670210984055,0.044869789175896777,0.151122662840684,0.08140371235261117,19.79782637119119,0.0682257707839276,32.68909834193721,0.020089915135165073,1.0,0.9923664122137404,1.6641005886756874,131,130,20,1.0,1.0,1.0,,0.5979966067817882,0.7578122699025123,29.469737328771245,0.10315900012946722,permissive,tase2-B_Vacancy-Anion-09B.png,tase2,B,12
31.602034876913013,0.9232620645463129,0.8455149544836774,1.126983019496866,0.8795375844594595,31.52591860953472,0.023496446969467222,32.20232403685579,0.02101319946887176,1.0,1.0,0.47639306734033093,141,141,35,1.0,1.0,,,0.8957190810410218,0.9865297960143945,24.69590098784673,0.9687077702702702,permissive,tate2-A_Fe_doped.png,tate2,B,12
28.20674442172087,0.905649007644659,0.003954233780141252,0.25357986924427617,0.08002013514435875,17.700052436563425,0.08699045715078446,37.811009199221644,0.009540306502302164,0.9567901234567902,0.9935897435897436,1.778001778002667,156,162,0,,,,0.0,0.49278548171165065,0.7947275828979635,14.216960104321146,0.1290504914340318,permissive,tate2-B_Anti-Anion.png,tate2,B,12
29.40677659299879,0.884393274053228,0.06209938500170127,0.22584812126276954,0.0967446761313221,20.479247274388243,0.05075410636556296,35.08659347876532,0.01394179749250389,0.9842931937172775,0.9894736842105263,0.9254096275290226,190,191,1,1.0,,1.0,,0.22257301205726732,0.7818197852591662,21.12643580459472,0.33982961913862536,permissive,tate2-B_Anti-Metal.png,tate2,B,12
29.001443476415716,0.912199080543048,0.03258829799869261,0.34672436309269755,0.13177854753941712,21.82763172588937,0.05154770603506256,33.438218718463524,0.010572778475585812,0.9719626168224299,0.9811320754716981,1.800106834436394,106,107,0,,,,0.0,0.34794047473209544,0.9654106374024797,23.098519171239538,0.3656384376493072,permissive,tate2-B_Vacancy-Anion-12A.png,tate2,B,12
28.81222422175589,0.7591281496619483,0.32558646280032744,0.8120119753788445,0.8658890773484514,28.55371028560235,0.029698047897020526,31.001805062603264,0.023293298740261772,1.0,0.9926470588235294,1.0540925533894598,136,135,36,1.0,1.0,,,0.8841391850566163,0.7973393201611196,27.16246229608782,0.7808809064646793,permissive,tis2_Vacancy-Anion-12A.png,tis2,B,12
30.83984487023313,0.847801757003124,0.019270040626914155,0.4839108347772909,0.30803328247506784,28.316995943277085,0.02337793548301439,32.714933948327705,0.014282089296991375,0.984251968503937,0.9765625,0.6196773353931867,128,127,29,1.0,1.0,1.0,0.0,0.42729325133809987,0.988224645272677,26.780779139889095,0.7124055443254309,permissive,tis2_Zr_doped.png,tis2,B,12
27.261279770970077,0.8339648589743719,0.007923177478769493,0.4721708070568796,0.25742574257425743,21.980395679171075,0.03688361372961627,34.77747733226431,0.014096472441555612,0.9644970414201184,0.9878787878787879,1.79638355175911,165,169,4,0.75,0.6666666666666666,1.0,0.0,0.3693786249307802,0.9102743661567191,16.301730078208017,0.6343844468480462,permissive,tise2_Adatom-Li.png,tise2,B,12
25.020972441826892,0.7980812186330484,0.03892956024992663,0.5037868926390361,0.35009152175721775,20.85614834179755,0.04320072845492743,33.774631587360446,0.01633368136761948,0.9761904761904762,0.9820359281437125,2.2739242967427638,167,168,5,1.0,1.0,1.0,0.0,0.49854406988464556,0.8816073515140712,20.386241154426564,0.6190892198463543,permissive,tise2_V_doped.png,tise2,B,12
37.70745605441964,0.9564612244886995,0.02437970937616935,0.9170328033394848,0.42885400437401333,37.23248585102794,0.008133856416527483,38.10169210726458,0.008826624509483579,0.9863013698630136,1.0,0.26352313834736496,72,73,4,1.0,,1.0,,0.44043497113221936,0.9948328018179274,26.195296182491887,0.9686742849812439,permissive,tite2-B_Cu_doped.png,tite2,B,12
27.399531397403855,0.9165749812491086,0.12375864150407617,0.29267049629771047,0.06863931770358093,30.273339325224846,0.020953003251874016,27.247307171063675,0.019120555101548354,0.958904109589041,0.9859154929577465,4.80029760982141,71,73,3,1.0,,1.0,,0.431027832176132,0.8757762102851631,29.82964714964368,0.13946357299367484,permissive,tite2-B_Vacancy-Anion-06A.png,tite2,B,12
24.79467396255702,0.7458349847899409,0.08059319860392324,0.8698771692623369,0.6031283422459893,22.826694378192087,0.03791431859663872,33.69459890755,0.015701158504625022,0.8554216867469879,0.9861111111111112,1.2218665010871168,72,83,0,,,,0.0,0.7256874710335238,0.9519756299913236,11.690190219139133,0.7911993888464477,permissive,vo2_Vacancy-Anion-03.png,vo2,B,12
27.327784479875543,0.7691467570408403,0.04594357420625518,1.0458240309251743,0.5074752311336372,25.084903277946296,0.03603258169868593,32.50728369623602,0.01674424675616957,0.9565217391304348,0.9565217391304348,2.318754703849326,161,161,11,0.9090909090909091,1.0,0.8333333333333334,,0.5711927546900444,0.9995371532134393,22.181821568905207,0.888037083259048,permissive,vs2_Vacancy-Anion-06A.png,vs2,B,12
26.92278553578156,0.6849224867168656,0.0970213419080735,1.304846006328092,0.8582408657288315,26.467275484990868,0.03335192151804665,31.730985054283053,0.020854245839438998,0.9890710382513661,0.9836956521739131,1.5269223008087813,184,183,9,1.0,1.0,,,0.8905463062911368,0.9765987193099309,29.42807833321872,0.9411716430792915,permissive,vs2_Vacancy-Anion-12A.png,vs2,B,12
36.12639932378139,0.9070237123154264,0.1265849831483063,0.1085862633869433,0.028790425221569067,31.248845063595766,0.02145051872464621,36.40202065569122,0.011873157912907203,1.0,0.9642857142857143,0.5773502691896257,84,81,1,1.0,,1.0,0.0,0.20591133004926107,0.730900286944046,29.745270693758382,0.10219413400249386,permissive,vse2-A_Vacancy-Anion-06A.png,vse2,B,12
36.18398892674471,0.9185048688026912,0.005486297527665169,0.18539667587350905,0.08637643894039257,30.69060524233298,0.018786693311627814,37.37812110806239,0.010309634378364265,1.0,1.0,0.5194624816493197,63,63,2,1.0,,1.0,,0.2966281451141018,0.9696933468826588,30.55885034859834,0.2823692206809844,permissive,vse2-A_Vacancy-Anion-06B.png,vse2,B,12
29.178608562915727,0.8245988643149014,0.06183880357306557,1.682967610724002,0.971636644364385,29.128289534687248,0.0262720486776855,31.391455860087262,0.02110714838415725,0.9946236559139785,0.9946236559139785,1.3516756367660945,186,186,3,1.0,1.0,,,0.971636644364385,1.0,,1.0,permissive,vse2-B_Anti-2M.png,vse2,B,12
29.477072478251813,0.8123440470110879,0.062246002255139606,1.5470490263693852,0.6301544004117344,28.712161569065948,0.029472683981976156,31.204287692853285,0.022278459689678103,0.9950248756218906,1.0,0.44158804331639234,200,201,7,1.0,1.0,,,0.6436207037244698,0.9984849598575617,31.32375945727352,0.9775939269171384,permissive,vse2-B_Vacancy-Anion-09B.png,vse2,B,12
32.193213814603176,0.8762396757176717,0.018164152848691814,0.15055377932574657,0.15282716370052576,26.488079406673304,0.02482525194943089,35.122909020880996,0.013501338515823713,0.9937106918238994,0.9518072289156626,0.75891328034803,166,159,6,1.0,1.0,1.0,0.0,0.6429412906984271,0.7276563324151674,21.983650919150378,0.1729639316070901,permissive,vte2_Defect-Free.png,vte2,B,12
34.5965356851358,0.8807411688965264,0.012377262523240723,0.2581513559658361,0.11374486112728283,31.685939231465454,0.020559112619149708,35.16415093146738,0.013378098688143828,0.9875776397515528,1.0,0.4120816918460671,159,161,9,1.0,1.0,1.0,0.0,0.28297861754132825,0.8956848694830505,31.19107203687372,0.360025615992978,permissive,vte2_Vacancy-Anion-09B.png,vte2,B,12
28.4527432751867,0.9059204934437706,0.005091436775308064,0.22741307621258697,0.11805508156439834,26.192415742193063,0.028212987826932726,28.869007061702927,0.014296364916862774,0.9396551724137931,0.9732142857142857,0.9433494881965718,112,116,15,0.9333333333333333,0.9285714285714286,1.0,,0.3607432969504275,0.8965093589650935,25.873205887042914,0.2933872545673788,permissive,ws2-A_Vacancy-Metal.png,ws2,B,12
27.195858052950925,0.9051907637719824,0.015494653274772188,0.2741366846734605,0.07876879848929538,17.766072589901952,0.06424859853367705,31.936712590963445,0.01163854843234557,0.971830985915493,0.9583333333333334,0.6138498140448513,72,71,0,,,,0.0,0.3434030908921297,0.7974509874715673,21.592580306146164,0.18291697950083044,permissive,ws2-B_Vacancy-Metal.png,ws2,B,12
37.184227011970115,0.9555714870902926,0.017382831302830918,0.26899775070021453,0.06265268159304332,27.03919963503533,0.02271211721643371,41.43536576713132,0.005169171498152578,1.0,0.9772727272727273,0.8490761052804039,44,43,0,,,,0.0,0.5554167642543003,0.9543462707923448,15.586572740449935,0.10765312983258253,permissive,ws2-C_Defect-Free.png,ws2-C,B,12
30.337618728133208,0.8854452335862806,0.049274580013387095,0.21900075824137807,0.08390657494800832,23.565756979450363,0.0453010190414424,32.16833325508105,0.0205069213988713,0.9672131147540983,0.9516129032258065,1.3051397743186262,124,122,6,1.0,1.0,1.0,0.0,0.25134464788339883,0.859771210676835,30.543505601877516,0.28701807710766275,permissive,wse2_Vacancy-Anion-06A.png,wse2,B,12
33.102627977169476,0.9452499573186045,0.03746074878838296,0.199085066446927,0.22237031947784267,29.16116532689022,0.027321166405560746,35.48877030196162,0.012388077430872746,1.0,1.0,0.6115928396627266,131,131,23,1.0,1.0,1.0,0.0,0.5111298975776296,0.8094811427629818,26.284134866190215,0.35216993015000575,permissive,wte2_Mo_doped.png,wte2,B,12
30.073939953592724,0.8502381086038563,0.09513758070201855,0.1893342938771827,0.16768146718713745,24.922521820562288,0.030642183537581483,32.73573414395641,0.019340397816830335,1.0,0.9852941176470589,0.5183210553488161,68,67,4,1.0,,1.0,,0.5672580690155382,0.7123789171293945,29.88560911576974,0.21057918528113354,permissive,zro2_Defect-Free.png,zro2,B,12
27.855410414522886,0.8423182973605903,0.047833658040922364,0.39645491792853516,0.19897231913767122,21.53396407664696,0.037247869645341464,35.21803143389767,0.0136105912936289,0.9512195121951219,0.9831932773109243,2.2322423665242948,119,123,25,1.0,1.0,1.0,0.0,0.4336406631209812,0.8872968762437599,13.0683903750955,0.40712860265269274,permissive,zrs2_Vacancy-Anion-03.png,zrs2,B,12
29.353557219144918,0.8437088500715433,0.014726518095391543,0.42502699152477913,0.290482750875842,25.312555953382997,0.03083071068097359,33.656714817299545,0.015009988884470957,0.9940119760479041,0.9880952380952381,0.7525058539579369,168,167,5,0.8,1.0,0.6666666666666666,0.0,0.4645222692823679,0.913125720558083,30.18011128505797,0.5710108831014131,permissive,zrse2_Vacancy-Anion-03.png,zrse2,B,12
30.974895319119984,0.9150820144830059,0.006725097282223059,0.244710533216167,0.10687573675866835,22.275034724555155,0.04954606235929501,37.308715770647915,0.010063665234340139,0.9902912621359223,0.9444444444444444,1.6148817719123905,108,103,22,1.0,1.0,1.0,0.0,0.4119291202624536,0.9073642673766283,17.410911504244847,0.2354172594609975,permissive,cose2_Fe_doped.png,cose2,B,16
28.69194200924637,0.7636512463379196,0.06445534970507598,1.649607451924877,0.9745247844468857,28.774629559541964,0.027593436283063592,26.333011369618944,0.028511441349240836,0.7835051546391752,0.987012987012987,0.7608859102526822,77,97,5,1.0,1.0,1.0,,0.9745946125928145,0.9998718988855203,29.694323585468595,0.9998002596624388,permissive,cro2_Vacancy-Anion-03.png,cro2,B,16
29.386494083129943,0.8201008006630868,0.02999922862095302,0.3923232357615581,0.4009067231153426,26.482567774823387,0.026407480627011374,33.785105987524375,0.015948068631633176,0.9805194805194806,1.0,1.6914275486457824,151,154,2,1.0,1.0,1.0,0.0,0.6259351507603923,0.8377405089086386,20.48635332304741,0.5365664507569845,permissive,crse2_Anti-Anion.png,crse2,B,16
29.34782551674511,0.8694877414282443,0.07112513652598369,0.23803391384245645,0.15240876224703717,30.009342084749377,0.022434969634890632,29.238870065312682,0.01811820737579276,0.9810126582278481,0.9748427672955975,0.39349550147037177,159,158,1,1.0,,1.0,0.05316897024031877,0.33502480246056976,0.9081619762790372,30.952262487757206,0.41313909211483335,permissive,crte2_Vacancy-Metal.png,crte2,B,16
30.65989426791271,0.8631500272968528,0.08791274430349481,0.0897203718263929,0.09529934043632673,22.226465914899652,0.04023624673802287,34.966785350292476,0.01408257851893326,0.9846153846153847,1.0,0.8926785535678563,64,65,2,1.0,,1.0,0.0,0.6818342385304897,0.822077887507653,29.87473238547527,0.11490106544901066,permissive,cus2_Cu_adatom.png,cus2,B,16
27.38317960945194,0.8110615703968801,0.1069218234280884,0.06574864101354505,0.2961578385395377,23.677404198088908,0.045855174932903565,31.01757774707282,0.024356271555240224,0.9941520467836257,0.9239130434782609,0.9298956298171001,184,171,14,1.0,1.0,1.0,,0.6735703718818549,0.3313563929900874,28.675548683646817,0.14569196810131474,permissive,cuse2_Cu_adatom.png,cuse2,B,16
30.308996142527626,0.7966409327115517,0.13745240559452315,0.9805863661056146,0.6723773684557999,29.49255083782198,0.02623632541065588,32.70829126944356,0.018829894593288394,1.0,1.0,0.7259662712736915,74,74,4,1.0,1.0,1.0,,0.7791506697010232,0.9786167433081862,30.024432547873182,0.8445089970144436,permissive,feo2_Int-Anion.png,feo2,B,16
29.35720904754275,0.8949134975883981,0.06270878278036393,0.24917947504551374,0.10987870060245188,21.80876828808636,0.040540300845434245,33.10934866220678,0.018954712183276774,0.963855421686747,0.898876404494382,0.5244044240850758,89,83,0,,,,0.0,0.4806595777469564,0.8420419683396736,16.672960495760265,0.1924906557934081,permissive,fes2_Ni_doped.png,fes2,B,16
26.386930603717214,0.8192581703701831,0.04113791748930282,0.6040697021970353,0.367733778384666,22.584676790090704,0.04313677850671523,33.69887225233824,0.016485405780076307,0.990909090909091,0.9819819819819819,2.190471441862386,111,110,36,1.0,1.0,1.0,0.0,0.529699091503243,0.9530132577841347,19.129710663694013,0.6616117938603145,permissive,ges2_Vacancy-Anion-03.png,ges2,B,16
34.807895674720875,0.9277474577138951,0.016617080168628402,0.08032602319746963,0.09431345353675451,28.419457993131488,0.026635337847471238,36.673562895268354,0.0107326852286882,0.98,0.98989898989899,0.5624291338579865,99,100,22,1.0,1.0,,0.0003534094713738328,0.4138544963693912,0.8368235294117647,27.789254447183495,0.19070402219140084,permissive,gete2_Defect-Free.png,gete2,B,16
24.692686361760693,0.8689411078297972,0.06150780781794629,0.3337262587501392,0.14330951703872222,18.476454094735857,0.07422853281976774,27.99653376813187,0.017956133245405428,0.953125,0.9682539682539683,3.7525947307316248,63,64,3,0.6666666666666666,0.0,1.0,0.0,0.30428047341880454,0.9703590400793732,31.280322443308947,0.4570181051234656,permissive,hfo2_Int-Anion.png,hfo2,B,16
29.273480870209138,0.9050334072390908,0.029080891412497034,0.22818489963394203,0.029494765589440145,32.35827702193901,0.01854270717719332,29.20687830817365,0.01440275188630137,0.9840425531914894,0.9946236559139785,0.3031367544391341,186,188,11,1.0,1.0,1.0,0.0,0.05879297918344851,0.7133487654320988,31.046723477239784,0.35786678804430283,permissive,irte2_Vacancy-Metal.png,irte2,B,16
27.303767651141083,0.7572359117127336,0.294468743913996,1.2349960517878975,0.822955017301038,29.17153218283222,0.026757784692460814,23.112904825569736,0.03257312749336335,0.9855072463768116,1.0,0.5144957554275266,68,69,0,,,,,0.8414032143451112,0.9359679440281877,27.83089310440229,0.915446366782007,permissive,mno2_Defect-Free.png,mno2,B,16
31.194268622269725,0.8083649810341184,0.06807990769188003,0.7377789259684738,0.5153029944336193,30.1116431239643,0.023279127513252135,32.74938910203916,0.017990833776603658,1.0,0.9923664122137404,0.4961389383568338,131,130,32,1.0,1.0,1.0,,0.6298250507492291,0.957574758070691,29.80684068532323,0.7834574690874656,permissive,mns2_Int-Anion.png,mns2,B,16
22.962407397059618,0.8153871992386291,0.048553561208397676,1.0721202573254613,0.6325264808412492,21.155673843844177,0.04530433298326543,32.471294481143985,0.016855633706529007,0.9722222222222222,0.9510869565217391,1.767968971931998,184,180,9,0.5555555555555556,0.3333333333333333,0.6666666666666666,,0.6602380057622448,0.9989045685933372,31.81854289902191,0.9569785228269886,permissive,mnse2-B_Vacancy-Anion-03.png,mnse2,B,16
31.219473765220457,0.9359672681212226,0.025225180928990742,0.1371243851821767,0.07126220053238687,20.56273577789398,0.04512831013525934,38.56740160226251,0.00910043918489432,1.0,0.9824561403508771,0.6546536707079771,57,56,4,1.0,,1.0,0.0,0.5799701618147737,0.9075725830589644,20.23310608467092,0.1115154255682206,permissive,mnte2_Defect-Free.png,mnte2,B,16
30.85132310950156,0.8498544380248146,0.07983515267381291,0.42661267173801287,0.21942909213367406,29.456003168413034,0.023821996852854903,31.340441940862323,0.017652670876741917,0.9846153846153847,1.0,1.2119199643540823,64,65,1,1.0,,1.0,,0.32499363882399207,0.9059827957543946,28.005295118544907,0.6117011492301205,permissive,mos2-A_Adatom-Li.png,mos2,B,16
32.357618356209564,0.8329663791913221,0.008838738588820082,0.3053315491027285,0.24183922097988778,28.805620713396216,0.02685067102005892,34.60319185422443,0.014185373673509886,0.9242424242424242,0.9838709677419355,0.9232870714969654,62,66,3,1.0,1.0,,0.0,0.5280592846576062,0.8938659926513609,27.758766127849725,0.4093704279120574,permissive,mos2-A_Vacancy-Metal.png,mos2,B,16
34.42948795046459,0.8734847547051088,0.02946365999640664,0.14808809671811948,0.07849293563579278,31.342712631541723,0.021320756083310407,34.8305172922868,0.014225813160101818,0.9918032786885246,1.0,0.4453617714151233,121,122,29,1.0,1.0,1.0,0.0,0.256656201990515,0.697350272232305,30.608853223757375,0.21327000715126201,permissive,mos2-B_Adatom-K.png,mos2,B,16
31.96361859381234,0.8522910620884084,0.09763380003315943,0.4921632450923097,0.3420069689190768,30.67990417320919,0.021523314128266458,32.81890250109814,0.018401179124640548,0.9914529914529915,1.0,0.9869842607835663,116,117,20,1.0,1.0,,,0.5313623182736177,0.9052149283572143,29.55797695009911,0.5826341146538191,permissive,mos2-B_Anti-Anion.png,mos2,B,16
34.40909147345279,0.9061003839581634,0.05284027330397413,0.14812963903552745,0.0584442116291252,31.495835396150905,0.021039181181898365,34.67471257241968,0.014814927394673582,1.0,1.0,0.39791121287711073,120,120,24,1.0,1.0,1.0,0.0,0.15929400798395105,0.7045800842520391,30.77022441888653,0.25850707176532217,permissive,mose2-A_Doped-Na.png,mose2,B,16
28.49332919100891,0.8689450770142138,0.027901090195943043,0.9327359690840916,0.5450405075228256,26.32316408934843,0.02911190993734908,35.00195778641838,0.013299817990928673,0.983957219251337,0.9735449735449735,2.1033100207716076,189,187,5,0.8,,0.8,0.0,0.5534101712645024,0.9985696309549557,20.206813935495443,0.9834674653864289,permissive,mose2-B_Adatom-K.png,mose2,B,16
28.614052679951385,0.8582547255950899,0.010166465271103526,0.6610933259728629,0.27943225170388786,23.768992306009498,0.03494575541151885,35.50798071147603,0.013338267123356992,1.0,0.9748427672955975,1.3631084021929556,159,155,6,1.0,1.0,,0.0,0.34758526410069057,0.9897125654349869,27.82540602702175,0.7956540143169446,permissive,mose2-B_Doped-Na.png,mose2,B,16
27.872335168531343,0.8692833525405375,1.642793906835707,1.3655365883798125,0.9895328775343992,27.876423875322153,0.037887524274303176,27.502211471903347,0.03608228167934219,1.0,0.9953051643192489,0.5364101500313019,213,212,0,,,,,0.9895328775343992,1.0,,1.0,permissive,mose2-B_V_adatom.png,mose2,B,16
25.320244881142514,0.8449489008308254,0.6570263789572129,0.7215302264524293,0.35939283430817687,21.840704192826315,0.04687504437931744,30.393246081068476,0.01902965842279611,0.9893617021276596,0.9789473684210527,3.136671751621351,190,188,13,0.6153846153846154,0.3333333333333333,0.7,0.0,0.44341240739354937,0.9760489694797322,28.291259742465424,0.7911032702645102,permissive,mote2-A_Anti-2M.png,mote2,B,16
33.518692731101986,0.9032612906865567,0.008317893480543554,0.17215131686533403,0.10671339600748302,26.127367571252798,0.03363153459844833,36.850878632797645,0.011060790122246712,1.0,0.975609756097561,1.489546910976623,164,160,5,1.0,1.0,1.0,0.0,0.4065654165637058,0.949272146280845,20.216933016104704,0.24916052949394965,permissive,mote2-A_Ti_doped.png,mote2,B,16
31.070569313750205,0.9271626033040232,0.016908707135140377,0.21404490140485702,0.09713639892861901,22.42490705821117,0.04159249997050386,36.01974730748064,0.012577494062879876,1.0,0.976,0.6835298930947339,125,122,17,1.0,1.0,,0.0,0.4153501172153705,0.867308328997777,17.356547729775865,0.2028341978195651,permissive,mote2-B_V_adatom.png,mote2,B,16
27.835296110348086,0.9234742083393905,0.12825020486846322,0.2925267463540264,0.07946917941956143,24.607288187587613,0.030506642409609066,28.269797122023036,0.015960096508200825,0.9649122807017544,0.9649122807017544,0.8581163303210331,114,114,17,1.0,1.0,,0.0,0.30295349737740696,0.9950570891747362,31.740366423477155,0.2610181794792868,permissive,mote2-B_Vacancy-Anion-06B.png,mote2,B,16
24.72122409572327,0.8342678461055485,0.029496100921344234,0.38466250591892875,0.2348126413594963,18.75959762976087,0.05164153746018452,34.90090963108434,0.013509437482783318,0.9833333333333333,0.9833333333333333,3.85763605491801,60,60,0,,,,0.0,0.4566871338838309,0.8422669408793898,11.325827658594651,0.43306436823766736,permissive,nbo2_Defect-Free.png,nbo2,B,16
28.067998224926423,0.8736119916973728,0.16489035873194985,0.3822038577066112,0.273614886756456,23.138539064320756,0.03242022204667368,34.95672997265287,0.014212176277165126,0.9913793103448276,1.0,0.9868703275903379,115,116,25,1.0,1.0,,0.0,0.5674078716189751,0.9567957729867435,24.66973919934719,0.4613851519681116,permissive,nbs2_Anti-Metal.png,nbs2,B,16
27.271595259238566,0.863062421730477,0.03687580373337682,0.27592424969547064,0.23566739210690046,21.870413407309325,0.0467122985181528,33.48865266931064,0.01699244827167982,0.9826086956521739,0.9912280701754386,1.101085546418158,114,115,27,0.9629629629629629,1.0,0.5,0.0,0.5718579514706528,0.856615472252043,20.711227095754545,0.3530183218837695,permissive,nbs2_Vacancy-Metal.png,nbs2,B,16
26.654553777534815,0.879526492907926,0.260118241104048,0.24777775483844228,0.18417910590897976,20.47072265753494,0.0416826630056785,32.05858782840648,0.019290013239094194,1.0,0.9826086956521739,2.263601953813818,115,113,37,1.0,1.0,1.0,,0.5511611225679189,0.8001952616506118,28.683475978254464,0.26739775686056383,permissive,nbse2_Cu_doped.png,nbse2,B,16
31.516733889969505,0.9030368767962763,0.024556951989263134,0.6570821588482779,0.3301557922194997,29.611414346917854,0.02146795769165744,32.89207351350927,0.01669054015019357,0.9712230215827338,0.9926470588235294,1.8439088914585775,136,139,28,1.0,1.0,,,0.3750587235184895,0.9739880615223737,25.50559029684941,0.8573798712040931,permissive,nbse2_Vacancy-Anion-03.png,nbse2,B,16
25.55759215775842,0.8851583931955687,0.02387184834078514,0.2601764927937514,0.08948848770277341,26.018547124092215,0.04048020740029685,25.514820511382986,0.02171362997450016,0.8974358974358975,1.0,1.0212037714663724,140,156,0,,,,0.20745380035567926,0.2956552299784738,0.9838462100723632,30.911342749801122,0.2977891156462585,permissive,nbte2_Vacancy-Anion-12A.png,nbte2,B,16
29.08078847549855,0.8820297903536782,0.0667206541640141,0.8381819207082912,0.7550911390197105,28.377963524520094,0.026214126843385803,32.4682731408121,0.019351081464670957,1.0,0.9898477157360406,1.118607192575683,197,195,9,1.0,1.0,1.0,,0.7581636538356934,0.9659414117205435,26.5429535975934,0.962026862026862,permissive,nbte2_Vacancy-Metal.png,nbte2,B,16
38.13671368603631,0.9364649780415057,0.06084066145412983,0.05744259062412851,0.06692738439306359,35.769963498718205,0.011693236033509177,38.36849410339073,0.008814407167172175,0.9932432432432432,0.9483870967741935,0.45175395145262565,155,148,0,,,,0.0032112196081001375,0.3573425215956518,0.9936843809883674,31.017058456228533,0.18610910404624278,permissive,pbse2_Defect-Free.png,pbse2,B,16
25.946130656110242,0.877148025654846,0.08195263885703223,0.23969545504833217,0.22616647213670488,19.84604502930658,0.06329974541192819,35.87704198488202,0.012531050102224451,1.0,0.9528795811518325,3.578015903010746,191,182,8,0.875,,0.875,0.0,0.5258601644642638,0.946272656330521,29.181969872279968,0.40698110034582485,permissive,pbte2_Vacancy-Metal.png,pbte2,B,16
30.87154201709591,0.9210510487231718,0.4166086832370959,0.28743444553497915,0.08421385504068811,25.446002190579584,0.04430558803447323,31.99973032600027,0.02173265355690169,1.0,1.0,0.7993052538854533,144,144,31,1.0,1.0,,,0.26471912603132597,0.9566164321834476,29.45375212247177,0.30432390268583714,permissive,rete2_Defect-Free.png,rete2,B,16
32.858190772038405,0.8708224225054234,0.016360894145247825,0.12528900112844665,0.11080905948351753,25.900519825497152,0.03389230380710937,35.815767528050785,0.012241448459596686,1.0,1.0,1.9108938095862764,66,66,3,1.0,,1.0,0.0,0.4028251998667555,0.9015656306789059,30.60053220791948,0.24800245771922624,permissive,rus2_Anti-Anion.png,rus2,B,16
32.99996975858785,0.9041290027481316,0.011008798624573497,0.20451475853235157,0.04045704434210209,27.56729145108634,0.024131730518818006,33.48239655445595,0.012140509104130068,0.9848484848484849,1.0,0.3922322702763681,65,66,3,1.0,1.0,1.0,,0.18174235254487417,0.8440736050063324,27.65486392304714,0.18789634219853882,permissive,sno2_Anti-Metal.png,sno2,B,16
26.392085582456044,0.864119136384668,0.033250693839313256,0.27165561026727336,0.11585334912043302,32.670469085639624,0.016985484808150375,25.977513553162588,0.018885434498901142,0.9102564102564102,1.0,0.5035088149780135,71,78,3,0.6666666666666666,0.5,1.0,0.055053452460879,0.43041384592360443,0.8922874767310289,29.904601240196236,0.2401746447902571,permissive,sns2_Vacancy-Metal.png,sns2,B,16
28.135145829273945,0.9039080863549862,0.011984390024596295,0.2189209448334426,0.11561105689489685,22.32657106854044,0.04309635073470645,30.122876883748674,0.014343310714597874,0.9477611940298507,1.0,2.0098184193454287,127,134,25,0.96,1.0,0.0,0.0,0.4479863433667782,0.8933738601823709,17.513264096074238,0.23055143913928747,permissive,snse2_Vacancy-Anion-03.png,snse2,B,16
25.817844973413738,0.8712933135710039,0.10556041417259177,1.167949160717101,0.9618042973975177,25.740736354741536,0.031986587877787416,28.422741251809622,0.029060352408370183,1.0,0.9906103286384976,1.3242184496410205,213,211,4,0.5,,0.5,,0.9618042973975177,1.0,,1.0,permissive,snte2_Fe_doped.png,snte2,B,16
20.73978799316661,0.8470496061235185,0.05722531290758527,0.23028779318825957,0.19693521468669398,14.267766338886695,0.100125177481327,28.78456748453591,0.01496362443451332,0.9661016949152542,0.8382352941176471,1.4509525002200234,68,59,7,1.0,1.0,1.0,0.08480810604483309,0.48115593170425663,0.9650487930148947,28.890119467207814,0.3949906438072118,permissive,tas2-A_Doped-Li.png,tas2,B,16
31.01846499931105,0.9192019076106261,0.01578432512828675,0.1641827060239502,0.07162876319899061,21.75826603724378,0.05232976483038045,34.71980407067036,0.010065375779957642,1.0,0.9705882352941176,1.8504708655481243,68,66,3,1.0,1.0,,0.0,0.4307996292993408,0.8892939647704302,23.0758136300811,0.14786230647513263,permissive,tas2-B_Vacancy-Anion-06B.png,tas2,B,16
29.591525868996417,0.8950334142441644,0.04241209054144441,0.2804302364602613,0.14792435853681238,22.848686061623372,0.03973183372502482,34.10707988236158,0.016089988073434765,0.9896907216494846,0.9696969696969697,2.56377001048586,99,97,10,1.0,1.0,1.0,,0.46960778069928033,0.9021725831541783,14.615040003084399,0.28418034397526193,permissive,tas2-B_Vacancy-Anion-09B.png,tas2,B,16
27.635059616760206,0.8839710668890228,0.11060046410313218,0.2865003997297012,0.09033654977641799,19.004838890811946,0.07837397525014791,31.89632634779446,0.016974655982014843,0.9457364341085271,0.9242424242424242,2.9252994802550263,132,129,11,1.0,1.0,1.0,,0.34904415898966307,0.8410014589412255,16.71634730757799,0.21766062602965403,permissive,tase2-A_Vacancy-Anion-12B.png,tase2,B,16
35.0200017367413,0.9174445065219979,0.007940443739963665,0.13372563141319885,0.06799186754065031,30.53298329252073,0.022966405471700882,35.63500978647129,0.012693201770152684,1.0,1.0,0.29070094986690553,142,142,33,1.0,1.0,1.0,0.0,0.24255464480874317,0.626079904086886,28.30577964210788,0.17550000719262324,permissive,tase2-B_Defect-Free.png,tase2,B,16
29.97492468568701,0.8970110578259464,0.12070095239853876,0.1668227830781204,0.10172047548034735,23.182954865744424,0.04531783288246882,32.39911633216032,0.020867747346708945,1.0,1.0,1.3279152000884522,131,131,20,1.0,1.0,1.0,,0.7114116167743928,0.7601055931364461,25.773152620725458,0.10868293478208749,permissive,tase2-B_Vacancy-Anion-09B.png,tase2,B,16
33.50516270189389,0.9084146499415021,0.29360227730728855,0.04229526244266931,0.018471283783783782,30.925750933372637,0.02164931839802969,33.57196415940833,0.017781185785335496,1.0,1.0,0.20628424925175867,141,141,35,1.0,1.0,,,0.0,0.0,30.925751019099348,0.0,tight,tate2-A_Fe_doped.png,tate2,B,16
29.956211394661537,0.8990456698092963,0.10892456780797477,0.10940146206273811,0.10790645689714012,22.601216027385792,0.05823234661155879,33.2995199199135,0.013225224064675701,0.9873417721518988,1.0,1.8946618668626838,156,158,0,,,,0.014347369648897702,0.4766119566681418,0.9792449100612769,29.06391365740565,0.22170414988737971,permissive,tate2-B_Anti-Anion.png,tate2,B,16
26.202309870317023,0.8860932533868643,0.011885364666683686,0.22487516312386924,0.27456956863012766,21.2220010351818,0.049111872267072684,33.48366489199054,0.013562355186569572,0.9844559585492227,1.0,2.2815045820455273,190,193,1,1.0,,1.0,,0.6543812962301281,0.9532188274410186,30.81083402797065,0.3999577673878916,permissive,tate2-B_Anti-Metal.png,tate2,B,16
29.24711727079565,0.9190745448721781,0.01941944696893684,0.37402502977964397,0.1594750358337315,21.96368493474533,0.04934787899613,36.82449673952948,0.009095629520432262,0.9722222222222222,0.9905660377358491,1.9247758063634073,106,108,0,,,,0.0,0.3880295933016861,0.9905038319044498,27.36419397148426,0.4070839874411303,permissive,tate2-B_Vacancy-Anion-12A.png,tate2,B,16
27.541943755515177,0.7575617926120027,0.14765720098581794,0.7082410136266653,0.8774419066944451,27.20771784735952,0.030848374538214495,31.234929409020214,0.022387449790138438,1.0,0.9852941176470589,1.1329528187670652,136,134,36,1.0,1.0,,,0.8979998690585308,0.8071160828297212,26.772546529351857,0.7886387281819331,permissive,tis2_Vacancy-Anion-12A.png,tis2,B,16
29.8488374050318,0.8487533844591567,0.02429531604054267,0.5644619874481698,0.32894713063861974,25.937557453250065,0.02553642512304661,35.3190380139866,0.013234250239330895,0.9920634920634921,0.9765625,0.8579044235810886,128,126,29,0.9655172413793104,1.0,0.5,0.0,0.4677184821693601,0.9769420333076959,18.260796094281694,0.687084840364424,permissive,tis2_Zr_doped.png,tis2,B,16
30.03640280683873,0.8327923272757664,0.009496375385409614,0.3470214461297998,0.27114245037949175,25.65653603074793,0.028325860769627068,34.56915167308304,0.014535102531381936,0.9939759036144579,1.0,0.8312094145936335,165,166,4,0.75,0.6666666666666666,1.0,0.0,0.419276794677397,0.8508510982875749,19.493723276973213,0.5502375867838885,permissive,tise2_Adatom-Li.png,tise2,B,16
32.600564184293056,0.8250666939441469,0.136218980664611,0.5145719600579143,0.3793461278900999,31.180135718392158,0.021428366011970814,33.772305046404746,0.01636151666471305,1.0,1.0,0.4706982963932894,167,167,5,1.0,1.0,1.0,0.0,0.5470137597619933,0.8961538227212633,30.334897015598543,0.6214697099962097,permissive,tise2_V_doped.png,tise2,B,16
36.83439938981603,0.9294963551981607,0.0466836940879524,0.017649057557193634,0.015447674262221477,30.38812792937536,0.023279388712361324,37.073345173823895,0.010780974210577254,1.0,1.0,0.23570226039551584,72,72,4,1.0,,1.0,,0.0,0.0,30.388127897701892,0.0,tight,tite2-B_Cu_doped.png,tite2,B,16
33.50597937845917,0.9277195038348828,0.07106379589634716,0.06019926219290739,0.0786991345081511,26.725674703037985,0.028136508978389298,35.191008977158674,0.014739780330425575,1.0,0.9859154929577465,0.47809144373375745,71,70,3,1.0,,1.0,,0.5676487001366252,0.7755547376169944,23.369155415302835,0.10752334427871196,permissive,tite2-B_Vacancy-Anion-06A.png,tite2,B,16
24.43909361332296,0.74378273017695,0.13977722669611203,0.945671347987208,0.6307486631016043,24.205253015381103,0.037114380313456784,24.870190862676807,0.022712873472601217,0.8765432098765432,0.9861111111111112,1.8988506531101654,72,81,0,,,,0.0,0.743890977443609,0.9778114213044268,29.979515852649683,0.8290909090909091,permissive,vo2_Vacancy-Anion-03.png,vo2,B,16
29.54686366973523,0.7781849587805205,0.03606312674495036,0.8869458412739932,0.46669043798656923,29.011859514751347,0.025031241046696035,30.076067540215906,0.018301199904963147,0.9580838323353293,0.9937888198757764,1.8472953201911166,161,167,11,1.0,1.0,1.0,,0.5262971121291853,0.9982293694250908,29.614869127125232,0.8851732051945994,permissive,vs2_Vacancy-Anion-06A.png,vs2,B,16
26.938308208038116,0.687965920989361,0.16617059513226004,1.3651675556452623,0.9048920810375615,26.69780076542193,0.03504319861925038,30.327357537090126,0.024499391486657213,0.983957219251337,1.0,0.8877181299606703,184,187,9,0.8888888888888888,0.8888888888888888,,,0.9145061901376668,0.9695551962571812,28.11185768830072,0.9593623626428048,permissive,vs2_Vacancy-Anion-12A.png,vs2,B,16
28.942641185300204,0.9008412976026836,0.16623591888478315,0.21134884311274726,0.20189956912464405,23.33944290921817,0.03574106505547602,33.707761469051924,0.014191936128074406,0.9882352941176471,1.0,0.6636838030841121,84,85,1,1.0,,1.0,0.0,0.6019607521949941,0.9397872286013861,29.393146359478756,0.315207654039876,permissive,vse2-A_Vacancy-Anion-06A.png,vse2,B,16
31.49827558718983,0.9116143918495841,0.0069962556366411945,0.25692200511669133,0.11176168384746651,24.021715663832413,0.03975189258563582,35.24440672117918,0.01122118596208357,1.0,0.9841269841269841,1.270001270001905,63,62,2,1.0,,1.0,,0.36804264848545293,0.9377006768150424,22.302210002373805,0.28474690913409284,permissive,vse2-A_Vacancy-Anion-06B.png,vse2,B,16
25.890740516621054,0.8194310535606293,0.02956268401635202,1.1311489023286463,0.9773057128152342,25.910045544097958,0.03035307409043079,25.13162007542561,0.03305330571986432,0.9891891891891892,0.9838709677419355,1.3428621256572062,186,185,3,1.0,1.0,,,0.9773057128152342,1.0,,1.0,permissive,vse2-B_Anti-2M.png,vse2,B,16
24.552026958176512,0.7849312635173746,0.10696183875033857,1.5735582573375093,0.9130056613484303,24.279152147054397,0.03822645733516629,29.508355021331873,0.02734567690951992,1.0,0.98,1.158376767159061,200,196,7,1.0,1.0,,,0.9130018554594513,0.9999520848717848,22.878830817777875,0.9999562532166753,permissive,vse2-B_Vacancy-Anion-09B.png,vse2,B,16
28.395071694555774,0.8670841086879588,0.010429202932637167,0.12289192902189609,0.1774624044998164,21.786953225054052,0.045591255724332314,34.82072868698487,0.013962411163415702,0.9879518072289156,0.9879518072289156,1.981622887507278,166,166,6,0.8333333333333334,1.0,0.5,0.0,0.5972867034915902,0.667171373053726,19.90683226370531,0.19822613726947846,permissive,vte2_Defect-Free.png,vte2,B,16
31.72485459719555,0.8889497348068875,0.017571631100752872,0.45617731596571026,0.2931374217413501,27.91053623928121,0.027160497294780976,35.527497212010275,0.012737940024007792,1.0,0.9874213836477987,0.940930559856219,159,157,9,1.0,1.0,1.0,0.0,0.4637923115618188,0.9718899430160258,29.063442549818447,0.6142777812609159,permissive,vte2_Vacancy-Anion-09B.png,vte2,B,16
29.077540125046625,0.9106555262786583,0.01601181431244041,0.2677744278614063,0.24849839601392396,24.305655913678486,0.035219790272430204,33.78184731911225,0.012698042347454776,0.9818181818181818,0.9642857142857143,1.075828707279838,112,110,15,1.0,1.0,1.0,,0.578037738582449,0.9132848085330404,25.43174038283393,0.3926210952608468,permissive,ws2-A_Vacancy-Metal.png,ws2,B,16
28.539141492779887,0.9187255219431302,0.005114305553838622,0.1957230966022891,0.12708745705640115,25.82041233010376,0.03397366324645596,29.127422595026143,0.012729039636482845,0.8987341772151899,0.9861111111111112,0.712068994916312,72,79,0,,,,0.0,0.47651717639523566,0.865732763443507,22.00117672189405,0.23089152048779377,permissive,ws2-B_Vacancy-Metal.png,ws2,B,16
36.38806907770674,0.9526421690586602,0.01177108112036816,0.20435722683160334,0.06544857571886416,25.83631376387544,0.033693576663255426,41.997283748981914,0.004723319252327968,1.0,1.0,1.2880570286640687,44,44,0,,,,0.0,0.4863464935312933,0.8721427959934938,21.398008304626916,0.11736592034783389,permissive,ws2-C_Defect-Free.png,ws2-C,B,16
28.13640340817992,0.8815597881114505,0.4700776970441132,0.13298988966217112,0.10825467925131979,19.715092892870427,0.06314447197326739,33.7052260429236,0.01726310251016287,0.9609375,0.9919354838709677,1.4650397480664592,124,128,6,0.8333333333333334,0.75,1.0,0.0,0.6108031077968219,0.7706270627062707,15.192051272395053,0.13658081373646883,permissive,wse2_Vacancy-Anion-06A.png,wse2,B,16
28.779941568764393,0.9206417064672094,0.025058039363148505,0.3181071459180745,0.18547349135463187,22.722709720039788,0.03978719464671526,33.8780600390499,0.011219147494754807,0.9918032786885246,0.9236641221374046,1.8741389207353003,131,122,23,0.9130434782608695,1.0,0.5,0.0,0.4990009351516089,0.9158383444256486,21.656547576954846,0.340407649146914,permissive,wte2_Mo_doped.png,wte2,B,16
33.25066006925815,0.8604552185226002,0.3881645096093745,0.21234809070570387,0.14186940648121224,32.538382189796835,0.017129027721198883,33.38054643730506,0.01777334186889658,1.0,1.0,0.5,68,68,4,1.0,,1.0,,0.5384077579398475,0.8609552597254715,30.057812320737753,0.22686005151838243,permissive,zro2_Defect-Free.png,zro2,B,16
26.49983690358431,0.8361476290784867,0.01951429424508436,0.4325974939246034,0.19787494965676092,19.960952680026587,0.04954800238399576,35.20095549698858,0.01365009891502459,0.9421487603305785,0.957983193277311,1.5587894538402256,119,121,25,0.92,1.0,0.6,0.0,0.41218656921354485,0.8924691837994831,13.623719826446013,0.4284401967572166,permissive,zrs2_Vacancy-Anion-03.png,zrs2,B,16
28.264682167895906,0.8439409606389946,0.012330372308702668,0.535963612432554,0.3135063158886863,23.986955377550167,0.03206686735452396,34.57620694236458,0.014179389185591541,1.0,0.9880952380952381,1.5050117079158738,168,166,5,1.0,1.0,1.0,0.0,0.4440851219807799,0.9609553903821305,30.892302020504157,0.6783960309868589,permissive,zrse2_Vacancy-Anion-03.png,zrse2,B,16
32.65471184021697,0.9138170574871235,0.07464248831699233,0.16465934660784173,0.12560719076460305,25.600931525754866,0.03537814691255908,36.47715644124625,0.011537715276201147,0.9906542056074766,0.9814814814814815,1.6454626005507755,108,107,22,1.0,1.0,1.0,0.0,0.5551708273808083,0.9274893307174208,26.61835763693423,0.20984411202796635,permissive,cose2_Fe_doped.png,cose2,B,20
25.156326209357353,0.7536756536061829,0.034554420276305425,0.8586184529156657,0.9738631445787144,25.92551664479032,0.03399889410619983,16.675750097598097,0.07594064089619815,0.7549019607843137,1.0,1.3769908845391448,77,102,5,1.0,1.0,1.0,,0.9738618393674573,0.999948724741594,23.729586819241632,0.9999500649156097,permissive,cro2_Vacancy-Anion-03.png,cro2,B,20
23.37483296504046,0.7824711492300067,0.030180112760226342,0.4894019706914462,0.41837540970813175,19.830497410589288,0.0517609729847357,33.71638701428684,0.016369286252715488,0.9594594594594594,0.9403973509933775,2.4509268152111616,151,148,2,1.0,1.0,1.0,0.0,0.5908177799000519,0.8366170418643692,17.239749944571766,0.5924330810051506,permissive,crse2_Anti-Anion.png,crse2,B,20
29.412921492463067,0.882769683827926,0.025769258124917347,0.2980334439436165,0.17058999700509134,22.833770427221044,0.0413118037558684,35.098374682839086,0.013256583436008964,0.9875776397515528,1.0,1.4815426262713873,159,161,1,1.0,,1.0,0.0,0.31240303157823146,0.9216367375601926,29.298574638390555,0.5032665896547298,permissive,crte2_Vacancy-Metal.png,crte2,B,20
33.94674019198306,0.8622737556836633,0.0551553994385228,0.0774391446599393,0.10359208523592085,28.875646139014957,0.02745696164369116,35.23049749628572,0.01314353078180184,0.9846153846153847,1.0,1.3404756618454512,64,65,2,1.0,,1.0,0.014648208359869942,0.5704818279035441,0.9275149377999804,30.15649042392542,0.16842465753424657,permissive,cus2_Cu_adatom.png,cus2,B,20
25.85598655598133,0.8067255385358627,0.5112749896930904,0.10453008752373613,0.21373803737368482,20.175866506186374,0.06047173335024233,31.59951516133222,0.02253164050783088,1.0,0.9293478260869565,2.1261391855326193,184,171,14,0.9285714285714286,0.9230769230769231,1.0,,0.7422319544786139,0.5382377486207056,29.669553348478146,0.1549945126135567,permissive,cuse2_Cu_adatom.png,cuse2,B,20
29.46185990206498,0.7859505827400513,0.236064124820216,0.8437172647541106,0.712843760774044,28.706611075693385,0.026459685955250098,32.23149655042284,0.020097550860149964,1.0,1.0,2.557448052364024,74,74,4,1.0,1.0,1.0,,0.8110250986720164,0.9568313489817549,29.410067193972438,0.8409989510207375,permissive,feo2_Int-Anion.png,feo2,B,20
31.28116719466788,0.8934134678373536,0.5466767948784488,0.19499766363758234,0.16132981678343555,29.362216025460995,0.024702120461424216,31.772046743597585,0.02266758218598463,0.9540229885057471,0.9325842696629213,0.7604691006293735,89,87,0,,,,0.0,0.5720725517339297,0.8082207809574753,29.506238185540976,0.22792582884326004,permissive,fes2_Ni_doped.png,fes2,B,20
27.87583819032416,0.8267440038070623,0.062134063484207046,0.610701856381924,0.3052622262681434,25.931503784626408,0.03215889599716488,29.114401387241816,0.017914342702443804,0.9821428571428571,0.990990990990991,2.6951134231487113,111,112,36,0.9722222222222222,0.9714285714285714,1.0,0.0,0.4541714952302745,0.980442183914711,28.32062093582522,0.6589844737773732,permissive,ges2_Vacancy-Anion-03.png,ges2,B,20
28.44010187076504,0.9224558088921854,0.01240309451836199,0.36056074106990227,0.11607212205270458,27.74111569426795,0.027362499584854018,28.54084727053285,0.012653932633221145,0.9595959595959596,0.9595959595959596,0.7108186533109109,99,99,22,1.0,1.0,,0.0,0.5486573524782682,0.8664181244622885,24.69165581660999,0.18329653259361997,permissive,gete2_Defect-Free.png,gete2,B,20
26.010772870816474,0.8974201202117339,0.020125329995591648,0.3130776993218299,0.15516138205602162,18.809983054497007,0.06463954928756022,32.59382157311853,0.013795653572015672,1.0,1.0,3.899531921442522,63,63,3,1.0,1.0,1.0,0.0,0.37299291617473435,0.9650248186330661,30.279876682379353,0.40144082657945873,permissive,hfo2_Int-Anion.png,hfo2,B,20
23.755582296121588,0.8856553512399594,0.035483491771368815,0.329986374492369,0.2752086178121681,20.18850842915481,0.05191666109252158,26.625568752518042,0.01828243979718453,0.9526315789473684,0.9731182795698925,1.252621560360775,186,190,11,0.8181818181818182,0.0,1.0,0.0,0.44045251463827506,0.9843982578973483,29.446373214240758,0.6150830678197542,permissive,irte2_Vacancy-Metal.png,irte2,B,20
25.41980957710927,0.752745743473876,0.1688907742363368,1.1061389643982094,0.8163114186851211,27.335886936486652,0.02857785648659414,21.294677126176715,0.036466150184202,0.9705882352941176,0.9705882352941176,0.9454836825347087,68,68,0,,,,,0.8359690681139111,0.9558822282696237,23.95298065340007,0.9334048442906574,permissive,mno2_Defect-Free.png,mno2,B,20
31.18004792066001,0.8078563823256361,0.07952268921710984,0.7401390198932963,0.5020062037526026,29.850580080269964,0.02390309425133946,33.12526132485482,0.017557010888594217,1.0,0.9923664122137404,0.4803844614152614,131,130,32,1.0,1.0,1.0,,0.6209282371294852,0.9625513905683192,29.75139643960044,0.7782006689369245,permissive,mns2_Int-Anion.png,mns2,B,20
26.38347421227134,0.8384854745380738,0.025633658166918052,0.9846726150974036,0.5650141215169722,24.351895357388052,0.03242932911056493,32.85694543600854,0.015677616412720627,0.9891891891891892,0.9945652173913043,1.113749145216258,184,185,9,0.7777777777777778,0.6666666666666666,0.8333333333333334,,0.6403224488684333,0.9976916287595899,29.484689441523926,0.8803531098505373,permissive,mnse2-B_Vacancy-Anion-03.png,mnse2,B,20
30.651255570147093,0.9323135681292652,0.0215550047903796,0.18190107475890727,0.0963287488908607,21.25551733138671,0.040890797808117024,38.12064723209901,0.009750154527242708,1.0,0.9649122807017544,0.6179143806533247,57,55,4,1.0,,1.0,0.0,0.6347898386114946,0.9467029803817368,16.34444660970151,0.14366126885536823,permissive,mnte2_Defect-Free.png,mnte2,B,20
31.324474041903144,0.8448374588746294,0.128954416590272,0.39461786552099365,0.3122815656244075,29.316087745144298,0.02406180684544622,32.673323936641324,0.019178372533807973,1.0,1.0,1.4577379737113252,64,64,1,1.0,,1.0,,0.5160202268389531,0.8526234707748074,29.663788002564807,0.5159847976749385,permissive,mos2-A_Adatom-Li.png,mos2,B,20
23.5965725350359,0.7941377576657968,0.0159437762202649,0.3710023656919591,0.25367111246947227,17.8998162794394,0.06438533410989834,34.67469625103258,0.014313081722864487,0.9047619047619048,0.9193548387096774,1.2067064062468522,62,63,3,0.6666666666666666,0.6666666666666666,,0.0,0.5387827813795923,0.8232577337989045,16.056163214041312,0.38760835052509146,permissive,mos2-A_Vacancy-Metal.png,mos2,B,20
35.297299405786674,0.8778139512434293,0.01599041477736567,0.1735600391561305,0.06468330735896201,31.57744462395371,0.02053244014507752,35.724604225720825,0.012576140791787782,1.0,1.0,0.4453617714151233,121,121,29,1.0,1.0,1.0,0.0,0.2351968336984946,0.7328987358498876,30.415490702224073,0.20156017174425264,permissive,mos2-B_Adatom-K.png,mos2,B,20
27.750517737113427,0.846822461585958,0.10573753178618414,0.5437870798749387,0.3474430676919658,24.160772262057698,0.03388738919184035,32.75948288648929,0.018879830221900807,0.9827586206896551,0.9827586206896551,1.4234871932945812,116,116,20,0.95,0.95,,,0.516506793072559,0.9078131662675895,21.363997973177483,0.6106664919213532,permissive,mos2-B_Anti-Anion.png,mos2,B,20
34.79416707434716,0.9050467475219436,0.07936093738474291,0.15079883463370858,0.049015191199580935,31.815230514533226,0.02002861047759007,35.02058868349132,0.014247768672898817,1.0,1.0,0.4183300132670378,120,120,24,1.0,1.0,1.0,0.0,0.15043244172060255,0.7017206369562894,30.540312658055857,0.2286406495547407,permissive,mose2-A_Doped-Na.png,mose2,B,20
29.53840155453985,0.8596256487321402,0.2056094499843386,0.8954422196892777,0.4039151913926872,26.857414433631952,0.03392975645656934,33.29197332664905,0.017442832191762965,0.9891891891891892,0.9682539682539683,0.9053574604251853,189,185,5,1.0,,1.0,0.0,0.4892926204661858,0.9935463330834997,26.44093217207413,0.8201808907368511,permissive,mose2-B_Adatom-K.png,mose2,B,20
29.197054252594896,0.866147984781302,0.016878335897154793,0.8807733093460836,0.3957627845171246,25.83645646870898,0.02759580140222653,35.48669530978619,0.013207040100682247,1.0,0.9937106918238994,1.6226248464771713,159,158,6,1.0,1.0,,0.0,0.4684780729556849,0.9905702526332891,30.413151070879646,0.8368179090402503,permissive,mose2-B_Doped-Na.png,mose2,B,20
29.620301289902073,0.8837668041911977,0.6099184916170912,1.4266201890181174,0.9968065497878177,29.613624776094394,0.030125707851532964,32.462194574701265,0.017556168342121696,1.0,1.0,0.4647175930762187,213,213,0,,,,,0.9968065497878177,1.0,,1.0,permissive,mose2-B_V_adatom.png,mose2,B,20
32.91036428070976,0.8872896937709737,0.19643423132386523,1.098913439068392,0.24490989604300362,31.281595974950946,0.020980760886002058,33.60388977794435,0.016638660158522337,1.0,0.9947368421052631,0.5819143739626463,190,189,13,1.0,1.0,1.0,0.0,0.2654223560562795,0.9886195527107123,27.98880368524658,0.9122167231049753,permissive,mote2-A_Anti-2M.png,mote2,B,20
34.3199566560707,0.9101359451466031,0.005718310155098006,0.13885542364512432,0.12633024698666792,27.894218038806102,0.029238241065544658,37.24718976293691,0.010471032876935385,1.0,1.0,1.4163677350799861,164,164,5,1.0,1.0,1.0,0.0,0.46429870717575134,0.9808427682387344,30.326897521459255,0.26687584361457767,permissive,mote2-A_Ti_doped.png,mote2,B,20
28.861046596460938,0.932141303337287,0.008584653745622967,0.19299273075698747,0.1294661931517989,20.583599124909107,0.04360482012515926,37.14511241042232,0.009644870687433398,0.991869918699187,0.976,0.5797116298389156,125,123,17,1.0,1.0,,0.0,0.4439479356657271,0.9501242015613911,18.67198349111012,0.2770797057837115,permissive,mote2-B_V_adatom.png,mote2,B,20
33.30217180809956,0.9427560843653381,0.22445693853572085,0.2086537133739317,0.09470373926666452,25.909156763712108,0.030458471219110453,36.054043572230896,0.010035668980632515,0.9739130434782609,0.9824561403508771,0.8762745818846641,114,115,17,1.0,1.0,,0.0,0.3113556763053625,0.9854221747883668,24.972322364609365,0.2997316953271801,permissive,mote2-B_Vacancy-Anion-06B.png,mote2,B,20
22.67590367448149,0.8143775681874127,0.0383151061281506,0.4141583073313931,0.2669814780854575,17.126270853804822,0.06838089759896361,35.112597570743134,0.013682784031380573,0.9811320754716981,0.8666666666666667,1.941450686788302,60,53,0,,,,0.0,0.4494433231330165,0.8692859841329807,12.888974779290056,0.5163793630417507,permissive,nbo2_Defect-Free.png,nbo2,B,20
31.36016369892505,0.8787946704389827,0.03939963392819116,0.2579064908433802,0.25712854749310055,30.711713549078254,0.020911014767927873,31.609240574852034,0.014428459282468059,0.9745762711864406,1.0,1.0508795488004115,115,118,25,1.0,1.0,,0.030290774405040657,0.5175563463819691,0.9637245353869015,29.426757790293095,0.4787905543034612,permissive,nbs2_Anti-Metal.png,nbs2,B,20
30.015359681954696,0.8667056917185777,0.03791834967766516,0.2620214425994969,0.13666674411580196,26.974662722721256,0.02573354075165587,30.77528197073795,0.015350850663316403,0.991304347826087,1.0,0.9224300477447903,114,115,27,1.0,1.0,1.0,0.0,0.44422902207610965,0.8959348672031433,20.150261403202443,0.2756337275494319,permissive,nbs2_Vacancy-Metal.png,nbs2,B,20
27.782052546568504,0.8798092096264628,0.3837517083060439,0.25920747732725014,0.19399463909814094,21.875250839588492,0.03843237986966283,32.969926088119614,0.01899560077966766,1.0,0.991304347826087,2.2301758250250843,115,114,37,1.0,1.0,1.0,,0.5438035171715312,0.875929999752824,30.319070257260748,0.31247632428181654,permissive,nbse2_Cu_doped.png,nbse2,B,20
32.70844121891279,0.9145725959185851,0.10989670991962003,0.8464576998500525,0.28653253223493985,31.181179165978357,0.01956354788490132,33.5137356657742,0.017611387538188618,1.0,0.9926470588235294,0.8985585164069213,136,135,28,1.0,1.0,,,0.29278620238566533,0.996309963099631,26.06884910881408,0.9750296096323611,permissive,nbse2_Vacancy-Anion-03.png,nbse2,B,20
27.809932380769045,0.9109474685965026,0.01408456279499782,0.25185724277737986,0.12432190825047967,23.9776512115759,0.042950200400137827,28.785204977610043,0.014689416489923708,0.9459459459459459,1.0,0.9141741003300661,140,148,0,,,,0.03734632335884946,0.43607492179147034,0.9656605692839229,28.607669213849928,0.27530306994592707,permissive,nbte2_Vacancy-Anion-12A.png,nbte2,B,20
29.93701746207536,0.8815216212767863,0.3259565592924011,1.2673428071341324,0.7582919065061923,29.24180701379784,0.023852734182814143,33.35337058420498,0.01723067062799832,0.9949494949494949,1.0,1.2745059757543322,197,198,9,1.0,1.0,1.0,,0.7625755166210296,0.9665251032971709,26.47729335450375,0.9610958485958486,permissive,nbte2_Vacancy-Metal.png,nbte2,B,20
37.67735286201447,0.9335153513164717,0.1230797433205919,0.0766030913532212,0.08222904624277456,31.197935432741527,0.016657649703449212,39.28083837758169,0.008517801686760725,0.9865771812080537,0.9483870967741935,0.6441785361175564,155,149,0,,,,0.0,0.4297145246512335,0.9933219102851368,31.241690381002204,0.1900794797687861,permissive,pbse2_Defect-Free.png,pbse2,B,20
25.006267303421275,0.8797356288358139,0.0857063958752381,0.1991469087189436,0.15697319149573838,17.270279815234865,0.07505388966725937,35.94073316289186,0.0123695207911309,1.0,0.93717277486911,1.2618156644097112,191,179,8,0.75,,0.75,0.0,0.3531300363140598,0.8901534838826013,24.73987914828424,0.39569059246444765,permissive,pbte2_Vacancy-Metal.png,pbte2,B,20
29.992825071081487,0.9413042773797412,0.20096916782780394,0.9634822318615258,0.2173904794029599,24.939621868459056,0.027700627123362614,34.09843264470241,0.01693154332913576,0.96,1.0,1.4907119849998598,144,150,31,1.0,1.0,,,0.22128578698051685,0.9826022867228488,10.692127938060619,0.9653054770839482,permissive,rete2_Defect-Free.png,rete2,B,20
26.583943519398044,0.8720919152146746,0.00739991763188127,0.24756919614785938,0.1319784897934948,18.171723448766084,0.07480383270606063,36.70792669388669,0.010895993967840202,0.9393939393939394,0.9393939393939394,1.8837162994395398,66,66,3,0.6666666666666666,,0.6666666666666666,0.0,0.4069991679310851,0.8132897773952505,14.047702737750296,0.26372721381899106,permissive,rus2_Anti-Anion.png,rus2,B,20
23.89568565298306,0.8640327463799773,0.10024842295382495,0.35136936586947787,0.2643075012658838,19.57833660518305,0.05581090769791904,28.002640200212507,0.01602414182205649,0.9523809523809523,0.9230769230769231,3.476108935769035,65,63,3,1.0,1.0,1.0,,0.4746564143355871,0.9798729659151814,25.503241509044344,0.5456320979914643,permissive,sno2_Anti-Metal.png,sno2,B,20
26.539813513156982,0.8601101639728188,0.06815829059107317,0.24943671121922062,0.11816009810554803,30.873263097964134,0.020832389060711512,26.187150981882077,0.01920442098587093,0.8765432098765432,1.0,0.39361094683048226,71,81,3,0.6666666666666666,0.5,1.0,0.13474151732686052,0.43415646721389134,0.9019593808714325,30.229111743768414,0.24547741880920163,permissive,sns2_Vacancy-Metal.png,sns2,B,20
28.058584028079032,0.9019307289282813,0.0215908480589509,0.202944464861991,0.10964325731015288,22.530294842679524,0.038436042514230696,29.712127600690323,0.015318647574070528,1.0,0.9921259842519685,1.7638342073763937,127,126,25,0.96,1.0,0.0,0.0,0.4081532377578596,0.9432082486310276,30.419909765915133,0.25337646534379105,permissive,snse2_Vacancy-Anion-03.png,snse2,B,20
32.24226935896671,0.9026882691648846,0.04412407170443684,1.540434063865641,0.9867437647098664,32.23927101302842,0.018772146448358045,32.47147517340163,0.019178798872592547,1.0,1.0,0.4223786877537083,213,213,4,1.0,,1.0,,0.9867437647098664,1.0,,1.0,permissive,snte2_Fe_doped.png,snte2,B,20
23.323511163280735,0.8881149784903141,0.023430718782516815,0.26551155789079867,0.2653593283770799,17.877240278674215,0.05592933770704806,33.53042494870927,0.011692063191780195,0.9558823529411765,0.9558823529411765,3.851073776334236,68,68,7,0.8571428571428571,1.0,0.8333333333333334,0.0,0.5554087010379972,0.9570702979826375,18.759129268189106,0.45726242856420374,permissive,tas2-A_Doped-Li.png,tas2,B,20
31.431187315747717,0.9179533156375792,0.03965887754491756,0.17178700651584972,0.11991302369354555,24.928099071385162,0.0323929665724855,34.21138348292185,0.011619290972920518,0.9846153846153847,0.9411764705882353,1.6723860200324565,68,65,3,1.0,1.0,,0.02086366672947464,0.6294755799494018,0.9495676922745208,23.15830302097581,0.1808895163041792,permissive,tas2-B_Vacancy-Anion-06B.png,tas2,B,20
29.78490808642985,0.8924623917860163,0.046174360079215444,0.3540180528281324,0.1677965312897521,26.299914564630615,0.03342600824077551,31.02391571865086,0.01771946878519587,0.95,0.9595959595959596,0.7326950970650465,99,100,10,1.0,1.0,1.0,,0.4032786433959148,0.902910676589778,21.833891515095416,0.37568386542976223,permissive,tas2-B_Vacancy-Anion-09B.png,tas2,B,20
27.826397164486913,0.9086904509637257,0.032123374319246674,0.4962685715249284,0.11092727700635444,19.06083661964536,0.07472192056595152,35.13627438427347,0.012409975242097278,0.9538461538461539,0.9393939393939394,2.584070307642327,132,130,11,0.8181818181818182,1.0,0.5,,0.13928794075535553,0.862750090170369,14.999487624461258,0.6870840197693575,permissive,tase2-A_Vacancy-Anion-12B.png,tase2,B,20
28.53396870103178,0.910397856050998,0.05920481180523608,0.31800923993806113,0.29264146691153553,23.91748186955262,0.032655340980510324,35.18905363020544,0.013495965220795127,0.9859154929577465,0.9859154929577465,0.996422170998389,142,142,33,0.9393939393939394,1.0,0.6666666666666666,0.0,0.6628539064375727,0.882130772822979,18.360337948521025,0.38944938071513857,permissive,tase2-B_Defect-Free.png,tase2,B,20
27.63961730868087,0.8952965100856055,0.5051946438016361,0.20967050269439888,0.11614648016993771,19.53586031874037,0.0607223317742098,33.133649078832605,0.018891137365648916,0.9848484848484849,0.9923664122137404,1.4623479539636037,131,132,20,0.95,1.0,0.5,,0.49488349955649785,0.9443893980678721,28.355451216137162,0.2216430828542247,permissive,tase2-B_Vacancy-Anion-09B.png,tase2,B,20
31.258337449793608,0.8908533815378303,0.4240839617273618,0.050093409071652516,0.05461570945945946,29.969341580548395,0.025859975663753962,31.34591139100966,0.024060321023948172,1.0,1.0,0.25264557631995566,141,141,35,1.0,1.0,,,0.0,0.0,29.9693413757147,0.0,tight,tate2-A_Fe_doped.png,tate2,B,20
29.0181502629246,0.895718350313592,0.011781776763295025,0.1477789510706848,0.11498788478602143,20.35177271225379,0.06837497922843914,36.6080143705118,0.011616274397372396,1.0,0.9743589743589743,1.7129537431920892,156,152,0,,,,0.0,0.5863755115252122,0.9409200519384159,23.683352006148617,0.18451385570950787,permissive,tate2-B_Anti-Anion.png,tate2,B,20
29.75900134243508,0.8868862977593011,0.0338228694987584,0.18962301124227438,0.13493746160671627,22.350538747587652,0.03781937446551869,35.02985555846413,0.013784972769786826,0.9791666666666666,0.9894736842105263,1.3585818638753662,190,192,1,1.0,,1.0,,0.4527639103989479,0.8271817650127247,29.936098076949165,0.24652540782199167,permissive,tate2-B_Anti-Metal.png,tate2,B,20
25.265138430916974,0.9056951426384803,0.08668288830950482,0.4681950625242679,0.19016620025936795,18.73821914481486,0.07194071349454845,32.72712096473242,0.013301811488500218,0.9636363636363636,1.0,2.229730502371878,106,110,0,,,,0.0,0.4250272784701085,0.9961415945085019,19.88672562600943,0.4456948331171934,permissive,tate2-B_Vacancy-Anion-12A.png,tate2,B,20
26.879551210713398,0.7516309544515809,0.2522884651066122,0.8116647104688016,0.8602688517649367,26.457061113509184,0.032987599570005015,31.186122392804947,0.022526374701401928,1.0,0.9926470588235294,1.6755319774350494,136,135,36,1.0,1.0,,,0.8842020097089318,0.7969456164885093,27.085767188409207,0.7753742729462425,permissive,tis2_Vacancy-Anion-12A.png,tis2,B,20
26.215232558535906,0.8390230756617937,0.04717159020658099,0.4974086242594481,0.39370235264656606,22.910049345095736,0.03375276497183871,32.07551876414728,0.01475757874043217,0.9758064516129032,0.9453125,1.3636363636363635,128,124,29,0.9655172413793104,1.0,0.5,0.0,0.46389077200096934,0.9916459564199579,22.547637087737314,0.8416061918002019,permissive,tis2_Zr_doped.png,tis2,B,20
31.713866796095218,0.827906852655994,0.008971889587883423,0.3064616123366725,0.3079961357480286,28.7874642819278,0.024116840670864715,34.14026736188878,0.015261764908735076,1.0,0.9757575757575757,0.7092993656151906,165,161,4,1.0,1.0,1.0,0.0,0.5503458690568979,0.8477469703222902,27.3033348669099,0.4744339980216509,permissive,tise2_Adatom-Li.png,tise2,B,20
26.48239894151203,0.8020185274588307,0.0403847936015782,0.4727919713196504,0.44736574497785914,25.406293004912996,0.03096166138090081,27.604091569771793,0.02152688743563906,0.9696969696969697,0.9580838323353293,2.035620298582228,167,165,5,1.0,1.0,1.0,0.0,0.6120051308961577,0.8676227475615804,22.200018654219058,0.6342180436531049,permissive,tise2_V_doped.png,tise2,B,20
35.83347612587766,0.951685964693233,0.046958880931017785,0.8913573413626688,0.6510824338052881,35.360195132491015,0.010297684584975287,36.883926440932996,0.010564884314195952,0.9859154929577465,0.9722222222222222,0.5209880722517277,72,71,4,1.0,,1.0,,0.6585759569202682,0.9996154750630811,22.890330626019644,0.9882414769847033,permissive,tite2-B_Cu_doped.png,tite2,B,20
30.93066821855636,0.9251460230123881,0.12271449859717565,0.1472063835546263,0.10292173330105585,22.623647171461045,0.04140675674351881,35.64400289033419,0.01325071522625939,0.9726027397260274,1.0,0.7411449079956546,71,73,3,1.0,,1.0,,0.60952317171176,0.9148422893673481,26.481197885028802,0.15447674262221478,permissive,tite2-B_Vacancy-Anion-06A.png,tite2,B,20
23.395790217699147,0.7354074768948429,0.08069580676452175,0.5864603528830457,0.6353934300993125,21.86138550871899,0.04309504019107266,29.22107515739627,0.01811688047675037,0.8333333333333334,0.9722222222222222,1.2983506020002016,72,84,0,,,,0.0,0.7532100859128944,0.9718658699337526,28.89194533766029,0.8198472116119175,permissive,vo2_Vacancy-Anion-03.png,vo2,B,20
28.86481129194958,0.7772420588803315,0.07624209261711712,1.1136347001209665,0.5506116869996349,27.103297594316075,0.033790261332410684,32.98633167605911,0.017699436135037848,0.987012987012987,0.9440993788819876,1.4441351445725132,161,154,11,1.0,1.0,1.0,,0.62223709577214,0.9986277291229801,31.648117019962033,0.8836761780245467,permissive,vs2_Vacancy-Anion-06A.png,vs2,B,20
25.20695407767692,0.6770627130113406,0.17630001946296098,1.2760767165706757,0.9407896040094292,25.06423869669362,0.041382046297133275,28.49343528808423,0.02799903729691313,0.9781420765027322,0.9728260869565217,1.5481111215583774,184,183,9,0.8888888888888888,0.8888888888888888,,,0.9567918726636923,0.9547081613745473,28.074475423082323,0.9387407426273534,permissive,vs2_Vacancy-Anion-12A.png,vs2,B,20
28.65181426804699,0.8958319829578101,0.2101810619086346,0.22786407499388675,0.26041497246683243,23.67320053373544,0.03600275152873932,34.775941257680955,0.014683184797936268,0.9325842696629213,0.9880952380952381,0.7915213352123779,84,89,1,1.0,,1.0,0.0,0.727677565263346,0.9282159568562138,28.57965069592208,0.33218192285549797,permissive,vse2-A_Vacancy-Anion-06A.png,vse2,B,20
29.527233545073337,0.9119807696682238,0.006798480901212164,0.236392893440697,0.12079999793468972,21.046696904052485,0.04642154836366716,37.24717436606376,0.010438161108958038,1.0,0.9841269841269841,0.8798826901281197,63,62,2,1.0,,1.0,,0.3810222339726915,0.9547785946315609,23.963580145930734,0.302704781967776,permissive,vse2-A_Vacancy-Anion-06B.png,vse2,B,20
25.93287963303049,0.8103130261277754,0.10598236718533742,1.1755137504358635,0.9395676788471435,26.110218931644905,0.02878171611959437,23.832170602411978,0.03649240879481872,0.9635416666666666,0.9946236559139785,1.6684674955730434,186,192,3,1.0,1.0,,,0.9395676788471435,1.0,,1.0,permissive,vse2-B_Anti-2M.png,vse2,B,20
23.012424139859956,0.7815648501057169,0.05204412660285479,1.3147260417779787,0.962161605764282,22.87805378209356,0.035254113369918426,29.981399788494766,0.024344258474148568,1.0,0.97,1.627723728426441,200,194,7,1.0,1.0,,,0.962161605764282,1.0,,1.0,permissive,vse2-B_Vacancy-Anion-09B.png,vse2,B,20
33.30917463479239,0.8731265735548024,0.09910812688670902,0.16875724452789373,0.1791238613870254,30.432878971335725,0.021727238073630244,34.30523114255936,0.015518945488943864,1.0,0.9518072289156626,0.4056562116192928,166,158,6,1.0,1.0,1.0,0.0,0.5532733637319077,0.8357542877143858,28.62211724656226,0.2705778824709581,permissive,vte2_Defect-Free.png,vte2,B,20
26.985981588104067,0.8619908595057522,0.09876736663979892,0.4684229377855068,0.33165769509803045,23.444463534143495,0.03925319952586566,31.249996267720913,0.01587765819377987,0.9807692307692307,0.9622641509433962,1.5550886320704589,159,156,9,1.0,1.0,1.0,0.022613670581150255,0.4573520874350043,0.9786520115854358,24.51601039248832,0.7096883984630404,permissive,vte2_Vacancy-Anion-09B.png,vte2,B,20
36.07464189833523,0.9185298161205057,0.0027822169455371947,0.09288909737997224,0.043003321730029805,31.30369970536323,0.02156630997889635,36.48357431458037,0.011314920910998874,0.9911504424778761,1.0,0.3779644730092272,112,113,15,1.0,1.0,1.0,,0.20536661690915958,0.7551749222934991,30.218254000456042,0.15813198188974587,permissive,ws2-A_Vacancy-Metal.png,ws2,B,20
24.30940626703208,0.8889033094071621,0.013586755339285408,0.1715297385250481,0.16594714809000524,18.159441312131378,0.06520097556458651,28.52252773719116,0.014906518109419974,0.8918918918918919,0.9166666666666666,0.9613752775282004,72,74,0,,,,0.03721379467075734,0.4988781244757591,0.8154273277236037,26.611937129285096,0.27124428366664394,permissive,ws2-B_Vacancy-Metal.png,ws2,B,20
35.74246965011044,0.9587352497521658,0.015440591256977096,0.22463031602580005,0.09338790649723212,26.678028245774534,0.023686593904525814,41.38788061254103,0.005136842857851779,1.0,1.0,2.4771684715343114,44,44,0,,,,0.0,0.6447075208913648,0.9720413979301035,22.564091086316843,0.14080324525426388,permissive,ws2-C_Defect-Free.png,ws2-C,B,20
28.308886972555737,0.872018095567768,0.03618247067281262,0.1370089767260891,0.17145256758918573,23.593460297879687,0.041700127636976864,30.570582387762116,0.024910878202205885,0.967741935483871,0.967741935483871,1.3322912594474228,124,124,6,0.8333333333333334,0.75,1.0,0.016880733944954127,0.5714969095006105,0.7059793173159163,29.376064343911047,0.2117981123020317,permissive,wse2_Vacancy-Anion-06A.png,wse2,B,20
31.664103362779773,0.9346363768157341,0.10533758783065528,0.22463210758989477,0.25948242299324403,29.819018173254715,0.018564896248932993,32.55513848924567,0.013183275214009527,0.9924242424242424,1.0,0.7666721982320637,131,132,23,1.0,1.0,1.0,0.008053333333333332,0.5624964279590787,0.9555086802644237,21.937491344326247,0.4407809458376274,permissive,wte2_Mo_doped.png,wte2,B,20
32.82329100147395,0.8603735963617911,0.16311992884585394,0.18548368259164183,0.1586143493674753,32.87258217822466,0.017104985875914566,32.81406121945851,0.01906499709069241,1.0,1.0,0.4372373160976031,68,68,4,1.0,,1.0,,0.5091678597443047,0.7507684900559238,30.3709208531795,0.23387700793923533,permissive,zro2_Defect-Free.png,zro2,B,20
26.2099224826817,0.8251218100715835,0.035564758604875006,0.4098007410253239,0.23958404040129783,21.404503926508873,0.04355547513075589,30.618202463519918,0.01704090023134135,0.9826086956521739,0.9495798319327731,1.557170113077549,119,115,25,1.0,1.0,1.0,0.0,0.4579063831350081,0.9419669839830764,28.552840977988375,0.4928523913604214,permissive,zrs2_Vacancy-Anion-03.png,zrs2,B,20
28.150225067204527,0.8495634397600771,0.01483432578615421,0.5332400903226389,0.2760521634851593,23.57447684097268,0.037373127800342514,33.560607815056244,0.014520718736382807,0.9823529411764705,0.9940476190476191,1.1988017970052405,168,170,5,1.0,1.0,1.0,0.0,0.4030712979890311,0.9609972613089055,24.506089309367326,0.6581599196250775,permissive,zrse2_Vacancy-Anion-03.png,zrse2,B,20
25.830826273576292,0.881532227589762,0.027166807592011514,0.18699739951259808,0.1624019348806959,18.53877827810953,0.06483891389121342,33.94031566948209,0.014410015980219838,0.9809523809523809,0.9537037037037037,3.1252184389674484,108,105,22,1.0,1.0,1.0,0.0,0.5404754286574692,0.8984418997559602,24.972441196834758,0.26996361936506647,permissive,cose2_Fe_doped.png,cose2,B,28
24.223087447271126,0.7450182707143015,0.03293879441821936,1.1490965215136908,0.9756566463597324,24.15012830901478,0.03694997350781067,29.157937126194224,0.02520302278077246,0.75,0.974025974025974,2.630589287593181,77,100,5,1.0,1.0,1.0,,0.9762118940529735,0.9997696854927451,27.501503079167744,0.9992010386497553,permissive,cro2_Vacancy-Anion-03.png,cro2,B,28
24.441576019700292,0.8003060381253744,0.056062668166118046,0.5350818663690237,0.40142861323552365,20.80388438656769,0.05208100620079532,33.61749639103374,0.01628107772560166,0.9605263157894737,0.9668874172185431,2.368457101383914,151,152,2,1.0,1.0,1.0,0.0,0.6292814112677381,0.8941526685094621,16.844518305956967,0.5703941977524583,permissive,crse2_Anti-Anion.png,crse2,B,28
29.33121781753036,0.8737381777116567,0.06239437725054129,0.3130051561848554,0.2700316604629273,28.74624379717234,0.023798470493733907,29.569270159729236,0.019303830682131422,0.9753086419753086,0.9937106918238994,0.716001555758157,159,162,1,1.0,,1.0,0.03750466940605155,0.46214560351442757,0.9017420719486013,29.86061145043426,0.5268878620630643,permissive,crte2_Vacancy-Metal.png,crte2,B,28
28.114032649182697,0.8498422894775888,0.13248586613414193,0.1255523347294151,0.14346778285134448,20.840360866741232,0.05488638689275625,33.74580364423791,0.014308794106278092,0.9833333333333333,0.921875,1.9310136093052357,64,60,2,0.5,,0.5,0.0,0.7728795455648881,0.8444346211652374,17.000445178272102,0.1567503805175038,permissive,cus2_Cu_adatom.png,cus2,B,28
25.31437923697469,0.7957571493581387,0.5276867133766356,0.10240983493320932,0.2881806898499454,20.80819014965048,0.06238977435634402,31.128072148966236,0.024059086710498088,0.9938650306748467,0.8804347826086957,1.0,184,163,14,0.9285714285714286,0.9230769230769231,1.0,,0.8066367633605808,0.4699677627337202,25.969200178228235,0.16790163828833182,permissive,cuse2_Cu_adatom.png,cuse2,B,28
26.891806454634555,0.7769718550176679,0.2669605325001689,0.8933805391773187,0.8083925676518269,26.307205206198546,0.03553464897248225,30.958010866959604,0.023982223718320175,1.0,1.0,2.7336738966037943,74,74,4,1.0,1.0,1.0,,0.903302072316957,0.9378144778929698,28.655180488705703,0.8392787717406454,permissive,feo2_Int-Anion.png,feo2,B,28
26.262965888582826,0.8799867763481296,0.1566098423855073,0.21370278127300754,0.2525039237577464,22.37798595369691,0.035447178888880694,29.174826674389323,0.026699053728737127,0.945054945054945,0.9662921348314607,0.9644856443408242,89,91,0,,,,0.0,0.6896894561170348,0.7260474405391262,27.360342269587008,0.2658150359475538,permissive,fes2_Ni_doped.png,fes2,B,28
24.8991430173454,0.8105775696646659,0.059405063277765305,0.5069851072142388,0.40102665250594244,23.283792765816898,0.04348630734591139,26.458467274979135,0.02204179416824485,0.9642857142857143,0.972972972972973,3.095695936834452,111,112,36,0.9444444444444444,0.9714285714285714,0.0,0.0,0.575581700325977,0.968642411249133,23.45970753149526,0.6748849441157133,permissive,ges2_Vacancy-Anion-03.png,ges2,B,28
27.18110618263207,0.9082564707755271,0.02689941480009794,0.20488014648903957,0.1604771151178918,20.667661887779847,0.044644250472644254,31.935101494442115,0.01167321712814959,0.9591836734693877,0.9494949494949495,0.6101970382851059,99,98,22,1.0,1.0,,0.0,0.5854006422877344,0.9251054414713407,28.23071082824971,0.2536011095700416,permissive,gete2_Defect-Free.png,gete2,B,28
24.134593083634783,0.8677284304653541,0.030087990410900763,0.30516627992366546,0.19200850751220436,17.440133681188247,0.07772430445096076,33.07802244160256,0.015545524691377325,0.9833333333333333,0.9365079365079365,4.333550624712852,63,60,3,1.0,1.0,1.0,0.0,0.4659404061491744,0.946882858421142,22.452547874827964,0.3901991800559268,permissive,hfo2_Int-Anion.png,hfo2,B,28
29.50054491220812,0.9092062889577182,0.020403763960714853,0.22157292612689708,0.04978948566226673,29.68342346950934,0.025728617844228262,29.491171457578712,0.014185436334349133,0.9738219895287958,1.0,0.9999999999999999,186,191,11,1.0,1.0,1.0,0.0,0.08213412767194092,0.6028644345408144,27.55839401533582,0.36545478683052646,permissive,irte2_Vacancy-Metal.png,irte2,B,28
26.77306328769985,0.7598707841782066,0.3506453347051613,1.221502005288236,0.9198096885813148,28.325691463732284,0.030939056242562234,20.291640972710738,0.044557259760258525,0.9855072463768116,1.0,0.7174300539794393,68,69,0,,,,,0.9282098123980725,0.9442302266528732,27.045586827702653,0.9356851211072664,permissive,mno2_Defect-Free.png,mno2,B,28
23.783170805451427,0.7842225861301249,0.06597781470186972,0.797746742108398,0.6923406115127565,22.326235765102137,0.04157562446715036,33.65431235136326,0.016416578672312002,0.9838709677419355,0.9312977099236641,2.1785090404550225,131,124,32,0.9375,1.0,0.6,,0.8212799493264393,0.9776468473681672,22.51180574372041,0.8241582139019904,permissive,mns2_Int-Anion.png,mns2,B,28
30.37479735829671,0.8484863124040538,0.014157881790404683,0.9581588000349949,0.5674212527631661,28.725749464279758,0.02539455268178756,34.4179132908955,0.014428358684596685,0.994535519125683,0.9891304347826086,1.1906227016071957,184,183,9,1.0,1.0,1.0,,0.6538615080091152,0.9965732587422043,27.699531397644712,0.8648266338043702,permissive,mnse2-B_Vacancy-Anion-03.png,mnse2,B,28
32.292052312097425,0.9348084273038938,0.03602157021187094,0.14010498477228212,0.12041626851409461,24.097693429616207,0.03248168809256755,38.60775588972257,0.008680953395300913,1.0,1.0,1.820930936000652,57,57,4,1.0,,1.0,0.0,0.5243279650964071,0.9238685678859269,15.032331135728551,0.21217408368029486,permissive,mnte2_Defect-Free.png,mnte2,B,28
22.755262373291146,0.853575325273496,0.10170631368002736,0.6916874575495676,0.9438855354348312,22.906636658207912,0.052519573573705756,20.779177234215584,0.04411961825705313,0.927536231884058,1.0,2.117634293262177,64,69,1,1.0,,1.0,,0.9588032030457904,0.9725008844569434,25.471668698454604,0.9573700996414493,permissive,mos2-A_Adatom-Li.png,mos2,B,28
25.908534670833493,0.8086736965473322,0.009275002274992169,0.4142416373362583,0.28713207515132994,20.98778514720456,0.05180551266172332,34.08723080142779,0.014599958298855362,0.9206349206349206,0.9354838709677419,1.898275079081551,62,63,3,1.0,1.0,,0.0,0.512655322959812,0.9027034485477464,19.07324959418924,0.5055933349746864,permissive,mos2-A_Vacancy-Metal.png,mos2,B,28
26.985351031066912,0.8613824543031582,0.0464049951490508,0.3397124976656171,0.3516910882739247,22.859225965417483,0.03781116095811957,35.53378857820064,0.012816327279324165,1.0,0.9421487603305785,1.9194297398747862,121,114,29,1.0,1.0,1.0,0.0,0.5801844660194174,0.9682353227100026,28.464354030717942,0.5869163245362364,permissive,mos2-B_Adatom-K.png,mos2,B,28
27.51983425965147,0.840615000562523,0.0225897144864651,0.40598466624712853,0.4109582406185984,26.298123916165707,0.02869881609657014,28.636062810126866,0.02130261231894554,0.9827586206896551,0.9827586206896551,0.8685539504902852,116,116,20,1.0,1.0,,,0.6112017778395084,0.8542231404385715,21.552159274083547,0.5743603039428811,permissive,mos2-B_Anti-Anion.png,mos2,B,28
32.22929620948954,0.9060396326018492,0.15196156637992345,0.27247153509080047,0.2880722891566265,28.472987255326238,0.02654672754832142,35.758435916731045,0.01266389304400373,0.9915966386554622,0.9833333333333333,1.1349606130700478,120,119,24,0.9583333333333334,1.0,0.5,0.0,0.7065751006674389,0.9317185823650282,26.621355236428496,0.3798638030382399,permissive,mose2-A_Doped-Na.png,mose2,B,28
24.630703498089545,0.8311776453315669,0.2706928586916379,0.9384191276333292,0.7374164130481375,23.521370950896813,0.03822961302487871,32.01277335787408,0.02047660770941558,0.973404255319149,0.9682539682539683,2.2999168433529933,189,188,5,0.4,,0.4,0.0,0.8610154837447501,0.9913388143912284,20.34005556808689,0.8490317844742595,permissive,mose2-B_Adatom-K.png,mose2,B,28
24.899079329081815,0.8552905991514366,0.0642418629508773,0.8654226449589062,0.673062497320931,23.427067317628484,0.05039315127982224,32.6101046892403,0.01870036914143843,0.9937106918238994,0.9937106918238994,1.7806981990077282,159,159,6,1.0,1.0,,0.0,0.8281395146792485,0.986482506070135,15.604131415194939,0.8017542543615243,permissive,mose2-B_Doped-Na.png,mose2,B,28
28.4306869487299,0.8753455596348678,0.7193451085710202,1.3896092509315279,0.9976397402374727,28.42923301096078,0.035184403547239625,29.093434625869023,0.02858395366237058,1.0,1.0,0.47963209687927216,213,213,0,,,,,0.9976397402374727,1.0,,1.0,permissive,mose2-B_V_adatom.png,mose2,B,28
26.48322040564433,0.8420794634304007,0.6584665663055798,0.5450420056642536,0.3366051765374506,22.717700181290077,0.04367703159907352,31.714032818400767,0.019480414931795875,0.9894179894179894,0.9842105263157894,3.0168865205829114,190,189,13,0.6923076923076923,1.0,0.6,0.0,0.4775712074578804,0.9442400365823631,17.984798991700607,0.6655260602903218,permissive,mote2-A_Anti-2M.png,mote2,B,28
28.33101458786736,0.8995018217579219,0.03859875741821829,0.17549502734417285,0.15940230647185583,20.888678393075118,0.057519849970993006,36.95340422248128,0.010850799202561595,0.9879518072289156,1.0,1.7390774117049645,164,166,5,0.6,0.5,0.6666666666666666,0.0,0.6186820087920102,0.9073892503788217,16.52103182676791,0.23378720784295154,permissive,mote2-A_Ti_doped.png,mote2,B,28
25.04874781315816,0.9025147138946487,0.012190279739271552,0.20080479350195113,0.13748317352972256,16.752707685089895,0.08471957553710256,35.87267886102148,0.012585051606077893,0.9915966386554622,0.944,1.2385064816482576,125,119,17,1.0,1.0,,0.0,0.5453893321803388,0.9273350041771095,14.921717477419875,0.23376504045244254,permissive,mote2-B_V_adatom.png,mote2,B,28
28.472573419522167,0.9204927361776161,0.042711049697631454,0.1872860238930918,0.12595388283723002,21.82281911629101,0.04703390532264954,31.679832644316814,0.013849933880908353,0.9655172413793104,0.9824561403508771,1.5726456325931426,114,116,17,1.0,1.0,,0.056617371501052206,0.4191485171911307,0.9704911455198701,15.014867644701518,0.29163201830352425,permissive,mote2-B_Vacancy-Anion-06B.png,mote2,B,28
28.252696524520637,0.8566228920837624,0.050110010261593556,0.391208725354233,0.3082034354178128,29.907627848507857,0.02340216521569674,27.67920517103494,0.01786386443683276,0.967741935483871,1.0,0.4281744192888376,60,62,0,,,,0.0,0.5526289066907367,0.9714492552410797,29.97100541776035,0.5417812824744789,permissive,nbo2_Defect-Free.png,nbo2,B,28
27.710238303655373,0.8663779366553019,0.1733375789357574,0.3567991436924735,0.30401367235401483,23.115823762936092,0.03628618117648369,35.19007043360568,0.013875336639516603,1.0,0.9826086956521739,1.313645202029132,115,113,25,1.0,1.0,,0.0,0.6211912434714968,0.9494055706521739,27.797544639288013,0.46464317892557394,permissive,nbs2_Anti-Metal.png,nbs2,B,28
27.2508414543438,0.8493506802368687,0.12349999227216713,0.25107224567568254,0.1983678885558576,26.025556242564445,0.026322364905451204,27.616075178714663,0.02063571097591932,0.9572649572649573,0.9824561403508771,0.8762745818846641,114,117,27,1.0,1.0,1.0,0.2897761283371244,0.5155794228956934,0.8971342304588875,23.48482654739672,0.34517014284202185,permissive,nbs2_Vacancy-Metal.png,nbs2,B,28
28.569896063702075,0.879917450681234,0.4028836728853197,0.289040783297864,0.31061343486120635,25.229582682840793,0.033384649723280556,31.772976062390818,0.022346103218380747,0.9826086956521739,0.9826086956521739,1.5313826247423705,115,115,37,0.972972972972973,0.9722222222222222,1.0,,0.7043556540405789,0.7851182895295434,28.53515363581387,0.3462289076323323,permissive,nbse2_Cu_doped.png,nbse2,B,28
28.868390737737165,0.8911950316075639,0.04135608944299337,0.7734707213705213,0.3500242151649269,25.47617877795522,0.03429098346437699,33.27556450120366,0.018253684473967524,1.0,0.9705882352941176,1.111237366564176,136,132,28,1.0,1.0,,,0.3868917927826166,0.9900611673162412,23.53047053870175,0.8957165531031375,permissive,nbse2_Vacancy-Anion-03.png,nbse2,B,28
26.09391650705879,0.8978918602324778,0.020598026008524346,0.25692454717059193,0.15986176521890808,20.10834889270811,0.0631019859620146,29.706289827942257,0.014105328211439918,0.9455782312925171,0.9928571428571429,0.9707966023660506,140,147,0,,,,0.07999690713678187,0.5310993345818226,0.9089731174729606,16.984107520021226,0.2736023896738182,permissive,nbte2_Vacancy-Anion-12A.png,nbte2,B,28
25.725774286374943,0.8639080055271207,0.42744250550827284,1.3389824169501408,0.7642617303331589,25.010322524774725,0.03179569969363385,29.49941540104105,0.02063115037271565,0.9845360824742269,0.9695431472081218,1.715344973165267,197,194,9,0.5555555555555556,0.75,0.4,,0.7597976649514315,0.9680304461073659,24.174786243782957,0.9737179487179487,permissive,nbte2_Vacancy-Metal.png,nbte2,B,28
35.60067727323118,0.9342977137778106,0.08659546858237313,0.11059911538521094,0.1311271676300578,28.75088242185747,0.02079304636094587,39.36554455692485,0.008291872188435849,0.9794520547945206,0.9225806451612903,0.5354561482635966,155,146,0,,,,0.0,0.5641436608661521,0.9503526559400485,19.141910015439233,0.22089595375722543,permissive,pbse2_Defect-Free.png,pbse2,B,28
31.12491121944712,0.8957564859119128,0.06499905882467756,0.12524916692840166,0.05830570785873295,20.47198661532559,0.05572204882385101,35.78069375863675,0.012599041982523559,1.0,0.9581151832460733,0.3387537429470791,191,183,8,0.75,,0.75,0.0,0.0806425248333962,0.36629733280027416,18.633740057160104,0.2648382515280731,permissive,pbte2_Vacancy-Metal.png,pbte2,B,28
28.802653754121973,0.9176279835387642,0.13836571828989497,0.722079456370261,0.30001264915461484,26.0675442070973,0.03823816732786035,30.850573047442055,0.026095981438221564,0.9863013698630136,1.0,1.2104865871944959,144,146,31,1.0,1.0,,,0.3252252420738635,0.977590859263007,18.7918480544877,0.9018046127250495,permissive,rete2_Defect-Free.png,rete2,B,28
23.931796564337073,0.8558420148739274,0.030921976825239637,0.2394595267806053,0.217776641857127,17.56346141359471,0.07536272545301805,35.36184069835228,0.013188359958692586,0.9836065573770492,0.9090909090909091,1.420093893609386,66,61,3,0.6666666666666666,,0.6666666666666666,0.0,0.5946599364550407,0.8630802788183413,13.581510214482513,0.3160776659928592,permissive,rus2_Anti-Anion.png,rus2,B,28
32.84818124154772,0.8949957324392427,0.016854708512226983,0.24568687639622505,0.06274564174282063,24.839500364514308,0.03914004185224733,34.761353351448165,0.011694303272312636,0.9154929577464789,1.0,1.2403473458920844,65,71,3,1.0,1.0,1.0,,0.2299345211374437,0.7135171486213854,22.081198274487654,0.19470800279700046,permissive,sno2_Anti-Metal.png,sno2,B,28
26.243014310296466,0.8699061680069998,0.00879946367105139,0.24203165496015083,0.13645762855209742,20.094833194710617,0.05003498407618532,29.192131512551526,0.01406279093039186,0.9577464788732394,0.9577464788732394,5.886175228748241,71,71,3,1.0,1.0,1.0,0.058849351856633786,0.5842668573439114,0.7976262414973891,14.829883279658434,0.18628848105548038,permissive,sns2_Vacancy-Metal.png,sns2,B,28
27.44354192717043,0.8970958538427817,0.018567888517140724,0.21682710937551905,0.1425103312008289,21.017166522169994,0.05394212456768311,31.04560145813084,0.0136245473370645,0.984,0.968503937007874,1.8412614975714405,127,125,25,0.96,1.0,0.0,0.0,0.46933600175457835,0.9648729762860887,28.538877254644678,0.29297638984269264,permissive,snse2_Vacancy-Anion-03.png,snse2,B,28
31.05630148773966,0.8984735526732976,0.034423295042785226,1.2989456075488492,0.9775140114123165,31.070272279046712,0.019884897589118135,30.488698776911576,0.020062916585474263,1.0,1.0,0.4893226131278932,213,213,4,1.0,,1.0,,0.9775140114123165,1.0,,1.0,permissive,snte2_Fe_doped.png,snte2,B,28
27.872270337987636,0.9007586314769489,0.01513212581415653,0.2326117093621799,0.242054822232337,22.229974850005433,0.03435233896725382,36.155145555561305,0.011685889168948865,1.0,0.9705882352941176,2.49848438906955,68,66,7,0.8571428571428571,1.0,0.8333333333333334,0.0,0.5817902425224392,0.9453005024915642,27.126729484556314,0.3932938856015779,permissive,tas2-A_Doped-Li.png,tas2,B,28
26.66283789103346,0.903440719537363,0.024320777980555958,0.321086297051982,0.14513201576122367,18.946705960643172,0.06512773032304571,34.45225212465231,0.010909440693339564,0.8970588235294118,0.8970588235294118,3.5204321642308094,68,68,3,1.0,1.0,,1.71294472327378e-05,0.5661411767427336,0.8720004275559831,12.846511655186589,0.2235399666987269,permissive,tas2-B_Vacancy-Anion-06B.png,tas2,B,28
26.97934166464865,0.8867554735487837,0.03342737784301068,0.3372440934605606,0.19728160259791297,21.841321952400982,0.047641997006529005,30.510522561125303,0.017827076751517252,0.96875,0.9393939393939394,1.2048289933537484,99,96,10,0.8,1.0,0.0,,0.5190398419993163,0.8954955899505918,14.970648954873798,0.34036848582627494,permissive,tas2-B_Vacancy-Anion-09B.png,tas2,B,28
29.585138103035025,0.892681056564981,0.22741083382266358,0.22612296657803063,0.1508684396328548,22.808351124357916,0.056121205005403775,34.37628598409926,0.01623301418568122,0.984,0.9318181818181818,2.3304279239965973,132,125,11,1.0,1.0,1.0,,0.7186457854609303,0.9513446898789467,21.241762922393438,0.19971993410214167,permissive,tase2-A_Vacancy-Anion-12B.png,tase2,B,28
26.21153333448419,0.8973751825058408,0.021741515172832224,0.21575423791614165,0.15230619476664733,18.56235091132777,0.06008973626011578,34.940613338751476,0.01373789752842185,0.958904109589041,0.9859154929577465,2.202271554554524,142,146,33,0.9393939393939394,1.0,0.6666666666666666,0.0,0.45983650373538115,0.5551900009444952,16.19998994061081,0.1838890034380739,permissive,tase2-B_Defect-Free.png,tase2,B,28
19.057145675212592,0.8097112098017204,1.263628169411926,0.2434905118922189,0.9111159594719656,18.71540662779275,0.10136676190103319,26.993955828691174,0.03906487025004202,0.9701492537313433,0.9923664122137404,1.7845490703859572,131,134,20,0.85,0.9444444444444444,0.0,,0.9301718668896707,0.5092850131966391,22.27067108650372,0.49885157782178596,permissive,tase2-B_Vacancy-Anion-09B.png,tase2,B,28
29.1803572119509,0.918328637788625,0.5491552545754773,0.8385164494240659,0.8826034628378379,29.127484271731138,0.028912730538442177,29.599922497821485,0.02884586442682511,1.0,1.0,1.1204102592069434,141,141,35,1.0,1.0,,,0.8906545280181906,0.9820550668539071,22.617048306708828,0.9731777871621622,permissive,tate2-A_Fe_doped.png,tate2,B,28
27.84493901547211,0.9015059420300584,0.1450729089706532,0.1479410382974298,0.165530509862808,20.599471860386736,0.05965777761924882,36.19042910926874,0.012396796896829921,1.0,1.0,2.3135609139515005,156,156,0,,,,0.0,0.6247208310774228,0.9515630234775662,21.497708144400907,0.25213296020749437,permissive,tate2-B_Anti-Anion.png,tate2,B,28
34.9706775605242,0.9075757334500728,0.010055349784500758,0.20817600527881303,0.05036772233977203,30.404218658888173,0.023938083265393536,35.42222800624224,0.013149394211834796,1.0,1.0,0.31622776601683794,190,190,1,1.0,,1.0,,0.11188197565779506,0.7505293469975438,27.72534944574051,0.337877960548768,permissive,tate2-B_Anti-Metal.png,tate2,B,28
22.05920901144012,0.8496071374965458,0.05982959707657565,0.5014324899018882,0.23396013923964235,15.917933863918687,0.09773698648602304,35.12783168579891,0.00951396388908858,0.9181818181818182,0.9528301886792453,3.221216792419035,106,110,0,,,,0.0,0.44756078073279304,0.8936893734957334,10.185358538326895,0.4671716094464542,permissive,tate2-B_Vacancy-Anion-12A.png,tate2,B,28
24.172883836395282,0.736746575769194,0.07049065503071844,0.7374993744910295,0.8754230659014692,23.70121294881596,0.03849770568662457,31.298900467279225,0.022401989481045465,1.0,0.9485294117647058,2.357570685023828,136,129,36,1.0,1.0,,,0.8938844145499601,0.804197041545757,24.06774086329305,0.7875880015799623,permissive,tis2_Vacancy-Anion-12A.png,tis2,B,28
29.028981597101534,0.8488266605226773,0.04604933697940316,0.6796230751196537,0.4438919739461109,26.224458455438434,0.027380642224698982,34.62515426515309,0.014726516993962099,1.0,0.9921875,1.5163154679766333,128,127,29,0.9655172413793104,1.0,0.5,0.0,0.62982273587386,0.989188214630515,29.08148664538871,0.6971687177779327,permissive,tis2_Zr_doped.png,tis2,B,28
32.019258625474386,0.8312119613514078,0.011382856181500294,0.33886372173639545,0.3355427979772767,29.49454721086301,0.022404170694718076,34.22434625032254,0.015179901260853461,0.9938650306748467,0.9818181818181818,0.7200822998230956,165,163,4,1.0,1.0,1.0,0.0,0.6049876977648979,0.8857587612960106,30.436418973940466,0.4912661434210648,permissive,tise2_Adatom-Li.png,tise2,B,28
28.29251763726343,0.8165705886280089,0.039913369329451415,0.5132256430944585,0.38263490214567675,25.208224373520046,0.029994772633179432,32.74263009648307,0.01632987037318426,1.0,0.9640718562874252,1.710399321360166,167,161,5,1.0,1.0,1.0,0.0,0.5169395647344386,0.9107453491181445,22.875471537723936,0.6741270765732036,permissive,tise2_V_doped.png,tise2,B,28
35.60129661809823,0.9545283205466273,0.06404379124710557,0.8777680818274274,0.535903531695044,34.88233007473208,0.011150357052712452,36.61347649202389,0.011033682566293536,0.9859154929577465,0.9722222222222222,0.3779644730092272,72,71,4,1.0,,1.0,,0.5439626282970395,0.9989614180311729,23.736948137539944,0.9841612715674651,permissive,tite2-B_Cu_doped.png,tite2,B,28
26.574818062984328,0.9129275413770777,0.06689260634830567,0.11595153370683536,0.1354971664090675,20.793250210518014,0.045175595589142865,29.066872822103946,0.017942121673688444,0.9594594594594594,1.0,0.6607720622952057,71,74,3,1.0,,1.0,,0.5975858796007785,0.9517919587093622,27.537627346649636,0.21581017527089294,permissive,tite2-B_Vacancy-Anion-06A.png,tite2,B,28
23.86918322415572,0.7291475514470415,0.05686218870521309,0.6441451481243983,0.6589533995416348,22.28689142702516,0.04310920483025542,32.087830005789044,0.01728096992883333,0.8625,0.9583333333333334,1.5788456616111677,72,80,0,,,,0.0,0.785419844084219,0.9641942103249591,23.77439734131414,0.8089419404125286,permissive,vo2_Vacancy-Anion-03.png,vo2,B,28
25.999333479749712,0.7373733051700101,0.17330887651792504,0.6825134111690895,0.5682760416224492,24.456261037700227,0.0386832030732321,29.580163715433446,0.022041732148988805,0.9807692307692307,0.9503105590062112,2.348688968186517,161,156,11,1.0,1.0,1.0,,0.579906709516323,0.9992380857527016,31.352825980695805,0.9791972651662436,permissive,vs2_Vacancy-Anion-06A.png,vs2,B,28
22.2379661487159,0.6593293405031007,0.09779349574608039,0.9556863794182832,0.9115622002054521,21.958785650944996,0.0476910789394684,27.246009535032716,0.028758963020461503,0.9830508474576272,0.9456521739130435,1.629469979408367,184,177,9,0.7777777777777778,0.7777777777777778,,,0.9345966048063721,0.9572886786126737,17.22941885753601,0.9336949969861362,permissive,vs2_Vacancy-Anion-12A.png,vs2,B,28
31.33445641859868,0.9031109778033296,0.08512249236193217,0.2303875002047061,0.27384981580013995,26.916920471170638,0.030406061809418964,36.09396364095784,0.012335160895346014,0.9879518072289156,0.9761904761904762,2.5804140337096784,84,83,1,1.0,,1.0,0.0,0.640092312888155,0.9648271050944606,28.1075737979356,0.41278065630397237,permissive,vse2-A_Vacancy-Anion-06A.png,vse2,B,28
27.62594426658798,0.8971770570914603,0.0683929776294328,0.26147450079003093,0.17516929090153374,21.825114625551834,0.04252256225828704,31.55345827162399,0.014568306619150217,0.9838709677419355,0.9682539682539683,1.3670597861894678,63,62,2,1.0,,1.0,,0.5912362810301885,0.9551081766197017,25.58173142276953,0.28297590557401425,permissive,vse2-A_Vacancy-Anion-06B.png,vse2,B,28
24.051513507955953,0.8085180340347593,0.025996622859245436,1.319032331515432,0.9765208440555841,24.00304060116872,0.03430738591138466,26.782689475528567,0.028333871488584756,0.9891891891891892,0.9838709677419355,1.59061454941439,186,185,3,1.0,1.0,,,0.9765208440555841,1.0,,1.0,permissive,vse2-B_Anti-2M.png,vse2,B,28
28.03982607111967,0.8087296173029802,0.1270097063360632,1.5891626242737977,0.6582707153885744,27.005306105683996,0.03623168850000414,31.21042469427227,0.02210392371571466,0.9950248756218906,1.0,0.552268050859363,200,201,7,1.0,1.0,,,0.6725612453394562,0.9985301246266672,30.92503214366879,0.977313432835821,permissive,vse2-B_Vacancy-Anion-09B.png,vse2,B,28
29.482694414378514,0.8744194395429984,0.08686867510844809,0.2743088371493771,0.2191219804924361,24.096565391924983,0.03492995015485404,34.55879266643248,0.014885472732263906,0.99375,0.9578313253012049,1.0093898773656798,166,160,6,0.8333333333333334,1.0,0.5,0.0,0.4685958446607998,0.9212029552723817,27.614347065601372,0.43076740499243166,permissive,vte2_Defect-Free.png,vte2,B,28
21.707398215480783,0.8439822975851056,0.03014935136662346,0.5527410661322462,0.5047694112799935,18.868872727682707,0.05735527500407428,33.940848097631,0.015069955152893826,0.972972972972973,0.9056603773584906,2.6060826285186485,159,148,9,0.4444444444444444,1.0,0.0,0.0,0.6862350679012541,0.9609720176730486,17.759827147855972,0.7068558607779738,permissive,vte2_Vacancy-Anion-09B.png,vte2,B,28
25.826555337592904,0.8971967905176255,0.01054742639337748,0.391776894006737,0.20710759220075992,25.572677629060237,0.03042008838003018,25.89538873315017,0.016921425365145223,0.9482758620689655,0.9821428571428571,1.7056057308448835,112,116,15,0.9333333333333333,1.0,0.0,,0.5344744299884066,0.9115950785455345,25.170878532474028,0.3532409619366141,permissive,ws2-A_Vacancy-Metal.png,ws2,B,28
26.617550831435928,0.9082945338976959,0.029367185638666384,0.23246682550330255,0.2306185015812345,20.69491633407219,0.04259879566211145,35.56220541741154,0.012807416930116094,0.8658536585365854,0.9861111111111112,0.6817541583256872,72,82,0,,,,0.0,0.7491850313133079,0.8984104277910002,24.14981760587533,0.27655393260983324,permissive,ws2-B_Vacancy-Metal.png,ws2,B,28
19.16617421163962,0.7839334816171262,0.4737987695769676,0.28754440080493643,0.487869517470136,16.1233087444858,0.1253901345284774,33.97677292719421,0.01254807210327535,1.0,1.0,1.1965860528261985,44,44,0,,,,0.0,0.8329606427663813,0.862018076786145,22.45652772328331,0.5048886124745063,permissive,ws2-C_Defect-Free.png,ws2-C,B,28
24.542527697422052,0.8513395655059248,0.15765309417154746,0.3145118919979027,0.20570575374606728,19.2585233324622,0.07125020847813822,28.691652959904314,0.026162662428096232,0.9421487603305785,0.9193548387096774,2.6257830912139837,124,121,6,0.8333333333333334,1.0,0.5,0.012791612057667103,0.5720891130727196,0.7761820821236002,18.18264027908079,0.27909134538473845,permissive,wse2_Vacancy-Anion-06A.png,wse2,B,28
30.95726996232113,0.9378524059169757,0.024808094288679416,0.20769553254992273,0.2737020496965533,26.41843832263269,0.028069177763758196,36.111259193200134,0.01117758438240634,1.0,0.9770992366412213,0.6903350635742038,131,128,23,0.9565217391304348,1.0,0.75,0.0,0.7102480382672256,0.8845889952473391,24.66792920177599,0.34088629336997595,permissive,wte2_Mo_doped.png,wte2,B,28
31.064835018488463,0.8519726073969945,0.5816776695861731,0.2059445188285499,0.24312329459174473,29.170647246519646,0.02477070251466018,31.903587083567608,0.021809322995770472,1.0,1.0,0.6966305460192359,68,68,4,1.0,,1.0,,0.6546654665466547,0.6853842994176915,28.83687104832771,0.25453135601434523,permissive,zro2_Defect-Free.png,zro2,B,28
26.631121416741912,0.8330052818416842,0.027532220702387544,0.39851409593169884,0.2668712072874384,22.17285508591251,0.043046046256858345,31.216706806914047,0.01565492203132992,0.9827586206896551,0.957983193277311,1.6249156523318318,119,116,25,0.96,1.0,0.8,0.0,0.4944455013206036,0.9475446807067521,22.3742002601334,0.5114262183063856,permissive,zrs2_Vacancy-Anion-03.png,zrs2,B,28
24.217781785709285,0.8364604626274019,0.017513136761563523,0.5408587956624519,0.2856839187988682,19.112096874196055,0.055396999122955926,34.04480778444537,0.014278457878151175,0.9378531073446328,0.9880952380952381,2.319378811727217,168,177,5,0.8,1.0,0.6666666666666666,0.0,0.4279279568511622,0.9356380738452899,9.808757387295318,0.6246302613187664,permissive,zrse2_Vacancy-Anion-03.png,zrse2,B,28
26.569775740789265,0.8828675035502892,0.1289981573630659,0.17698711822272864,0.19399871956424536,23.52583575318494,0.04405351641977866,27.787063535619183,0.017130520807575374,0.9607843137254902,0.9074074074074074,1.6506028583273347,108,102,22,1.0,1.0,1.0,0.06855455472467709,0.567638207527724,0.9015858880842315,22.64449246779325,0.30813025893256374,permissive,cose2_Fe_doped.png,cose2,B,36
23.82468746653595,0.7311851212332888,0.043991852822797994,1.1311127042975762,0.970742201804321,23.75405710875704,0.04218681590260538,27.235119923902737,0.03278103473451496,0.7524752475247525,0.987012987012987,2.9379548919900764,77,101,5,1.0,1.0,1.0,,0.9721127448503528,0.9896605381492706,24.42844579699251,0.9882652551682812,permissive,cro2_Vacancy-Anion-03.png,cro2,B,36
26.397361224045493,0.8317520517859658,0.08157956616051983,0.8567941838325603,0.4463233572654909,23.25006785360408,0.03619336226491222,34.86758742234418,0.014468729442411994,0.9802631578947368,0.9867549668874173,2.5197208751349036,151,152,2,1.0,1.0,1.0,0.0,0.5805573960443894,0.9910498650376474,30.935173712525852,0.7619034844701108,permissive,crse2_Anti-Anion.png,crse2,B,36
25.868649038733274,0.8740039248916606,0.0834335427831277,0.3930159055686098,0.23418260385915374,20.078105189191472,0.05998062983501948,34.23329647091138,0.014700550551387309,0.9872611464968153,0.9748427672955975,2.0128618688886246,159,157,1,1.0,,1.0,0.0,0.395164811176599,0.9260352056709082,16.68856058022293,0.5487870619946091,permissive,crte2_Vacancy-Metal.png,crte2,B,36
27.88512181586225,0.8573496429144398,0.12509355355023338,0.11083096576569715,0.18041349568746828,21.125018781702224,0.038109689591346856,35.42590448565506,0.013409992804794461,1.0,0.96875,1.121634751658949,64,62,2,1.0,,1.0,0.0,0.6822994251437141,0.9596169799912823,30.44969079669641,0.25374175545408423,permissive,cus2_Cu_adatom.png,cus2,B,36
23.711251907959607,0.7768905061486666,0.022418680137974836,0.1397829851959327,0.3385482084860016,19.537378184513916,0.07080203925378593,31.31423177703806,0.023107864961506727,0.9935064935064936,0.8315217391304348,0.9599836599916586,184,154,14,0.9285714285714286,0.9230769230769231,1.0,,0.6935425953984533,0.57946961714085,27.64968707339267,0.28286424230713014,permissive,cuse2_Cu_adatom.png,cuse2,B,36
23.33278527764978,0.7761342178516353,0.10015066212018997,0.571711712769932,0.7941799989730273,22.415575115226964,0.04279206287189276,33.66515452754162,0.01586722654699897,1.0,0.9324324324324325,2.9684329540851264,74,69,4,0.5,1.0,0.3333333333333333,,0.8027270851698333,0.988292615341985,28.33275252505318,0.9777697087065279,permissive,feo2_Int-Anion.png,feo2,B,36
26.7656830816798,0.8797627247053788,0.42330176848612056,0.20109600623468524,0.4241083226812075,24.47300488745592,0.03832105716217887,29.88243031141527,0.029151518411288265,0.9130434782608695,0.9438202247191011,0.9385906354489059,89,92,0,,,,0.0,0.8525120204556192,0.5851259323316398,27.35521784156104,0.2910888899675852,permissive,fes2_Ni_doped.png,fes2,B,36
25.13815201125201,0.8172598403893989,0.0725853870820407,0.6650822787727801,0.4026854802002731,21.520402344634007,0.050592858220612685,34.22415986459549,0.015557652924283199,0.9724770642201835,0.954954954954955,2.320946456260934,111,109,36,0.9444444444444444,0.9714285714285714,0.0,0.0,0.5981739049625178,0.9700840209487208,23.182945258271804,0.6530521418095383,permissive,ges2_Vacancy-Anion-03.png,ges2,B,36
32.18983162357996,0.9315089303193106,0.10348999021863235,0.16313248057626323,0.2099750346740638,32.59039217403957,0.017150175098673885,32.089304141072844,0.011844017909276071,0.9801980198019802,1.0,0.8587046857760456,99,101,22,1.0,1.0,,0.0,0.7740857475929364,0.9474001268230818,29.65258357578671,0.2569875173370319,permissive,gete2_Defect-Free.png,gete2,B,36
20.68384593174485,0.8347029678452123,0.022226327582986895,0.3116634875943401,0.21169842172614817,14.069400776835865,0.12225746223957144,35.00771645451141,0.014191559752374249,0.9661016949152542,0.9047619047619048,5.045407847823324,63,59,3,1.0,1.0,1.0,0.0,0.4932314345804082,0.9319676489519492,18.43229512474043,0.40000710934167494,permissive,hfo2_Int-Anion.png,hfo2,B,36
28.846862383910704,0.9023846598205367,0.026701213991147256,0.2228769918584521,0.06340843574571385,26.436188068107658,0.03449836263689704,29.070721704469655,0.015227979450892765,0.9841269841269841,1.0,0.9864675765426314,186,189,11,1.0,1.0,1.0,0.0,0.0699097529645903,0.37928456062690674,24.78037511614373,0.3440126687907753,permissive,irte2_Vacancy-Metal.png,irte2,B,36
24.218865338599077,0.7433976041398792,0.17877423816606397,1.0914388155032666,0.9097612456747405,25.129028492123126,0.03489537129696508,19.585694720954546,0.04599912699136699,0.9855072463768116,1.0,2.963007216445124,68,69,0,,,,,0.9295647862074227,0.9269096040255438,25.65913046504575,0.9071626297577855,permissive,mno2_Defect-Free.png,mno2,B,36
24.734813031090965,0.7821931809774341,0.07475395151223796,0.9018086643915062,0.6495274343051737,23.065015675811242,0.04334366755327955,33.55976463355264,0.016483764935271594,0.9921259842519685,0.9618320610687023,2.7516228977511745,131,127,32,0.96875,1.0,0.8,,0.7689920309032872,0.9748650732459522,28.10734784469004,0.8234176485228148,permissive,mns2_Int-Anion.png,mns2,B,36
23.877287035089264,0.7958968299145858,0.13497993390370033,0.6177247796375904,0.6171126892259299,22.005537817418144,0.04575373048781101,32.68344501191497,0.018054504086914877,0.9722222222222222,0.9510869565217391,1.7952317797034296,184,180,9,0.7777777777777778,0.6666666666666666,0.8333333333333334,,0.637330944471402,0.9950542747694197,26.55376944440838,0.963487846864256,permissive,mnse2-B_Vacancy-Anion-03.png,mnse2,B,36
29.69711409446419,0.9270731319134558,0.026633350211517765,0.16987332763059962,0.14228764248174186,27.10302239476607,0.026649349860130074,30.329823008356634,0.011580308489000915,0.9827586206896551,1.0,0.9733285267845752,57,58,4,1.0,,1.0,0.0,0.5361303624214422,0.970618657152708,24.430546815166096,0.25759973721930246,permissive,mnte2_Defect-Free.png,mnte2,B,36
29.022217052986754,0.8510797100083124,0.037132408876177865,0.49599447673732205,0.296649092869453,26.165576741925793,0.03184134681962265,31.18633891081741,0.01736922515028429,0.984375,0.984375,3.2096085900912126,64,64,1,1.0,,1.0,,0.3793610367592872,0.9477801308835594,26.38382385930736,0.7411359860994376,permissive,mos2-A_Adatom-Li.png,mos2,B,36
24.24708308695491,0.809754252303209,0.03856400354451554,0.42240502151709186,0.3437842243333418,20.66176351710522,0.049684037487130905,29.091276003730343,0.016458560411699262,0.9137931034482759,0.8548387096774194,4.218110101714828,62,58,3,1.0,1.0,,0.0,0.49802329262970535,0.9581584102994682,13.656251504096431,0.6614143369358203,permissive,mos2-A_Vacancy-Metal.png,mos2,B,36
35.03256659348951,0.8734036662352346,0.02404040132977178,0.15543078998738216,0.05537242120078521,32.057933033334606,0.019322912719897143,35.29048756237892,0.013462215295260873,0.9918032786885246,1.0,0.5749595745760689,121,122,29,1.0,1.0,1.0,0.0,0.197898705321916,0.6968356058657063,30.55625550434862,0.19497588229763496,permissive,mos2-B_Adatom-K.png,mos2,B,36
27.94432077352915,0.8468135439643052,0.16060992761266907,0.5667740001779241,0.4608945630464946,25.566499991170076,0.029073675738851244,32.18316762908362,0.020690975277422953,0.9914529914529915,1.0,1.0170952554312156,116,117,20,0.95,0.95,,,0.663016330451489,0.8959868453587854,21.601865376508687,0.6228435811012943,permissive,mos2-B_Anti-Anion.png,mos2,B,36
25.272565701693708,0.8828373018812051,0.2481497847831671,0.40195976253097315,0.47674698795180726,22.44024119503303,0.038200841428602576,33.176199166566576,0.01851829839528858,0.9912280701754386,0.9416666666666667,1.7447772888281814,120,114,24,0.9583333333333334,1.0,0.5,0.0,0.661573379647904,0.9207843007988046,20.76666384248093,0.6635411210057621,permissive,mose2-A_Doped-Na.png,mose2,B,36
33.00296459338089,0.8654257622456873,0.03555615707563971,0.719147315778517,0.3735934887907754,31.773054719951617,0.020748386612173923,33.94632265758338,0.016157896983788216,1.0,1.0,0.8789122666607699,189,189,5,1.0,,1.0,0.0,0.4685280037961787,0.9629470272285925,29.982276816449414,0.7678318830639976,permissive,mose2-B_Adatom-K.png,mose2,B,36
24.2263176746882,0.8265234051010868,0.05947914502720014,0.7113024011209136,0.4413391058339406,20.9158625674983,0.048618432937221415,34.361056609527985,0.01416728041452418,0.9934640522875817,0.9559748427672956,1.7358450088463664,159,153,6,1.0,1.0,,0.0,0.4861593488424425,0.9967098873348873,25.862902727680797,0.9048207167045308,permissive,mose2-B_Doped-Na.png,mose2,B,36
28.64276946704033,0.8776837974397891,0.4153482074605386,1.2798238234891415,0.9928522439881692,28.631458171063823,0.034123900479357566,30.59626618370654,0.02412193172054178,1.0,0.9953051643192489,0.4952605565436486,213,212,0,,,,,0.9928522439881692,1.0,,1.0,permissive,mose2-B_V_adatom.png,mose2,B,36
33.58598753595917,0.8993284879735199,0.16323844857690561,1.3178884287310209,0.29587487271780055,31.942269541147347,0.019337445417011125,34.518973227207105,0.014707884918901163,1.0,0.9894736842105263,0.564932682866032,190,188,13,1.0,1.0,1.0,0.0,0.3029815917849,0.9986474048581376,30.09074020634987,0.9752231878566862,permissive,mote2-A_Anti-2M.png,mote2,B,36
28.87104146086232,0.8870493198007913,0.013413843698253058,0.2371641182786438,0.18543654834355539,23.31533485731006,0.0458129285463428,32.748649717176114,0.012876121060788321,0.9625,0.9390243902439024,2.1075005199426267,164,160,5,0.6,0.5,0.6666666666666666,0.0,0.5332037713794827,0.9670020942943249,19.708690135649466,0.33630206729972295,permissive,mote2-A_Ti_doped.png,mote2,B,36
29.212561580225177,0.9213510043023588,0.023626407694710312,0.30446494829371357,0.19986171283130344,22.973610390831375,0.03995151599718952,36.22119306399674,0.012247606705148165,1.0,0.952,1.0083683467310325,125,119,17,1.0,1.0,,0.0,0.6734955620673546,0.9113729096028964,16.46945587816556,0.27045248847989783,permissive,mote2-B_V_adatom.png,mote2,B,36
28.455637414976216,0.9226987843140501,0.6655141229797578,0.2701350694960176,0.16443538865126364,21.553345562660358,0.05374252296527375,34.79282985404504,0.014296764782570545,0.9416666666666667,0.9912280701754386,1.857774860855943,114,120,17,1.0,1.0,,0.0,0.5677950998446955,0.9346492882388276,23.06966736509795,0.27067760712661315,permissive,mote2-B_Vacancy-Anion-06B.png,mote2,B,36
20.538990642596417,0.7941436972617886,0.05135567480206572,0.5713012938043778,0.36029708417384926,16.200399456023106,0.08443843233624493,35.25578685270346,0.013401325073427155,0.9215686274509803,0.7833333333333333,1.8736697408754672,60,51,0,,,,0.0,0.6007135383039829,0.9155681104833647,13.378727161950179,0.5491411455467938,permissive,nbo2_Defect-Free.png,nbo2,B,36
27.341574208485785,0.8677367907867681,0.02687124210453691,0.4010997522820242,0.33791057722840523,23.112685645947572,0.03724933944098792,35.32757915446483,0.013407384754084761,1.0,0.9826086956521739,1.323711595998362,115,113,25,1.0,1.0,,0.0,0.6471849403941287,0.975529070211628,28.492202805313077,0.5093468198094235,permissive,nbs2_Anti-Metal.png,nbs2,B,36
25.917990340766973,0.8543684301669185,0.042907377059644806,0.29107603850591673,0.23177686387798146,20.020151226525567,0.050754631777181126,34.8282887060627,0.0146382161622432,1.0,0.9473684210526315,1.009216784699164,114,108,27,1.0,1.0,1.0,0.0,0.5440201351713917,0.9485737199122289,28.72986267599176,0.4041347511688365,permissive,nbs2_Vacancy-Metal.png,nbs2,B,36
24.837060924334956,0.8690701576685118,0.26591278995738865,0.3273242812005556,0.2975756064580167,22.552778444511627,0.036986144413470576,26.344128959478958,0.024811412349793092,0.9416666666666667,0.9826086956521739,1.167403896861356,115,120,37,1.0,1.0,1.0,,0.6452312591682443,0.8292659345617441,22.17004515250448,0.3824509582971704,permissive,nbse2_Cu_doped.png,nbse2,B,36
25.924752277313978,0.8724033539543283,0.04602435539264277,0.4193873329067538,0.43398850139297135,22.974267407652327,0.04286197876324309,31.872528570381675,0.021578985520694385,1.0,0.9485294117647058,1.2999701845119969,136,129,28,1.0,1.0,,,0.7296679011386493,0.933894615886064,28.47607671325545,0.5554575227646525,permissive,nbse2_Vacancy-Anion-03.png,nbse2,B,36
26.700421837682097,0.9050010715430074,0.01582225713470968,0.2698060910206189,0.17876548055119484,20.3071857019942,0.06715981852515884,32.40363292054594,0.011260753097312892,0.9652777777777778,0.9928571428571429,1.974659610044113,140,144,0,,,,0.007129049717776231,0.5706204524027148,0.9670321628511142,16.635744810551117,0.30295438688295834,permissive,nbte2_Vacancy-Anion-12A.png,nbte2,B,36
25.737695753070145,0.8594015624577167,0.47756295892385886,1.2606559050847026,0.8664922379208093,25.34760254834884,0.03572360422470268,29.826471770022415,0.023848284136305357,0.9897959183673469,0.9847715736040609,2.3474047964402125,197,196,9,0.7777777777777778,1.0,0.6,,0.8627310679257666,0.9526582252999436,25.47603376604429,0.9568114425257283,permissive,nbte2_Vacancy-Metal.png,nbte2,B,36
35.168894630835815,0.9272275514211403,0.11970808120833934,0.13774011602651137,0.14408236994219653,29.069098289745995,0.02225780872568592,38.333037064460726,0.009116869108017744,0.96,0.9290322580645162,0.5270462766947299,155,150,0,,,,0.0,0.5488701200146153,0.9793014392457751,18.414013588838106,0.25707369942196534,permissive,pbse2_Defect-Free.png,pbse2,B,36
23.75450186578878,0.8582254330846348,0.11696826020539397,0.2605228711703533,0.2614682488806896,18.175488360704673,0.07173119320867305,35.01545365597768,0.013829688567534668,0.9885714285714285,0.9057591623036649,2.5658945864750042,191,175,8,0.5,,0.5,0.0,0.6392859101127703,0.8909358363687307,18.032214196014994,0.3643931913958371,permissive,pbte2_Vacancy-Metal.png,pbte2,B,36
26.843759764303993,0.9253033781603061,0.2336634014902999,0.7748361256188916,0.23120968081966523,21.88906175422829,0.05294693559256693,31.285863111120594,0.024781302891000435,0.9929078014184397,0.9722222222222222,1.3938641048743392,144,141,31,1.0,1.0,,,0.23274885138755896,0.9663177474651689,12.501010532177963,0.9599274781802083,permissive,rete2_Defect-Free.png,rete2,B,36
26.92378219593722,0.8615638553165914,0.016417976129863995,0.22750193150384673,0.2090739406894522,20.578536093421583,0.06079332075094013,35.95787561901832,0.012041726982953003,0.9838709677419355,0.9242424242424242,2.402184797903502,66,62,3,1.0,,1.0,0.0,0.6323093118958752,0.8974131011915787,16.154498614683465,0.2967308719998141,permissive,rus2_Anti-Anion.png,rus2,B,36
23.25696386879878,0.8482071547859947,0.1025289032842265,0.39421901868873116,0.38642610855255227,20.19234586317306,0.056473115062976406,27.76262030422555,0.017295927326896863,0.9076923076923077,0.9076923076923077,5.145345107102773,65,65,3,1.0,1.0,1.0,,0.6007875323196622,0.9877310662194837,22.64502342368885,0.6353079111711234,permissive,sno2_Anti-Metal.png,sno2,B,36
24.328638867905127,0.8396951560993582,0.11472150465340789,0.2447089224161593,0.17347132949932342,29.869470719975592,0.023023542858243852,23.716825975820612,0.025460975816943152,0.8875,1.0,0.6607720622952057,71,80,3,0.6666666666666666,0.5,1.0,0.20815472808965552,0.48523367521581073,0.9468340544822963,30.575951870512018,0.3384937415426252,permissive,sns2_Vacancy-Metal.png,sns2,B,36
26.713331873129086,0.8975862706679799,0.015897109910021547,0.2491713371332281,0.13295422143508312,20.313739269354627,0.05708855341560452,29.864484439167978,0.014113903157570933,0.992,0.9763779527559056,1.6362821745770837,127,125,25,0.96,1.0,0.0,0.0,0.3790859187820338,0.9439074488008216,14.109287323511051,0.3310502283105023,permissive,snse2_Vacancy-Anion-03.png,snse2,B,36
25.344555101930926,0.8683686586090587,0.08626867463836457,1.176151550269847,0.9650502040332549,25.246569261248215,0.03222301741938521,29.66342730657324,0.025098296688278253,1.0,0.9859154929577465,1.8593393604027366,213,210,4,0.5,,0.5,,0.9650502040332549,1.0,,1.0,permissive,snte2_Fe_doped.png,snte2,B,36
22.837057219794108,0.8656242882149695,0.025515657119838796,0.30289619467213635,0.3592525160572498,19.780860126126647,0.04302953495934764,26.52861817852129,0.01946658907820071,0.9692307692307692,0.9264705882352942,1.7274625854492434,68,65,7,0.8571428571428571,1.0,0.8333333333333334,0.011277673676174613,0.6227067125022616,0.969015274160625,24.03940996540859,0.5590451625954584,permissive,tas2-A_Doped-Li.png,tas2,B,36
28.334074002008308,0.9078979210006259,0.059457597907077754,0.1711159996862789,0.1774533833886631,21.356972802392225,0.054985691583289975,36.86726163806197,0.010947788529614687,1.0,0.9705882352941176,2.9232609437842774,68,66,3,0.6666666666666666,0.6666666666666666,,0.0,0.8225548198002606,0.8832211440393973,22.50342357816594,0.19054119739795022,permissive,tas2-B_Vacancy-Anion-06B.png,tas2,B,36
28.60255170453765,0.8891829199624272,0.11527545375257242,0.36138000831049183,0.25060242209880756,23.58842233067655,0.04653806456459259,34.23334121234988,0.016005098459938687,0.9894736842105263,0.9494949494949495,1.5123604208498684,99,95,10,1.0,1.0,1.0,,0.5894446071005767,0.9554711842023812,20.187766131565947,0.4062186507813389,permissive,tas2-B_Vacancy-Anion-09B.png,tas2,B,36
26.064540482630193,0.8781181716967293,0.11519574141881982,0.3737465790114763,0.21831019063309015,21.162971968652037,0.0567188993861008,29.87453744763295,0.0204245936688365,0.9576271186440678,0.8560606060606061,2.1513527335308815,132,118,11,0.8181818181818182,1.0,0.5,,0.3657390314776286,0.9077511858559724,19.715525928566393,0.541838079548129,permissive,tase2-A_Vacancy-Anion-12B.png,tase2,B,36
26.434126278076135,0.908235588297083,0.021527645044529857,0.36051136171948667,0.41934671800601303,22.999906602650046,0.031300061262447,35.3046526614396,0.013184579033653467,1.0,0.9647887323943662,0.604122093330177,142,137,33,0.9090909090909091,1.0,0.5,0.0,0.7095009641867415,0.9529121190118177,26.983159961987507,0.5632135681644905,permissive,tase2-B_Defect-Free.png,tase2,B,36
18.71841335196731,0.8016541643150306,0.6754711071947241,0.3382737865899813,0.9053714510398135,18.35033065697044,0.10500766422407432,26.850325344983506,0.0376540986373811,0.9624060150375939,0.9770992366412213,2.1469455046647083,131,133,20,0.9,1.0,0.0,,0.9418412161280046,0.47760609069844423,21.45093274101892,0.4591123343898498,permissive,tase2-B_Vacancy-Anion-09B.png,tase2,B,36
27.023345442903114,0.899831389682395,0.2646493961316937,0.7668376626123197,0.807352195945946,26.481056498856578,0.02939329647489843,30.56291650736838,0.02334781247259012,0.9652777777777778,0.9858156028368794,1.4444136994821803,141,144,35,0.9428571428571428,0.9428571428571428,,,0.8366720808518318,0.9699708653056528,19.228918036336083,0.9359797297297298,permissive,tate2-A_Fe_doped.png,tate2,B,36
26.635456310354794,0.8772518406027789,0.16900857030952438,0.25828326806470403,0.21926191044979865,20.7198191150312,0.059751403185734,33.98004582976947,0.012677453323270135,0.9806451612903225,0.9743589743589743,3.039217350776867,156,155,0,,,,0.00926496808918365,0.6406545237080346,0.9796005720011285,14.32691510846822,0.3352650842945874,permissive,tate2-B_Anti-Anion.png,tate2,B,36
22.51375586431803,0.8730852566796737,0.024989968330525185,0.36096655934996336,0.318367773530817,17.679094512109717,0.06815556937626698,35.95803607446046,0.012211505734266088,0.9945945945945946,0.968421052631579,1.7937088125857625,190,185,1,1.0,,1.0,,0.5895086953162801,0.9713320961269186,26.714360674932824,0.5245738345505426,permissive,tate2-B_Anti-Metal.png,tate2,B,36
22.55373602565266,0.8597669254512741,0.04724510019195602,0.5938008141462481,0.274053392259914,17.011662363238127,0.08482456053237673,38.572612795642556,0.007801610902070615,0.9363636363636364,0.9716981132075472,3.8415207344745723,106,110,0,,,,0.0,0.5119120234861484,0.9079192123594194,10.472609915943174,0.4860568391236093,permissive,tate2-B_Vacancy-Anion-12A.png,tate2,B,36
24.644042509951156,0.7408726541297194,0.09565054407043093,0.7415624476905324,0.8486488998350333,24.07840930091469,0.03914121722081345,31.219355906698183,0.022562221085999465,1.0,0.9705882352941176,2.1619996355786983,136,132,36,1.0,1.0,,,0.8785576995987749,0.8106624077876644,24.81666854513863,0.7830649720795867,permissive,tis2_Vacancy-Anion-12A.png,tis2,B,36
27.482813993153627,0.840033906318144,0.0685335358252857,0.6331752486867908,0.4991364421416235,24.8498591476509,0.03171790533304232,35.19591516958228,0.013442257000899056,1.0,0.9453125,1.036523113726489,128,121,29,0.9655172413793104,1.0,0.5,0.0,0.6406191694201139,0.9767354053201338,23.12260856097799,0.7610203665409409,permissive,tis2_Zr_doped.png,tis2,B,36
28.012084791180992,0.8257554030841215,0.013186967738837017,0.4059398513370937,0.3552523319558847,24.252201601479776,0.033131923276439164,34.184640475525406,0.015139544921959576,0.9877300613496932,0.9757575757575757,2.64692485350911,165,163,4,0.5,0.3333333333333333,1.0,0.0,0.588784968158221,0.9112431039866764,27.321962034149227,0.549812334174594,permissive,tise2_Adatom-Li.png,tise2,B,36
26.05336552340445,0.8176862571590485,0.07218779551029694,0.6449689051268886,0.42617244917769087,22.77265165486805,0.03549532383397267,33.96117767987977,0.015567829002966929,1.0,0.9940119760479041,2.7995266381283748,167,166,5,1.0,1.0,1.0,0.0,0.5419028308749555,0.9493541144697881,30.422613851295985,0.7466072237475848,permissive,tise2_V_doped.png,tise2,B,36
30.204759257497532,0.8850684695737888,1.0708751857910912,0.5786096671275919,0.6298372262879441,29.49862437849933,0.028325071968289234,31.756364517261897,0.02314881920945657,0.9857142857142858,0.9583333333333334,0.6255432421712243,72,70,4,1.0,,1.0,,0.66567441441261,0.8734683284823558,25.277986828762323,0.8264443658197964,permissive,tite2-B_Cu_doped.png,tite2,B,36
25.72494671067944,0.9078569092314469,0.1603887033615285,0.12718038687557176,0.18829568661042936,19.103861594910402,0.05288981658596238,33.511282724725746,0.01795126162763856,0.971830985915493,0.971830985915493,0.8253238275306579,71,71,3,0.6666666666666666,,0.6666666666666666,,0.7011528822055137,0.8453821218614361,25.195815259657444,0.22702867109861394,permissive,tite2-B_Vacancy-Anion-06A.png,tite2,B,36
23.58159383211383,0.7353780905502109,0.11822571445568356,0.9717019155255625,0.6330175706646295,21.985626351306315,0.04787727004919521,29.890116446768076,0.01770566337102095,0.9027777777777778,0.9027777777777778,1.7541160386140584,72,72,0,,,,0.0,0.7685254261296567,0.9821510463179745,29.960171968641028,0.8089763177998472,permissive,vo2_Vacancy-Anion-03.png,vo2,B,36
24.7553315720209,0.7419926640352217,0.08800699152929917,1.1585070012608256,0.6879929365220862,23.332628907627214,0.049516684240996874,33.133323031124384,0.017038908930284525,0.9554140127388535,0.9316770186335404,3.2331615074619044,161,157,11,0.5454545454545454,0.6,0.5,,0.7900886788704599,0.9979145586021373,21.57500526664986,0.8689634289562975,permissive,vs2_Vacancy-Anion-06A.png,vs2,B,36
24.619358835673214,0.6674344422775649,0.17202519508087213,1.2673675867732193,0.8857391890018027,24.30463201674705,0.039266129010904066,28.414098063540646,0.027563916160558057,0.9728260869565217,0.9728260869565217,1.1817986481176637,184,184,9,0.6666666666666666,0.6666666666666666,,,0.9107459143613622,0.9561361189299373,28.5912680887961,0.9298830960446222,permissive,vs2_Vacancy-Anion-12A.png,vs2,B,36
27.939566954826244,0.9025016807238012,0.052304810594118026,0.2847347044888261,0.33926335545796965,29.45202583526487,0.026195918394607203,27.328813193457044,0.018562069686562373,0.9534883720930233,0.9761904761904762,0.8765230646861663,84,86,1,1.0,,1.0,0.0,0.7248314869669937,0.9663886648302312,28.487584852267887,0.45232618477814696,permissive,vse2-A_Vacancy-Anion-06A.png,vse2,B,36
28.972760099365086,0.9047246612780896,0.12527173349398088,0.2669295045992785,0.19944443153625524,22.690462792317803,0.043237263868001044,36.16908590779311,0.012475373798890224,1.0,0.9841269841269841,2.8736848324283986,63,62,2,1.0,,1.0,,0.5928685897435897,0.9577373632774577,20.96026168609027,0.32218840276648314,permissive,vse2-A_Vacancy-Anion-06B.png,vse2,B,36
22.34372630007615,0.7910773769070373,0.0364330771936393,1.5692253723857206,0.965,22.389571730808523,0.03725731120529595,21.239440568612938,0.03824679742224663,0.989010989010989,0.967741935483871,1.9177533151523367,186,182,3,0.6666666666666666,0.6666666666666666,,,0.965,1.0,,1.0,permissive,vse2-B_Anti-2M.png,vse2,B,36
31.26111313554081,0.8174364564261644,0.02858569345406322,1.7267441467695426,0.9788986103962944,31.256876424106927,0.021036091054572804,31.46234189221304,0.021092085183211942,1.0,1.0,0.8455767262643882,200,200,7,1.0,1.0,,,0.9788986103962944,1.0,,1.0,permissive,vse2-B_Vacancy-Anion-09B.png,vse2,B,36
27.06139855165436,0.8664143079765474,0.41183186860969195,0.292319954818649,0.33157708532991786,23.139680574717786,0.03373226532546479,32.71133299580876,0.01943087628721455,0.9819277108433735,0.9819277108433735,0.8651394440601536,166,166,6,0.6666666666666666,1.0,0.0,0.0,0.6838684994978665,0.8691324342758355,29.73415821848208,0.42140323693002174,permissive,vte2_Defect-Free.png,vte2,B,36
27.38235947535967,0.8613946871975879,0.026708342670368954,0.24775203524178327,0.25660328350455447,22.455363976395425,0.0393709492129464,33.03942764832592,0.016083695517219273,0.9693251533742331,0.9937106918238994,1.9793235003372596,159,163,9,0.8888888888888888,1.0,0.8,0.0,0.5370733577433173,0.8434963960976631,27.93455354769394,0.4030062965185537,permissive,vte2_Vacancy-Anion-09B.png,vte2,B,36
30.13768074908231,0.9047433106953532,0.012074711805733475,0.24616074331402757,0.2697995586194344,25.32732537242417,0.031010313410428644,36.141110566675295,0.01167220202858451,0.9811320754716981,0.9285714285714286,0.9250779592927456,112,106,15,1.0,1.0,1.0,,0.7385793883642082,0.9207952101867859,22.591299648867697,0.33636213682797533,permissive,ws2-A_Vacancy-Metal.png,ws2,B,36
23.794156021667966,0.8732302433607849,0.041020799785301404,0.370964170747141,0.19648260642049462,18.54504179550943,0.05994521466518643,27.504033266086584,0.015757675819220135,0.8375,0.9305555555555556,1.1844767091956117,72,80,0,,,,0.0,0.5367539509828404,0.8711064150069476,18.565756971853183,0.3188747070734648,permissive,ws2-B_Vacancy-Metal.png,ws2,B,36
31.414114591272316,0.9584133429717531,0.013771795725279918,0.23617223146621846,0.15845547860776799,23.879621711617304,0.024793560988684044,40.58595199229512,0.005342998779298422,1.0,1.0,0.7229988054812212,44,44,0,,,,0.0,0.6704248877753419,0.9083290606601722,13.829488933973032,0.21468432730451154,permissive,ws2-C_Defect-Free.png,ws2-C,B,36
26.00635722022144,0.8569084189718601,0.04280776216932422,0.29838224208772307,0.21759985069055618,21.33358945274299,0.056843913101233066,29.355582861349703,0.02570935262079443,0.9663865546218487,0.9274193548387096,2.1366369348357592,124,119,6,1.0,1.0,1.0,0.0,0.5619609582963621,0.7760160758702658,23.070113506352786,0.30048525569242257,permissive,wse2_Vacancy-Anion-06A.png,wse2,B,36
21.358203212475267,0.8651885858639999,0.0789812953397781,0.3082575693806461,0.4038657964044429,18.418109952519494,0.0591693397489258,25.989426273878525,0.020550958253393866,0.9104477611940298,0.9312977099236641,1.097687584327565,131,134,23,0.8695652173913043,1.0,0.25,0.10690666666666666,0.6975058675746256,0.957209608274548,25.473657041789167,0.554237948013283,permissive,wte2_Mo_doped.png,wte2,B,36
31.913684699864593,0.8637586760250577,0.05071674844357075,0.20540065917506348,0.3062759023794208,31.538533787527815,0.02003839079720229,32.09021585232331,0.020945041751039034,1.0,1.0,0.6966305460192359,68,68,4,1.0,,1.0,,0.7301425565839254,0.7421721409733877,29.3936062598601,0.31132200163895424,permissive,zro2_Defect-Free.png,zro2,B,36
23.474351884117045,0.8057903329139305,0.03308402228931827,0.438656202257373,0.3298375893168253,19.759312513110586,0.05508147544480488,28.23167625047073,0.01940201154042649,0.9821428571428571,0.9243697478991597,3.420526275297414,119,112,25,1.0,1.0,1.0,0.0,0.5571231865259125,0.9575584625832607,28.525196964376384,0.5669101243082048,permissive,zrs2_Vacancy-Anion-03.png,zrs2,B,36
23.8304590948999,0.7894094656165203,0.031623721402127714,0.43593787007009077,0.359649703306642,19.75326366036215,0.06244341375347211,32.84210766303815,0.016190974555559387,0.9640718562874252,0.9583333333333334,4.720116852959264,168,167,5,1.0,1.0,1.0,0.0,0.5408859177687901,0.9388326344901419,17.441787722616894,0.6242552585613932,permissive,zrse2_Vacancy-Anion-03.png,zrse2,B,36
32.165463955085286,0.9090429377131888,0.012111445772128146,0.07921144052233366,0.03596144465672127,19.726166649157292,0.05587702838908611,36.33165922871714,0.011215736642819281,0.983739837398374,0.983739837398374,0.37482778414706003,123,123,13,1.0,1.0,,0.0,0.25797827194024786,0.4294595549275874,17.419688767367855,0.05986545262387708,permissive,cose2_Fe_doped.png,cose2,C,1
22.181916899760306,0.7364337174310687,0.018236644747442323,0.6345932101477338,0.677302839641799,22.672554518301826,0.03765701822733887,21.30334236740869,0.03559390745864567,0.8354430379746836,0.9428571428571428,0.6154574548966637,70,79,1,1.0,1.0,,,0.7621484361824639,0.9717996608586665,10.413421328043814,0.8636148007590133,permissive,cro2_Vacancy-Anion-03.png,cro2,C,1
27.45707380997395,0.8351731612553598,0.010124187988915675,1.0038723069450675,0.49364952395817074,24.99928479623447,0.02642857873012306,33.34068923885284,0.015787578291074866,0.9947368421052631,0.9792746113989638,1.5803020272576054,193,190,8,1.0,,1.0,0.0,0.5700155501506599,0.9887609919968383,6.920069424612829,0.8562948727953801,permissive,crse2_Anti-Anion.png,crse2,C,1
32.38557573680978,0.8395365557514732,0.010849952084728078,0.0692351484745592,0.16023403071920592,28.61683897120087,0.026633863635709836,33.714587509920825,0.01625741626186531,0.9948717948717949,0.9948717948717949,0.3517262290563295,195,195,1,1.0,1.0,,,0.42815637047659844,0.306916945916719,27.839279532137404,0.11486116459162281,permissive,crte2_Vacancy-Metal.png,crte2,C,1
34.63927811284689,0.8513052641325612,0.017708835013232657,0.05829678896726705,0.01417554540842212,31.454577236567005,0.020511289503833356,34.707375716243874,0.012663962049096951,0.9605263157894737,1.0,0.38818157028232203,73,76,0,,,,,0.15635085706089077,0.39012168933428776,31.127413093106014,0.03537037037037037,permissive,cus2_Cu_adatom.png,cus2,C,1
34.52206666291187,0.8732741792742192,0.03210156060927925,0.22630827725227023,0.025274183519012616,22.51160458038674,0.043163452210907866,36.640503383352396,0.011509635038011053,0.9939024390243902,0.9878787878787879,0.5913486717104743,165,164,6,1.0,1.0,1.0,0.0,0.038697637296212395,0.6463438541462458,18.20834990042284,0.4221398082015989,permissive,cuse2_Cu_adatom.png,cuse2,C,1
27.990192928882202,0.78400009990544,0.026865074284388606,0.8069404913948185,0.4923893987074815,30.276529372956254,0.023425533696180494,26.538143225974423,0.02185339942721146,0.9104477611940298,1.0,1.2803687993289599,61,67,2,1.0,1.0,,,0.5449767219964795,0.9870538108575174,27.749941186781722,0.8918084255774887,permissive,feo2_Int-Anion.png,feo2,C,1
30.658312941678865,0.917257594109529,0.0051210454948052205,0.14536697736551848,0.03735794918261789,18.620784740322627,0.05913152906629296,34.442304575936696,0.010896767470176339,0.9069767441860465,1.0,0.35805743701971643,78,86,3,1.0,1.0,,0.0,0.1739524081327376,0.6379845520825814,14.33242543839847,0.13701330571870837,permissive,fes2_Ni_doped.png,fes2,C,1
31.013944605565122,0.8126803194961687,0.037717098680087255,0.5780915401141662,0.3314873817832398,29.659669477425634,0.024036554694494,31.883481318081355,0.016433519922720987,0.9797979797979798,0.9897959183673469,0.5177269909067925,98,99,40,1.0,1.0,,0.0,0.5462467041105769,0.9592798840491266,29.83719905274193,0.5821347291761493,permissive,ges2_Vacancy-Anion-03.png,ges2,C,1
36.780125360518696,0.9219961275685188,0.0019394188527261155,0.027435729338248664,0.019617198335644938,30.332587204907327,0.023390115457018038,37.08735167066398,0.010633803769014407,1.0,1.0,0.31072773313293267,145,145,0,,,,,0.0,0.0,30.332586744301327,0.0,tight,gete2_Defect-Free.png,gete2,C,1
32.63008144313905,0.9320257067211754,0.017133777817393357,0.056441428820275585,0.01211254087871463,27.48707516349956,0.03443937458591725,32.75256898358572,0.011423676842146556,0.9846153846153847,1.0,0.5,64,65,2,1.0,,1.0,0.0432995672460895,0.08238238975189575,0.8209831254585473,30.76009388163358,0.12070773496374236,permissive,hfo2_Int-Anion.png,hfo2,C,1
38.65307432062997,0.9703538793764639,0.0018773812869340122,0.2607212718865146,0.003121681080260962,25.173123786217623,0.04098363890836552,38.95263006299242,0.004529492374403024,0.9821428571428571,0.990990990990991,0.674199862463242,111,112,2,1.0,1.0,,0.0,0.04607364440691655,0.7624544349939246,21.301969347813873,0.05165945986951904,permissive,irte2_Vacancy-Metal.png,irte2,C,1
32.694067921106786,0.7983887433380935,0.03625800380059826,0.8028659652283184,0.3731522491349481,30.77415074392761,0.022608893730678415,34.43941477301016,0.014988790191492638,1.0,1.0,0.414578098794425,64,64,5,1.0,1.0,1.0,,0.49479495714326127,0.9731641954358732,27.527428047927124,0.733916955017301,permissive,mno2_Defect-Free.png,mno2,C,1
32.98400923586126,0.8251688641543682,0.009996728355114271,0.6550457367791341,0.2851662326467928,30.740037463572353,0.021528456357405547,34.34997189875665,0.015158211585337393,1.0,1.0,0.6511528238439882,125,125,26,1.0,1.0,1.0,,0.3820527182591103,0.9727957767465623,22.85095163439255,0.7261000734495171,permissive,mns2_Int-Anion.png,mns2,C,1
32.07292752239371,0.8543128690192574,0.042226922663604095,1.1863667262576172,0.44369854277453047,30.415561117327737,0.023775272875745972,34.08370199800055,0.01536969284544504,1.0,1.0,0.3939192985791677,174,174,8,1.0,1.0,1.0,,0.4972664216490796,0.9986869407340163,31.581633711097496,0.8911036840616264,permissive,mnse2-B_Vacancy-Anion-03.png,mnse2,C,1
35.55195945645478,0.943371436033061,0.018029851865679934,0.03724112956151731,0.05939014401747321,27.64843740591531,0.03511454475926648,37.26854576286477,0.009822071798900682,1.0,0.9859154929577465,0.31622776601683794,71,70,1,1.0,,1.0,0.0,0.0,0.0,27.648437439086106,0.0,tight,mnte2_Defect-Free.png,mnte2,C,1
22.619409889506457,0.7868202330962041,0.5600731154262156,1.2808902022156412,0.259676200663899,25.944951934709657,0.04369427895912736,21.872490599786136,0.0635762112584193,0.7375886524822695,0.9629629629629629,0.5717718748968657,108,141,0,,,,,0.259676200663899,1.0,,1.0,permissive,mos2-A_Adatom-Li.png,mos2,C,1
26.150440774813596,0.8146198606954062,0.022844534269052134,0.2461441313941615,0.1756898635130049,19.141248549678977,0.04880797296667418,34.607306237319946,0.014309398736612565,1.0,0.9397590361445783,0.6405126152203485,83,78,1,1.0,1.0,,0.0,0.47181625939849625,0.6468920638500072,14.812898539032442,0.24088270834571424,permissive,mos2-A_Vacancy-Metal.png,mos2,C,1
32.23797395448547,0.8700616611629773,0.01996972980248569,0.2000399670035618,0.12204155709470721,27.653745367416505,0.031640291119454635,33.54823163557129,0.014648422126641832,0.9807692307692307,0.9902912621359223,0.3704792868174742,103,104,24,1.0,1.0,1.0,0.0,0.3886325984452657,0.7119411696042955,25.331702804334405,0.2235695339143615,permissive,mos2-B_Adatom-K.png,mos2,C,1
26.134123705031122,0.8426953316018916,0.021802695503186673,0.6662709831302088,0.2600751594788411,23.37288228827777,0.029273488674291488,27.760187590194917,0.019074798498666227,0.9666666666666667,0.9914529914529915,0.9331075260506765,117,120,34,0.9705882352941176,0.96875,1.0,,0.34148068339233495,0.9721854014438615,10.110250041692135,0.7404262835945491,permissive,mos2-B_Anti-Anion.png,mos2,C,1
33.828459307665575,0.9075426927378635,0.007788988132641952,0.15914372836694138,0.04294656888423258,23.177611518594333,0.036840805086497674,36.63857464065241,0.011106443054583172,0.9905660377358491,0.9905660377358491,0.3380617018914066,106,106,30,1.0,1.0,,0.0,0.13204650386605107,0.7238519241324632,17.908421516398256,0.2354243059193295,permissive,mose2-A_Doped-Na.png,mose2,C,1
31.568152908573616,0.8563161554408996,0.016459631697985002,0.5408889134474182,0.17174439538771485,27.372751905927313,0.0249246132146292,33.35609630662084,0.01512542569821417,0.9942528735632183,1.0,1.3727319707735428,173,174,5,0.8,0.5,1.0,,0.21865116927524747,0.9296477708794808,18.022102832322688,0.7302123965879378,permissive,mose2-B_Adatom-K.png,mose2,C,1
36.48417002882772,0.8916997730771374,0.004427902148077066,0.0714667322389447,0.013465000642976553,25.400261566928165,0.029792062834444816,37.24930150997453,0.010339592740719335,0.9935064935064936,1.0,0.8479116984486138,153,154,5,1.0,1.0,,0.0,0.18998511002040477,0.6854357341822523,22.856697442988867,0.04857955763213168,permissive,mose2-B_Doped-Na.png,mose2,C,1
36.674579083313866,0.8807564721778208,0.003012574620362667,0.0198892284002887,0.006609263148870504,32.053333900995085,0.018673883322935913,36.7297754428185,0.011140570960942075,0.994475138121547,0.994475138121547,0.4346134936801766,181,181,3,1.0,,1.0,0.0,0.07758620689655173,0.3611674098094852,31.71114517610462,0.030766428050923743,permissive,mose2-B_V_adatom.png,mose2,C,1
27.990851963176404,0.8896932428069871,0.041108539505343815,0.9934293252177332,0.2334533140732672,22.763091509245452,0.0353815376296811,33.37258539064592,0.016645479534439254,0.984375,1.0,1.8828100129788838,189,192,15,1.0,1.0,1.0,0.0,0.24971186200317144,0.9823705431860831,6.659081027526891,0.9184091501101139,permissive,mote2-A_Anti-2M.png,mote2,C,1
28.068798855809955,0.8733576718236933,0.05497343533238068,1.475703005949097,0.9604608207629828,27.973257197895784,0.02695500680214963,31.44418729516125,0.021659218939063064,0.9770642201834863,1.0,0.6953905917665056,213,218,1,1.0,,1.0,,0.960428679431303,0.9991543246555044,3.4671358519686093,0.9991877619645267,permissive,mote2-A_Ti_doped.png,mote2,C,1
36.95925554146644,0.9441550152470145,0.0025599868593182856,0.026287531120218352,0.014738379972710106,24.056176648401326,0.044761258283133,38.367405985635315,0.008709702505602959,1.0,0.990990990990991,0.3302891295379082,111,110,23,1.0,1.0,,0.0,0.0,0.0,24.05617676546766,0.0,tight,mote2-B_V_adatom.png,mote2,C,1
34.69305647943903,0.9337050649163385,0.003933692210204011,0.14736130208497966,0.019282101229882893,21.368347264448985,0.056065837467213116,36.933941885622986,0.009656673881381557,0.984251968503937,1.0,0.45607017003965516,125,127,5,1.0,1.0,,,0.07485702614379085,0.1746485584941625,22.129906713037386,0.04498697527829718,permissive,mote2-B_Vacancy-Anion-06B.png,mote2,C,1
33.23223921243858,0.8311011109485331,0.06442790466310912,0.4221844809379934,0.24635063267925913,31.102876648186914,0.02178207307015339,34.23869562652254,0.015453230604676158,1.0,1.0,0.5291502622129182,75,75,0,,,,,0.46280417292030607,0.9334747707844816,31.378214595668112,0.49688856287059113,permissive,nbo2_Defect-Free.png,nbo2,C,1
33.98274085697961,0.8499667022193027,0.014062156897872543,0.10835774792350775,0.0826124109657649,29.567282149054176,0.025204618673655206,34.73403673899684,0.014392495218355493,1.0,0.9862068965517241,0.3447914135838056,145,143,31,1.0,1.0,1.0,,0.3300291128614549,0.5774375,27.97063635032419,0.1445433211738191,permissive,nbs2_Anti-Metal.png,nbs2,C,1
29.606771484908997,0.8578292551512439,0.01159861230542439,0.28472605768269627,0.16223786694754885,22.8617606447594,0.031572851141462986,35.159746736700484,0.01343103454593003,1.0,1.0,1.8479973862596888,106,106,21,1.0,1.0,,0.0,0.429362996990603,0.8150470219435737,16.097656627300164,0.3079713231668435,permissive,nbs2_Vacancy-Metal.png,nbs2,C,1
37.60812616508469,0.924580181113253,0.006855239741373159,0.11015033039168927,0.014761660441051658,33.01276273276709,0.01726218482876668,37.732276880358235,0.009655459024097285,1.0,1.0,0.30794088102571987,116,116,27,1.0,1.0,,0.0,0.05840129073328138,0.864219587461426,31.223756791770718,0.218442365509933,permissive,nbse2_Cu_doped.png,nbse2,C,1
29.33408213031509,0.9320139336563721,0.005320753262329599,0.17640205362995776,0.029712726627570765,18.190066724661076,0.06403192253671373,31.3261659151725,0.009962175401613869,1.0,1.0,0.4303314829119352,81,81,17,1.0,1.0,,0.0,0.08129489647401286,0.5588638747680142,14.797514941458111,0.20426091001069302,permissive,nbse2_Vacancy-Anion-03.png,nbse2,C,1
29.660954109828115,0.8819563312761409,0.012183308823318228,0.34422845075270614,0.13162393162393163,23.395040858305602,0.03216425622259251,32.58488805404796,0.015062503514101792,0.9383561643835616,0.9927536231884058,0.46795096130874764,138,146,3,1.0,1.0,,0.0,0.29714275931727524,0.8625596342433077,17.2446905181426,0.3820839874411303,permissive,nbte2_Vacancy-Anion-12A.png,nbte2,C,1
32.51207086703767,0.8930979076750867,0.004756132591530099,0.026751544616051264,0.027446363160648874,19.342895451559517,0.060137574958979305,36.05026641395039,0.011879253619456251,1.0,0.9933333333333333,0.295378269592824,150,149,3,1.0,1.0,1.0,0.0,0.0,0.0,19.342895540001845,0.0,tight,nbte2_Vacancy-Metal.png,nbte2,C,1
36.95553680968758,0.9113523088695816,0.03548332004794866,0.12295214868385933,0.025296242774566473,32.4803484685835,0.01835976703950624,37.163584164384666,0.01052035376091246,1.0,1.0,0.30779350562554625,190,190,7,1.0,,1.0,0.0,0.07613302460359372,0.802984861468152,31.020486122110654,0.2668027456647399,permissive,pbse2_Defect-Free.png,pbse2,C,1
35.50871790968605,0.9104489495182227,0.016747933259037603,0.19341799178210195,0.03808735699550278,33.19512067177743,0.017043318467713446,35.63142141612626,0.011865893934024535,0.9900497512437811,1.0,0.3248501780682208,199,201,5,1.0,,1.0,0.0,0.08256774554016842,0.9044371584699453,31.46144603620688,0.41720432972079263,permissive,pbte2_Vacancy-Metal.png,pbte2,C,1
35.628614986799455,0.9457079647564516,0.01555485784765848,0.020070927458437055,0.01640806172787452,22.05206540344659,0.049948986661352994,37.59006946712278,0.009644170444399141,1.0,0.9859154929577465,0.304724700110022,142,140,29,1.0,1.0,1.0,0.0,0.004009533155754942,0.03674675574971091,21.901518457329438,0.1503773664460092,permissive,rete2_Defect-Free.png,rete2,C,1
34.06536517411738,0.8313130198279217,0.016754873343865332,0.26099728723440674,0.1301945780442028,30.328324012596628,0.022413104985310628,35.05739664025203,0.013709631912725602,0.98,0.98989898989899,0.41649656391752143,99,100,2,1.0,1.0,,0.0,0.3619259766963674,0.8376593761773512,26.45375950294553,0.30132876899762745,permissive,rus2_Anti-Anion.png,rus2,C,1
26.5244004331773,0.8805928301394605,0.010336341107191381,0.3146320659987695,0.04995418706146167,18.422981368089452,0.06016362608286009,27.99362946716162,0.01645733285489969,0.9552238805970149,0.9846153846153847,0.33071891388307384,65,67,4,1.0,1.0,1.0,0.0,0.0945578231292517,0.7631832991432363,12.420237937540314,0.4031839992284137,permissive,sno2_Anti-Metal.png,sno2,C,1
35.42790316153663,0.8671805779113464,0.03691553976490247,0.17501838980703402,0.07402317320703654,31.1467506392923,0.021839279290294007,36.05418196489076,0.01201883486754157,0.9230769230769231,0.9896907216494846,0.6373774391990981,97,104,5,1.0,1.0,1.0,0.0,0.278630321080924,0.8764638674664381,30.724274298842133,0.23284844384303113,permissive,sns2_Vacancy-Metal.png,sns2,C,1
33.28107218422665,0.9049991701721255,0.006936824191336438,0.11593326579930785,0.05069818435922459,25.119921261446358,0.030775338957479862,34.80719869200663,0.012008032661012835,1.0,1.0,0.5406548735632486,130,130,36,1.0,1.0,1.0,0.0,0.2349503554347352,0.6401299112801014,21.193029401402374,0.13812885788524637,permissive,snse2_Vacancy-Anion-03.png,snse2,C,1
27.96865241142282,0.8971833768147521,0.04272486588192285,1.0733810838171944,0.23320069760747728,24.08566771438216,0.033155817156682324,30.482820015831777,0.0202610037369982,0.9742268041237113,0.984375,0.26226526415648105,192,194,0,,,,,0.2340651388860445,0.9958177831346297,4.028379957853822,0.992140063326504,permissive,snte2_Fe_doped.png,snte2,C,1
39.130570240815686,0.9415241908987766,0.006473107685305378,0.07468940397760955,0.005578313862337531,30.69611118393016,0.022642147721400177,39.27859004509953,0.007873271416973988,1.0,1.0,0.19069251784911845,55,55,2,1.0,,1.0,0.0,0.04117382360503986,0.5806890299184043,28.889911158407415,0.07867293784453548,permissive,tas2-A_Doped-Li.png,tas2,C,1
33.935077548942914,0.907740552782645,0.021378091017181158,0.14792756456908412,0.07127196384433206,27.621832601147357,0.034142543750750966,35.19386663744931,0.012973357338665375,0.9895833333333334,0.95,0.29019050004400465,100,96,14,1.0,1.0,1.0,0.0,0.2836066050351765,0.7077922077922078,26.60689846689423,0.1778722348050014,permissive,tas2-B_Vacancy-Anion-06B.png,tas2,C,1
34.35011031802633,0.9014374601480071,0.008279006280843222,0.18753409162648918,0.03963316889536988,29.133948218294936,0.025213715968772275,34.7879192017748,0.011984460825513198,0.9693877551020408,0.9895833333333334,0.47016234598162726,96,98,2,1.0,1.0,,,0.21065400299385742,0.7986822362841672,24.393700097533507,0.15026682386522291,permissive,tas2-B_Vacancy-Anion-09B.png,tas2,C,1
31.620960655983616,0.8651483173753991,0.02289698247043536,0.10106019457452234,0.09442221699223347,24.379591052695613,0.03856925466353239,34.20293108148153,0.015365263462948935,0.9947916666666666,0.9896373056994818,0.6710154842510805,193,192,10,1.0,1.0,,,0.3312739594742607,0.4824775672981057,22.25915748885226,0.13751941633325487,permissive,tase2-A_Vacancy-Anion-12B.png,tase2,C,1
35.7320728369439,0.9209334107128605,0.005807939398919966,0.17163173965821948,0.051360125055742833,32.4019055814632,0.018601975163656862,36.011975694280494,0.012088552563503866,1.0,1.0,0.2843982294972605,136,136,31,1.0,1.0,1.0,0.0,0.19384040037397568,0.8226589487442816,31.15296325556131,0.2179724474578872,permissive,tase2-B_Defect-Free.png,tase2,C,1
33.386688272852794,0.9156974838622272,0.006498431091372956,0.40349075994381595,0.06820524869693642,24.905930606706562,0.02739241717019746,35.92588764221968,0.01192052374687284,0.992,1.0,0.7240121189504336,124,125,13,1.0,1.0,,,0.13358219917033465,0.9270598987626547,15.645972590555262,0.47334413825180893,permissive,tase2-B_Vacancy-Anion-09B.png,tase2,C,1
38.274705589628255,0.9480200743517228,0.0033472060734304615,0.023909202085587857,0.004336993243243243,31.123926673166554,0.020866028529237284,38.354681024647356,0.008897453809197526,1.0,1.0,0.25197631533948484,126,126,29,1.0,1.0,1.0,0.0,0.0,0.0,31.123926546369738,0.08112119932432432,permissive,tate2-A_Fe_doped.png,tate2,C,1
34.12391864268053,0.9015855421811246,0.006567647843775935,0.07604479075218214,0.01509495938843765,19.663923951998004,0.06518863112374486,36.43507521725107,0.011328488053545967,0.9943502824858758,0.9943502824858758,0.32856437033638547,177,177,4,1.0,1.0,1.0,0.0,0.04900330333750997,0.3039423484527342,18.155190469601564,0.09362628830796532,permissive,tate2-B_Anti-Anion.png,tate2,C,1
29.72930300682233,0.8966425443915859,0.018256299469485787,0.09052644470335731,0.046797146952426455,17.64312449044912,0.06220386288397917,35.657045935634464,0.012702175796444717,1.0,0.994475138121547,2.1959558789334137,181,180,2,1.0,,1.0,,0.09779472939244309,0.4125341841385597,15.38912710280787,0.19740760016381134,permissive,tate2-B_Anti-Metal.png,tate2,C,1
28.985470871379885,0.9014889760063738,0.011545190628086007,0.23782177815602715,0.023091427206334038,18.433483827391104,0.07085783279428812,30.204683256467938,0.014120117294100105,0.9205298013245033,1.0,2.0391844892738282,139,151,4,1.0,,1.0,0.0,0.04995553861788618,0.29059671162017364,17.11963312263489,0.1343253020271654,permissive,tate2-B_Vacancy-Anion-12A.png,tate2,C,1
31.082846090027367,0.7851937694166415,0.017849487971980844,0.6545805182198043,0.45530797648644256,29.311540837627636,0.02473943702452867,33.455715264124876,0.016980271488041175,1.0,1.0,0.5976143046671968,126,126,32,1.0,1.0,,,0.6099645020145015,0.9382470345421968,29.12777644241826,0.7003544588758,permissive,tis2_Vacancy-Anion-12A.png,tis2,C,1
33.2612848305953,0.8420395843113945,0.022602909554426828,0.5611976094611587,0.18927277843609544,30.36493964004861,0.023238526406491315,34.34796385062618,0.014689610789386477,0.992,1.0,0.4306783846070545,124,125,15,1.0,1.0,1.0,,0.28163170144747707,0.9721066630293937,24.406707466050225,0.6533118541064822,permissive,tis2_Zr_doped.png,tis2,C,1
28.547314807300474,0.8509881415036464,0.21290539804156494,0.9842227752978349,0.49700705364654113,26.865094743305047,0.024622370427821283,31.28359339200424,0.016789067938991518,0.9637305699481865,1.0,1.51692955301728,186,193,6,1.0,,1.0,0.0,0.5005926734275339,0.9897743284026282,9.499267206543331,0.9826848231041592,permissive,tise2_Adatom-Li.png,tise2,C,1
31.861744849471506,0.8607309647684593,0.038438898982170816,1.3246904668922606,0.4991702951807786,30.475504783726386,0.023606765755880214,33.9013591942829,0.01503922967045785,0.9946524064171123,1.0,1.0212789788731442,186,187,5,1.0,,1.0,0.0,0.5107854414291597,0.999217531009385,31.040011469382645,0.9764955487145354,permissive,tise2_V_doped.png,tise2,C,1
31.161476829609335,0.9356506409349497,0.05718591278826311,0.042283593787999264,0.019378906662197475,30.475352182669493,0.02305774330916235,31.17619061251398,0.010612031057253547,0.9855072463768116,0.9855072463768116,0.24253562503633297,69,69,2,1.0,,1.0,,0.2130581912281866,0.3428357890241298,30.096953708086303,0.031182949210546464,permissive,tite2-B_Cu_doped.png,tite2,C,1
38.28643637105417,0.9407977519376447,0.0024583839041416866,0.01927377855527069,0.010976414674669829,30.526863385675448,0.022841935158899436,38.532833555311356,0.008744934751741292,1.0,1.0,0.21004201260420147,68,68,0,,,,,0.0,0.0,30.526863311883375,0.0,tight,tite2-B_Vacancy-Anion-06A.png,tite2,C,1
29.381181300523455,0.7134753271352234,0.11125400253626873,1.267973086026357,0.8219709702062643,28.982254530872986,0.027943567161104597,31.931955772116464,0.019952349535863684,0.9504950495049505,1.0,0.5590169943749475,96,101,1,1.0,1.0,,,0.8382850251066144,0.98836387969813,29.746863920760745,0.9691291061879297,permissive,vo2_Vacancy-Anion-03.png,vo2,C,1
27.773206832404725,0.7169169494981656,0.05207897844943146,1.1189947623335834,0.7048762334909598,26.6303894513667,0.02798841865424794,33.28526065122636,0.01725690056276574,1.0,0.9875776397515528,1.7644283910575151,161,159,11,1.0,1.0,1.0,,0.7884508230777406,0.9828127509233981,12.528955806978349,0.8786360922214016,permissive,vs2_Vacancy-Anion-06A.png,vs2,C,1
31.432419981900274,0.7689358347789105,0.02684933525469338,1.099341782427129,0.5168083041144192,30.089512284712082,0.022825714808547976,33.56182967794019,0.016786755810991198,0.9884393063583815,0.9884393063583815,0.5514467945790074,173,173,16,1.0,1.0,1.0,,0.5620725752361609,0.9820011718129699,20.003054097078802,0.9029196274694581,permissive,vs2_Vacancy-Anion-12A.png,vs2,C,1
35.65397682310384,0.9150452656389668,0.0050730393960947895,0.09294480123133712,0.03828827084478935,31.190708771179306,0.021781640690076005,35.97592189907295,0.010747413699830722,0.9545454545454546,1.0,0.6454972243679028,84,88,1,1.0,,1.0,0.0,0.2775323527883166,0.7201132762457015,30.302980834631832,0.09934658746201765,permissive,vse2-A_Vacancy-Anion-06A.png,vse2,C,1
28.57022237268962,0.8939600257023801,0.003401033866554556,0.20617862767483788,0.0452277133659136,19.012248887150264,0.05516120234502322,30.649741440011006,0.013262777967702614,0.9484536082474226,1.0,0.531609533071195,92,97,4,1.0,1.0,,,0.24005702066999288,0.6728694560191791,14.428713015432502,0.12677132626480891,permissive,vse2-A_Vacancy-Anion-06B.png,vse2,C,1
29.5330733466999,0.8278065534769202,0.023324853428322988,0.9724587176952372,0.504981986618631,27.78910681439354,0.027037018656845466,32.57917707073258,0.017081519737608568,0.994475138121547,0.9782608695652174,1.2494443209327541,184,181,5,0.8,,0.8,0.0,0.5955177240524048,0.9886208442895289,15.033439987253471,0.8383221821924859,permissive,vse2-B_Anti-2M.png,vse2,C,1
29.61144403534016,0.8127097640251627,0.014696759067333146,1.3004438778951908,0.514825012866701,31.10185149121344,0.021921182819938545,28.444565950278523,0.019884553269552883,0.9946524064171123,1.0,0.48637345711392005,186,187,8,1.0,1.0,,,0.5447690651688094,0.996716001619506,28.985979059919707,0.9419300051466803,permissive,vse2-B_Vacancy-Anion-09B.png,vse2,C,1
34.355183547300214,0.8739379892851024,0.006858395192991739,0.02815527564039267,0.05663731873997976,28.39429265674952,0.027265467689017435,35.20030910064459,0.013315476536524588,0.9876543209876543,0.9937888198757764,0.3446012188022555,161,162,7,1.0,1.0,1.0,0.0,0.11612442295009892,0.16707519569858464,27.992523864467195,0.0814875189209039,permissive,vte2_Defect-Free.png,vte2,C,1
33.57873952033634,0.8725927403534336,0.011218422808035531,0.49182455230110445,0.1848717856854965,30.331183144373647,0.021158198178207573,34.8412952381529,0.014329416975101256,1.0,0.9942528735632183,0.4023054945966547,174,173,7,1.0,1.0,1.0,,0.27844292792644765,0.9236340733742717,22.83923040421819,0.61324552839703,permissive,vte2_Vacancy-Anion-09B.png,vte2,C,1
35.3748971437824,0.966584770192058,0.0016963545178157132,0.3567256055253489,0.001012445111823994,31.02847957271935,0.02108923355222083,35.38247625573568,0.0054403175797414355,0.9523809523809523,1.0,0.15811388300841897,40,42,0,,,,0.0,0.02193045736545953,0.8539325842696629,25.439716900736062,0.03942279252838259,permissive,ws2-A_Vacancy-Metal.png,ws2,C,1
23.67162597947351,0.8681310783983499,0.06389901277067796,0.14418773560164583,0.05322446704434282,27.17108333459455,0.03127238446721698,23.538607966413405,0.021755712291016027,0.9694656488549618,0.9071428571428571,0.4255612320274539,140,131,21,0.8571428571428571,0.8571428571428571,,,0.19417422065001105,0.37542078546620355,25.654197592968387,0.10290537619730167,permissive,ws2-B_Vacancy-Metal.png,ws2,C,1
29.23216911191586,0.9053735991688301,0.007046409797426193,0.2688481700863171,0.044669871579372016,16.479186240510543,0.06773301493756148,37.0471809584303,0.010846662356853694,1.0,0.96875,0.2839809171235324,64,62,0,,,,0.0,0.14967714618397374,0.9754782063342741,20.70823466175569,0.2911231762253748,permissive,ws2-C_Defect-Free.png,ws2-C,C,1
36.2533527675954,0.9090874682600839,0.003237651048448313,0.04919663777557919,0.0093505039193729,21.326441873316426,0.06450809059079841,37.70458573522485,0.010001064532353792,1.0,1.0,0.5063696835418333,117,117,6,1.0,1.0,1.0,0.0,0.05297721539262403,0.3772455089820359,21.032394067823557,0.06658401322455074,permissive,wse2_Vacancy-Anion-06A.png,wse2,C,1
38.04904748475204,0.947288458755373,0.010026601504460223,0.02849015725032721,0.005148288102599336,31.427637114770526,0.019978955295268327,38.13056910835758,0.009178849762085496,1.0,1.0,0.2621112169983114,131,131,30,1.0,1.0,1.0,0.0,0.0017344173441734417,0.0498220640569395,31.35074641712107,0.14788732394366197,permissive,wte2_Mo_doped.png,wte2,C,1
36.073653419679495,0.9462151459741139,0.001933783205969597,0.02316046285893543,0.008115466969785086,16.6417145478136,0.12093135920008412,41.445017486898266,0.005480578608266346,1.0,0.9772727272727273,0.26413527189768715,44,43,0,,,,0.0,0.0,0.0,16.641714262789243,0.0,tight,zro2_Defect-Free.png,zro2,C,1
27.70730411203766,0.8304485157466067,0.08904087561812946,0.7451243787212887,0.26255865835833525,27.312825895594685,0.03607532713358782,27.856876789529284,0.026914516239248964,0.9927007299270073,1.0,1.325651892910228,136,137,28,1.0,1.0,,,0.33635855092562916,0.9948725461470846,31.95005790390152,0.7765891493915822,permissive,zrs2_Vacancy-Anion-03.png,zrs2,C,1
29.876871903820593,0.8508854571420715,0.02858059218982193,1.0408282640436735,0.4924026847790993,30.39131704317546,0.023884912208475176,29.430045395191687,0.021723463445627096,0.95260663507109,1.0,0.4051902077760665,201,211,2,1.0,1.0,,,0.5029281226819883,0.9995886667508339,31.70214454435337,0.9786689608011824,permissive,zrse2_Vacancy-Anion-03.png,zrse2,C,1
35.07465267977543,0.9108843887395776,0.013167623755763101,0.13040510269033154,0.0385045323360839,25.540116703328607,0.035636314319598586,36.747762365228844,0.011050786075610147,0.9919354838709677,1.0,0.8361740200878754,123,124,13,1.0,1.0,,0.0,0.27889936620806927,0.5952098178939034,23.703936394116106,0.0821739969919922,permissive,cose2_Fe_doped.png,cose2,C,2
23.3926237773245,0.7470846325017296,0.023467077713754864,0.6393423104420535,0.6759504311062285,26.353734242601607,0.03173002926706436,20.315324338928953,0.039942078756512275,0.9054054054054054,0.9571428571428572,0.6108472217815262,70,74,1,1.0,1.0,,,0.7589214908802537,0.9897623107751218,30.343201804052118,0.8815539798262259,permissive,cro2_Vacancy-Anion-03.png,cro2,C,2
29.85521409945442,0.8401389160055974,0.01077769958215381,1.0082866754378113,0.49902450444825974,27.714521766864188,0.02371327604836909,34.227486509889864,0.015246970552408744,0.9795918367346939,0.9948186528497409,0.9270248108869579,193,196,8,1.0,,1.0,0.0,0.5785109406081274,0.9948881851591211,8.354256249869984,0.8581922116435149,permissive,crse2_Anti-Anion.png,crse2,C,2
27.827508814265922,0.8366887011831586,0.012527872680857845,0.13619522210634435,0.18262739057887306,29.24554364448788,0.025455048496264246,27.565279621384356,0.019438977886246274,0.9847715736040609,0.9948717948717949,0.39974218495549063,195,197,1,1.0,1.0,,,0.5052443873425854,0.5343383584589615,29.866717335215075,0.1931437983998631,permissive,crte2_Vacancy-Metal.png,crte2,C,2
35.34316872292094,0.8506055083250493,0.012780704111192333,0.06115565378110586,0.011849315068493151,31.51901015111123,0.02033918836953374,35.41734388703158,0.012315582225220095,0.9605263157894737,1.0,0.3310423554409472,73,76,0,,,,,0.1450985935401795,0.4395204453007921,31.14797644880571,0.03589294774226281,permissive,cus2_Cu_adatom.png,cus2,C,2
32.79072421255571,0.8783725505687151,0.03935088702441352,0.3344038868568537,0.03580302883912668,20.410146889644366,0.06067142262590862,36.827796558765286,0.011302201196142786,0.9878787878787879,0.9878787878787879,1.1696572829291503,165,165,6,1.0,1.0,1.0,0.0,0.04747588459925391,0.7441184611126488,17.106795730363675,0.5611626818083849,permissive,cuse2_Cu_adatom.png,cuse2,C,2
25.62125211699336,0.7767931543793573,0.023475485888892648,0.8249106001901949,0.49692641740572024,25.319057529452913,0.027508703086988648,25.941938304779892,0.02273509616012674,0.8840579710144928,1.0,2.0842893981119723,61,69,2,1.0,1.0,,,0.5427727041694677,0.9773554268000147,10.81201730882049,0.8948013174592695,permissive,feo2_Int-Anion.png,feo2,C,2
34.77679492516162,0.9160908833771404,0.015973632707355183,0.1378890111749833,0.04191274425729064,24.85253423001368,0.03449543410622848,36.89619634759362,0.010760452179333095,0.9506172839506173,0.9871794871794872,0.30151134457776363,78,81,3,1.0,1.0,,0.0,0.21241980224979154,0.8031141423240252,22.071450050522408,0.1584631813989612,permissive,fes2_Ni_doped.png,fes2,C,2
27.907044995098925,0.8071819480370949,0.042756549052014016,0.5766716980712269,0.3306630253375816,24.09718142913803,0.030185184021897484,33.04614319431943,0.015732278940260965,0.9797979797979798,0.9897959183673469,1.2923246855119286,98,99,40,1.0,1.0,,0.0,0.5346867473068474,0.9269064880242268,14.102320725850939,0.5732210590198756,permissive,ges2_Vacancy-Anion-03.png,ges2,C,2
36.735633830412155,0.9221917332566805,0.005821586205680789,0.05087548761637107,0.02143023578363384,30.275942915522037,0.02356067953629932,37.0743029527358,0.010646871217930884,1.0,1.0,0.3713906763541037,145,145,0,,,,,0.0,0.0,30.275943090604052,0.0,tight,gete2_Defect-Free.png,gete2,C,2
30.997262935007285,0.9309970819071739,0.0025993360943391817,0.11822244060148077,0.011167590881084412,13.920696444444925,0.1520059823594612,34.61037828095597,0.009235939564253755,0.984375,0.984375,0.1781741612749496,64,64,2,1.0,,1.0,0.029180668713584604,0.01689011566771819,0.1363395225464191,13.363626192600172,0.0901464524385042,permissive,hfo2_Int-Anion.png,hfo2,C,2
38.0859619115779,0.9699649046889267,0.0017805460363977616,0.24452924970892667,0.008086785009861933,23.610753815194506,0.050567251968234216,39.16676484298704,0.004546686236764829,0.9821428571428571,0.990990990990991,0.9723448696087954,111,112,2,1.0,1.0,,0.0,0.13482699717951774,0.7959662288930581,19.711565997187893,0.04774123805188894,permissive,irte2_Vacancy-Metal.png,irte2,C,2
28.592974349584807,0.7888976606173007,0.03262942468655639,0.8093919907307258,0.3730138408304498,25.08603857798225,0.028270979143503662,34.427951026340935,0.015023180027010362,1.0,0.984375,0.4879500364742666,64,63,5,1.0,1.0,1.0,,0.48102984903934126,0.9364198847877107,14.247194447347038,0.7261453287197231,permissive,mno2_Defect-Free.png,mno2,C,2
33.655685970494865,0.8267413992968693,0.012569133482606304,0.6948016389400172,0.30188965575850285,31.953556124804933,0.01983749341654342,34.66568548090221,0.01463541418142569,1.0,1.0,0.5440588203494178,125,125,26,1.0,1.0,1.0,,0.4033503174662497,0.9765346952727565,28.991847509457862,0.7308925026860671,permissive,mns2_Int-Anion.png,mns2,C,2
32.94807888916906,0.8554198205581698,0.019944282135532312,1.1590367742910408,0.41839489419651205,31.426933999566916,0.021141923420055636,34.507848878063335,0.014634702209136022,0.9942857142857143,1.0,0.4420433223684922,174,175,8,1.0,1.0,1.0,,0.47086309451421376,0.9984126984126984,31.284877074254535,0.887159728981956,permissive,mnse2-B_Vacancy-Anion-03.png,mnse2,C,2
36.824541992645614,0.941901882192834,0.002697197478074796,0.056602668363337515,0.017264179919459423,24.127851291188243,0.048382611770835485,38.43167840399988,0.008684095653266123,1.0,1.0,0.31399291281137964,71,71,1,1.0,,1.0,0.0,0.9925983638488508,0.314801087225105,24.085716653186815,0.005475308852638045,tight,mnte2_Defect-Free.png,mnte2,C,2
25.75254748366899,0.8188828708335586,0.3525775210427086,0.9616944449522681,0.2883857292842852,26.71917786436427,0.04043219050770974,25.414826052631703,0.046821661526130785,0.8760330578512396,0.9814814814814815,0.4856429311786321,108,121,0,,,,,0.2883857292842852,1.0,,1.0,permissive,mos2-A_Adatom-Li.png,mos2,C,2
33.85711055752764,0.824668710331524,0.013039336527845842,0.22235912878420153,0.1362294724747925,30.666644334692986,0.022209578619676693,34.67196162254737,0.014174656409805083,0.9878048780487805,0.9759036144578314,0.49690399499995325,83,82,1,1.0,1.0,,0.0,0.3782398698459505,0.7727206630798313,28.331323822882215,0.27830838759703086,permissive,mos2-A_Vacancy-Metal.png,mos2,C,2
30.302889303146628,0.86149627976275,0.009354227088924739,0.16907124699880832,0.06762073809001473,20.787524322051517,0.045047603814169765,34.030716776991795,0.01355691988694573,0.9807692307692307,0.9902912621359223,0.8966167345234256,103,104,24,1.0,1.0,1.0,0.0,0.19356823547139484,0.649490182860032,16.85684906441783,0.22689159427557146,permissive,mos2-B_Adatom-K.png,mos2,C,2
27.839360951690864,0.8505175849806098,0.01957426049847485,0.6741776684716088,0.26667939268405955,23.148605213312948,0.029254675623196988,33.17505621403659,0.015707161560495994,0.9666666666666667,0.9914529914529915,1.9913606507559878,117,120,34,1.0,1.0,1.0,,0.3425490120556176,0.9501607888804606,10.85938868761113,0.7397140065016653,permissive,mos2-B_Anti-Anion.png,mos2,C,2
33.437462472042,0.9081876900639632,0.006110394484326479,0.16388148737600008,0.051241487689889995,23.22360064239179,0.03604284505468556,36.56522863633393,0.011193953515914007,0.9905660377358491,0.9905660377358491,0.40237390808147827,106,106,30,1.0,1.0,,0.0,0.16745531609517617,0.7633408300960949,17.43000367578384,0.2335830277632268,permissive,mose2-A_Doped-Na.png,mose2,C,2
33.18156896038519,0.8550546174151611,0.010312518863572245,0.49397839923025316,0.1262671996227871,30.356339224743415,0.019234073377134127,33.79865742171298,0.014439396871008484,0.9942528735632183,1.0,0.41642574923301445,173,174,5,0.8,0.5,1.0,,0.16795256952979198,0.939445375655089,23.00908641404385,0.7062775944103905,permissive,mose2-B_Adatom-K.png,mose2,C,2
35.33467298804681,0.891099784843567,0.00605750712754869,0.09073491738739577,0.021582579621929786,23.016393356338543,0.04344431316394955,37.23323025212837,0.010365847646537826,1.0,1.0,0.7669649888473704,153,153,5,1.0,1.0,,0.0,0.23103949600193846,0.7101539225422046,19.480765633039503,0.06633910583394059,permissive,mose2-B_Doped-Na.png,mose2,C,2
34.63152936884139,0.8699692372077027,0.04609509759902735,0.13037133257404385,0.03521904067898324,24.85661919368558,0.035797709229328706,36.24369490512004,0.011905906418585313,0.994413407821229,0.9834254143646409,0.5558675777961365,181,179,3,1.0,,1.0,0.0,0.17569422089693848,0.7888331051270349,29.540281886952986,0.15812668781345107,permissive,mose2-B_V_adatom.png,mose2,C,2
30.238596164348305,0.8993153097091919,0.0861040091958161,1.2579761301639076,0.2980653105685666,27.51958145566023,0.03575415449386993,32.242027767955676,0.019155985830792456,0.9946808510638298,0.9894179894179894,0.5617010071117678,189,188,15,1.0,1.0,1.0,0.0,0.30664548789935536,1.0,,0.9720192284922683,permissive,mote2-A_Anti-2M.png,mote2,C,2
27.404410392328163,0.8760250782760727,0.20342811296209798,1.4179956533742997,0.9972767529422908,27.400835480021513,0.03714756084685309,28.96318407096966,0.02817725778273914,1.0,1.0,0.4167840210322289,213,213,1,1.0,,1.0,,0.9972767529422908,1.0,,1.0,permissive,mote2-A_Ti_doped.png,mote2,C,2
36.370587961895055,0.9423206948016379,0.003081706838631001,0.06769871645234171,0.014260577130702048,21.290863622326622,0.0696278118165978,38.97875677382561,0.008224293796127049,1.0,0.990990990990991,0.31622776601683794,111,110,23,1.0,1.0,,0.0,0.996708979783733,0.34149484536082475,20.263679788429386,0.004885993485342019,tight,mote2-B_V_adatom.png,mote2,C,2
34.15904155132623,0.9320838270633476,0.023869821235765767,0.07895280445896756,0.0213219518246096,20.35745055591153,0.05694066598630945,37.17826514942766,0.010252042301296676,0.9920634920634921,1.0,0.521536192416212,125,126,5,1.0,1.0,,,0.16801383359472394,0.45011850894203836,29.535835288089412,0.057122708039492244,permissive,mote2-B_Vacancy-Anion-06B.png,mote2,C,2
33.47225808587642,0.8337007573582274,0.041121646083657065,0.43524643465815627,0.2318968152087536,31.529625957448918,0.020815070892536078,34.283074002524955,0.015388021099002468,1.0,1.0,0.3651483716701107,75,75,0,,,,,0.42052592919053916,0.9432069801771404,30.92774215561449,0.5201265358518247,permissive,nbo2_Defect-Free.png,nbo2,C,2
31.819309110660296,0.8364959532460366,0.16763722537798126,0.2068251062429728,0.18126970112378696,30.678441171550432,0.022219234751103052,32.11824087456737,0.020804552759108266,1.0,1.0,0.575355961782461,145,145,31,1.0,1.0,1.0,,0.4095543640678562,0.53088371430606,29.586729563223276,0.23497034988937682,permissive,nbs2_Anti-Metal.png,nbs2,C,2
29.992524238926137,0.8563328335629623,0.018960127964816956,0.31907026468055705,0.19909332878965072,24.30670336586955,0.02970704492510743,34.83359003282313,0.014014059191994784,1.0,1.0,1.3352972957077867,106,106,21,1.0,1.0,,0.0,0.5187314584549445,0.8411805132327961,17.398114919530965,0.3228518836920519,permissive,nbs2_Vacancy-Metal.png,nbs2,C,2
35.631336973642874,0.9208914858587735,0.015692088919241048,0.10199973615037837,0.024428546083137135,24.364390418676546,0.04301730947274141,37.24399354092228,0.010196891691166598,1.0,0.9827586206896551,0.2961744388795462,116,114,27,1.0,1.0,,0.0,0.08831872999902178,0.6202767690646775,22.152462594987444,0.1715656422772804,permissive,nbse2_Cu_doped.png,nbse2,C,2
30.092266720975505,0.9308079115371393,0.0036192817671012187,0.19414773391093068,0.040918833644214496,23.160909607786273,0.03918563800401125,30.89005156249509,0.010308512904801602,0.9878048780487805,1.0,1.8592445034090568,81,82,17,1.0,1.0,,0.0,0.17428077996073627,0.6918028944747173,18.73512286145174,0.16242621567320556,permissive,nbse2_Vacancy-Anion-03.png,nbse2,C,2
27.86115764068159,0.8699798108098212,0.010304800125726649,0.42091220456095996,0.10592621664050235,23.885080872856086,0.032290438448209016,28.709731628492072,0.018081121950837168,0.8954248366013072,0.9927536231884058,0.704521372964301,138,153,3,1.0,1.0,,0.00017461148943600488,0.19254383987738358,0.8791733563871392,15.705399235299138,0.48366910866910867,permissive,nbte2_Vacancy-Anion-12A.png,nbte2,C,2
31.206675120901238,0.8911676390685511,0.0064732176887393154,0.09106782676462889,0.03707264957264957,18.634373391226685,0.0653628184120669,35.86171735078538,0.011951186538435387,0.9933774834437086,1.0,1.9390719429665315,150,151,3,1.0,1.0,1.0,0.0,0.22240498658124838,0.30218196788801976,17.300467115367088,0.0503706610849468,permissive,nbte2_Vacancy-Metal.png,nbte2,C,2
36.75506675240027,0.9105288683247573,0.029960895100924055,0.11113400502994945,0.026336705202312138,32.11382868202228,0.01936967402379781,36.985634937848296,0.010713618155896403,1.0,1.0,0.27144835701531844,190,190,7,1.0,,1.0,0.0,0.07967995230449246,0.8066529492455419,30.83347970820359,0.2666239161849711,permissive,pbse2_Defect-Free.png,pbse2,C,2
35.362930475386506,0.9127830073871999,0.014239649759870177,0.2144819139802717,0.032289753626832146,33.07829531006781,0.017233149385904693,35.464421804546184,0.011742759923130487,0.9900497512437811,1.0,1.1027603556575882,199,201,5,1.0,,1.0,0.0,0.06859103040371643,0.9197132986129015,31.50892863881616,0.432962089135238,permissive,pbte2_Vacancy-Metal.png,pbte2,C,2
33.312451920980884,0.9432182984783597,0.022083528878923214,0.10819801647589863,0.03517940717628705,20.594202188592142,0.04408002735102249,37.814494752657765,0.00945874342486442,0.9726027397260274,1.0,1.3374350056605357,142,146,29,1.0,1.0,1.0,0.0,0.11937781502042527,0.6829867561574878,16.682541507309836,0.20126913184635495,permissive,rete2_Defect-Free.png,rete2,C,2
28.545266181954936,0.8259953053223036,0.020007983314838773,0.2740998676975598,0.1551461077937065,21.39446021864956,0.038437635902264795,34.91379323874562,0.013908145955792827,0.9895833333333334,0.9595959595959596,0.435285750066007,99,96,2,1.0,1.0,,0.0,0.3989418733411843,0.7553580937167199,15.640772821606069,0.2937542435672039,permissive,rus2_Anti-Anion.png,rus2,C,2
27.161936500900868,0.8798378712900948,0.010837152781506626,0.3492201241353055,0.04560195790032069,20.635278072556076,0.04807791597156318,27.95529111634228,0.016323386883071295,0.9027777777777778,1.0,0.9527288741779099,65,72,4,0.75,0.5,1.0,0.0,0.1050537173741102,0.8427627230667548,15.801224450494619,0.3658283702649917,permissive,sno2_Anti-Metal.png,sno2,C,2
32.77789209578768,0.8604842867849314,0.039322984884236155,0.18717678803146567,0.0911874154262517,24.898202355215368,0.0334807947823972,35.924494988501685,0.012223386668097455,0.967032967032967,0.9072164948453608,0.7071067811865476,97,91,5,1.0,1.0,1.0,0.0,0.31160823185487774,0.746406047115563,19.883054584025846,0.21842439106901218,permissive,sns2_Vacancy-Metal.png,sns2,C,2
30.70228979604829,0.9034035088455397,0.013814425636261306,0.16962438708724834,0.08475801496367513,22.14284301415126,0.04150003907441726,34.38823208557946,0.01252908370521802,1.0,0.9769230769230769,1.2199135118433408,130,127,36,0.9722222222222222,1.0,0.8333333333333334,0.0,0.3400514862813263,0.7322909263207771,17.209979702686688,0.18252390533447388,permissive,snse2_Vacancy-Anion-03.png,snse2,C,2
30.436890065469985,0.9010437521107296,0.04708121445633974,1.1207780503999265,0.24928630691342557,29.0502545508871,0.02854351070334723,31.016334039931866,0.019968379425323635,0.9693877551020408,0.9895833333333334,0.27144835701531844,192,196,0,,,,,0.2526961360675463,0.9999524540502357,,0.986459303408456,permissive,snte2_Fe_doped.png,snte2,C,2
30.86541256907458,0.9334958381372995,0.020424860752406578,0.09735370161650758,0.03022303140646336,16.597604353976408,0.08554949573711199,37.88683046293825,0.009096850462515363,1.0,0.9818181818181818,0.13608276348795434,55,54,2,1.0,,1.0,0.0,0.1476905162375469,0.3820281124497992,14.586174497438344,0.07817731249683912,permissive,tas2-A_Doped-Li.png,tas2,C,2
35.52847693962142,0.9095828593193326,0.009383066059433991,0.14471783442049588,0.04465938589142958,28.493517243625917,0.026141438652290416,36.44060877136779,0.011381194545543592,1.0,0.97,0.2871832634470952,100,97,14,1.0,1.0,1.0,0.0,0.17687852363645704,0.7973716204480982,23.896317510998543,0.20132532861737665,permissive,tas2-B_Vacancy-Anion-06B.png,tas2,C,2
27.154005368345015,0.8903745417465116,0.008921607615076474,0.24887487475158307,0.05242882111424819,16.472511345024124,0.07023229284215851,31.047120170607897,0.013195020284565673,0.9595959595959596,0.9895833333333334,2.112618729145617,96,99,2,1.0,1.0,,,0.20605849361513356,0.6413847519479239,12.172566302660135,0.1631917512126007,permissive,tas2-B_Vacancy-Anion-09B.png,tas2,C,2
34.31659961079952,0.870885904486873,0.013518104225551745,0.08966195743386578,0.05864674040950812,31.093140870623344,0.02166752422532605,34.625091085261154,0.014698153957036896,0.9897435897435898,1.0,0.4007764484822319,193,195,10,1.0,1.0,,,0.23522105527954218,0.6003852482041816,30.795050319209384,0.14969169216286185,permissive,tase2-A_Vacancy-Anion-12B.png,tase2,C,2
26.03588233682961,0.9069327039407304,0.01591124772146161,0.19339985761709258,0.10471500429159854,16.683730057324915,0.06971264617113809,35.64485549813404,0.012562304629654292,0.9925925925925926,0.9852941176470589,0.922359077939127,136,135,31,1.0,1.0,1.0,0.0,0.3337301714984395,0.7124278780108069,12.184627610602309,0.22353953784998107,permissive,tase2-B_Defect-Free.png,tase2,C,2
28.993390253952164,0.9105198435884371,0.006575320562255393,0.30739113906787435,0.07559926539341251,18.599703933284957,0.047430612721266474,36.289777059777876,0.011877988976086953,1.0,0.9919354838709677,0.38254602783800296,124,123,13,1.0,1.0,,,0.14806072758521913,0.8196118229100596,11.359713080271847,0.4184907958397867,permissive,tase2-B_Vacancy-Anion-09B.png,tase2,C,2
31.818251278883277,0.9407307059103212,0.00974063945491355,0.12008749362830642,0.032850506756756756,18.1624101266755,0.06378558310121585,37.91290424713305,0.009388716629624868,0.9473684210526315,1.0,1.652319197418807,126,133,29,1.0,1.0,1.0,0.0,0.1410436838549876,0.6441702018254274,14.392924446325443,0.1500337837837838,permissive,tate2-A_Fe_doped.png,tate2,C,2
30.05772442971782,0.8986061806043464,0.006751794833120731,0.06775971923036386,0.03906303324005187,17.220661155940387,0.07938883690094536,35.91762762076354,0.012120517220458047,1.0,0.9887005649717514,0.38544964466377263,177,175,4,1.0,1.0,1.0,0.0,0.16705607476635514,0.3123293655127225,15.806790994695012,0.07303255750460719,permissive,tate2-B_Anti-Anion.png,tate2,C,2
24.79884589757035,0.8900064652494398,0.04602826937897431,0.21667651093937068,0.072915244693195,13.750987789521005,0.1142083809335486,35.90396181117507,0.01260950269282176,1.0,0.9779005524861878,0.46334573002966495,181,177,2,1.0,,1.0,,0.154712495666386,0.9137925990931696,30.39248792498306,0.430665995495188,permissive,tate2-B_Anti-Metal.png,tate2,C,2
29.097754074094286,0.9023964306668956,0.009886438929586717,0.249604635747602,0.026190618387823356,17.2173922974735,0.07591648945077174,31.228679682919676,0.0131047037958735,0.9328859060402684,1.0,2.0232461985275334,139,149,4,1.0,,1.0,0.0,0.09249190543099761,0.4931997719684013,15.11007012349783,0.1396577025459013,permissive,tate2-B_Vacancy-Anion-12A.png,tate2,C,2
31.322135966661154,0.785644998813803,0.01936959701487201,0.6250310643940815,0.4770505303974948,29.894004824440504,0.024912571558162136,33.227759270563226,0.017483686671952728,1.0,1.0,0.5704356452719495,126,126,32,1.0,1.0,,,0.633765928450996,0.9336854523611096,29.434550809293988,0.7028070148263461,permissive,tis2_Vacancy-Anion-12A.png,tis2,C,2
31.541524410253132,0.8370549274923728,0.032388339494260815,0.5565617900264098,0.20685373214474728,27.254579154393,0.027910495469518088,34.05226678864859,0.015669351234391317,0.9919354838709677,0.9919354838709677,0.4771187236136979,124,124,15,1.0,1.0,1.0,,0.29625952845240205,0.9385834633385336,17.83788489976841,0.6553358581751435,permissive,tis2_Zr_doped.png,tis2,C,2
28.38972251362112,0.8463964034251771,0.05038318520988186,0.9587285215789703,0.441922973809986,26.24404164152199,0.02549144971398627,31.452195993871797,0.0168331999202226,0.9637305699481865,1.0,1.1430011430017144,186,193,6,1.0,,1.0,0.0,0.4500671445593993,0.9955599253188853,5.969889859778366,0.9775448133048599,permissive,tise2_Adatom-Li.png,tise2,C,2
32.99256649643661,0.8602376032200106,0.03190917101972653,1.33484018788735,0.4162437252128574,31.57944004392331,0.020715086405613196,34.38445696118033,0.014497551093791571,0.9946524064171123,1.0,0.42754613660367835,186,187,5,1.0,,1.0,0.0,0.42590200392741384,0.9995224928096301,30.90905649136294,0.9768560889702416,permissive,tise2_V_doped.png,tise2,C,2
30.545681866180686,0.9342190499462563,0.11253246968644391,0.03880150508008272,0.015021445907276712,31.627715696160163,0.019144721183484578,30.531099849722448,0.010793593641681056,0.9857142857142858,1.0,0.17025130615174972,69,70,2,1.0,,1.0,,0.25091630114762964,0.5752066115702479,29.642544921658818,0.03443552675410555,permissive,tite2-B_Cu_doped.png,tite2,C,2
35.92776618297056,0.9254465407285809,0.10883840758891955,0.06267393766439702,0.026004067790999133,31.01398061396163,0.021671864425823955,36.178366994271045,0.012713250171017952,1.0,1.0,0.2970442628930023,68,68,0,,,,,0.3827859569648924,0.6185550604710376,29.930096417354235,0.04202073621637503,permissive,tite2-B_Vacancy-Anion-06A.png,tite2,C,2
28.54790151442611,0.7135800288686269,0.07378999917236502,1.1652174997384301,0.8381932773109244,28.18904236166697,0.0289211049633076,31.114567535704243,0.020671956989447123,0.8648648648648649,1.0,1.2583057392117916,96,111,1,1.0,1.0,,,0.8552530294493426,0.9822593066865962,21.679623344505114,0.9626661573720398,permissive,vo2_Vacancy-Anion-03.png,vo2,C,2
28.633805668340173,0.7183973193749356,0.045589627698598166,1.0825646679748708,0.6797182532607742,27.47327077494387,0.02681786453619232,33.19452648161593,0.01744041719812526,1.0,0.9937888198757764,1.2272937708633578,161,160,11,1.0,1.0,1.0,,0.7497847947100945,0.9791123693742454,14.526434661152251,0.8876154253226816,permissive,vs2_Vacancy-Anion-06A.png,vs2,C,2
31.695250147366046,0.7700951473220372,0.04790372346481899,1.1497941909453018,0.5697023208166014,30.939337790976307,0.022607413453100394,32.954582153476025,0.018166791209056243,0.9885714285714285,1.0,0.5586937697197808,173,175,16,1.0,1.0,1.0,,0.6071988299592025,0.9795791648866944,30.394849393533356,0.9190869549222197,permissive,vs2_Vacancy-Anion-12A.png,vs2,C,2
36.3313470276119,0.9149650911637291,0.008330715680280097,0.09218537497874298,0.027871362149574933,31.85039888354394,0.019849751757477867,36.56225662131513,0.010469056380982729,0.9767441860465116,1.0,0.4498677054212187,84,86,1,1.0,,1.0,0.0,0.2103850763378667,0.7479622082252686,30.537637593869125,0.09908842367774964,permissive,vse2-A_Vacancy-Anion-06A.png,vse2,C,2
27.962661362735275,0.8920646854385329,0.00318562286890383,0.20503915493811525,0.054361548053315986,19.466276910232775,0.05653167040411346,29.827843925815877,0.013718505006819055,0.9484536082474226,1.0,0.5516772843673705,92,97,4,1.0,1.0,,,0.2704637786090664,0.6386474806477656,15.226725520977357,0.1283641968137426,permissive,vse2-A_Vacancy-Anion-06B.png,vse2,C,2
31.827149150947022,0.8340516184498539,0.016420199002121796,1.0697659143341192,0.5039089037570766,30.707897285449185,0.022890738426825687,33.36752609890735,0.016154887601161315,1.0,0.9891304347826086,0.9521519871288442,184,182,5,1.0,,1.0,0.0,0.582766385731437,0.9964814445993494,30.829922242907003,0.8616417910447761,permissive,vse2-B_Anti-2M.png,vse2,C,2
28.575374376893123,0.8089613056725822,0.010001848309085468,1.1895376890235254,0.5401801338136901,29.800032873115924,0.02309141631757441,27.473990911465034,0.02149542813468663,0.9789473684210527,1.0,0.6475761258027333,186,190,8,1.0,1.0,,,0.5685380256745964,0.9970988118943949,24.434380223378184,0.9473648996397324,permissive,vse2-B_Vacancy-Anion-09B.png,vse2,C,2
29.369031865431637,0.8667261022716631,0.006203474213082514,0.05026503865653087,0.0571545647520354,18.134362894254345,0.0661707256457802,35.3019716220457,0.013208117895545825,0.9936708860759493,0.9751552795031055,0.5972335373111359,161,158,7,1.0,1.0,1.0,0.0,0.2117655512706891,0.34636630754162584,23.360082626931572,0.09348270024809895,permissive,vte2_Defect-Free.png,vte2,C,2
28.550809760001094,0.865697972049958,0.005621393788748531,0.46393734202137005,0.21198801601447392,22.753634392606763,0.030272982544421755,34.62542253541598,0.014684069964643684,0.9942528735632183,0.9942528735632183,1.4840189145453382,174,174,7,1.0,1.0,1.0,,0.3157793245643637,0.8994539097736419,13.41266290607118,0.6038186638483103,permissive,vte2_Vacancy-Anion-09B.png,vte2,C,2
36.03457796864516,0.9633685026789836,0.002398866191619399,0.3504271023110884,0.009643824084817874,31.430375723829425,0.01909866571026508,36.115114719342614,0.005493151547808441,0.9523809523809523,1.0,0.223606797749979,40,42,0,,,,0.0,0.13113876071193145,0.9386611618991448,24.18982393928228,0.06902828020840443,permissive,ws2-A_Vacancy-Metal.png,ws2,C,2
33.370981018471284,0.8925720578632459,0.00902005977138984,0.1232745848459962,0.10618729096989966,27.73615879979111,0.029188494445010083,35.020522292025916,0.013829652642969462,1.0,1.0,0.47809144373375745,140,140,21,1.0,1.0,,,0.6244802251055183,0.5349509882693235,26.99489783544333,0.09096364298227652,permissive,ws2-B_Vacancy-Metal.png,ws2,C,2
28.345887880803936,0.9045186124966276,0.007206340257462323,0.17295658083463983,0.04324951253950111,15.30659037951991,0.0811737550904921,37.040747518994515,0.010673738082708658,1.0,0.984375,0.2817180849095055,64,63,0,,,,0.0,0.16776115118240212,0.6056484000518202,11.307151067492073,0.15613864048947756,permissive,ws2-C_Defect-Free.png,ws2-C,C,2
31.438092026537483,0.9046518336064898,0.00597440766782221,0.11624978827633535,0.02634778435450328,16.99788959927091,0.08215207416368951,37.04770770827756,0.010704005237414424,0.991304347826087,0.9743589743589743,0.468292905790847,117,115,6,1.0,1.0,1.0,0.0,0.12545666116418153,0.4691358024691358,14.391395239291123,0.09852556924225457,permissive,wse2_Vacancy-Anion-06A.png,wse2,C,2
31.986370534259407,0.9406764139425948,0.007777526435985414,0.11277538082002217,0.03440283980304592,18.593259755349994,0.06030950910257898,37.88035243624594,0.009447246889880427,0.9924242424242424,1.0,1.9340263739843815,131,132,30,1.0,1.0,1.0,0.0,0.12910045196092726,0.7073625349487418,13.812209058951424,0.188498797664033,permissive,wte2_Mo_doped.png,wte2,C,2
31.68657606197048,0.9509192042474855,0.003234937093390431,0.02721588083916539,0.012864909637227171,13.307888951858736,0.161862301509232,41.04901241753021,0.005634426144308067,1.0,1.0,0.21320071635561044,44,44,0,,,,0.0,0.0,0.0,13.307888932341713,0.0,tight,zro2_Defect-Free.png,zro2,C,2
26.696415927807585,0.8253882476620921,0.07104224491053569,0.8276965028455002,0.2887371426761335,25.940915299410342,0.036964909045598286,27.045029211638205,0.02951677881346651,0.9927007299270073,1.0,1.7615167261398879,136,137,28,1.0,1.0,,,0.34323176211093864,0.9877205905400746,27.7443249857413,0.8309010195354394,permissive,zrs2_Vacancy-Anion-03.png,zrs2,C,2
30.00861378667654,0.8529763598863118,0.013126772810790215,1.0766639021161233,0.6276984656972745,31.08801366401661,0.02153598746827968,28.63816446993421,0.02079356252048378,0.9481132075471698,1.0,0.36650833306891567,201,212,2,1.0,1.0,,,0.6410132892749012,0.999041564167279,31.662193610378804,0.9782899473191313,permissive,zrse2_Vacancy-Anion-03.png,zrse2,C,2
33.179957648267035,0.9065452227231642,0.01947507200503787,0.19767139763923863,0.05466749319133368,23.143798316205814,0.04720263859808157,36.415715879417434,0.01125304182443832,0.984,1.0,0.6375767130633383,123,125,13,1.0,1.0,,0.0,0.3005618660764235,0.574263407379868,21.75347068332575,0.10444951424738831,permissive,cose2_Fe_doped.png,cose2,C,4
22.626610459014486,0.7393910126538978,0.03511677878700484,0.6805286297804382,0.69454708878458,22.784526887791408,0.03613778628146388,22.287570750836213,0.03170245055897392,0.8717948717948718,0.9714285714285714,2.4763588070343263,70,78,1,1.0,1.0,,,0.783720050074238,0.9677187432597598,9.741703260704034,0.8576101068610806,permissive,cro2_Vacancy-Anion-03.png,cro2,C,4
32.4929709441896,0.8453353739805889,0.012226241225125653,1.0968473520844184,0.4757955166224442,31.307148981982603,0.021451238353398235,33.9497084201348,0.01565469780977903,1.0,0.9948186528497409,0.81967981553775,193,192,8,1.0,,1.0,0.0,0.5468802219806946,0.9980881501186577,30.968531177587888,0.8683544365537693,permissive,crse2_Anti-Anion.png,crse2,C,4
31.72352274478097,0.8440046480096218,0.016150743732855265,0.17185727717038177,0.2392375818251829,28.581624579832116,0.02664884133588371,33.48760976771776,0.016712763854789123,0.9948979591836735,1.0,0.4296689244236597,195,196,1,1.0,1.0,,,0.6181377070216947,0.5513350143963375,28.195433152902424,0.21338296324819236,permissive,crte2_Vacancy-Metal.png,crte2,C,4
33.138612692715085,0.8517037700260165,0.0311024767669198,0.12625045821980854,0.059381024860476916,24.2703832474097,0.039311029945747825,35.52942351328434,0.013264075750985194,1.0,0.9726027397260274,1.3054598240132387,73,71,0,,,,,0.5086073359637586,0.743421052631579,20.042522657683346,0.08679604261796042,permissive,cus2_Cu_adatom.png,cus2,C,4
28.036641034842596,0.8499751439529295,0.017404374753935647,0.09546900976343693,0.04710481527450558,15.500014065818448,0.09915144536520788,35.91676551364145,0.012370567021166245,1.0,0.9696969696969697,1.6545392107774297,165,160,6,1.0,1.0,1.0,0.0,0.135931777330288,0.5289786473125065,16.073354881531557,0.18330843571087047,permissive,cuse2_Cu_adatom.png,cuse2,C,4
27.05487028671857,0.7846556783956361,0.021790947180761907,0.8826231260289524,0.5306184576337082,25.13556140711877,0.028369232298407092,31.351994596778567,0.017719291221800902,0.8840579710144928,1.0,2.425952576131558,61,69,2,1.0,1.0,,,0.5812430678223719,0.9780260038293784,10.40152206998065,0.8928427338013395,permissive,feo2_Int-Anion.png,feo2,C,4
29.07949596221545,0.9145156200677342,0.01023380150203413,0.1073173345013046,0.0770539725687534,18.70648025445789,0.05653615030007159,36.68048109601281,0.010792200497747482,0.9058823529411765,0.9871794871794872,0.3779644730092272,78,85,3,1.0,1.0,,0.0,0.31152505196994745,0.6660833654149022,14.1093164959449,0.16475198075605824,permissive,fes2_Ni_doped.png,fes2,C,4
26.061336735035923,0.802283667945913,0.03975955144826082,0.5719704169946995,0.3830501188489354,22.343249143308753,0.03657477743113687,34.03851066599503,0.01546452944523697,0.9896907216494846,0.9795918367346939,0.9298297335175583,98,97,40,1.0,1.0,,0.0,0.6121258743760846,0.9035060502637294,13.288847313841856,0.5653871440853689,permissive,ges2_Vacancy-Anion-03.png,ges2,C,4
36.925675478768724,0.9478222156566191,0.3109410121837441,1.150245894101724,0.8190735090152566,37.2414404186566,0.01084828867907147,35.72825601440192,0.012838152649791953,1.0,0.993103448275862,0.4166666666666667,145,144,0,,,,,0.8316884454341374,0.9977377098037091,24.788216364979423,0.982604160887656,permissive,gete2_Defect-Free.png,gete2,C,4
33.44762486792502,0.9318606936255299,0.021279865452304515,0.05416635696523536,0.011369022228541636,27.96311242692245,0.032619506468168455,33.576137913314355,0.011359885538542076,0.9846153846153847,1.0,0.4330127018922193,64,65,2,1.0,,1.0,0.03628847037207166,0.0847574175474341,0.8671182907764461,31.492131026526053,0.1163117920280582,permissive,hfo2_Int-Anion.png,hfo2,C,4
38.02011224703336,0.9694737713455194,0.0021080817359709807,0.25749206705547606,0.019211803975117583,27.70693407414518,0.025651828997271083,38.94030652585836,0.0047133580513522184,0.9736842105263158,1.0,0.7228571937267572,111,114,2,1.0,1.0,,0.0,0.22665691896461126,0.9793682132280356,16.168975533103765,0.08301282051282051,permissive,irte2_Vacancy-Metal.png,irte2,C,4
32.73825889516017,0.800490087386479,0.02927183793365883,0.8270482166529434,0.3823840830449827,30.79239398025134,0.022092340489893558,34.608918308116024,0.014645753557591613,1.0,1.0,0.4841229182759271,64,64,5,1.0,1.0,1.0,,0.48939202026599116,0.9789700386393868,24.830780775055988,0.7649134948096886,permissive,mno2_Defect-Free.png,mno2,C,4
31.03805215542004,0.8199437823016437,0.011252760300053996,0.5706956487821471,0.3114016717352904,27.738795640378555,0.024977479179337125,34.175711585568315,0.015251129442130584,0.9841269841269841,0.992,0.8279395334006837,125,126,26,1.0,1.0,1.0,,0.41098267360172924,0.9488011695906433,18.610955783072377,0.7189068769386727,permissive,mns2_Int-Anion.png,mns2,C,4
30.530344104323973,0.8457536950532841,0.025328057994176978,1.0194230824987645,0.45192450622641417,28.288426095001707,0.02470134437011469,34.0677299531787,0.014865896513718332,0.9611111111111111,0.9942528735632183,1.1802811460897904,174,180,8,1.0,1.0,1.0,,0.5180439120651623,0.9930024669089366,12.657438316674344,0.8662627609124083,permissive,mnse2-B_Vacancy-Anion-03.png,mnse2,C,4
28.491236558013128,0.9334967966487208,0.005887507981672192,0.07891177479943481,0.03284972015562078,14.14426691615742,0.11481313704844458,38.08394556068517,0.008943031442933146,1.0,0.9577464788732394,0.3208444739598739,71,68,1,1.0,,1.0,0.0,0.9945757458349477,0.16667748847477437,13.44144016354172,0.005505170295542966,tight,mnte2_Defect-Free.png,mnte2,C,4
22.89214313140578,0.7927782341734039,0.5484637784490737,1.2212866957603248,0.3000053768461684,26.287846143823085,0.041721805425277377,21.984314284485265,0.06109818419863388,0.7375886524822695,0.9629629629629629,0.5883484054145521,108,141,0,,,,,0.3000053768461684,1.0,,1.0,permissive,mos2-A_Adatom-Li.png,mos2,C,4
25.733665475003058,0.8026010006437018,0.030105728558293705,0.22570794971962518,0.17553704788506,18.667344052370968,0.056189179476204304,34.61403415122932,0.014405111814106388,0.9518072289156626,0.9518072289156626,2.20184042696622,83,83,1,1.0,1.0,,0.0,0.4463789590664938,0.5827919199084299,15.079067899535142,0.2291809931317865,permissive,mos2-A_Vacancy-Metal.png,mos2,C,4
31.89931544582393,0.8656322632847552,0.009983147746489378,0.2167084678161701,0.07310527170521985,28.576894534513194,0.024841885830523363,32.3118862522528,0.013836729829197609,0.9537037037037037,1.0,0.4294950749630032,103,108,24,1.0,1.0,1.0,0.0,0.24444865986743736,0.8537745040726451,28.75518621107778,0.2553313940402351,permissive,mos2-B_Adatom-K.png,mos2,C,4
26.17754495858768,0.8429668132192613,0.02967939380779059,0.6666335539949477,0.30784331043599905,21.763405317999904,0.03804782075715621,32.83712569378003,0.016162340134432896,0.95,0.9743589743589743,1.3764944032233706,117,120,34,1.0,1.0,1.0,,0.3976487488012881,0.9325676313524419,11.207548406125227,0.7219555140218868,permissive,mos2-B_Anti-Anion.png,mos2,C,4
29.925365436494896,0.9025303652364266,0.007413846842003989,0.1549941033035611,0.07800157150340492,19.996456953114055,0.045936109922884584,35.905659939655536,0.012000707711533755,0.9906542056074766,1.0,2.1390352260103636,106,107,30,1.0,1.0,,0.0,0.26252856525230067,0.7136429266982304,14.838475057517964,0.21203509690937664,permissive,mose2-A_Doped-Na.png,mose2,C,4
29.62531776558619,0.8698632943737471,0.013918028187621145,0.9894199254797261,0.1659468901367397,26.696213653643852,0.024807858735056885,30.54902162418959,0.015993269100691345,0.9772727272727273,0.9942196531791907,0.6559211523800211,173,176,5,0.8,0.5,1.0,,0.17543395292048394,0.9951406154144199,30.601772462771738,0.9413257104890909,permissive,mose2-B_Adatom-K.png,mose2,C,4
29.76345462317193,0.8830307679589874,0.005837021288901338,0.0215434257728647,0.04371168931372969,17.05769334552811,0.10553937457679066,36.89833570380702,0.010706574259531587,1.0,0.9934640522875817,0.46594555814804667,153,152,5,1.0,1.0,,0.0,0.0,0.0,17.057693312980746,0.0,tight,mose2-B_Doped-Na.png,mose2,C,4
35.781897728788394,0.8759934549698382,0.008952990818045263,0.02368308818311745,0.01296133567662566,25.08743812272317,0.0410305675536505,36.44173297593645,0.011541871572402034,0.994475138121547,0.994475138121547,0.408248290463863,181,181,3,1.0,,1.0,0.0,0.0,0.0,25.087438270594514,0.0,tight,mose2-B_V_adatom.png,mose2,C,4
27.210104568866033,0.8792020468538595,0.07520108844810654,0.8976821063144251,0.3479078358474034,23.47920325782427,0.04426458346653892,32.83436343248129,0.017695796203297663,0.958974358974359,0.9894179894179894,1.4478455319860537,189,195,15,1.0,1.0,1.0,0.0,0.38707247977143533,0.9830041247498604,11.11538730727435,0.8835421156077577,permissive,mote2-A_Anti-2M.png,mote2,C,4
23.643599539103455,0.8416059392254899,1.227951208725651,1.6287903882076156,0.9786307987402022,23.683447498122977,0.058705848050506375,22.12599632540315,0.05492794058733151,1.0,0.9906103286384976,0.5592818685875716,213,211,1,0.0,,0.0,,0.9786307987402022,1.0,,1.0,permissive,mote2-A_Ti_doped.png,mote2,C,4
33.96109684796445,0.9408858574587706,0.0050993521832036325,0.05894559367048706,0.02490087888157381,19.66831157553184,0.06637343122104931,38.65466084495007,0.008459283774583158,1.0,0.990990990990991,0.40451991747794525,111,110,23,1.0,1.0,,0.0,0.402886091495241,0.6052583025830258,16.355336319407797,0.037408746548563604,permissive,mote2-B_V_adatom.png,mote2,C,4
33.508040329276426,0.929260930128212,0.005073144349973825,0.0847653544296482,0.027154362477775276,20.765294509076917,0.05808029331033045,36.492188375574095,0.010047832966573272,0.992,0.992,0.5535807194106618,125,125,5,1.0,1.0,,,0.27693804250224485,0.6261737585652652,21.537726961270387,0.061397665198035495,permissive,mote2-B_Vacancy-Anion-06B.png,mote2,C,4
29.011081802334843,0.8378858603963936,0.042669168053908024,0.5412743244653475,0.3098233388348921,24.881558913746314,0.03079649521455124,34.42966286454203,0.015104009625787382,1.0,1.0,0.7659416862050705,75,75,0,,,,,0.44026601330066506,0.930648725436035,17.319415716849974,0.6549147258389877,permissive,nbo2_Defect-Free.png,nbo2,C,4
30.942366679509643,0.8370617440133541,0.17051813048682227,0.24997195021029794,0.2888388051147409,29.909086879160323,0.02478841763980067,31.444057786182942,0.022729666574292026,1.0,1.0,0.6591530616030616,145,145,31,1.0,1.0,1.0,,0.49110586095753056,0.5406589084928765,29.174366365475176,0.3179829147207571,permissive,nbs2_Anti-Metal.png,nbs2,C,4
25.851342920694037,0.8475153184781773,0.017586716233489973,0.3229918568021586,0.18574884278083703,18.96635354313839,0.05363605870005155,35.256364804318565,0.01337863263942223,0.9809523809523809,0.9716981132075472,0.5306160552209596,106,105,21,1.0,1.0,,0.0,0.4113498255677561,0.7554829742876998,13.695528765469962,0.34114536944528345,permissive,nbs2_Vacancy-Metal.png,nbs2,C,4
33.78614147395908,0.9201102946162641,0.016894176072910775,0.18288441557156312,0.04134319841570485,22.83231247823195,0.044986230549360406,36.74514060704551,0.010731384322548939,1.0,1.0,0.454858826147342,116,116,27,1.0,1.0,,0.0,0.14526960784313725,0.6874275110183252,19.6971253464389,0.19563935228030133,permissive,nbse2_Cu_doped.png,nbse2,C,4
28.99587963919087,0.9254842339624938,0.008896387023190467,0.19085943969121752,0.05391830139009432,19.418930800244254,0.06542082624511172,31.672127048009465,0.010025306788444719,1.0,0.9753086419753086,1.3406969659212256,81,79,17,1.0,1.0,,0.0,0.21167050095411338,0.5277691315754369,16.46726842850319,0.13443732108349676,permissive,nbse2_Vacancy-Anion-03.png,nbse2,C,4
25.574123600347697,0.8701816753485153,0.013704866553025274,0.38299875606775563,0.1992194313622885,20.073020391205233,0.05606113736960811,29.94112813566131,0.02046905809583063,0.9319727891156463,0.9927536231884058,1.8284052322804858,138,147,3,0.6666666666666666,0.6666666666666666,,0.0,0.3827477386836022,0.8535186603918135,13.469388923182319,0.44425475318332464,permissive,nbte2_Vacancy-Anion-12A.png,nbte2,C,4
28.085771893665672,0.8845448966149404,0.010935000148564805,0.09069748551409773,0.0704844758416187,17.342319038518365,0.08334141063554942,35.63177034617408,0.012423483997927061,0.9932432432432432,0.98,1.4474937289114918,150,148,3,1.0,1.0,1.0,0.0,0.26030908957738225,0.21987812045658428,16.362483195352567,0.05953689167974882,permissive,nbte2_Vacancy-Metal.png,nbte2,C,4
25.98041188664538,0.8956894851340303,0.03595958875266648,0.15966310110291715,0.09451047687861272,16.09230208180843,0.07338251313284523,36.576626528273536,0.011145721112382472,1.0,0.9736842105263158,0.712817022880422,190,185,7,1.0,,1.0,0.0,0.2534628433130929,0.896733625121844,27.6665946398122,0.334371387283237,permissive,pbse2_Defect-Free.png,pbse2,C,4
35.0637154757633,0.9095299443092612,0.019135316951755917,0.19806017743225768,0.03636572520825251,32.80113584262925,0.01775216958234175,35.177236689645405,0.012078329013004721,0.9900497512437811,1.0,0.3089941535606675,199,201,5,1.0,,1.0,0.0,0.07548338869767869,0.8645666407215786,30.370582483446775,0.4165233361028184,permissive,pbte2_Vacancy-Metal.png,pbte2,C,4
37.62917756415923,0.9481300132665282,0.023712808901553438,0.02082297213768962,0.011831175949740692,30.428210758828577,0.023260435048312864,37.85594555198048,0.009381274296702236,1.0,1.0,0.25175440748900674,142,142,29,1.0,1.0,1.0,0.0,0.003507293266812577,0.045972915181753386,30.3190599188314,0.15508074377029135,permissive,rete2_Defect-Free.png,rete2,C,4
28.067297973954,0.8197284915225614,0.0226228792092365,0.28832144454291064,0.16630910982545546,21.121518309680717,0.039692205187246705,34.80199721991141,0.014219160154295283,0.9795918367346939,0.9696969696969697,0.44487826050130463,99,98,2,1.0,1.0,,0.0,0.3823625298848077,0.8738900962434026,29.92201190413737,0.3800997028534843,permissive,rus2_Anti-Anion.png,rus2,C,4
25.774460976105367,0.8767654225389548,0.008835442678578763,0.33964406061795466,0.07749318833940154,17.852848535911853,0.06604940765041252,28.265818233064337,0.01616506056878115,0.9154929577464789,1.0,2.0754980866510833,65,71,4,1.0,1.0,1.0,0.0,0.15344149606771929,0.7952627280152464,11.841872245382248,0.4016347985436308,permissive,sno2_Anti-Metal.png,sno2,C,4
35.29511764507923,0.8647939804788387,0.038357429101415645,0.1622668340529203,0.07539961096075778,31.135438790724738,0.021860662320893214,35.90473705785676,0.012295970379861057,0.9117647058823529,0.9587628865979382,0.8487815428759521,97,102,5,1.0,1.0,1.0,0.0,0.3135749009354957,0.8609966069375509,30.756057119534187,0.20702807848443844,permissive,sns2_Vacancy-Metal.png,sns2,C,4
26.472174938200446,0.8937892765933246,0.013187968578778965,0.22104576530760287,0.09583619474464163,16.942750703512978,0.06585184577206589,34.57174042163967,0.012387580004234375,0.9923076923076923,0.9923076923076923,1.6377333551697781,130,130,36,1.0,1.0,1.0,0.0,0.32007016341219996,0.6652418966203616,12.535567533509028,0.19918836319241134,permissive,snse2_Vacancy-Anion-03.png,snse2,C,4
28.28513243038149,0.89783059627671,0.08956609540193011,1.1105622164234712,0.38180463604192416,27.157260771464223,0.0219862666024339,29.163703158158974,0.01866991286358093,0.9692307692307692,0.984375,0.34117754381277265,192,195,0,,,,,0.38180463604192416,1.0,,1.0,permissive,snte2_Fe_doped.png,snte2,C,4
31.10171638836942,0.9328712078746308,0.006219487038562076,0.06742640547738467,0.019349618166186213,14.72836824482897,0.12099775313937688,38.96140277653807,0.008077047361413962,1.0,0.9818181818181818,0.23570226039551584,55,54,2,1.0,,1.0,0.0,0.03814268329783998,0.1310768426555149,14.126004783713098,0.06649471501542507,permissive,tas2-A_Doped-Li.png,tas2,C,4
32.440472395480946,0.9055707338232069,0.007321254761219077,0.23085276002046667,0.04849368620272409,21.36124356276865,0.05222993642552546,36.4466730355128,0.011368111876933039,0.98989898989899,0.98,0.6308400618805605,100,99,14,1.0,1.0,1.0,0.0,0.15867946033344818,0.6383557261676264,18.4063570278646,0.19508651091599186,permissive,tas2-B_Vacancy-Anion-06B.png,tas2,C,4
27.185166715670487,0.8890197444839828,0.010860910977845122,0.2453660890550472,0.08457437456692832,17.093583060491994,0.06314223045384436,35.45860930405126,0.013415667759573459,0.9690721649484536,0.9791666666666666,1.8594210949945251,96,97,2,1.0,1.0,,,0.3352763609867805,0.7877472409892696,12.225140526819501,0.1987113855191172,permissive,tas2-B_Vacancy-Anion-09B.png,tas2,C,4
34.501638934746,0.8726654549564313,0.006282417003829154,0.09525561690753373,0.07037420569545776,31.8662945114278,0.019674140336563194,34.7850698848155,0.014335930307386122,0.9897435897435898,1.0,0.4007764484822319,193,195,10,1.0,1.0,,,0.2702206944364204,0.6256772122266069,30.85097690623376,0.16294657566486231,permissive,tase2-A_Vacancy-Anion-12B.png,tase2,C,4
26.426902011233516,0.9032193978370998,0.031219318188280595,0.3353034821425815,0.13069715699578513,18.077920004599914,0.055703621678729644,35.55097605645186,0.012994961757506621,0.9850746268656716,0.9705882352941176,0.6908492797077574,136,134,31,1.0,1.0,1.0,0.0,0.29370457287246493,0.8976757837580027,16.080736123847792,0.3994615122730128,permissive,tase2-B_Defect-Free.png,tase2,C,4
34.4071581574592,0.915428918332061,0.010632790238349437,0.33103544885608066,0.09999904098356725,29.684031296541647,0.023996833073966106,35.47814364451985,0.012936013229336688,1.0,1.0,0.6779951469994742,124,124,13,1.0,1.0,,,0.19871228508464592,0.9382627250713276,27.00321795897497,0.4721669455806125,permissive,tase2-B_Vacancy-Anion-09B.png,tase2,C,4
38.392293206029024,0.9483664519503677,0.0031428848305927993,0.023155800624685488,0.0039907094594594595,31.141287727373786,0.020670193228772078,38.467947405746244,0.008781917052853274,1.0,1.0,0.23570226039551584,126,126,29,1.0,1.0,1.0,0.0,0.0,0.0,31.141287719195844,0.08172719594594595,permissive,tate2-A_Fe_doped.png,tate2,C,4
28.093567986756103,0.886011704244052,0.009413781755632124,0.13676817667710434,0.04820703364958023,17.9621414185642,0.07513551320258424,30.862292391433236,0.014630008227621097,0.9668508287292817,0.9887005649717514,0.6928203230275509,177,181,4,0.75,0.0,1.0,0.0,0.17520345223856093,0.6610769434980753,14.559342188288515,0.1818945805747048,permissive,tate2-B_Anti-Anion.png,tate2,C,4
26.193382082019717,0.8926593857841275,0.011155930914186723,0.2031340280799893,0.11315780492799127,17.180059571718637,0.0693316640146821,35.742156957410046,0.012465758261037553,0.967741935483871,0.994475138121547,1.7701224063135672,181,186,2,1.0,,1.0,,0.3213355288078728,0.7835142878685064,16.135169379738656,0.2759133335608491,permissive,tate2-B_Anti-Metal.png,tate2,C,4
29.50476575260421,0.9062847714509987,0.005360665824729911,0.22183223102435679,0.03845727254112347,17.700864359128644,0.07956847418936437,33.12890121842042,0.011716101077728124,0.9261744966442953,0.9928057553956835,1.7569736827110218,139,149,4,1.0,,1.0,0.0,0.1540978436551425,0.6504159733777038,14.640733487343327,0.16232040475052897,permissive,tate2-B_Vacancy-Anion-12A.png,tate2,C,4
31.33079100810874,0.786301149903478,0.032606741143255465,0.6981605488636947,0.4924319286641831,30.060345310652504,0.02447237487447162,33.06797321806297,0.0178595170381963,1.0,1.0,0.7126966450997984,126,126,32,1.0,1.0,,,0.6455622854393982,0.9286845195654909,30.33203686080021,0.7083962607557487,permissive,tis2_Vacancy-Anion-12A.png,tis2,C,4
31.904665759699697,0.8408340087666022,0.03334709811506973,0.6417028315574992,0.19365639949296634,28.499702467138537,0.028926087339332305,33.36683765151291,0.016818202317074354,1.0,1.0,0.5608173758294746,124,124,15,1.0,1.0,1.0,,0.2719433728854501,0.990521642915228,30.318452171260553,0.7053705812041275,permissive,tis2_Zr_doped.png,tis2,C,4
29.385391002674957,0.8469987748073058,0.07344598555395505,1.0004168581996367,0.45933984154717994,27.80540353887944,0.028377637005357056,31.411300477664057,0.017591295241589387,0.9891891891891892,0.9838709677419355,1.214664495268374,186,185,6,0.8333333333333334,,0.8333333333333334,0.0,0.46563735154562347,0.9934490236428862,12.072277883924817,0.9800131273631565,permissive,tise2_Adatom-Li.png,tise2,C,4
32.678219305428,0.8603235420957385,0.038462449825112266,1.3409863168002922,0.4844181897181315,31.21403770727988,0.02140425441072159,34.731259003437586,0.014138308847905356,1.0,1.0,0.48637345711392005,186,186,5,1.0,,1.0,0.0,0.4998949845579566,0.9992795801526717,31.894203436484556,0.9683417921624096,permissive,tise2_V_doped.png,tise2,C,4
30.45306111375643,0.9329314871977135,0.05958837999306068,0.05224657602617324,0.022453544212915545,28.334984776102345,0.028805082822146447,30.516221205697715,0.01102724271940882,0.9857142857142858,1.0,0.20851441405707477,69,70,2,1.0,,1.0,,0.31956912028725315,0.5576852193144121,27.63128642211287,0.03918404167933972,permissive,tite2-B_Cu_doped.png,tite2,C,4
33.96981050592121,0.9127759944617567,0.09868691759000221,0.0750195727284255,0.06588331688422934,32.81076271635779,0.017221540712776193,34.06453094272414,0.017015098397985227,1.0,1.0,0.2970442628930023,68,68,0,,,,,0.46214491560312887,0.7050750580993657,30.23862106747774,0.10051540525833369,permissive,tite2-B_Vacancy-Anion-06A.png,tite2,C,4
28.55454757022528,0.7136474367455256,0.0709250886097059,1.154343346076703,0.860431627196333,28.1967792466748,0.03059613220350329,31.827738143278914,0.020503388699979638,0.8727272727272727,1.0,0.6123724356957945,96,110,1,1.0,1.0,,,0.8816795885345358,0.9748336374250314,29.118088111624903,0.951340718105424,permissive,vo2_Vacancy-Anion-03.png,vo2,C,4
26.410111927486078,0.7101387693562115,0.04568039007101178,1.0139234885809472,0.682961340476049,25.05778882416073,0.030684494788185745,33.12537800341234,0.017604833520851324,0.9875776397515528,0.9875776397515528,1.3199008920293502,161,161,11,1.0,1.0,1.0,,0.7540284952908693,0.9743138197367985,14.128281649730942,0.8824847821103838,permissive,vs2_Vacancy-Anion-06A.png,vs2,C,4
28.59319312790513,0.7594661879930026,0.1581257081578876,1.0974498280383793,0.8460410847645649,28.75339538974059,0.02911826419897655,27.80494756934687,0.02795283154479496,0.9829545454545454,1.0,0.8010109219666275,173,176,16,0.9375,0.9230769230769231,1.0,,0.8648765394277311,0.9443074895555638,26.1356039508447,0.9237421717364667,permissive,vs2_Vacancy-Anion-12A.png,vs2,C,4
36.15626299592137,0.9152144024703255,0.006953626843593809,0.08711048861777583,0.039491314079478305,31.18207620683873,0.021791120119879447,36.55694113103499,0.010833229801428427,0.9655172413793104,1.0,0.47559486560567094,84,87,1,1.0,,1.0,0.0,0.2755327704061118,0.7167418448061711,30.284757119251342,0.10272853303592866,permissive,vse2-A_Vacancy-Anion-06A.png,vse2,C,4
28.18254923174502,0.8897860813155276,0.010752460773412072,0.1965629225297436,0.06672243004406855,19.31132455303925,0.0627836561835488,31.020859968938126,0.0132405751904258,0.978021978021978,0.967391304347826,0.4740454631399772,92,91,4,1.0,1.0,,,0.27941206871601926,0.5229638227897079,16.209296050140864,0.12488156736396705,permissive,vse2-A_Vacancy-Anion-06B.png,vse2,C,4
26.307144332312195,0.8190707320431185,0.03720357302256601,0.9335943537988228,0.5538651569737519,24.27206102616411,0.032968873719075115,32.19245054619126,0.01671648992053443,0.9679144385026738,0.9836956521739131,1.875989609932471,184,187,5,1.0,,1.0,0.0,0.6357662633306604,0.9835572777282189,8.954336049247352,0.8568528049408132,permissive,vse2-B_Anti-2M.png,vse2,C,4
29.209166551443637,0.8127488477445685,0.0105257176002583,1.2306445092887155,0.5870663921770458,30.758109349883394,0.022462913254446153,27.66647484582155,0.02020102432378274,0.9893617021276596,1.0,0.5819876952473779,186,188,8,1.0,1.0,,,0.6165610798344977,0.9961207009915225,27.382184647913235,0.9484688625836336,permissive,vse2-B_Vacancy-Anion-09B.png,vse2,C,4
29.085186843374284,0.8611711114255138,0.012555449485874878,0.06646540032147444,0.1034939856156347,20.502725988822487,0.05211836720818,34.574810664283596,0.014444874362155918,0.9937106918238994,0.9813664596273292,1.3664145079714782,161,159,7,1.0,1.0,1.0,0.0,0.18547058334026795,0.2411077455646906,19.600517562422873,0.1345399421400998,permissive,vte2_Defect-Free.png,vte2,C,4
28.80660944913826,0.8683678933754412,0.01091483868765869,0.5277017483284402,0.2332801905973184,28.31620604307429,0.025047977926834504,28.967513099241657,0.017006592036561234,0.9942857142857143,1.0,1.0170952554312156,174,175,7,0.8571428571428571,0.8333333333333334,1.0,,0.33452998856354005,0.9490027068015588,26.303755657680348,0.6617748479610207,permissive,vte2_Vacancy-Anion-09B.png,vte2,C,4
33.124364462841314,0.9477877511486082,0.0040318467328001855,0.23591692058687724,0.021756194116442563,18.234362096666104,0.08274392371132873,37.8540357738228,0.0053982558364196786,0.975,0.975,0.2773500981126146,40,40,0,,,,0.0,0.3556058890147225,0.5335947712418301,15.614870784743308,0.03264566696243715,permissive,ws2-A_Vacancy-Metal.png,ws2,C,4
25.149666160229486,0.848829333949187,0.20341142464135759,0.2639563333799956,0.6427547607671831,23.943357676328638,0.043840299226092894,28.87656585272436,0.03224979728147024,1.0,0.9642857142857143,1.4757295747452437,140,135,21,1.0,1.0,,,0.6923031168213181,0.20599270822271779,26.527519873924383,0.1912497440447751,permissive,ws2-B_Vacancy-Metal.png,ws2,C,4
28.232148858252756,0.9025252621267001,0.007996977558999044,0.1692022952076723,0.05599632443577848,16.28846192057397,0.0762409444319482,37.04937255199496,0.010653164337848945,1.0,0.984375,0.25197631533948484,64,63,0,,,,0.0,0.19146364957878698,0.5469281568941364,12.896438007364255,0.15995708106412065,permissive,ws2-C_Defect-Free.png,ws2-C,C,4
32.047026507731275,0.9026376933684902,0.004318465723225503,0.16625495546428357,0.04011624806697595,19.88186421631566,0.053475987156757755,36.56010933396374,0.010959496109523141,0.9590163934426229,1.0,1.5716505559714824,117,122,6,1.0,1.0,1.0,0.0,0.25660104596283856,0.8022065665293101,14.151713333851028,0.12541460033061377,permissive,wse2_Vacancy-Anion-06A.png,wse2,C,4
37.949777796180385,0.9476032046486342,0.004223929645321735,0.022060255210630896,0.0059246536127333105,31.295329657863395,0.020357065308863564,38.044728870687855,0.009194266551161713,1.0,1.0,0.2621112169983114,131,131,30,1.0,1.0,1.0,0.0,0.001437553315851,0.035175879396984924,31.23321280189433,0.14497194549410283,permissive,wte2_Mo_doped.png,wte2,C,4
36.70914375766955,0.9490711168070035,0.0037834368079842982,0.15392315352389152,0.012600562178927983,19.652684171494656,0.08468325578787805,41.088487092840836,0.005587364308003519,1.0,1.0,1.5374122295716148,44,44,0,,,,0.0,1.0,0.16363636363636364,19.78907982665074,0.00206191017473367,tight,zro2_Defect-Free.png,zro2,C,4
28.17773058261963,0.8252843433697342,0.07465169995512354,0.6056979053116698,0.3146079110157795,27.25950806846136,0.035250791955230266,28.674433487135886,0.02290994625983281,0.9927007299270073,1.0,1.3666188418222285,136,137,28,1.0,1.0,,,0.4407702487555505,0.9437668109834155,27.420530063017562,0.6736310032898458,permissive,zrs2_Vacancy-Anion-03.png,zrs2,C,4
29.37241851878727,0.8514309229060114,0.04190332374201028,1.1589992922398582,0.9205936674668063,29.305581667461006,0.02329197766901147,30.233222951320187,0.02447609713591629,0.9852941176470589,1.0,0.45711620391383745,201,204,2,1.0,1.0,,,0.9205936674668063,1.0,,1.0,permissive,zrse2_Vacancy-Anion-03.png,zrse2,C,4
30.563921768328463,0.9019671020017461,0.03415065462344973,0.19732021732045546,0.10024236819641479,21.772364688600025,0.05502389139004672,36.283912579163015,0.01156053995420951,0.9916666666666667,0.967479674796748,0.9212705877201981,123,120,13,1.0,1.0,,0.0,0.7159352639498817,0.5908457307955496,21.915140649240268,0.08272783626681843,permissive,cose2_Fe_doped.png,cose2,C,8
23.43342944292189,0.7477469069897751,0.020770681318836255,0.628109230123234,0.6722302673191518,26.918647534221897,0.030556972941863433,20.146198070355908,0.04030671309621952,0.8933333333333333,0.9571428571428572,0.5598507263734642,70,75,1,1.0,1.0,,,0.7548156496234716,0.9908879878671577,30.69777277880405,0.8824736176304138,permissive,cro2_Vacancy-Anion-03.png,cro2,C,8
31.07419239062583,0.846861810238943,0.026197115533793836,1.4641200392685079,0.5454873575776494,29.491068406514454,0.024432164781765818,34.3335814865829,0.01491209795220939,1.0,0.9844559585492227,1.0612802596268736,193,190,8,0.875,,0.875,0.0,0.5515426264381148,0.9991907938267852,30.836291309492463,0.988220891212736,permissive,crse2_Anti-Anion.png,crse2,C,8
32.25259109988332,0.8482995314362568,0.010814663910844985,0.19487600070949745,0.23879048474735806,29.40352880366417,0.02340145884362474,33.7451052075932,0.016320687427216502,1.0,0.9948717948717949,0.4247497747309828,195,194,1,1.0,1.0,,,0.5614699118436183,0.7348980963045912,26.280107623189764,0.3125486672656484,permissive,crte2_Vacancy-Metal.png,crte2,C,8
34.438698422922506,0.8484415240947772,0.011160263053987185,0.05622016524697021,0.014941653982749874,30.59752212461675,0.022942391804503262,34.53337657134148,0.012483044395285666,0.948051948051948,1.0,0.4054424270396916,73,77,0,,,,,0.18167202572347266,0.42207130730050935,30.98325185358512,0.03471334348046677,permissive,cus2_Cu_adatom.png,cus2,C,8
29.984865625911617,0.8476761041276286,0.017297232942940798,0.09690372585685586,0.06534077536894313,19.38920788309049,0.0771285417466932,35.70267572119625,0.012734924143986266,0.9936708860759493,0.9515151515151515,0.6434382168114536,165,158,6,1.0,1.0,1.0,0.0,0.2359291401609302,0.8493270142180095,30.845100637934102,0.23522183657745638,permissive,cuse2_Cu_adatom.png,cuse2,C,8
25.881840561850836,0.7744384087944357,0.11260818024837141,0.9791439944905771,0.7837965713782707,27.08759677522581,0.031047257045830463,23.14288506710854,0.03115980717271477,0.9838709677419355,1.0,1.7648665950605602,61,62,2,1.0,1.0,,,0.8406149270594491,0.9470002199355168,28.932332470442496,0.8829911313571445,permissive,feo2_Int-Anion.png,feo2,C,8
28.358792010420277,0.9112768933869683,0.009774442375134822,0.22807001495184673,0.08564848524073805,25.447909201707468,0.025974303247027042,28.765665427714882,0.013929195539881875,0.9036144578313253,0.9615384615384616,0.4760952285695233,78,83,3,0.6666666666666666,0.6666666666666666,,0.0,0.3043417632000956,0.96205919395466,31.288684075031455,0.2707446779821907,permissive,fes2_Ni_doped.png,fes2,C,8
26.08095635956205,0.7994391157990036,0.03816969776653304,0.571131803240133,0.37069994436858344,22.204117360247682,0.040387362855274236,34.297812181990075,0.014855116411811564,0.9894736842105263,0.9591836734693877,0.7718449849879597,98,95,40,1.0,1.0,,0.0,0.5778377812282292,0.8656589152574746,15.022753502175037,0.5553456733930107,permissive,ges2_Vacancy-Anion-03.png,ges2,C,8
32.724930766709136,0.9193386787427558,1.0142414938904862,1.1036260262058941,0.7621148404993066,32.382019747319106,0.019775262237355467,34.0515156197902,0.016302305364474735,1.0,0.9793103448275862,0.37529331252040077,145,142,0,,,,,0.7743254588780542,0.9963340205224968,23.019352583254054,0.9806224687933426,permissive,gete2_Defect-Free.png,gete2,C,8
27.875788213939504,0.9120327064478045,0.032857155258540084,0.18382346437638547,0.02934084553770321,17.94463440968879,0.09094164605914855,29.226500999755153,0.01295293754037141,0.9411764705882353,1.0,2.858649156507318,64,68,2,1.0,,1.0,0.11694026061939415,0.18432369502720425,0.7832407874810702,28.67922348395931,0.12467711739892885,permissive,hfo2_Int-Anion.png,hfo2,C,8
36.15235229606531,0.9558746933924425,0.004576176530960962,0.2501404271539781,0.036669321802457897,24.42048137053269,0.03537359061194061,39.423126183025595,0.00472194944204891,0.9819819819819819,0.9819819819819819,1.306300891199506,111,111,2,1.0,1.0,,0.0,0.39568392947770253,0.9274372898888027,20.324361646751644,0.08594864208769534,permissive,irte2_Vacancy-Metal.png,irte2,C,8
25.09508829819135,0.7778735789742066,0.03671014612794014,0.7526163185888662,0.41322837370242216,21.55461052723616,0.04112070906689991,34.56894915655451,0.014759281166428048,0.9846153846153847,1.0,4.394598957811737,64,65,5,0.8,1.0,0.75,,0.5223879159200817,0.9081500213526708,12.026504402674082,0.7183806228373703,permissive,mno2_Defect-Free.png,mno2,C,8
29.989753489719774,0.8197111216707986,0.011224856586101686,0.6625888327979684,0.3284802020165231,26.37459218068703,0.02945673355712102,34.37109709967678,0.015148592505638343,1.0,1.0,1.2425779653607254,125,125,26,1.0,1.0,1.0,,0.4364324229207778,0.9625047354172249,22.770109211655182,0.7244277311383461,permissive,mns2_Int-Anion.png,mns2,C,8
28.830783576756073,0.8431146695149568,0.01663169282646646,0.8629651527497845,0.5336303087553406,27.95047778897228,0.024034470102564574,30.121534881093453,0.017174763262521372,0.9206349206349206,1.0,1.1320817971340669,174,189,8,1.0,1.0,1.0,,0.5966480657465806,0.9958350930477055,9.798887227181684,0.8906553438793173,permissive,mnse2-B_Vacancy-Anion-03.png,mnse2,C,8
27.088927836832532,0.9256932448257095,0.009534611340410112,0.2517257134023073,0.050058443109685345,14.464220939169596,0.10251404004094268,37.628839098612225,0.009361921633817716,0.922077922077922,1.0,4.033311993114693,71,77,1,1.0,,1.0,0.0,0.7458074739205071,0.4813157782606843,12.813203923397127,0.03230581530270971,permissive,mnte2_Defect-Free.png,mnte2,C,8
22.421143634655433,0.7835442116281294,0.6216253085232295,1.2821826564171033,0.2461463577527047,25.114379856351587,0.04947140188941252,21.810790810169102,0.06557358406929142,0.7482014388489209,0.9629629629629629,0.45993310550389993,108,139,0,,,,,0.2461463577527047,1.0,,1.0,permissive,mos2-A_Adatom-Li.png,mos2,C,8
33.061943939400834,0.8213685041842533,0.06080413896892674,0.2698890794942891,0.17135159763079177,29.146497087347623,0.024484454934492177,34.62724775272863,0.014550927690603826,1.0,0.9759036144578314,0.693888666488711,83,81,1,1.0,1.0,,0.0,0.44791956098916363,0.8519570602807597,26.457919804166515,0.3259161155399344,permissive,mos2-A_Vacancy-Metal.png,mos2,C,8
33.85002574923051,0.8723821922521363,0.03789821000037706,0.2449104040955958,0.11330049261083744,31.62540659948968,0.01944780317543708,34.23812252678956,0.014624694122264149,0.9809523809523809,1.0,0.44065264923923175,103,105,24,1.0,1.0,1.0,6.969612489545581e-05,0.2684041085390158,0.8805290819020796,27.934259436907617,0.3716946781504728,permissive,mos2-B_Adatom-K.png,mos2,C,8
27.326999956554697,0.8456599408630497,0.020469680930928595,0.5305813818744568,0.29094809779279573,24.954650213446786,0.028637281991663592,28.86498525949762,0.018124072974513943,0.9663865546218487,0.9829059829059829,0.802170967356439,117,119,34,1.0,1.0,1.0,,0.36984051635032805,0.9460433415916725,14.80657913261516,0.7442383905956631,permissive,mos2-B_Anti-Anion.png,mos2,C,8
29.7527742593064,0.8931683826731522,0.017481231450454177,0.18743684020762166,0.10399161864850708,21.27277850309159,0.03936078853052505,35.0078720048771,0.014011915876041016,0.9905660377358491,0.9905660377358491,0.6324555320336759,106,106,30,1.0,1.0,,0.0,0.30421551245071315,0.8686278460608503,29.594140609604697,0.2969277108433735,permissive,mose2-A_Doped-Na.png,mose2,C,8
33.98380780888421,0.870541345506707,0.010021980964550745,0.6542011451646701,0.20046133567662566,32.01280208028596,0.019383849261040437,34.65907575238329,0.01399701129643967,0.9885714285714285,1.0,0.5638431299080523,173,175,5,1.0,1.0,1.0,,0.23464086554501692,0.9869027731373204,31.220980589770363,0.843143190878306,permissive,mose2-B_Adatom-K.png,mose2,C,8
33.73849758600615,0.8821887066211485,0.019060025854327693,0.15814079155769187,0.056678383128295255,24.49177182160305,0.03783707794636322,36.296175530868894,0.011185579880021118,0.9743589743589743,0.9934640522875817,0.6737561639206373,153,156,5,1.0,1.0,,0.0,0.25135557652493556,0.8435904707884289,20.370791614304963,0.1902219340734708,permissive,mose2-B_Doped-Na.png,mose2,C,8
28.941008442781747,0.8643653706772982,0.06933620822307955,0.10240395306455018,0.11652878391701316,21.541720104113416,0.04924688023217509,32.84314625185823,0.014099884819320455,0.9725274725274725,0.9779005524861878,1.7961037555121842,181,182,3,1.0,,1.0,0.0014867601445746072,0.5119883296136055,0.9440638219606401,28.758073941661173,0.21486936859702516,permissive,mose2-B_V_adatom.png,mose2,C,8
28.378184825218668,0.8903087690131596,0.05418246590359867,1.3226732590682895,0.3266736129200313,24.301002046408257,0.038681691667646526,34.49299056429859,0.01430850286355773,0.9945945945945946,0.9735449735449735,1.0834726777719228,189,185,15,0.8666666666666667,1.0,0.8333333333333334,0.0,0.3314236374175331,0.9988836615899849,24.270449081945262,0.9845674773260082,permissive,mote2-A_Anti-2M.png,mote2,C,8
32.872029771736074,0.8778468849709392,0.019889926638493295,1.1970689084979373,0.4427005138648796,31.936727936530275,0.02003541654252031,33.791977045837,0.0163383792120925,1.0,1.0,0.2986668343393225,213,213,1,1.0,,1.0,,0.4563735229014972,0.9903716541498171,30.74224927919808,0.9606999928958773,permissive,mote2-A_Ti_doped.png,mote2,C,8
36.99963962811533,0.9431838350323396,0.00490557115753012,0.11835207397281002,0.06031571741637302,29.960275162903912,0.020181711514573306,38.30990575837323,0.008747229159231444,1.0,1.0,1.008968789417204,111,111,23,1.0,1.0,,0.0,0.5516845680712384,0.9154892028792322,23.51693765430321,0.10009050688449576,permissive,mote2-B_V_adatom.png,mote2,C,8
30.745308637407774,0.9076914185769764,0.1321181025372348,0.13370278613854053,0.04876804969149557,21.056077090052746,0.05920076154828689,33.15626890150048,0.019356786198812124,1.0,1.0,1.8590320061795602,125,125,5,1.0,1.0,,,0.4436895144023523,0.7320772491756947,21.045636495981647,0.08046613342644363,permissive,mote2-B_Vacancy-Anion-06B.png,mote2,C,8
33.63062438664697,0.8857245760379201,0.04285454288666886,1.6173519451446927,0.33393850479858184,31.37416172079291,0.02096260754750687,35.445598003818766,0.013256057371245382,1.0,1.0,0.5033222956847166,75,75,0,,,,,0.33393850479858184,1.0,,1.0,permissive,nbo2_Defect-Free.png,nbo2,C,8
29.359261514573905,0.8278027296128572,0.2816484006086889,0.5235593926676374,0.7529166053527679,29.06462105397836,0.029408395061225265,30.4045269985686,0.02455687828423059,1.0,0.8620689655172413,0.6928203230275509,145,125,31,1.0,1.0,1.0,,0.7833412034538586,0.6370665505429584,26.595307395165243,0.6123231900782494,permissive,nbs2_Anti-Metal.png,nbs2,C,8
23.363325204039786,0.8374241306021126,0.021400089320697768,0.33467717936306873,0.2317613740509254,17.25147128569416,0.07050414301965681,34.953514845748984,0.01379084791087539,1.0,0.9622641509433962,1.6538724611187705,106,102,21,1.0,1.0,,0.0,0.4951564013624574,0.7060251968854778,13.213903326982956,0.3304599704144303,permissive,nbs2_Vacancy-Metal.png,nbs2,C,8
31.983322800240344,0.9117599780789238,0.020359199183393656,0.1347713780299933,0.0658988141761809,21.614573046515815,0.05228134275514413,37.17531716125555,0.010435930303672963,1.0,0.9827586206896551,0.408248290463863,116,114,27,1.0,1.0,,0.0,0.21157586309397428,0.9063523248199084,22.049808902124504,0.2822984746843637,permissive,nbse2_Cu_doped.png,nbse2,C,8
31.280119588180455,0.9277406274764938,0.007123495894452188,0.202240427881624,0.08191678614413057,28.873446724457253,0.025899407094984023,31.57697333587852,0.010133004098945648,1.0,1.0,0.6758625033664688,81,81,17,1.0,1.0,,0.0,0.35763853044744964,0.9125764626686569,27.453271189795522,0.20902482414036164,permissive,nbse2_Vacancy-Anion-03.png,nbse2,C,8
26.37074703178297,0.8826791698948074,0.0237139942006684,0.7529432676675282,0.11701116343973487,21.735972633775976,0.04193148355850798,27.636023580951466,0.017668749773472107,0.8954248366013072,0.9927536231884058,0.650659407242819,138,153,3,1.0,1.0,,0.10190326523485245,0.14748543852727017,0.9960310065963552,27.943837379758676,0.7902254491540206,permissive,nbte2_Vacancy-Anion-12A.png,nbte2,C,8
26.572216184394264,0.8778363920156552,0.008488379003920837,0.15682489638149696,0.07462715855572999,15.768186371689284,0.115681465975408,36.151456085115655,0.011688595221822515,0.9932885906040269,0.9866666666666667,2.2957069216845323,150,149,3,1.0,1.0,1.0,0.0,0.4335685397125893,0.29441668857919184,14.717259179538809,0.05067591139019711,permissive,nbte2_Vacancy-Metal.png,nbte2,C,8
36.94724810855119,0.9111938525755559,0.03695835079519742,0.12422156766192205,0.02523121387283237,32.55565242780046,0.018196961046639246,37.148438640077075,0.010549210709290664,1.0,1.0,0.2991215208080594,190,190,7,1.0,,1.0,0.0,0.07733671152200428,0.8216638029782359,31.04987428123652,0.26806900289017344,permissive,pbse2_Defect-Free.png,pbse2,C,8
27.79524883753473,0.8949619864101767,0.030878721540831752,0.20763503364353258,0.14912428216779083,20.271082537514328,0.056245225232197306,35.14229981434357,0.012847291512585832,0.9948453608247423,0.9698492462311558,0.751509706775793,199,194,5,1.0,,1.0,0.0,0.2876332943278151,0.875495461295401,25.96146709240333,0.45390305914321344,permissive,pbte2_Vacancy-Metal.png,pbte2,C,8
33.410268537242516,0.9392880994130961,0.08207827657497539,0.03387443611088897,0.018419277311633005,18.170976845083455,0.08968737321242023,37.48014435645279,0.010202410020137338,1.0,0.9788732394366197,0.34971725475501103,142,139,29,0.9655172413793104,1.0,0.75,0.0,0.0012579369833473103,0.009614284079203388,18.129978356270037,0.14077665809335077,permissive,rete2_Defect-Free.png,rete2,C,8
33.20694482552342,0.8332969374251159,0.018760281305859376,0.29451204475264564,0.19138972146709315,29.315505589837187,0.024640741003581147,35.0324181580133,0.013730249347559955,0.9797979797979798,0.9797979797979798,0.9081532183729996,99,99,2,1.0,1.0,,0.0,0.4367089463435742,0.871261887097862,25.70117716680336,0.3818345634837654,permissive,rus2_Anti-Anion.png,rus2,C,8
28.357732632854326,0.8868391608591701,0.03281298803517287,0.2719815665158812,0.06952113423190992,28.24012661068417,0.027034245104535667,28.366648819294213,0.016628648239156708,0.9701492537313433,1.0,0.8133501469468494,65,67,4,1.0,1.0,1.0,0.0,0.18447889214450575,0.9771958727130842,31.632754427231824,0.3682576616111687,permissive,sno2_Anti-Metal.png,sno2,C,8
27.1929799131117,0.8562577378496754,0.0498861055105862,0.3109453390387382,0.1433461603518268,31.083935806838618,0.021332915562485264,26.782913978216683,0.016400528577816337,0.9247311827956989,0.8865979381443299,1.0783277320343843,97,93,5,1.0,1.0,1.0,0.0,0.3863283177109028,0.9240379367818635,26.96312081192889,0.3428619756427605,permissive,sns2_Vacancy-Metal.png,sns2,C,8
29.700612639256207,0.905223304887096,0.010794472917716322,0.2485508292708679,0.14307658943868146,25.144731160721566,0.031174084814545474,31.310241229038397,0.013710081703132803,0.9923664122137404,1.0,0.9072358695934167,130,131,36,1.0,1.0,1.0,0.0,0.39398943583617346,0.9442409442409443,24.342180401616915,0.34289948313875734,permissive,snse2_Vacancy-Anion-03.png,snse2,C,8
32.54530013345579,0.9068185454355906,0.03470334181895713,1.345359724514211,0.7279347770873195,32.341595929592636,0.0170294187666891,33.14256282993901,0.014496771151367202,0.9844559585492227,0.9895833333333334,0.4230217115244236,192,193,0,,,,,0.7279347770873195,1.0,,1.0,permissive,snte2_Fe_doped.png,snte2,C,8
29.357865307029947,0.9243565099774358,0.009714008110812609,0.19794619064482502,0.041273453699489204,16.01175865575343,0.0951892266023962,38.83369517057068,0.008209530985974475,0.9821428571428571,1.0,1.8925692013287605,55,56,2,1.0,,1.0,0.0,0.176846710415615,0.3863497120450925,14.38142501427908,0.09016841147018662,permissive,tas2-A_Doped-Li.png,tas2,C,8
25.27098727467355,0.890013900290335,0.013151618785063884,0.2574153466920746,0.09493706886744645,15.540325335162898,0.0991292951734636,34.51488248867654,0.012337776452174227,0.9693877551020408,0.95,2.603641175051019,100,98,14,0.9285714285714286,0.9230769230769231,1.0,0.0,0.21421722250806866,0.49889702878618697,12.816504533803009,0.22110183777522674,permissive,tas2-B_Vacancy-Anion-06B.png,tas2,C,8
28.08143107382465,0.8874034249094394,0.05187514075998434,0.299025965616768,0.08560857559492414,28.69701996204359,0.026398776649536798,28.02802545894138,0.01916692703497746,0.9591836734693877,0.9791666666666666,0.9509234034079381,96,98,2,1.0,1.0,,,0.3268751668297891,0.8876204282564707,29.6351020172608,0.23246770707290082,permissive,tas2-B_Vacancy-Anion-09B.png,tas2,C,8
33.748124014557035,0.8710421474661336,0.01740301976907502,0.09510804531338227,0.07985643680866086,29.953282070785924,0.02524435447732564,34.30899278924659,0.015242517138209129,0.9846938775510204,1.0,0.42584874105610243,193,196,10,1.0,1.0,,,0.28128449573507275,0.49565294273673044,29.600825901096396,0.1407154624617557,permissive,tase2-A_Vacancy-Anion-12B.png,tase2,C,8
31.140687365223844,0.9127610451619734,0.006966777047705162,0.17782471749863044,0.08741674538593219,22.169238938229835,0.04283300046412974,35.82735661833718,0.012318159605592524,1.0,0.9779411764705882,0.5484084971070817,136,133,31,0.9354838709677419,1.0,0.6666666666666666,0.0,0.2555319828451501,0.6144373440114095,19.333036928150797,0.21019722172939434,permissive,tase2-B_Defect-Free.png,tase2,C,8
31.70320047347405,0.9129459808421686,0.008625585651538408,0.3588418321524864,0.1258205584352688,28.28860696571413,0.02681885719458042,32.522972060919834,0.013587455885086119,1.0,1.0,0.4836020758246758,124,124,13,1.0,1.0,,,0.23867896571350622,0.9668819908915948,28.279914930604455,0.5096956561350678,permissive,tase2-B_Vacancy-Anion-09B.png,tase2,C,8
33.40276993585493,0.9433928843352155,0.013062028725516938,0.1010359862586292,0.11932643581081082,26.027610828619206,0.030854972945013884,37.43522048948505,0.009683205014179838,0.9767441860465116,1.0,0.6725927091345493,126,129,29,0.9310344827586207,0.9259259259259259,1.0,0.0,0.3807258413294141,0.9190628704899757,25.785843548975333,0.28805109797297296,permissive,tate2-A_Fe_doped.png,tate2,C,8
34.91756801100533,0.9095140528075261,0.0033586668482749327,0.11957282126492738,0.0684061668145519,27.549355924891707,0.028629426262613684,36.638394340968354,0.011152133543365604,1.0,1.0,0.7209535430937524,177,177,4,1.0,1.0,1.0,0.0,0.304564922176956,0.9091079168095787,24.184358670270832,0.20418828066343594,permissive,tate2-B_Anti-Anion.png,tate2,C,8
29.023907051921405,0.8830775962066629,0.07284720463943262,0.25500828960334715,0.12816531294792163,25.21888486704787,0.037631181378084674,30.025950798802704,0.017206325632730928,0.972972972972973,0.994475138121547,1.35400640077266,181,185,2,1.0,,1.0,,0.27925290207849246,0.9460291572360537,30.680074582241836,0.43418751279776124,permissive,tate2-B_Anti-Metal.png,tate2,C,8
28.159307174030786,0.9065674392812598,0.006778709553419625,0.22405081326698942,0.0711342229199372,17.368595440605567,0.08561699738388119,36.1773298806399,0.011214302502919085,0.971830985915493,0.9928057553956835,1.8920121947089918,139,142,4,0.75,,0.75,0.0,0.2051736127957563,0.7608095952023988,14.351027884575075,0.26377465701999864,permissive,tate2-B_Vacancy-Anion-12A.png,tate2,C,8
29.388908739328535,0.7806052222671754,0.1370142549279464,0.7339102759353572,0.7098239064827507,28.772050001838704,0.02813920472387326,31.418552249385485,0.02229532097550805,1.0,1.0,0.9343531843023134,126,126,32,1.0,1.0,,,0.8075278998043707,0.8437321559114169,28.84710804644292,0.741647756169469,permissive,tis2_Vacancy-Anion-12A.png,tis2,C,8
30.504479802075654,0.8371190791643756,0.10191393110478097,0.661411512523914,0.2470291802525358,31.429148229821408,0.02091283836542865,30.239491961917228,0.018980381457883604,0.9538461538461539,1.0,0.6024144966768742,124,130,15,1.0,1.0,1.0,,0.3137069724610307,0.9754825629395842,30.665417271143212,0.7681456869867381,permissive,tis2_Zr_doped.png,tis2,C,8
28.89463283211962,0.8515896393946781,0.16425410614150593,0.8634273385390534,0.566801638147008,27.591947293149538,0.024467768029758835,31.55206653971448,0.016029937654856642,0.9787234042553191,0.989247311827957,1.4596008983995234,186,188,6,0.8333333333333334,,0.8333333333333334,0.0,0.5724038832229349,0.9989398399973903,18.152958777144423,0.989162991929445,permissive,tise2_Adatom-Li.png,tise2,C,8
29.850178644310322,0.8505091544343921,0.04716314006118981,0.8692261451786062,0.5306320548021188,28.974477861164416,0.02438203628141877,31.114440397597242,0.016658007712598785,0.9893617021276596,1.0,1.0900330467516812,186,188,5,0.8,,0.8,0.0,0.5400569981000634,0.9953875503057544,13.57446064382026,0.9780162890238604,permissive,tise2_V_doped.png,tise2,C,8
30.23959831821564,0.9316255791990086,0.11663985930422467,0.06663747810614386,0.05603247611776317,29.110778467808846,0.024807981856623744,30.316799606995918,0.011585942465585197,0.9857142857142858,1.0,0.26919095102908275,69,70,2,1.0,,1.0,,0.644024024024024,0.7919205346922197,26.835728312377867,0.06890002048378988,permissive,tite2-B_Cu_doped.png,tite2,C,8
30.92786738658848,0.8828804061547391,0.24884408318662168,0.17793053347585297,0.11557202535024177,31.562446415896346,0.020642523597432703,30.851395132655483,0.0258255641764748,1.0,1.0,0.5144957554275266,68,68,0,,,,,0.47285533050439654,0.7740480154680702,29.074552441570706,0.18918745564431866,permissive,tite2-B_Vacancy-Anion-06A.png,tite2,C,8
27.262197093675113,0.7078669306886577,0.09872505338175422,0.940349390028195,0.9000305576776165,26.96402882603076,0.02975963943488961,31.697054353361686,0.020890195527767736,0.9405940594059405,0.9895833333333334,0.7539370349250519,96,101,1,1.0,1.0,,,0.9109532022353312,0.9706104537661059,21.569850344035324,0.9589724980901452,permissive,vo2_Vacancy-Anion-03.png,vo2,C,8
26.956185245248538,0.6999735550261463,0.08965573771579266,1.2536160552197493,0.6969043515665017,26.488452741217063,0.03170084060277224,28.27243778764734,0.021669579558939504,0.9874213836477987,0.9751552795031055,0.9774528186766119,161,159,11,0.9090909090909091,0.9,1.0,,0.747953703617022,0.9732968411819883,25.721858183391472,0.906867364524701,permissive,vs2_Vacancy-Anion-06A.png,vs2,C,8
30.097659465411915,0.7641833617117736,0.2135445799130734,1.1162385438464866,0.8938497369590256,30.261736795369973,0.023897617714814703,28.917666825056724,0.02404430370278293,0.9827586206896551,0.9884393063583815,0.8446598678744367,173,174,16,0.9375,0.9230769230769231,1.0,,0.8976815220007309,0.9565119658579674,26.551792071253164,0.9524290610045647,permissive,vs2_Vacancy-Anion-12A.png,vs2,C,8
34.887853631825955,0.9122815978986404,0.00850104794157695,0.10479558444967722,0.02781456611703597,23.268323292169633,0.03775425284031826,37.011824736710075,0.01054620084973457,1.0,0.9642857142857143,0.5983516452371671,84,81,1,1.0,,1.0,0.0,0.20245061743138987,0.7867087432708372,30.676345132267706,0.10808543155948998,permissive,vse2-A_Vacancy-Anion-06A.png,vse2,C,8
29.70160260964026,0.8942011094500192,0.010515089216523174,0.2673074183472822,0.07890776066151887,20.59707791952087,0.044662625172339855,33.80647008566626,0.013385876844205783,0.9888888888888889,0.967391304347826,0.5805847497871377,92,90,4,1.0,1.0,,,0.39009051464972294,0.785375429412727,14.562154514379992,0.15886624792500859,permissive,vse2-A_Vacancy-Anion-06B.png,vse2,C,8
26.55054815885893,0.8119607963319464,0.11392986284834951,1.0836087236992342,0.5738728769943386,24.59097857581969,0.03195657727359943,32.893946755173474,0.01799357683500791,0.994475138121547,0.9782608695652174,2.4232668491567786,184,181,5,0.8,,0.8,0.0,0.6576461197550573,0.9901303546525445,30.1217035685832,0.8640041173443129,permissive,vse2-B_Anti-2M.png,vse2,C,8
29.48923630164061,0.8142232469144134,0.01417411026389673,0.9193878611178368,0.5559521358723624,27.78209853806971,0.025138069264389027,33.50017543974384,0.01667169719138961,1.0,0.989247311827957,0.6796738348201514,186,184,8,1.0,1.0,,,0.5810081141419827,0.9986160162560231,31.46675069053495,0.9555506948018528,permissive,vse2-B_Vacancy-Anion-09B.png,vse2,C,8
30.67189715402952,0.8705203256972646,0.01320551283848002,0.13199850917649492,0.17292586588325914,24.94065742959652,0.03786032084521683,34.37105479315186,0.014660259923385821,0.9526627218934911,1.0,0.8951213526806545,161,169,7,0.8571428571428571,1.0,0.6666666666666666,0.0,0.48962950379144726,0.4105246801678148,25.897197137868112,0.1449878637515786,permissive,vte2_Defect-Free.png,vte2,C,8
30.192691610473315,0.8950672999882847,0.0775405169284103,1.2099784889350251,0.41392668093758117,27.412835682649522,0.020549054405639783,34.54926383954281,0.014178574576747384,0.9661016949152542,0.9827586206896551,1.3870748387117167,174,177,7,1.0,1.0,1.0,,0.4246327065569325,0.9911120968527194,9.527568722943867,0.9661237449506936,permissive,vte2_Vacancy-Anion-09B.png,vte2,C,8
40.146149911351685,0.9687031220903592,0.001831602310702349,0.07746067978989922,0.027688667440220235,35.89848557276048,0.012199722438585395,40.35636945021718,0.004970101370598447,0.975609756097561,1.0,0.38729833462074176,40,41,0,,,,0.0024997326489145546,0.3674436377531525,0.9876746096959738,29.143551745937092,0.07442609150683685,permissive,ws2-A_Vacancy-Metal.png,ws2,C,8
33.039008438425334,0.892840853716402,0.05708856142347525,0.15223200177205207,0.13793142675130252,31.665047113318373,0.019823295168885865,33.30561181724703,0.017935717349832396,1.0,0.9857142857142858,0.4256282653793743,140,138,21,1.0,1.0,,,0.5623803996611977,0.7392577319587629,29.919299398164778,0.18131299342479468,permissive,ws2-B_Vacancy-Metal.png,ws2,C,8
25.363876547145377,0.8899710156771592,0.021360812337892277,0.20086313052021307,0.08510668101033192,14.9714982332698,0.09773548201036511,36.62320936987496,0.011134958536214998,0.9692307692307692,0.984375,1.7593288763724921,64,65,0,,,,0.0,0.2569374521728624,0.41999407485434015,12.713752225080201,0.13911674398798718,permissive,ws2-C_Defect-Free.png,ws2-C,C,8
33.94737265179788,0.9197854535275183,0.06113972875258175,0.5988338891915421,0.05640164240388205,27.514355254726194,0.027612849916789778,34.93353379097688,0.013958031531856705,0.9913793103448276,0.9829059829059829,0.8944271909999159,117,116,6,1.0,1.0,1.0,0.03002037936980718,0.07517677975058507,0.9885600831993949,25.644586380623092,0.741670666026769,permissive,wse2_Vacancy-Anion-06A.png,wse2,C,8
33.8349174679582,0.9402480420022564,0.006565365704798069,0.09475798619003137,0.07400435131111875,24.812505188446167,0.03632353785487953,37.38248822007015,0.009843134252593736,1.0,0.9847328244274809,0.3294345637345082,131,129,30,1.0,1.0,1.0,0.0,0.2527917733068598,0.6816240638732438,20.98006016952224,0.19954425741440512,permissive,wte2_Mo_doped.png,wte2,C,8
41.053334115315266,0.9562501701322185,0.0021662563266890613,0.06569634790074126,0.02439339601305289,34.51441242696064,0.013983236384689629,41.45189935318061,0.005443543809135757,1.0,1.0,0.45226701686664544,44,44,0,,,,0.0,0.5250917190775681,0.9650812763395545,28.313398125794595,0.04483332892754236,permissive,zro2_Defect-Free.png,zro2,C,8
26.3664644674584,0.8279504969212282,0.08157286059157197,0.7982587653278391,0.3374988121258196,26.49697301888029,0.0390011593118046,26.301457331358517,0.029503428131090633,0.9927007299270073,1.0,1.4975470138942315,136,137,28,1.0,1.0,,,0.41348281878696325,0.9707031904694864,26.89804504433375,0.7923211287746116,permissive,zrs2_Vacancy-Anion-03.png,zrs2,C,8
27.95455664800176,0.852387887757875,0.04430989383938846,1.43831905804189,0.9575264256622208,27.83386014231235,0.02469886627141924,32.335413150658766,0.01928366005422444,1.0,0.9950248756218906,0.6519202405202649,201,200,2,1.0,1.0,,,0.9575264256622208,1.0,,1.0,permissive,zrse2_Vacancy-Anion-03.png,zrse2,C,8
32.02371128427172,0.89835875021594,0.1812600496924869,0.1649938691609211,0.10966525750985733,25.660089609413742,0.034421180198994775,34.315278942000646,0.01596344052983629,0.9917355371900827,0.975609756097561,1.161895003862225,123,121,13,1.0,1.0,,0.0,0.5685884993327672,0.8686234536440717,25.905555804200183,0.1675338400878013,permissive,cose2_Fe_doped.png,cose2,C,12
27.615942859383402,0.7625195963016246,0.022451066780312216,0.9774912823530189,0.7448941376210926,27.48576513253981,0.03159936355028473,28.020038418599967,0.023360856343493695,0.9722222222222222,1.0,0.6969320524371696,70,72,1,1.0,1.0,,,0.8368498933922079,0.9888607708078455,30.418224324826628,0.8802015712906555,permissive,cro2_Vacancy-Anion-03.png,cro2,C,12
32.37929625808149,0.8429605303535055,0.038328958870069194,1.1705183435301492,0.5058651670048384,31.3678236902063,0.02139799418617635,33.737041194682476,0.016414669335713297,0.9947916666666666,0.9896373056994818,0.8469223617965196,193,192,8,1.0,,1.0,0.0,0.5755960190191277,0.9962107516306784,30.913662034559138,0.8755243288590604,permissive,crse2_Anti-Anion.png,crse2,C,12
31.563698175338658,0.8514333661008993,0.03764398399511411,0.2881233125475652,0.3029906302143499,30.382252967637044,0.02357717888012771,32.198075434253695,0.020053316284483015,1.0,1.0,0.4750168687962835,195,195,1,1.0,1.0,,,0.5401334687680899,0.6983111638284052,30.069343431342446,0.3917212167886022,permissive,crte2_Vacancy-Metal.png,crte2,C,12
33.90240642811159,0.9028937353354884,0.060950448451276,0.9073761525850171,0.03796296296296296,27.98824774448103,0.025153833370925867,34.430822330623585,0.013892991896355037,0.972972972972973,0.9863013698630136,1.6158932858054431,73,74,0,,,,,0.03840384654899624,0.999131306381557,30.625126926903498,0.9876610857432775,permissive,cus2_Cu_adatom.png,cus2,C,12
28.213389636168912,0.8470001863295173,0.03159841699192574,0.13932059551973572,0.12512232040886603,19.961249892165483,0.06983663350031259,35.501925152248596,0.012828771222831995,1.0,0.9333333333333333,0.7644707871564383,165,154,6,0.8333333333333334,0.8,1.0,0.0,0.33204684707116877,0.7392983011919376,19.729522123797874,0.2785833376687402,permissive,cuse2_Cu_adatom.png,cuse2,C,12
29.934461618421544,0.7855169306462281,0.051068185255886696,0.7487604148971339,0.7372343625066936,29.27522537090858,0.02458857571098947,32.60979689782864,0.01908420531844022,1.0,0.9836065573770492,2.057506581601462,61,60,2,1.0,1.0,,,0.796133816017523,0.952961135101789,21.527905627707938,0.8824593062065829,permissive,feo2_Int-Anion.png,feo2,C,12
33.18504453939299,0.9248103654980545,0.0061576171506632004,0.18604286957793123,0.11587894870259804,25.84920130921454,0.03081199245513082,36.93848034038897,0.01050914636504881,0.9397590361445783,1.0,0.5063696835418333,78,83,3,1.0,1.0,,0.0,0.36189725585727595,0.9403770072143356,24.876721913802907,0.3011072817392899,permissive,fes2_Ni_doped.png,fes2,C,12
27.82353254907488,0.8072590723248857,0.03174273195949514,0.6139693797053134,0.38409447226015275,24.66664973011874,0.03439234281229411,32.59180963995955,0.015801276620713435,0.9702970297029703,1.0,1.749635530559413,98,101,40,1.0,1.0,,0.0,0.593891721010295,0.9449155332007848,19.040606557590706,0.6111161685126182,permissive,ges2_Vacancy-Anion-03.png,ges2,C,12
36.76046531658613,0.9221124599438703,0.0023690994599940614,0.035160286203309014,0.02043384188626907,30.383851065043302,0.023179757731645444,37.07427486413765,0.010644632320616245,1.0,1.0,0.31072773313293267,145,145,0,,,,,0.0,0.0,30.38385094606145,0.0,tight,gete2_Defect-Free.png,gete2,C,12
30.962899335173223,0.9328741543313774,0.011493804998376697,0.17555437390213946,0.053216384662780225,19.133819428023465,0.07265973514292753,37.95789356290035,0.00912827104430853,1.0,0.984375,2.7746013584680407,64,63,2,1.0,,1.0,0.0,0.32051964437084784,0.9050375730587253,18.048089415345814,0.1502648229773923,permissive,hfo2_Int-Anion.png,hfo2,C,12
38.17383991417867,0.9705033063928276,0.0021647087404436075,0.21817410045334862,0.056781975421028676,30.336803512786123,0.020020485468801055,39.75804851775124,0.004478050737900583,0.9823008849557522,1.0,1.4886961463697743,111,113,2,1.0,1.0,,0.0,0.41861578539745126,0.9929191716766868,22.853592427975148,0.13468176301016538,permissive,irte2_Vacancy-Metal.png,irte2,C,12
28.975872797407032,0.781302661105479,0.02856981173121877,0.6443275866611011,0.444242214532872,26.23006593484765,0.029638606139976934,34.275996040169765,0.015235977606320195,0.9552238805970149,1.0,0.9354143466934854,64,67,5,1.0,1.0,1.0,,0.6002170947150383,0.9389185736762575,17.26838549220918,0.6949273356401384,permissive,mno2_Defect-Free.png,mno2,C,12
31.041144028761785,0.8180024375118622,0.061753625856950996,0.7049637094624434,0.3741160259562095,28.70470830678152,0.025551828277241687,33.4514238975179,0.01718925301119166,1.0,1.0,1.2033287165193058,125,125,26,1.0,1.0,1.0,,0.488094695352683,0.955412410861329,28.41980627312624,0.7323068611561319,permissive,mns2_Int-Anion.png,mns2,C,12
24.181368644581447,0.8242228225515129,0.15247705230278646,0.6191518040446112,0.5683467036207666,22.695938639301062,0.03873627035805579,27.525074679791164,0.022350438234276373,0.9354838709677419,1.0,0.8407714027749386,174,186,8,1.0,1.0,1.0,,0.5815285435825425,0.9992702084757059,31.013462380087375,0.9766191793696385,permissive,mnse2-B_Vacancy-Anion-03.png,mnse2,C,12
36.919841345946345,0.9433934900839221,0.01257854176697044,0.06919344226767932,0.09395049825950447,33.72126748845304,0.014721754368579918,37.44002089976573,0.009655443564743172,1.0,1.0,0.356034497458156,71,71,1,1.0,,1.0,0.0,0.7194541988562255,0.8139941426203827,29.557051857226462,0.10629607194048188,permissive,mnte2_Defect-Free.png,mnte2,C,12
22.464833985928372,0.7867271782369465,0.5472381691676902,1.2950727107462288,0.2655199834732728,24.62935449985366,0.05269056250480261,21.88858815546007,0.06432118745730005,0.762962962962963,0.9537037037037037,0.4926646390821466,108,135,0,,,,,0.2655199834732728,1.0,,1.0,permissive,mos2-A_Adatom-Li.png,mos2,C,12
34.10642055672706,0.8271288675888055,0.01173113680499581,0.23299598771918065,0.13153746671307734,31.52283741789605,0.02081088696497999,34.67697997698566,0.014173022118757567,0.975609756097561,0.963855421686747,0.4330127018922193,83,82,1,1.0,1.0,,0.0,0.3698756241307197,0.7952711860760311,30.467232559153462,0.282819278540441,permissive,mos2-A_Vacancy-Metal.png,mos2,C,12
34.403483928750894,0.8698154943063774,0.05405936089760825,0.21004904967201848,0.12115833349953133,32.485490575167766,0.017734340835342963,34.74933647864129,0.01472160697265655,1.0,1.0,0.4926646390821466,103,103,24,1.0,1.0,1.0,0.0,0.3677668717896557,0.8502527924750147,29.088758610771453,0.2801100895474761,permissive,mos2-B_Adatom-K.png,mos2,C,12
30.065815316354684,0.8519851887674056,0.0269519903014629,0.659441661905823,0.33141968221045226,28.78617742071429,0.024740460788526427,30.87427765539327,0.016859175750462318,0.991304347826087,0.9743589743589743,0.49559462778335206,117,115,34,0.9411764705882353,0.96875,0.5,,0.43094053358051215,0.9552199030294695,25.927171693293936,0.734622649841732,permissive,mos2-B_Anti-Anion.png,mos2,C,12
28.014117585409075,0.8949036363168588,0.008373107175791872,0.31225024507548027,0.13103719224724986,19.771194656454853,0.05282540615598142,36.41261304787611,0.011331772664669943,0.9363636363636364,0.9716981132075472,0.9754262200082647,106,110,30,1.0,1.0,,0.0,0.36254669119696714,0.7798920647611434,14.305698137497824,0.2818805657412258,permissive,mose2-A_Doped-Na.png,mose2,C,12
26.596283576854248,0.8541826612280197,0.0318764302957154,0.9133928590387886,0.2758074713875434,21.983969913887083,0.039208056318793094,32.13477844500416,0.014245508452238468,0.9882352941176471,0.9710982658959537,0.8864052604279183,173,170,5,1.0,1.0,1.0,,0.28193109720685083,0.999669739385521,30.167917444125067,0.9779566205152386,permissive,mose2-B_Adatom-K.png,mose2,C,12
33.93556069740196,0.893308635832736,0.004376500722755025,0.08802530650489383,0.09066773115007072,26.16491399809515,0.03122632888241538,36.92027156645342,0.01065866389351695,1.0,1.0,0.9497161598676341,153,153,5,1.0,1.0,,0.0,0.5213781072830354,0.8831368377507904,26.406545763077695,0.15357762870247332,permissive,mose2-B_Doped-Na.png,mose2,C,12
32.719411363355874,0.8780590586737665,0.005286807096317924,0.1640686181401241,0.1733009344592567,27.201887430868794,0.027075978922059242,36.06522115802448,0.01196112379972946,0.9783783783783784,1.0,1.3745918530352708,181,185,3,1.0,,1.0,0.0,0.8118293233932,0.8888493824106853,21.024387247569152,0.18974238072784946,permissive,mose2-B_V_adatom.png,mose2,C,12
25.654902164918937,0.8434363352606138,0.7013648817001266,0.721846318465557,0.35952544459968266,21.929261613004208,0.04667506943570582,31.895789790313298,0.019167570912937918,0.9739583333333334,0.9894179894179894,2.8359796805800817,189,192,15,1.0,1.0,1.0,0.0,0.45180236962609227,0.970248445568553,16.213630309389092,0.7720831655971016,permissive,mote2-A_Anti-2M.png,mote2,C,12
32.54247507042539,0.8782370528916132,0.030926336814010545,1.2586140803218242,0.43782945369295984,31.281442306365644,0.02142023672412942,33.864235187941894,0.016099217648567407,1.0,1.0,0.2986668343393225,213,213,1,1.0,,1.0,,0.45015876907987495,0.9929417873233418,30.802123054427817,0.9657462880958583,permissive,mote2-A_Ti_doped.png,mote2,C,12
32.34745357461619,0.9383257541621671,0.006287004443971668,0.12470013000732098,0.07719961592002315,22.359163287020266,0.04427429329772733,38.37969466611882,0.008741210806511412,0.990909090909091,0.9819819819819819,0.6566526178661429,111,110,23,1.0,1.0,,0.0,0.5558355131558701,0.8599101377689172,20.13991867718497,0.11943233346962966,permissive,mote2-B_V_adatom.png,mote2,C,12
30.38881835891146,0.9046007766088753,0.23959758086506674,0.12655004915286408,0.07479681893569418,24.42029414187072,0.03202329807351641,31.573126690247495,0.022126105033389274,1.0,0.992,0.9069623173877128,125,124,5,1.0,1.0,,,0.5680811808118081,0.8510488007125089,23.28552107204707,0.11205395496708213,permissive,mote2-B_Vacancy-Anion-06B.png,mote2,C,12
26.93059101774114,0.8691193551687887,0.0312882171195512,1.0920107405362998,0.36188031053242864,23.00364029482911,0.03240201567491592,34.72002363922211,0.014493314465493144,1.0,1.0,1.96638416050035,75,75,0,,,,,0.3670542515156226,0.9971537162162162,26.359593139261253,0.9830979888746256,permissive,nbo2_Defect-Free.png,nbo2,C,12
24.770244263040677,0.8038088290166185,0.15494290093181107,0.43785444095207665,0.7123926361362175,23.630912496675403,0.04031612523626867,30.67113768550323,0.024532949193747978,1.0,0.896551724137931,1.5762662797304854,145,130,31,1.0,1.0,1.0,,0.7461537714879202,0.5571452385611677,24.926317325771556,0.5319361509328748,permissive,nbs2_Anti-Metal.png,nbs2,C,12
24.81485790337382,0.8374129002273782,0.0253680063062905,0.39693619284407194,0.2474835485128475,19.07250755018699,0.05722840374258839,35.03688774342202,0.013501606497573504,0.9545454545454546,0.9905660377358491,3.2101030987745403,106,110,21,1.0,1.0,,0.0,0.5009301870165476,0.8005174050467855,13.534397627533272,0.39549400930938605,permissive,nbs2_Vacancy-Metal.png,nbs2,C,12
31.85249966581867,0.9062254116343355,0.04179245510076879,0.1597820349025135,0.07879039257337675,23.831827620196503,0.039195778110503746,34.50209310751942,0.011386685397712556,0.991304347826087,0.9827586206896551,0.7779866052154991,116,115,27,1.0,1.0,,0.01592700915564598,0.2952217593727028,0.9165322703344186,28.507249816232058,0.2446091288774233,permissive,nbse2_Cu_doped.png,nbse2,C,12
28.938790859178752,0.9283015751409214,0.0073669021569409895,0.26360617116742946,0.10618709451586453,22.696208988976743,0.04056164124451929,31.024186849811844,0.010242905216050518,1.0,1.0,1.1385500851066221,81,81,17,1.0,1.0,,0.0,0.40456577791082826,0.9459020094829532,21.90933782687148,0.24827257165051522,permissive,nbse2_Vacancy-Anion-03.png,nbse2,C,12
23.606142764360452,0.8569448192133411,0.011212623264036353,0.4769773112199001,0.1595063666492238,17.294714412594153,0.07843901289665556,27.8301444078745,0.017877589173220153,0.9246575342465754,0.9782608695652174,2.466065992929119,138,146,3,1.0,1.0,,0.0,0.24658480051289638,0.8201651265788179,11.511286915399424,0.5305337519623234,permissive,nbte2_Vacancy-Anion-12A.png,nbte2,C,12
31.35736216484943,0.887872203582583,0.01914557559591487,0.2919176260801483,0.0917756846328275,26.274213785220514,0.03516234430884244,32.46251931830368,0.014033971823030449,0.967741935483871,1.0,1.0832051206181281,150,155,3,0.6666666666666666,0.0,1.0,0.0,0.2773954545765799,0.962415660933194,23.790436018261776,0.31841313448456304,permissive,nbte2_Vacancy-Metal.png,nbte2,C,12
32.87932540210872,0.9041247905364562,0.018228598681342075,0.18013246233079094,0.12965498554913296,25.83509547458412,0.029436376877738913,36.916542167958845,0.010773528277218206,0.9946808510638298,0.9842105263157894,1.01063859728963,190,188,7,0.8571428571428571,,0.8571428571428571,0.0,0.328804469719247,0.9191105785976009,20.561010298530128,0.36242593930635836,permissive,pbse2_Defect-Free.png,pbse2,C,12
26.541787264038508,0.8820158495745489,0.013656278388697448,0.25906048461302134,0.19846385156004148,20.14452151385146,0.049064143898708196,34.302874537399546,0.013813876893762749,0.9948453608247423,0.9698492462311558,1.0025873264460603,199,194,5,1.0,,1.0,0.0,0.360437054455675,0.978598275109903,30.671141963494097,0.5388357839668461,permissive,pbte2_Vacancy-Metal.png,pbte2,C,12
35.821475085945764,0.9438809603941193,0.11532460603429642,0.020053285773025637,0.01861955559303453,30.180906064216344,0.024301015818744654,36.04679910315598,0.012332757821891732,1.0,1.0,0.4820729884542206,142,142,29,1.0,1.0,1.0,0.0,0.006253090189919437,0.04868659420289855,30.088373283109775,0.14497196104060378,permissive,rete2_Defect-Free.png,rete2,C,12
28.549584886499964,0.8210900418233402,0.017502719750859586,0.3320058192175432,0.20773923392478658,22.59398603980555,0.0381584894058833,34.952194645846916,0.013896396882099794,0.95,0.9595959595959596,1.538967528127731,99,100,2,1.0,1.0,,0.0,0.48825656600158907,0.817144703484615,16.60204847750113,0.3476717499115789,permissive,rus2_Anti-Anion.png,rus2,C,12
25.482136875451925,0.8679522883982852,0.05819167250464973,0.2887058179950016,0.13203469727292455,18.198152742950985,0.05693342392989457,30.190461405010783,0.018643773325457212,0.9692307692307692,0.9692307692307692,3.614345316027795,65,65,4,0.75,1.0,0.5,0.07832452664024658,0.32268540202966434,0.9435934896249458,30.656147763621146,0.3860945675499723,permissive,sno2_Anti-Metal.png,sno2,C,12
34.38860922824814,0.8692649035771843,0.025812864710445076,0.22092742812267147,0.1779960250338295,30.838647487650896,0.020825643286701053,35.778289960805004,0.01233432521024407,0.9891304347826086,0.9381443298969072,0.9721393650372075,97,92,5,1.0,1.0,1.0,0.0,0.48388482222886164,0.9234305398824019,28.88828301340385,0.33968200270635995,permissive,sns2_Vacancy-Metal.png,sns2,C,12
30.982575586911526,0.8996557083610129,0.017499165042508553,0.20896073781852686,0.15689369204387096,24.45847096555245,0.03737994950091334,35.539043118998976,0.012424983042009188,1.0,0.9846153846153847,1.114534656257938,130,128,36,0.9444444444444444,1.0,0.6666666666666666,0.0,0.5280502617801047,0.8067678603424886,24.706482793262047,0.2397059473179038,permissive,snse2_Vacancy-Anion-03.png,snse2,C,12
33.0199084988906,0.9083204771470894,0.037717672808091116,1.5073410497367385,0.8400802587243266,32.76247227860357,0.016461769689446036,34.69995569043049,0.013511003663428669,0.9895833333333334,0.9895833333333334,0.4412899750790439,192,192,0,,,,,0.8400802587243266,1.0,,1.0,permissive,snte2_Fe_doped.png,snte2,C,12
28.327890851258207,0.9171948363948274,0.00894673094245745,0.14718740951869794,0.05884539523592778,16.42946772716038,0.08987367572921225,38.57433029127047,0.008385468055267305,1.0,0.9818181818181818,2.9313124351717597,55,54,2,1.0,,1.0,0.0,0.22700002510229184,0.3885952473035108,14.363223693734238,0.10073585191928387,permissive,tas2-A_Doped-Li.png,tas2,C,12
29.156774855234122,0.8923592381673516,0.06892609192525129,0.2664575794623592,0.08012213914140631,29.177978876648968,0.024377665275123545,29.15493286691686,0.018583837949247756,0.9791666666666666,0.94,0.4375949744936837,100,96,14,1.0,1.0,1.0,0.0,0.32086113212738154,0.9032237245474201,31.154069062044208,0.2255437311904688,permissive,tas2-B_Vacancy-Anion-06B.png,tas2,C,12
30.243780278491336,0.8870509938855284,0.1461253282043378,0.22284514533021216,0.14729349590973492,24.384294079050193,0.03867628958817321,33.19409831558044,0.018594250490426647,0.9895833333333334,0.9895833333333334,1.3138933706635727,96,96,2,1.0,1.0,,,0.4820831622778723,0.865733995681862,25.34150788955546,0.26451242592535135,permissive,tas2-B_Vacancy-Anion-09B.png,tas2,C,12
33.58739536258685,0.8716485345489197,0.007935432934691164,0.14753265954230435,0.08008943280771946,27.716917146202658,0.027742195044992566,34.83304605240869,0.01424425236477056,0.9895287958115183,0.9792746113989638,0.7901510136288027,193,191,10,1.0,1.0,,,0.3137585948669072,0.6771672054069938,25.724631646940338,0.1728524358672629,permissive,tase2-A_Vacancy-Anion-12B.png,tase2,C,12
35.71073834944663,0.9207493232535109,0.01041340248595676,0.17295199624921545,0.053477153831030896,32.36340367985921,0.01873802327970784,36.00548873711295,0.0121103185813703,1.0,1.0,0.24253562503633297,136,136,31,1.0,1.0,1.0,0.0,0.20529557474727186,0.8248823133826496,30.783272018330763,0.21487242683903388,permissive,tase2-B_Defect-Free.png,tase2,C,12
29.089250637522248,0.8995013808507419,0.16814296473875331,0.397053567861201,0.15871961716064004,23.93439768388946,0.03329032798337812,31.527465613364086,0.018451490705876903,1.0,1.0,1.0080322575483707,124,124,13,1.0,1.0,,,0.29273722645248273,0.9216174982251023,29.832455988266698,0.4996931147415211,permissive,tase2-B_Vacancy-Anion-09B.png,tase2,C,12
25.735397844655274,0.9180169204965472,0.012977854170862859,0.12578879076581967,0.14593116554054053,17.64119147154198,0.07015434150868466,37.338468934729136,0.00988273114161369,0.9672131147540983,0.9365079365079365,1.2722594341550824,126,122,29,0.9310344827586207,0.9629629629629629,0.5,0.0,0.46942746606231256,0.8901075051003429,16.240122226247294,0.27670819256756757,permissive,tate2-A_Fe_doped.png,tate2,C,12
26.906885332770564,0.8828311297125083,0.04384959011713512,0.2704987699732582,0.08991280458671763,17.059847496618435,0.08735936862808191,35.29234452085732,0.013718759489221733,0.9941520467836257,0.96045197740113,0.8744746321952062,177,171,4,1.0,1.0,1.0,0.0,0.18968407479045776,0.9770840252407837,29.71231393480728,0.4631509794553273,permissive,tate2-B_Anti-Anion.png,tate2,C,12
35.4379359413386,0.9044635831427875,0.022809532189469718,0.09192532354265698,0.03864284007917548,31.40290937052392,0.02056456841649734,35.7140078615135,0.012650625538401005,0.9945054945054945,1.0,0.348635857774221,181,182,2,1.0,,1.0,,0.0991760355862535,0.5833195341392062,29.80616274316906,0.22728397379018497,permissive,tate2-B_Anti-Metal.png,tate2,C,12
30.189245445361905,0.900408635371121,0.007264616994407738,0.1843118800516116,0.09525160398607603,22.71953131092055,0.04618929564665218,33.05129317142124,0.01241000695160987,0.9517241379310345,0.9928057553956835,1.7590346496162959,139,145,4,1.0,,1.0,0.0,0.38113207547169814,0.9408603354457308,27.629764066478263,0.23513753327417924,permissive,tate2-B_Vacancy-Anion-12A.png,tate2,C,12
26.499640433924178,0.7734474558621114,0.09542253581026962,0.5642553608335189,0.8100637406383357,26.428949247179908,0.03286073711614072,26.814761006907418,0.02695757134001361,0.984251968503937,0.9920634920634921,1.6540858502508267,126,127,32,1.0,1.0,,,0.8724675087752489,0.82304105755962,23.950820358962307,0.7641725463468534,permissive,tis2_Vacancy-Anion-12A.png,tis2,C,12
30.286932836814632,0.8370959807646214,0.12583463016744478,0.7146243527337316,0.27189293431538836,30.337373876327213,0.022726075819200477,30.26824614989711,0.01946511083394431,0.9534883720930233,0.9919354838709677,0.8312983282607428,124,129,15,1.0,1.0,1.0,,0.33201750260300944,0.9719136329972085,26.749250022742945,0.7959112019847632,permissive,tis2_Zr_doped.png,tis2,C,12
29.76715012067965,0.845450472127381,0.049218343601425234,0.7775517867428225,0.5443996080280297,27.86628696009093,0.02621451593377818,34.403486253679766,0.014546303712851658,0.9891891891891892,0.9838709677419355,1.3789993996598748,186,185,6,1.0,,1.0,0.0,0.5535337683239195,0.9972575174164625,29.067920136569512,0.9808012313836426,permissive,tise2_Adatom-Li.png,tise2,C,12
32.556870168726874,0.8567118931476707,0.03946094931082151,1.387402616552454,0.41317682188386906,30.774708043461278,0.021709282457351334,34.476284693994515,0.01470786516900456,1.0,0.9946236559139785,0.43495883620084,186,185,5,1.0,,1.0,0.0,0.4218876289780542,0.9985456579499371,17.504564067238128,0.9779284651154191,permissive,tise2_V_doped.png,tise2,C,12
30.578857414998595,0.9325018552315671,0.18773287218347193,0.10810645588211874,0.09004384358660815,29.990554309517336,0.02094525488364381,30.64165137293012,0.01237615404427199,0.9855072463768116,0.9855072463768116,0.3208444739598739,69,69,2,1.0,,1.0,,0.7302489394060674,0.8385302971116064,26.442390773388556,0.10339555025873716,permissive,tite2-B_Cu_doped.png,tite2,C,12
33.61655268809236,0.9307793275750972,0.906034862150174,0.8333114475581537,0.20570897707263883,30.384408688661484,0.01910436797266661,35.08036400009256,0.013772548365292028,0.9855072463768116,1.0,0.6416889479197478,68,69,0,,,,,0.21490805809706567,0.9901429275505175,26.019543263354898,0.9477601286133716,permissive,tite2-B_Vacancy-Anion-06A.png,tite2,C,12
26.15058067511324,0.7198806718542987,0.09858321801176495,1.0349743440584396,0.9754660045836516,26.08713860663262,0.03485626265531302,29.9709030539278,0.02352489674704275,0.8796296296296297,0.9895833333333334,0.7947194142390263,96,108,1,1.0,1.0,,,0.975796871527219,0.9971219021290093,24.941684068290087,0.9967838044308632,permissive,vo2_Vacancy-Anion-03.png,vo2,C,12
26.642235056812815,0.7042607495769545,0.22408261773792573,1.2640671787886104,0.7431423986959733,27.34757903979021,0.029059468681711203,25.07760120135363,0.02768770862032738,0.9877300613496932,1.0,1.2901923396501491,161,163,11,0.9090909090909091,0.9,1.0,,0.7803903345724907,0.959284392350401,29.102641301758695,0.9134978648260873,permissive,vs2_Vacancy-Anion-06A.png,vs2,C,12
29.998199828654446,0.766817406344107,0.07778646354108894,1.3150971057519978,0.9259325290703433,29.854961900052764,0.024866358407501527,32.35783173722546,0.019354229256782877,0.9885057471264368,0.9942196531791907,0.7548294124240689,173,174,16,1.0,1.0,1.0,,0.9278557703043373,0.9651521727171036,26.53898132496431,0.9631516242320307,permissive,vs2_Vacancy-Anion-12A.png,vs2,C,12
33.28149582879703,0.9064750299745113,0.09538935424802147,0.18137080558798546,0.15671058032637067,28.483116912439826,0.025588874752053296,35.32383010211062,0.0134622322839418,0.9213483146067416,0.9761904761904762,0.59469196781642,84,89,1,1.0,,1.0,0.0,0.4291576400638846,0.8941880003953742,26.67793451022749,0.3265203910665004,permissive,vse2-A_Vacancy-Anion-06A.png,vse2,C,12
32.26589121056728,0.8918154284420089,0.1445280332629346,0.17684684431032294,0.12035079295006337,28.7902441717447,0.02607262781479372,33.063432168610426,0.018189354550419888,0.9887640449438202,0.9565217391304348,0.8594395636904107,92,89,4,1.0,1.0,,,0.48803972857197014,0.8284782701960616,29.2052222452666,0.20430307395617928,permissive,vse2-A_Vacancy-Anion-06B.png,vse2,C,12
28.300707510366504,0.8140325168559447,0.06795116782284105,0.8424464000817039,0.5050411734431292,26.52659825824516,0.031107985070377805,31.4418837888884,0.01965205772182999,0.9728260869565217,0.9728260869565217,1.315995279406045,184,184,5,0.8,,0.8,0.0,0.5914678457429683,0.9828644801002756,23.69426852198456,0.8392460113226968,permissive,vse2-B_Anti-2M.png,vse2,C,12
30.206418741741793,0.8128722874686938,0.1147679424748505,1.3208544143236685,0.6539089037570767,29.369966404322714,0.02572010371807021,32.434381231387654,0.019131215787252506,1.0,1.0,0.8263145278432004,186,186,8,1.0,1.0,,,0.6859082357374372,0.9885285448370581,29.902956015896077,0.9424112197632527,permissive,vse2-B_Vacancy-Anion-09B.png,vse2,C,12
34.15911251148482,0.8777037800240269,0.017460492874878913,0.08032386566853544,0.13953774776307892,31.571822631610193,0.019212233697207676,34.77424187479576,0.014133619484825286,0.9814814814814815,0.9875776397515528,0.5494422557947561,161,162,7,1.0,1.0,1.0,0.0,0.5727230163320389,0.6673941300126771,29.355080649536028,0.16260333724439985,permissive,vte2_Defect-Free.png,vte2,C,12
26.995081283687455,0.8930293382439266,0.03814223164777602,0.8535721468896821,0.7572839882130605,28.243327923417944,0.018871001982587787,24.49235612540823,0.021096841363488085,0.9772727272727273,0.9885057471264368,1.4162676136551213,174,176,7,0.8571428571428571,0.8333333333333334,1.0,,0.7576331429903275,0.9996008279124778,25.77103190171586,0.9991401624734659,permissive,vte2_Vacancy-Anion-09B.png,vte2,C,12
33.22311854055987,0.9656594506036187,0.005593067612009618,0.10920785444497562,0.05354014515505199,21.139333170529323,0.04694009290050969,41.68349334304453,0.004985287125205509,1.0,1.0,0.3535533905932738,40,40,0,,,,0.0,0.5051259050426091,0.8375119515563583,16.6260762844174,0.08877095988897231,permissive,ws2-A_Vacancy-Metal.png,ws2,C,12
25.54653835692472,0.8542446985699977,0.22771085368542165,0.24056196573926641,0.560715423293063,23.98606972482002,0.04245524057782581,29.03234604323483,0.031604388346014256,1.0,0.9642857142857143,1.4605934866804429,140,135,21,1.0,1.0,,,0.5493059594736924,0.17723079107937167,26.929323323612667,0.18091199690578572,permissive,ws2-B_Vacancy-Metal.png,ws2,C,12
31.02033323757418,0.9019046634507082,0.024619434568392964,0.34009688449740777,0.10178959636029494,22.40809734319699,0.04097091783859911,36.395718959974644,0.011943748182682014,1.0,0.984375,0.8544932592822077,64,63,0,,,,0.0,0.24764169696619223,0.9428909561292453,20.16486237883062,0.38756191308635335,permissive,ws2-C_Defect-Free.png,ws2-C,C,12
33.372697763661286,0.8977166468574055,0.021945161786220142,0.2093015867500297,0.07737428678078175,26.20959631775034,0.032790769629249754,35.26052378028772,0.014294837907596896,0.990990990990991,0.9401709401709402,0.7745966692414834,117,111,6,1.0,1.0,1.0,0.0,0.281226918342224,0.944658855961406,20.274012956242014,0.2599050818535701,permissive,wse2_Vacancy-Anion-06A.png,wse2,C,12
30.460312666729394,0.9279455588591009,0.024561601993766807,0.11370749890173538,0.0680109927859842,19.865486604079827,0.0627863810307334,36.729028177239165,0.010816158499068732,1.0,0.9847328244274809,0.9359321515195758,131,129,30,1.0,1.0,1.0,0.0,0.23887894632183504,0.6876788901235815,27.47295560815308,0.19578838886980418,permissive,wte2_Mo_doped.png,wte2,C,12
31.222130823276988,0.9438712985047073,0.007369271074933233,0.12100397081761198,0.06591944451787429,19.88039749128389,0.04819253701675994,40.83210405295858,0.005798979787769769,1.0,1.0,0.8528028654224418,44,44,0,,,,0.0,0.5825655563430191,0.8424007485630264,12.259925587710756,0.09532075626870626,permissive,zro2_Defect-Free.png,zro2,C,12
27.554392663292337,0.8285670500054011,0.08729735553265089,0.8333210304813502,0.3907495146685492,25.742057267952383,0.04231273462377723,29.307533825303757,0.02742818697951044,0.9927007299270073,1.0,1.465284553774253,136,137,28,1.0,1.0,,,0.45319164099246767,0.9573764606422772,26.337639631233472,0.8254662123330754,permissive,zrs2_Vacancy-Anion-03.png,zrs2,C,12
28.599402185987167,0.8503905279726515,0.09358534741973905,1.3045212639417305,0.9736174530695079,28.555353423465412,0.02585350048925792,30.648987985692578,0.02376997174440854,1.0,1.0,1.5597550515691632,201,201,2,1.0,1.0,,,0.9736174530695079,1.0,,1.0,permissive,zrse2_Vacancy-Anion-03.png,zrse2,C,12
31.990780932760178,0.8954400031443966,0.17378324635623776,0.14562587082894674,0.11113877484655095,26.047426253100223,0.03268776443735271,33.97186169370834,0.016835100775797054,1.0,0.983739837398374,1.4488524955008388,123,121,13,1.0,1.0,,0.0,0.7059907834101382,0.8054679284963197,26.157644434290113,0.12679870736961912,permissive,cose2_Fe_doped.png,cose2,C,16
23.522402404497434,0.7451964046405898,0.020214209204052813,0.6501752665287321,0.6867114417923367,24.230922074070115,0.03394603253392862,22.284037487040035,0.03313423091910649,0.9041095890410958,0.9428571428571428,0.6030226891555273,70,73,1,1.0,1.0,,,0.7716926849974061,0.9914982578397212,30.44880687598041,0.8823113286061454,permissive,cro2_Vacancy-Anion-03.png,cro2,C,16
32.48066146214101,0.8457934440723947,0.010728134226020179,1.1295310643531729,0.5040873263617918,31.24796968116963,0.021593133895908022,34.24349272095646,0.015221789011515094,0.9948186528497409,0.9948186528497409,0.408248290463863,193,193,8,1.0,,1.0,0.0,0.5770496590921855,0.9941557813255927,27.789846773944433,0.8684544248478226,permissive,crse2_Anti-Anion.png,crse2,C,16
25.41985346262363,0.8374357129074096,0.06036100241872945,0.38464794709615074,0.39454926624737946,22.09502138089835,0.03728725720618016,31.43274244086632,0.0222142921172468,0.9947643979057592,0.9743589743589743,0.5078333750770082,195,191,1,1.0,1.0,,,0.53885020091262,0.6863681710728925,29.27836405220048,0.5025627861207376,permissive,crte2_Vacancy-Metal.png,crte2,C,16
33.697557680787405,0.8942999623879087,0.09880345717006717,0.9465240633591523,0.14536529680365295,29.98035325596293,0.025003216286799603,34.833910219499266,0.015299432164952083,1.0,1.0,1.122619246495774,73,73,0,,,,,0.14769151886638543,0.9952882048060311,25.91839998699077,0.9796118721461187,permissive,cus2_Cu_adatom.png,cus2,C,16
27.501020880177407,0.8255096860291697,0.06409946254676227,0.10078944870241258,0.11058508174100032,18.593061907103433,0.08853945402660765,35.530415432563814,0.013132501241010255,0.9933333333333333,0.9030303030303031,0.6292639782813061,165,150,6,1.0,1.0,1.0,0.0,0.4810261956260514,0.8967919709664411,28.007742669828772,0.20616717824468045,permissive,cuse2_Cu_adatom.png,cuse2,C,16
25.96900928324846,0.7745836062079119,0.12832942879395123,0.9878441597850265,0.7950602612911981,29.022288512699213,0.02690138032487776,21.257789717109475,0.037805570799223205,0.9682539682539683,1.0,1.6742994620212328,61,63,2,1.0,1.0,,,0.8439971539382174,0.9466808137657425,27.736878722895852,0.8917900867791936,permissive,feo2_Int-Anion.png,feo2,C,16
31.197270360610712,0.9205253281447745,0.013525142767316712,0.2301167804130531,0.14700742682394058,24.270155755450517,0.03184976040534657,36.105831580995414,0.011605930849509935,0.8735632183908046,0.9743589743589743,1.1297414701929307,78,87,3,1.0,1.0,,0.0,0.4982888502923856,0.8894208720855575,17.15408309467865,0.2624009621970886,permissive,fes2_Ni_doped.png,fes2,C,16
26.938306217606932,0.8036818753051733,0.05621313480063328,0.6783863690372844,0.38309563546249936,25.64449291898537,0.0323878154034415,27.992445073037516,0.01892413431688839,0.9702970297029703,1.0,1.932535608352669,98,101,40,0.975,0.975,,0.0,0.5839070032553677,0.9601845556736348,23.833427767592426,0.6299676326303545,permissive,ges2_Vacancy-Anion-03.png,ges2,C,16
33.03263821389926,0.9194001998936812,0.23421291153254256,0.8248849662076051,0.8286246879334258,33.32261675006834,0.015327870431532109,31.85230482198027,0.019516876316089678,1.0,0.9172413793103448,0.4981167541368988,145,133,0,,,,,0.8525341385951124,0.9934948942016449,24.589600094978085,0.9656321775312067,permissive,gete2_Defect-Free.png,gete2,C,16
26.36304072505127,0.8914860546457092,0.19642017072787185,0.11039222859277893,0.05789077681406702,19.484929985464493,0.07684020374950248,27.543481984334022,0.01836086241335299,0.9552238805970149,1.0,3.3424354892802346,64,67,2,1.0,,1.0,0.1466044532553248,0.340879306321024,0.9716010847873919,31.258165064606303,0.16500485805014456,permissive,hfo2_Int-Anion.png,hfo2,C,16
16.764602314667542,0.7097090536337514,0.6101504184739818,0.6397436124511374,0.526820664542558,14.262910597936145,0.17318775940645642,25.535217903876983,0.019263372969914507,0.9652173913043478,1.0,0.8647240876416868,111,115,2,0.5,0.5,,0.0,0.838768205503426,0.6107703162911924,18.12342703033488,0.38361781216810803,permissive,irte2_Vacancy-Metal.png,irte2,C,16
30.344522431552136,0.7952716464079039,0.039604176177206386,0.8096773172596534,0.421242214532872,27.605055532517273,0.027810886369153184,34.77948043470061,0.014394204518121246,0.9696969696969697,1.0,0.8926785535678563,64,66,5,1.0,1.0,1.0,,0.5480881393917684,0.9803267646358192,17.93914438259664,0.7534463667820069,permissive,mno2_Defect-Free.png,mno2,C,16
30.25956823604943,0.812486990767429,0.22987866755479483,0.7343448187545184,0.5109385148629043,29.175294649081263,0.02635100255510284,31.785562727644564,0.021563528062008237,1.0,1.0,1.3266499161421599,125,125,26,1.0,1.0,1.0,,0.6219497300862259,0.907504321534011,28.85518997779061,0.74552473913281,permissive,mns2_Int-Anion.png,mns2,C,16
28.474980256099478,0.8440964481112279,0.13731239503059056,1.0628180664049667,0.5966928318316734,27.151868673633274,0.03328458585489515,31.725814881542416,0.019039092711128025,0.9886363636363636,1.0,0.7310832774866962,174,176,8,1.0,1.0,1.0,,0.628681064618778,0.9986418994121594,30.8938669812297,0.9478295060585863,permissive,mnse2-B_Vacancy-Anion-03.png,mnse2,C,16
34.6516004377554,0.9277382217179889,0.028568093735008616,0.13080119581533647,0.09973935226264419,27.387591264745488,0.029561860656594753,37.48551355078894,0.009958986002661664,1.0,0.9577464788732394,0.7071067811865476,71,68,1,1.0,,1.0,0.0,0.5087467014558069,0.7338807981009816,28.03746559771207,0.14387669783632517,permissive,mnte2_Defect-Free.png,mnte2,C,16
24.41682827275537,0.8183242066704115,0.3206512831087354,1.0596101893121057,0.9073541105988958,25.461837117516918,0.043363550422208755,19.51090501427486,0.060180745752274216,0.7829457364341085,0.9351851851851852,0.47720307236775805,108,129,0,,,,,0.9073541105988958,1.0,,1.0,permissive,mos2-A_Adatom-Li.png,mos2,C,16
33.495768745550286,0.8258828102156223,0.015763097895127493,0.224702096011061,0.13693412231476057,31.394954603087267,0.021091916395516507,33.947097682054135,0.014412381730210313,0.963855421686747,0.963855421686747,0.2958039891549808,83,83,1,1.0,1.0,,0.0,0.36080195007652915,0.7892039348598826,30.168611443858865,0.29952429061004565,permissive,mos2-A_Vacancy-Metal.png,mos2,C,16
30.95680375138597,0.862160558419071,0.0673613649332745,0.2759960002596237,0.17284115935917854,28.606655668346743,0.023573302695656474,31.662740623173672,0.017955426764480184,0.9716981132075472,1.0,0.5306160552209596,103,106,24,1.0,1.0,1.0,0.06690827989963757,0.3873345786900851,0.8920794527322179,29.39314943704411,0.39807457256251655,permissive,mos2-B_Adatom-K.png,mos2,C,16
32.84795528694791,0.8589276570031599,0.041110498543344566,0.7437900144481528,0.4131947906902535,31.599991989698935,0.020495169513838805,34.00797312413643,0.015923034852872334,0.9914529914529915,0.9914529914529915,0.5570860145311556,117,117,34,1.0,1.0,1.0,,0.5143624161073825,0.9644339635651539,28.819086676532166,0.7747437939296897,permissive,mos2-B_Anti-Anion.png,mos2,C,16
30.94758621320053,0.8920732856441789,0.014798899806704988,0.23478190147460934,0.14693294918805658,24.376233242564087,0.03505306332965048,35.03555378225644,0.01399217755821772,1.0,0.9622641509433962,0.7001400420140049,106,102,30,1.0,1.0,,0.0,0.42778011499088486,0.870033333927521,21.346772410742226,0.2988370874803562,permissive,mose2-A_Doped-Na.png,mose2,C,16
26.592159302817073,0.8590714669122349,0.0346363531940881,1.1320153692557282,0.24722716361610014,21.08702347182077,0.04785963666377889,34.50350390661183,0.014157565194496563,0.9827586206896551,0.9884393063583815,1.6437014284732225,173,174,5,1.0,1.0,1.0,,0.2612182395644283,0.9982119829650741,12.932498839868014,0.944746881563719,permissive,mose2-B_Adatom-K.png,mose2,C,16
29.927880152130793,0.8648686591557773,0.01828615090977528,0.1334278988731481,0.1093971023190021,21.426118865270848,0.05401979973005558,35.898773665543466,0.011514021395809858,0.9930555555555556,0.934640522875817,1.2487756241377228,153,144,5,1.0,1.0,,0.0,0.5267145964066547,0.9311603075868149,25.322241453153783,0.19339930987183335,permissive,mose2-B_Doped-Na.png,mose2,C,16
28.294060348849488,0.8622761073704514,0.16413239831350926,0.06763721313190932,0.21269128552445454,23.07433175713031,0.04066660304238595,32.59415819674074,0.01935620006999583,0.988950276243094,0.988950276243094,1.0356764448050473,181,181,3,0.3333333333333333,,0.3333333333333333,0.0,0.6715434054162929,0.4619599445774027,28.42391688569482,0.14631199365596467,permissive,mose2-B_V_adatom.png,mose2,C,16
22.938823319805515,0.8282274596510736,0.20050555060191066,0.6292631274023268,0.4124890478107462,19.344907997884313,0.05760910672190881,33.11887342643691,0.017423481320071155,0.949238578680203,0.9894179894179894,3.5577737436064125,189,197,15,0.8666666666666667,0.3333333333333333,1.0,0.0,0.5439318786310375,0.955657615247718,10.802016910189668,0.7247199791612399,permissive,mote2-A_Anti-2M.png,mote2,C,16
32.49699998846302,0.877456479094494,0.031418946448072,1.2543395489466203,0.44741054725425655,31.334464895197286,0.02120649242058503,33.737781594621275,0.01644758119851703,1.0,1.0,0.28251054240996026,213,213,1,1.0,,1.0,,0.4582199661922625,0.9885305683905217,29.633631043859488,0.9652111108479955,permissive,mote2-A_Ti_doped.png,mote2,C,16
33.30834094301114,0.9295010427665321,0.17034830672531337,0.1575705214311186,0.08487202694072947,25.0475307511115,0.029256291808683752,36.5748685159427,0.012014421141162851,1.0,0.990990990990991,0.6605782590758164,111,110,23,1.0,1.0,,0.0,0.49873039581777445,0.9037269602403443,19.23819088163282,0.15379278977134378,permissive,mote2-B_V_adatom.png,mote2,C,16
27.228483942399695,0.8952149027176493,0.17019986576607074,0.26074307546285724,0.07429374767415683,18.352028237512666,0.05954435612564276,30.594891911160996,0.023216447864021814,0.984251968503937,1.0,1.865475810617763,125,127,5,1.0,1.0,,,0.4317890394157328,0.7184156823944098,14.180192504584594,0.12361081120815205,permissive,mote2-B_Vacancy-Anion-06B.png,mote2,C,16
32.47445591529582,0.8504412096899152,0.029884513932341164,0.6067646410432977,0.2479338590378385,29.546322584507593,0.0262243706562106,34.132240319384444,0.015542953846411672,1.0,1.0,0.5033222956847166,75,75,0,,,,,0.3126224826130711,0.9459066309989028,26.34470573330349,0.7501772724494162,permissive,nbo2_Defect-Free.png,nbo2,C,16
35.612687637424436,0.9058626905742659,0.03930999644062652,1.3348247488280434,0.8554670053775516,35.680587773775564,0.012093641690788986,35.23118164404438,0.013187256127641149,1.0,1.0,0.575355961782461,145,145,31,1.0,1.0,1.0,,0.8708507126623463,0.9967769777225183,25.100441039647894,0.9791687642474138,permissive,nbs2_Anti-Metal.png,nbs2,C,16
25.542462492864978,0.8387631053026539,0.021925934392836646,0.4186502097959373,0.25125273976316054,19.91319764116052,0.05332118502513923,35.16952305541623,0.013407512412594922,0.9903846153846154,0.9716981132075472,1.7292458651492917,106,104,21,1.0,1.0,,0.0,0.5316483883538384,0.8831417034000185,16.547424102993574,0.4173656451125723,permissive,nbs2_Vacancy-Metal.png,nbs2,C,16
29.696081606338062,0.9098988978570299,0.006773593029058828,0.32276622135683103,0.10917682824495198,20.793985472876034,0.054104984084757266,37.37245105901367,0.009920411431463952,0.9354838709677419,1.0,1.621514830282963,116,124,27,1.0,1.0,,0.0003814852492370295,0.2535282121006118,0.8189823659880976,15.411310878965542,0.352678293142553,permissive,nbse2_Cu_doped.png,nbse2,C,16
31.159787793238472,0.9188903617404711,0.014769720900114455,0.3266448975086215,0.12260066076232216,23.27302790960712,0.03677246750177826,36.67620750730724,0.008754176263799561,0.9634146341463414,0.9753086419753086,2.0126184217065104,81,82,17,1.0,1.0,,0.0,0.4322715147983941,0.9285434918648311,16.225544652791747,0.2633531050554551,permissive,nbse2_Vacancy-Anion-03.png,nbse2,C,16
26.313553639381382,0.8698409789070284,0.023777555155135487,0.4736238741582592,0.21151665794522936,21.919470088371988,0.039717395714635936,29.06734944695815,0.016360433405676545,0.9194630872483222,0.9927536231884058,1.3318117839008732,138,149,3,1.0,1.0,,0.0,0.37623101318644636,0.9293887228120812,13.382275492120222,0.5225013082155939,permissive,nbte2_Vacancy-Anion-12A.png,nbte2,C,16
25.626502015935642,0.8776431145053653,0.05416993398902405,0.25282124443692416,0.2878161521018664,20.99733622606643,0.05594256909507187,31.995098589903613,0.019114082109839524,0.967741935483871,1.0,1.3391539617733776,150,155,3,0.3333333333333333,0.0,0.5,0.0,0.6530312723441086,0.6572906881609648,22.903588799242257,0.28969344147915577,permissive,nbte2_Vacancy-Metal.png,nbte2,C,16
23.6203029542555,0.8567492619890901,0.07665504724187908,0.19972910451430445,0.22573157514450867,18.000196119208045,0.0542498918840678,30.038944681886125,0.018430702004863322,0.9489795918367347,0.9789473684210527,0.7549122287513162,190,196,7,1.0,,1.0,0.10640063434693614,0.4963641604216421,0.9646461009082543,29.899882842209735,0.4386921965317919,permissive,pbse2_Defect-Free.png,pbse2,C,16
31.42951661450889,0.8997789220197119,0.012466712996347239,0.1364564201216417,0.06474434433967761,21.883134629931686,0.04347755425324994,34.93985812491949,0.013090098258338631,0.9898477157360406,0.9798994974874372,0.9766504768063925,199,197,5,1.0,,1.0,0.0,0.09679024505353012,0.4852256654236852,19.17439420787798,0.324574212486659,permissive,pbte2_Vacancy-Metal.png,pbte2,C,16
31.21421697340751,0.9379787886844037,0.018199472094918887,0.2782307923764994,0.20545389383142892,27.32859245523638,0.021024394148239103,33.24889939937451,0.012497146164800898,0.9929078014184397,0.9859154929577465,0.5855400437691199,142,141,29,1.0,1.0,1.0,0.0,0.4908641275241786,0.9593042942896721,27.558250513973647,0.4015221149386516,permissive,rete2_Defect-Free.png,rete2,C,16
32.549783000612194,0.8390547417752725,0.02084233816837545,0.3682336938454163,0.2250336258329009,28.643352205883332,0.026446779839361063,34.94158304817937,0.013898232057822911,1.0,0.898989898989899,0.847998304005088,99,89,2,1.0,1.0,,0.0,0.4357077329879661,0.9262794406139938,29.28324809982868,0.47840330862705915,permissive,rus2_Anti-Anion.png,rus2,C,16
34.30731505348425,0.9032247706984926,0.1088962216061006,0.3289508345579819,0.11507788199551515,28.406660976274672,0.027761505532340736,36.355184052738174,0.0120066074459544,1.0,1.0,0.9527288741779099,65,65,4,1.0,1.0,1.0,0.0,0.3075394894748792,0.9933474764935439,31.05711327498313,0.3716996600197719,permissive,sno2_Anti-Metal.png,sno2,C,16
31.61620261938729,0.8601752516785998,0.041217578876947956,0.20038586198965747,0.10265350135317998,23.52947060713467,0.03547067582430485,35.84079665184199,0.012336610861494818,0.9662921348314607,0.8865979381443299,2.913481095360541,97,89,5,1.0,1.0,1.0,0.0,0.3384341637010676,0.7051554035962184,18.749914573768248,0.2138870094722598,permissive,sns2_Vacancy-Metal.png,sns2,C,16
33.362592582479465,0.907829318480591,0.011251864815275266,0.1520696392805098,0.059535427284008624,27.668287509619034,0.02501753800876519,34.1801140626056,0.012602503412353739,1.0,1.0,0.5751254043851921,130,130,36,1.0,1.0,1.0,0.0,0.26667090943804495,0.7066342878343284,29.672930985046353,0.15775914346413497,permissive,snse2_Vacancy-Anion-03.png,snse2,C,16
29.3874926524753,0.89970632596955,0.019133674484651746,1.5675064382015256,0.8283208317106622,28.784827922145556,0.020121311805049717,34.88830425900336,0.013875171436434922,0.9947643979057592,0.9895833333333334,1.5235001252310245,192,191,0,,,,,0.8283208317106622,1.0,,1.0,permissive,snte2_Fe_doped.png,snte2,C,16
34.989504342297835,0.9351296906096636,0.004569682767942555,0.20132132627302454,0.1001719516512416,27.241973162062422,0.026327874792800215,38.47102096936878,0.008731968779380385,1.0,0.9818181818181818,0.90267093384844,55,54,2,1.0,,1.0,0.0,0.4266875304736311,0.9499166961175342,17.54961326550398,0.22300864815657714,permissive,tas2-A_Doped-Li.png,tas2,C,16
30.398911211615058,0.8894269236475414,0.139120555476447,0.20517852480608012,0.10774047759403473,22.925989012240077,0.04602073716740695,33.906121426663155,0.01687756264566651,1.0,0.97,1.671470739495517,100,97,14,1.0,1.0,1.0,0.0,0.42300914380714877,0.9158887475702527,24.331882611734656,0.23327696937730757,permissive,tas2-B_Vacancy-Anion-06B.png,tas2,C,16
31.742636975258097,0.8901206845123967,0.09085277176591816,0.24789691443430314,0.15322980981043094,28.233182301529563,0.026995995637926082,32.84984054174831,0.019487660717971127,1.0,0.96875,0.8032193289024988,96,93,2,1.0,1.0,,,0.4738614526390418,0.8571163418543829,25.37335767820054,0.2771607044977403,permissive,tas2-B_Vacancy-Anion-09B.png,tas2,C,16
34.28784851997672,0.8724585055265015,0.012860359077260835,0.09645825116739795,0.0670675453047776,30.145342557085396,0.024496241470864016,34.81700051027554,0.014246945144232711,0.9896373056994818,0.9896373056994818,0.4799650947168938,193,193,10,1.0,1.0,,,0.25075494366334383,0.541986875811489,29.464916231755332,0.14496116733349024,permissive,tase2-A_Vacancy-Anion-12B.png,tase2,C,16
35.30534099851379,0.921013743370387,0.009710142009652744,0.1785070737835017,0.0631416419320345,31.357083373373808,0.02136098075842537,35.762394354255626,0.01240432697888641,1.0,1.0,0.2970442628930023,136,136,31,1.0,1.0,1.0,0.0,0.23900106867652848,0.806728432563791,30.15586962990973,0.213129414472517,permissive,tase2-B_Defect-Free.png,tase2,C,16
28.01623771249187,0.8931044196373573,0.02967585500152861,0.3754041966646586,0.1803190647671748,21.555409876544577,0.05001854215779689,34.10397710961939,0.01584911534870616,0.9838709677419355,0.9838709677419355,1.159423259677831,124,124,13,1.0,1.0,,,0.32318317453539813,0.8654700172849356,17.860632039226047,0.4828863517576374,permissive,tase2-B_Vacancy-Anion-09B.png,tase2,C,16
27.28187393171483,0.920425528380519,0.04501255163433558,0.34872765270678135,0.18903082770270271,21.781632114026046,0.04117184226022223,31.19658084598693,0.012774362111414615,0.9606299212598425,0.9682539682539683,0.9008192992138132,126,127,29,1.0,1.0,1.0,0.0,0.4884840151254727,0.9364870148003351,15.42511621221083,0.36239653716216214,permissive,tate2-A_Fe_doped.png,tate2,C,16
27.92249544201974,0.8934722187073167,0.008962377510676647,0.19479697699925697,0.11528010033444816,19.11057416381149,0.06297871492700947,36.48771670031488,0.011356576721277462,0.9887640449438202,0.9943502824858758,1.9699446231256903,177,178,4,1.0,1.0,1.0,0.0,0.43335657653469695,0.9314115492071715,19.306978361745692,0.2477710565831684,permissive,tate2-B_Anti-Anion.png,tate2,C,16
25.28445416623514,0.8901035012545186,0.025490806120971793,0.2972667396697356,0.2845048972766364,20.20933986360289,0.05616851362154018,34.55576437651318,0.013910932948172763,0.9944444444444445,0.988950276243094,1.844514742926038,181,180,2,1.0,,1.0,,0.5770095396655107,0.9717734377928553,30.592562330224343,0.47915031397174257,permissive,tate2-B_Anti-Metal.png,tate2,C,16
27.5722393294349,0.8938296277550513,0.013715157926662858,0.2081157603832753,0.11364625281550747,24.07704984326317,0.038552475326978815,28.321740569011,0.016071978645293954,0.9455782312925171,1.0,2.1051495614941453,139,147,4,1.0,,1.0,0.0,0.408906395404807,0.9566449578649049,24.7273751009967,0.2658777557845881,permissive,tate2-B_Vacancy-Anion-12A.png,tate2,C,16
25.415833088485723,0.7676608812250605,0.1468011767582652,0.621971779591803,0.8218566623036987,25.667615741021514,0.03418855245288764,24.412609738888666,0.031208895091132616,0.9763779527559056,0.9841269841269841,1.1845783243211963,126,127,32,1.0,1.0,,,0.8829322617218686,0.8268273299261497,27.408639222682602,0.7696327103841218,permissive,tis2_Vacancy-Anion-12A.png,tis2,C,16
32.218077261174486,0.8428021077760934,0.08895568847735719,0.6541408270363669,0.34277696456185736,32.306850887368235,0.01874522192270052,32.1724872105174,0.017258888565501083,0.9763779527559056,1.0,0.5750175312895447,124,127,15,1.0,1.0,1.0,,0.42838952684121934,0.9679457729241198,30.199733104605336,0.7745042609932593,permissive,tis2_Zr_doped.png,tis2,C,16
31.493736600731864,0.8564029370072095,0.036652529627566356,0.9935376147086111,0.452612067929482,31.309257869461376,0.021339019172357816,31.65242458374294,0.016227187272364302,0.9893617021276596,1.0,1.0801234497346435,186,188,6,1.0,,1.0,0.0,0.45936399085969254,0.996731992769534,28.556676257464837,0.9820816115224967,permissive,tise2_Adatom-Li.png,tise2,C,16
25.230718081593608,0.8284302651742229,0.0383172515475853,1.2797733906627615,0.609410100673933,23.28729923952848,0.03579190546107549,34.45924031778058,0.014561706823793968,0.9830508474576272,0.9354838709677419,1.2010531776870597,186,177,5,0.8,,0.8,0.0,0.6242510671921753,0.9977169469284972,21.066262193820382,0.9739971896349299,permissive,tise2_V_doped.png,tise2,C,16
28.87586277235458,0.927593074270896,0.2289985125747209,0.07312078656974741,0.0789970805426756,33.09289056085636,0.01637760369100297,28.650380894085806,0.016646057952059385,0.9855072463768116,0.9855072463768116,0.36380343755449945,69,69,2,1.0,,1.0,,0.6411337975673169,0.923598742797276,30.842968684902395,0.11380090170056838,permissive,tite2-B_Cu_doped.png,tite2,C,16
34.95461390885756,0.9364485689957691,0.37266819325500916,0.6900193888012823,0.17433981159051457,31.422582370698,0.017830636903423434,36.292082333691795,0.012337290656924009,0.9855072463768116,1.0,0.7174300539794393,68,69,0,,,,,0.18565884160310486,0.9810348920009494,23.925627924493867,0.9212243099135335,permissive,tite2-B_Vacancy-Anion-06A.png,tite2,C,16
25.650936244815053,0.7143669228671035,0.09678549448960361,1.1281063735002423,0.9686134453781513,25.56077934233589,0.035508119696040834,30.177460708248347,0.023904612730815417,0.8846153846153846,0.9583333333333334,1.5215838430084447,96,104,1,1.0,1.0,,,0.9686235861705419,0.999968452143874,,0.9999579831932773,permissive,vo2_Vacancy-Anion-03.png,vo2,C,16
26.808012617762106,0.7029627147776829,0.14111696952431624,1.190892083876027,0.7429867531489924,25.86807894034699,0.03129922915862391,32.015510656331294,0.02031332934033261,1.0,0.9627329192546584,1.2851509262439982,161,155,11,1.0,1.0,1.0,,0.7862340526067098,0.9506488362083741,21.101277008915837,0.8983577979833997,permissive,vs2_Vacancy-Anion-06A.png,vs2,C,16
31.02514627115131,0.7674212139452891,0.24998999925680307,1.398368133222509,0.875265658649506,30.786367859422533,0.02225627419162852,33.21912947998509,0.017434748541903935,0.9826589595375722,0.9826589595375722,0.8007349565169709,173,173,16,1.0,1.0,1.0,,0.8742342847628145,0.967616153124899,26.327824881775243,0.9687576938423792,permissive,vs2_Vacancy-Anion-12A.png,vs2,C,16
35.9735063851756,0.9088428580424737,0.10262831272540057,0.0960107056301894,0.026423063319831366,32.10165162182486,0.019067181352731596,36.14650175601342,0.012172679720030796,0.9882352941176471,1.0,0.5773502691896257,84,85,1,1.0,,1.0,0.0,0.17391304347826086,0.6944797264289204,30.99063300934876,0.10551412026818054,permissive,vse2-A_Vacancy-Anion-06A.png,vse2,C,16
29.00244802551672,0.8808940081440809,0.2606600447320055,0.20971734799453418,0.172794184086268,23.796108546205318,0.034456555222547994,31.874418451517567,0.022015317297469483,0.9887640449438202,0.9565217391304348,0.5640760748177662,92,89,4,1.0,1.0,,,0.568606456448418,0.7934171995458077,29.521403656629982,0.2411120663171129,permissive,vse2-A_Vacancy-Anion-06B.png,vse2,C,16
28.0832493046748,0.808800128126733,0.18092627485580606,0.9326167205743545,0.6669583118888317,26.802517182036567,0.02977762288500254,33.12619333892143,0.018072812673809207,1.0,0.9836956521739131,1.990308008035648,184,181,5,1.0,,1.0,0.0,0.78422827834199,0.9769388070067134,28.469688358853396,0.830851775604735,permissive,vse2-B_Anti-2M.png,vse2,C,16
26.379442179132376,0.8019572205618404,0.07565687230701362,0.9568443891180628,0.8044595985589295,25.94255139184556,0.03125762910712025,28.86199901989786,0.023186769872039603,0.9945652173913043,0.9838709677419355,1.1038927642541543,186,184,8,0.875,0.875,,,0.8262565003075706,0.9753465147002843,28.306705588800035,0.9496165723108595,permissive,vse2-B_Vacancy-Anion-09B.png,vse2,C,16
28.53941826150897,0.862864260443594,0.019982210600531576,0.17231867885145322,0.15126646902345744,21.398632390537532,0.0450586622542974,34.46468196613732,0.014954977749820911,0.9872611464968153,0.9627329192546584,1.270001270001905,161,157,7,0.8571428571428571,1.0,0.6666666666666666,0.0,0.3968077456278866,0.7923173710310117,20.055938817411505,0.30203808363711276,permissive,vte2_Defect-Free.png,vte2,C,16
26.514393458676977,0.8897394270599648,0.054614683233354534,1.5401099788331925,0.6780938476833648,28.875523793732967,0.02051097836995909,23.764884286790974,0.02359786441346398,0.9772727272727273,0.9885057471264368,1.3228756555322954,174,176,7,0.7142857142857143,0.6666666666666666,1.0,,0.678308189317191,0.9997919652350793,28.079406712940077,0.9994760365072684,permissive,vte2_Vacancy-Anion-09B.png,vte2,C,16
34.41589197218181,0.9531284371527623,0.012366479124214777,0.3604887368948684,0.06796180010465724,33.857936568223394,0.015299616611229104,34.45952415245162,0.006341997152657787,0.9523809523809523,1.0,0.5,40,42,0,,,,0.0,0.4394023550322151,0.9931372138762188,24.949151948491725,0.15360726230291447,permissive,ws2-A_Vacancy-Metal.png,ws2,C,16
32.3964987901884,0.922524899700489,0.1259852579393994,0.9789999983047302,0.6315695174390826,31.570663380549284,0.017974144905280532,34.32806549729375,0.015347554784944392,1.0,0.9928571428571429,0.4798081151232537,140,139,21,1.0,1.0,,,0.6481194424417207,0.9715006191601936,26.57814367840409,0.9466930584943007,permissive,ws2-B_Vacancy-Metal.png,ws2,C,16
33.792136910768434,0.9092900377962251,0.022504605829131122,0.23153848230979715,0.13439622134068446,27.796975861427615,0.02600391074652269,36.48562008615902,0.011480668501507058,1.0,1.0,0.4330127018922193,64,64,0,,,,0.0,0.5171325996115591,0.9157859629374857,23.794875168454578,0.23800118783477892,permissive,ws2-C_Defect-Free.png,ws2-C,C,16
20.415250486511543,0.8448924445898928,0.4538326050463438,0.5205317800147892,0.8149309443822321,20.11237605322279,0.08378103942846676,22.07773277297921,0.04261733249078276,0.8455882352941176,0.9829059829059829,2.6572296786723935,117,136,6,0.6666666666666666,0.75,0.5,0.0,0.914382573087638,0.8912932523687379,22.947654976344147,0.7943529035354343,permissive,wse2_Vacancy-Anion-06A.png,wse2,C,16
37.93976882115765,0.9474976834715811,0.0032038087617996267,0.02208502881879325,0.005342952021069506,31.1436356596055,0.020853689656562167,38.02890785060884,0.009229881591026948,1.0,1.0,0.44550340340198086,131,131,30,1.0,1.0,1.0,0.0,0.001686683012915619,0.04629232747535362,31.061114911248335,0.14664147486545287,permissive,wte2_Mo_doped.png,wte2,C,16
40.78577688837833,0.9562548092839934,0.00282270562888786,0.08637222397678933,0.05475223300172413,35.97530477578992,0.011714316395942084,41.32826242929404,0.005485917282534483,1.0,1.0,0.5,44,44,0,,,,0.0,0.548300563938424,0.964916045276541,29.028853031100326,0.0963546485500542,permissive,zro2_Defect-Free.png,zro2,C,16
28.054860885915552,0.8290317770886441,0.06299657841162848,0.6956953590376919,0.2689958051071802,28.012888726148265,0.032335079670977915,28.070408524662437,0.02532239848862619,0.9927007299270073,1.0,1.3311869979568653,136,137,28,1.0,1.0,,,0.35026754856931447,0.9795099548310581,29.07437227289783,0.7522365973853192,permissive,zrs2_Vacancy-Anion-03.png,zrs2,C,16
32.135126327236094,0.8602044772012013,0.02491345352014527,1.7355203325755528,0.9824931867814536,32.13531156126591,0.019197579893994902,32.124743546091594,0.01964490720991553,1.0,1.0,0.45711620391383745,201,201,2,1.0,1.0,,,0.9824931867814536,1.0,,1.0,permissive,zrse2_Vacancy-Anion-03.png,zrse2,C,16
25.673630106311766,0.8737926947262042,0.24677496800617338,0.22349033354901934,0.1381041421080444,18.15516051657743,0.06788667984364377,31.602500087754958,0.018643517658795416,0.9669421487603306,0.9512195121951219,1.5716505559714826,123,121,13,0.9230769230769231,0.9230769230769231,,0.0,0.5838223345671211,0.8327630610743193,22.248225440659528,0.19699148408601277,permissive,cose2_Fe_doped.png,cose2,C,20
28.135560981234214,0.7589798533592328,0.028921020369142524,0.9658637628206341,0.7555968907087453,27.958504059135617,0.030340704151686493,28.733612730932517,0.022951471694104934,0.958904109589041,1.0,1.1588171308956141,70,73,1,1.0,1.0,,,0.8640772455060737,0.9797608754316303,30.204961763657376,0.8567570491694131,permissive,cro2_Vacancy-Anion-03.png,cro2,C,20
31.00361231686564,0.8400553348942565,0.016088022392194364,0.9217570127083328,0.5366932651787107,29.431834692777088,0.02366569490187331,34.0588814174312,0.01563698620454046,1.0,0.9844559585492227,0.6609403189873938,193,190,8,0.875,,0.875,0.0,0.5987571133165651,0.9973372108874449,30.807277095163236,0.8939587560480724,permissive,crse2_Anti-Anion.png,crse2,C,20
26.660051511300335,0.8485809585571544,0.06290281948679999,0.4852271556404543,0.5029350104821803,28.442553486041366,0.025313708238018,25.387011754125943,0.02569956473042155,0.9840425531914894,0.9487179487179487,0.6151246852292456,195,188,1,1.0,1.0,,,0.5570289312284931,0.841383739823566,28.61242185023567,0.7596756941770418,permissive,crte2_Vacancy-Metal.png,crte2,C,20
28.212423823354985,0.8429818048976648,0.15309084277891302,0.19085528190053272,0.21240994419076611,22.565211347327896,0.039409311026146476,33.74416849873439,0.017004122868908997,1.0,1.0,2.2330027697839996,73,73,0,,,,,0.7250372859597123,0.9173195433048297,27.58905184141539,0.26874175545408424,permissive,cus2_Cu_adatom.png,cus2,C,20
26.287358146403818,0.8225097718873292,0.06289746297405362,0.10618704144490566,0.14221868783336183,18.32116420704377,0.09119148069480432,35.222280008952545,0.013673212053068921,0.9931972789115646,0.8848484848484849,0.9289853059279986,165,147,6,1.0,1.0,1.0,0.0,0.5925483470341238,0.8726636124514432,25.34226967144249,0.2094497006091866,permissive,cuse2_Cu_adatom.png,cuse2,C,20
26.226423212571284,0.7734492518990718,0.17873885608824386,0.6873945369739061,0.8093168430859062,27.72581675802007,0.02818646935842246,22.72559796660776,0.031245657264886505,0.9682539682539683,1.0,1.4710317556835775,61,63,2,1.0,1.0,,,0.8659616805480924,0.9348400458630363,28.40271376870009,0.8736896928618062,permissive,feo2_Int-Anion.png,feo2,C,20
31.696486793996176,0.9101954186688584,0.036955551558077455,0.15126296769446954,0.1467862940849689,25.18262777712783,0.03560395170418542,35.66383327985839,0.012730435522438185,0.9156626506024096,0.9743589743589743,1.1470786693528088,78,83,3,1.0,1.0,,0.0,0.5696111716097624,0.816832319817751,22.822871400235194,0.21049409683456574,permissive,fes2_Ni_doped.png,fes2,C,20
23.35777230327189,0.7819590198300962,0.026676276470157367,0.6514551270801522,0.4343549284377687,20.11372008923139,0.05170594463605795,31.67926607160168,0.01698219775092717,0.9690721649484536,0.9591836734693877,1.6885093514065102,98,97,40,0.975,0.975,,0.0,0.6506917373691049,0.9416487163066892,16.4919415325008,0.6285768472159005,permissive,ges2_Vacancy-Anion-03.png,ges2,C,20
33.270060928804966,0.9459036935315498,0.08966189760223078,0.9859321957285528,0.7554507628294036,32.862556086106494,0.01189127700605369,34.84331039811829,0.013799545218121809,1.0,0.9862068965517241,0.5793654595023211,145,143,0,,,,,0.7663172294231577,0.9972152456488214,17.43296393653051,0.9830746185852982,permissive,gete2_Defect-Free.png,gete2,C,20
29.733397555482046,0.9094210815349028,0.14799045788452525,0.1287117127209499,0.09278875776103133,20.705318323596586,0.06644025505316442,35.19139220056172,0.013531366470370515,1.0,1.0,3.0644126680328156,64,64,2,1.0,,1.0,0.005850639460387302,0.5056035916195544,0.9707253224364705,20.381083285199495,0.17814825347172852,permissive,hfo2_Int-Anion.png,hfo2,C,20
35.2186373006559,0.9533053426757537,0.006842167872615427,0.23974162934638774,0.09828554088909118,27.75689506044106,0.02908814078268479,38.21652884374543,0.004866624825430637,0.990990990990991,0.990990990990991,2.6285149626910838,111,111,2,0.5,0.5,,0.0,0.4626148568437386,0.9549822476072862,19.061641482804724,0.20289220148687603,permissive,irte2_Vacancy-Metal.png,irte2,C,20
30.645874151509027,0.7936961918824917,0.044974993442175544,0.7436252577453384,0.5543875432525952,29.162747497875504,0.025540686206423083,33.712338524710106,0.016269797622899818,1.0,0.96875,0.9755064854862865,64,62,5,1.0,1.0,1.0,,0.6677336140181352,0.9661211599196096,22.80517654786316,0.8021245674740485,permissive,mno2_Defect-Free.png,mno2,C,20
27.653736567056914,0.8086871189354853,0.02697202799402747,0.7660055072555447,0.6047110884490011,26.142967461375775,0.030688888870827675,32.04824961811564,0.020577597418773866,0.9917355371900827,0.96,1.378404875209022,125,121,26,1.0,1.0,1.0,,0.672607253500312,0.9251501964976736,25.016463366052236,0.8317611494545918,permissive,mns2_Int-Anion.png,mns2,C,20
32.78212283367746,0.8535526091127696,0.01755518768666526,1.1514257370894945,0.4542333382882516,31.298720746589616,0.021476113792563072,34.579216651945046,0.014558419362570801,1.0,1.0,1.0667385033281394,174,174,8,1.0,1.0,1.0,,0.5161072351169703,0.9796524823443719,25.978684441228026,0.8622061214018902,permissive,mnse2-B_Vacancy-Anion-03.png,mnse2,C,20
33.287862546347554,0.9306241456202048,0.10139743490495,0.14651522781562074,0.1231037983755375,26.114076053278286,0.0335914944513908,37.18057860874125,0.010216759120837833,1.0,0.9859154929577465,0.5209880722517277,71,70,1,1.0,,1.0,0.0,0.8997381945117813,0.8038638135666638,23.244388579625806,0.10998609309944714,permissive,mnte2_Defect-Free.png,mnte2,C,20
24.892125029054547,0.8098624515379208,0.36666079661242795,1.0132104245234388,0.8659410754258321,25.049852880140676,0.04814282967881652,23.991714813815165,0.05035400389854337,0.7535211267605634,0.9907407407407407,0.8860286276255201,108,142,0,,,,,0.8659410754258321,1.0,,1.0,permissive,mos2-A_Adatom-Li.png,mos2,C,20
32.40426715896815,0.8235252528059293,0.06371089639033303,0.30065014761658854,0.22357492352143804,28.485241014187537,0.02569694878021116,34.78493685120804,0.014234643469577824,0.9743589743589743,0.9156626506024096,0.9867543820659302,83,78,1,1.0,1.0,,0.0,0.5741066795954647,0.8543364892916815,25.95559581141164,0.3327050913073377,permissive,mos2-A_Vacancy-Metal.png,mos2,C,20
30.655400912153574,0.8681008695038221,0.08282206313127187,0.3439490811683889,0.2675854091462077,27.60122544741514,0.026490508891088928,32.681107192563886,0.018048636372660336,0.9901960784313726,0.9805825242718447,0.4874666782214325,103,102,24,0.9583333333333334,1.0,0.0,0.0,0.5235574703800585,0.905727275631129,24.735505344755314,0.46290888266516994,permissive,mos2-B_Adatom-K.png,mos2,C,20
28.818968291291398,0.84727085561024,0.08551971408131778,0.7078789191936821,0.39479809793525117,29.92886792251385,0.023236541263572292,28.222894277383354,0.01932433559171136,0.9830508474576272,0.9914529914529915,0.5570860145311556,117,118,34,0.9705882352941176,0.96875,1.0,,0.5032500047598195,0.9537558905671543,28.422034583850145,0.7482185949906976,permissive,mos2-B_Anti-Anion.png,mos2,C,20
24.882039374207846,0.8916364944933904,0.01444601467913751,0.24414811037453432,0.24953116815086432,19.210381793631345,0.05525099964752826,34.6627023023528,0.01408332246384673,0.9902912621359223,0.9622641509433962,0.9497161598676341,106,103,30,1.0,1.0,,0.0,0.5471450520610093,0.8709260950341657,28.381928194775334,0.3971948664222106,permissive,mose2-A_Doped-Na.png,mose2,C,20
27.347743347006293,0.8535083140975366,0.02734226743782142,1.0355363966627906,0.2859343520939603,22.488587878196643,0.03964990432599216,34.92821215300127,0.014188872690326523,1.0,0.9710982658959537,1.1206928129297433,173,168,5,1.0,1.0,1.0,,0.29779381519337095,0.9835658537042415,14.01619477351174,0.9443959235286553,permissive,mose2-B_Adatom-K.png,mose2,C,20
23.311924210116914,0.855245006435707,0.023781914691367576,0.2651561184067587,0.13489112263706116,14.769840458860418,0.12590167517436238,37.150437300631424,0.010323258054955322,0.9617834394904459,0.9869281045751634,2.4154579454200222,153,157,5,0.8,0.8,,0.0,0.5660256955670893,0.5285004965243297,12.986148903589879,0.12594839041536285,permissive,mose2-B_Doped-Na.png,mose2,C,20
27.084138288103933,0.8471857442991838,0.08473782782860072,0.227039967886161,0.262556796262163,22.252724221299786,0.046680935137189385,32.722232037756854,0.01894454522662328,0.9833333333333333,0.9779005524861878,1.6587382039907717,181,180,3,0.3333333333333333,,0.3333333333333333,0.0,0.5783779386642804,0.6529391957389059,28.45296279348176,0.296404153628531,permissive,mose2-B_V_adatom.png,mose2,C,20
30.1504905427363,0.8759072408718062,0.2434988635522351,1.0253123784618834,0.3228444907528002,27.069417924093173,0.025275141118530946,33.09554573612952,0.017862146702025638,1.0,0.9947089947089947,1.1036689296990192,189,188,15,0.9333333333333333,1.0,0.9166666666666666,0.0,0.3591581757079074,0.9830049730808162,28.57912030510355,0.8836155248762698,permissive,mote2-A_Anti-2M.png,mote2,C,20
24.247709287633267,0.8599690225427016,0.7246397222630159,1.4092587293061667,0.9975514456889815,24.244062865588795,0.05705940171738305,26.066825591703257,0.04080205043233801,1.0,1.0,0.3995302405895452,213,213,1,1.0,,1.0,,0.9975514456889815,1.0,,1.0,permissive,mote2-A_Ti_doped.png,mote2,C,20
32.01517852038333,0.9251364117639169,0.04116508125904325,0.18575446225595899,0.10489380372410562,23.75488950028175,0.03843640361912161,36.802182713692446,0.011598922797665345,1.0,0.963963963963964,1.3739907085892975,111,107,23,1.0,1.0,,0.0,0.5491759346107463,0.8975538181897816,19.330190265200827,0.17143474086087207,permissive,mote2-B_V_adatom.png,mote2,C,20
29.345047175223577,0.8950108288431431,0.22704262106072376,0.20322589375716832,0.10523607595227484,22.970612505124024,0.04497826694354993,31.51154234326919,0.0238623112717741,1.0,0.984,0.7756455480824748,125,123,5,1.0,1.0,,,0.6618925008046347,0.808019732821095,19.44114745753664,0.12846923914491667,permissive,mote2-B_Vacancy-Anion-06B.png,mote2,C,20
33.08411455336575,0.8304959327091164,0.026824079464483952,0.4100462444504405,0.23421052631578948,30.829533556770045,0.02258246919198387,34.097677710812015,0.01569806128641962,1.0,1.0,0.4898979485566356,75,75,0,,,,,0.42360862402406707,0.9261245742473476,30.8852954928712,0.5120484137172199,permissive,nbo2_Defect-Free.png,nbo2,C,20
33.55663128818538,0.895095534237788,0.04603419242501361,1.235726681047477,0.7691576890210687,33.21117587744012,0.014468711063274327,34.95842952997073,0.014062874880934677,0.9931506849315068,1.0,1.0170952554312156,145,146,31,1.0,1.0,1.0,,0.7919304749753244,0.9937234421046272,18.47776742877042,0.9651478891238179,permissive,nbs2_Anti-Metal.png,nbs2,C,20
29.29759281311327,0.8491006293009253,0.018353331034174858,0.420913513859235,0.2342707260340105,23.932204826932825,0.03408028018594698,35.25707985064723,0.013305282744309994,0.9813084112149533,0.9905660377358491,1.2724180205607036,106,107,21,1.0,1.0,,0.0,0.48816532427974624,0.8936580527852774,17.55402626440722,0.4288668417017124,permissive,nbs2_Vacancy-Metal.png,nbs2,C,20
29.82834627030968,0.9087404436255332,0.00780426954204968,0.1715911829024943,0.1186255376485876,24.34568986935327,0.03658166385070047,31.63984766964689,0.011739052580085115,0.9912280701754386,0.9741379310344828,2.2161914233158564,116,114,27,1.0,1.0,,0.053153611393692776,0.44625812840065743,0.8835239904604066,17.81610454803864,0.23486072683855438,permissive,nbse2_Cu_doped.png,nbse2,C,20
30.595989976472694,0.9218682566849542,0.0161149196770673,0.329377259743542,0.14864035445247353,25.243722930156714,0.032775617742050726,32.993009059172266,0.009297101919678197,1.0,1.0,1.1385500851066221,81,81,17,1.0,1.0,,0.0,0.45114672166314157,0.966788715583012,24.893980695802153,0.31853011551352933,permissive,nbse2_Vacancy-Anion-03.png,nbse2,C,20
22.984851875482608,0.8645047852428205,0.03612309208816709,0.6500801456716335,0.2249324088609803,17.9921691688806,0.06993986457901463,27.255784908930977,0.020914261517468908,0.8961038961038961,1.0,2.30154327555998,138,154,3,0.6666666666666666,0.6666666666666666,,0.0,0.314029522003842,0.9729457266655681,9.544480376451656,0.6968995290423862,permissive,nbte2_Vacancy-Anion-12A.png,nbte2,C,20
26.080278028971566,0.8820281007689984,0.024389726370631144,0.2515369163087335,0.14734432234432235,18.119017839253043,0.07330465264711669,36.43510472905883,0.011381823190689717,0.9675324675324676,0.9933333333333333,1.8171443043464632,150,154,3,0.6666666666666666,1.0,0.5,0.0,0.580053344490351,0.8206220959483855,13.719860789050909,0.20845325309611024,permissive,nbte2_Vacancy-Metal.png,nbte2,C,20
36.47431297346746,0.9090529766191103,0.033626968475206145,0.1130475519093186,0.028311054913294796,31.813699528466316,0.02010055526150731,36.72493346971563,0.011070328097824931,1.0,1.0,0.35540932665545544,190,190,7,1.0,,1.0,0.0,0.08354731591895997,0.7930198430421744,30.304495500868388,0.26872471098265893,permissive,pbse2_Defect-Free.png,pbse2,C,20
35.42666243058341,0.9100427543335962,0.015630682164020786,0.16592990885856693,0.04786103068134327,31.404103375411015,0.020754184848247436,35.77302408411314,0.012085800422109253,0.9900497512437811,1.0,0.33996748292628837,199,201,5,1.0,,1.0,0.0,0.09066193957933638,0.7134806053226648,28.906259674838495,0.37665107651937335,permissive,pbte2_Vacancy-Metal.png,pbte2,C,20
27.92565926424562,0.9306646514075068,0.08953068470759482,0.1503236688294452,0.21378547033773243,21.66695635384478,0.031627062688632586,37.02834372797153,0.010979235168911623,1.0,0.9577464788732394,1.242625304369271,142,136,29,1.0,1.0,1.0,0.0,0.5037623721157749,0.9546283787115288,13.110240009748262,0.4051229076190075,permissive,rete2_Defect-Free.png,rete2,C,20
25.354832467261744,0.8101654447153193,0.05719912951052455,0.39226381175368574,0.2362998933783571,25.334459990091354,0.031675986278397156,25.361155417179017,0.022821411920822092,0.9484536082474226,0.9292929292929293,1.4142135623730951,99,97,2,1.0,1.0,,0.26126126126126126,0.42811113797510203,0.9479192841769455,30.46118354941116,0.5232127966624586,permissive,rus2_Anti-Anion.png,rus2,C,20
27.476537291793846,0.877016236298585,0.3561714097069109,0.2873673461566109,0.15223458635738915,21.145532415802087,0.045167307322299996,31.369215162220975,0.01790300903846323,0.984375,0.9692307692307692,1.736626907505759,65,64,4,1.0,1.0,1.0,0.0,0.3698282336805669,0.8968896632283355,13.592575022612348,0.3691920044366214,permissive,sno2_Anti-Metal.png,sno2,C,20
33.73186625698881,0.8763149557699037,0.04113103911981935,0.31306514454342105,0.31052097428958053,31.166279478943682,0.021684133972761487,35.688432011208825,0.012489526693935936,1.0,0.8144329896907216,1.0372797920949812,97,79,5,1.0,1.0,1.0,0.0,0.7105009161526749,0.9373025384028761,28.285979866667507,0.4096435216508796,permissive,sns2_Vacancy-Metal.png,sns2,C,20
28.418209878032897,0.8980835054087265,0.01577414164747612,0.2189151042605683,0.09286835901575483,18.863776412264425,0.0519678828086659,35.90323556524982,0.01211267578613861,0.9696969696969697,0.9846153846153847,1.660666281948303,130,132,36,0.9722222222222222,1.0,0.8333333333333334,0.0,0.3687696691332823,0.749962161344029,14.335505025013116,0.18886519439524824,permissive,snse2_Vacancy-Anion-03.png,snse2,C,20
26.39028532693244,0.8914651017120873,0.03647153032532687,0.9938180729077736,0.6219373846492491,24.94753580541834,0.02927045429727412,30.9275703811506,0.02083518808151254,0.9894736842105263,0.9791666666666666,0.9225312080288851,192,190,0,,,,,0.6219373846492491,1.0,,1.0,permissive,snte2_Fe_doped.png,snte2,C,20
27.585509047459066,0.8996223358228769,0.02235506626435322,0.352788318456774,0.1262656147271532,20.62197947084295,0.04854253281178763,31.2884503613154,0.011308661110695091,0.9629629629629629,0.9454545454545454,1.2325707968432358,55,54,2,1.0,,1.0,0.0,0.4268342730711584,0.9581439128432099,22.118028624588135,0.283437010064229,permissive,tas2-A_Doped-Li.png,tas2,C,20
25.146635580569185,0.8826713875980963,0.14018240534874907,0.26861864856260365,0.16644431344564756,17.789665042934462,0.06828478795028478,34.60910273058882,0.01513261389504898,0.9693877551020408,0.95,1.5828023116911147,100,98,14,0.9285714285714286,1.0,0.0,0.0,0.5565432753969307,0.7819063004846527,12.38649222942481,0.23384319444013527,permissive,tas2-B_Vacancy-Anion-06B.png,tas2,C,20
31.256549205310165,0.8880591106832476,0.3308155693549107,0.24556598228424908,0.16371660823430859,27.70696414473423,0.026884936116835473,32.491675459764615,0.02042181658325584,0.9795918367346939,1.0,0.9185586535436918,96,98,2,1.0,1.0,,,0.5175071944143039,0.8661897316845912,30.124278363300817,0.27402448988034295,permissive,tas2-B_Vacancy-Anion-09B.png,tas2,C,20
21.06967954937595,0.7958086739785211,0.4070502245970347,0.7454039034502543,0.6745893151329725,19.901160309265148,0.07144968433408119,25.50691089811197,0.04245868548777955,1.0,0.8238341968911918,2.363240499902064,193,159,10,1.0,1.0,,,0.685923926325846,0.8616663119738481,26.304065642166524,0.8474276300305954,permissive,tase2-A_Vacancy-Anion-12B.png,tase2,C,20
35.017873243549474,0.9171837292198446,0.045943853413256255,0.16654724983809296,0.060123137709964664,31.41284481934557,0.020824675534140236,35.39297474744227,0.0132540982145736,1.0,1.0,0.3208444739598739,136,136,31,1.0,1.0,1.0,0.0,0.20827608502384223,0.7193444191888982,29.099918743357087,0.20765343064153405,permissive,tase2-B_Defect-Free.png,tase2,C,20
29.05583842447242,0.8930505287421455,0.653605119605311,0.41921221336974984,0.33313593578425965,26.6775108255661,0.031442442457970926,31.022984516460728,0.024223753637087852,0.992,1.0,1.344043010064494,124,125,13,1.0,1.0,,,0.5528583163751097,0.8524782474145189,28.724947421515342,0.513677971872048,permissive,tase2-B_Vacancy-Anion-09B.png,tase2,C,20
35.175113456491154,0.9414861749431679,0.008267116525404258,0.13364316706311677,0.04917018581081081,26.217648700120865,0.034116136062027715,37.07987936308961,0.010266131964910927,1.0,1.0,1.0540925533894598,126,126,29,1.0,1.0,1.0,0.0,0.2552735879181772,0.58358740928415,26.533456645063325,0.11240920608108108,permissive,tate2-A_Fe_doped.png,tate2,C,20
30.159944603478777,0.898052658897548,0.1246537575837756,0.20024628510243297,0.13903701112552044,22.965968702672907,0.03865359182465046,35.17473404817268,0.013346170021462211,0.9943181818181818,0.9887005649717514,0.938083151964686,177,176,4,1.0,1.0,1.0,0.0,0.4273339685180961,0.9770499348009511,31.54042897271757,0.31789212340454576,permissive,tate2-B_Anti-Anion.png,tate2,C,20
25.13252607676417,0.8532660122182961,0.156984714134411,0.3370328742455151,0.29993899733806567,21.220434001034324,0.05632796342972107,29.406109371106545,0.018263288911099386,0.946524064171123,0.9779005524861878,2.3434003976548294,181,187,2,0.5,,0.5,,0.4539706393841752,0.9838715412349507,19.15889031895701,0.6500452187563989,permissive,tate2-B_Anti-Metal.png,tate2,C,20
28.102715158777983,0.9032950819487883,0.0091148155707796,0.22439854721437374,0.15461401952085183,20.57968086554356,0.060632035717053195,36.37239597669582,0.010900628331092264,0.9642857142857143,0.9712230215827338,2.576244754878122,139,140,4,1.0,,1.0,0.0,0.4533819947942472,0.8963000772541662,18.62243930231124,0.30565959661456554,permissive,tate2-B_Vacancy-Anion-12A.png,tate2,C,20
25.06167962782897,0.7653980816320073,0.09079098826803203,0.6657584859661854,0.8061912838743155,24.756149074715722,0.035365940734291806,26.630476477435813,0.026397224527114578,0.983739837398374,0.9603174603174603,1.4287485132274282,126,123,32,1.0,1.0,,,0.8690835356126196,0.8495800229922601,27.217640735725897,0.788099165872813,permissive,tis2_Vacancy-Anion-12A.png,tis2,C,20
33.1657615538924,0.8410458762599488,0.1528850836298954,0.7149388922235286,0.44380677989730244,32.889972957659744,0.01768559590538955,33.399119526473044,0.0173092518351807,1.0,0.9919354838709677,0.5257592264788534,124,123,15,1.0,1.0,1.0,,0.5639204740285569,0.9566398501532788,29.103859873670054,0.7528778807851277,permissive,tis2_Zr_doped.png,tis2,C,20
31.181226066137558,0.8496216091721001,0.19144582830454954,1.157791414689615,0.5433434099712492,29.79512930592907,0.02360295130642248,33.7566678828921,0.01548308457263769,1.0,0.989247311827957,1.553397398691291,186,184,6,0.8333333333333334,,0.8333333333333334,0.0,0.5572678159798462,0.9964312451083812,26.948538634779226,0.9715334978876039,permissive,tise2_Adatom-Li.png,tise2,C,20
31.51074219045622,0.8477597849854167,0.04980573573243866,1.0937257170426669,0.5083640717012877,29.793887771556015,0.022370652084146302,34.53284802540524,0.014925000911650574,1.0,0.989247311827957,0.5417363388859614,186,184,5,0.8,,0.8,0.0,0.5748821635274175,0.9975268343024445,31.019712391551888,0.8821056475395439,permissive,tise2_V_doped.png,tise2,C,20
33.70323860961235,0.9307426192925597,0.07335268313356035,0.13951036258419205,0.10327968235642208,31.20300950810423,0.015575461154241662,34.111150216296444,0.01565847502911825,0.9855072463768116,0.9855072463768116,0.24253562503633297,69,69,2,1.0,,1.0,,0.7643097051013769,0.8707428479846141,25.86711335381616,0.11766178573128164,permissive,tite2-B_Cu_doped.png,tite2,C,20
28.044624713788863,0.8408950389857188,1.0091386709843546,0.2585212702649146,0.2033564448417058,27.016658951708425,0.038313717525083196,28.351262684710818,0.035897313398042675,1.0,1.0,0.5144957554275266,68,68,0,,,,,0.3098637195961822,0.1945586260225469,26.916974988365546,0.12768435928153624,permissive,tite2-B_Vacancy-Anion-06A.png,tite2,C,20
27.268812578457123,0.7208280816350447,0.12153738046357537,1.6016639528152024,0.982383498854087,27.234515546493036,0.03312420815534377,29.803479700724992,0.024826941863090084,0.8888888888888888,1.0,1.1086778913041726,96,108,1,1.0,1.0,,,0.9823724690781975,0.9987130037171252,25.217222227524587,0.9987242169595111,permissive,vo2_Vacancy-Anion-03.png,vo2,C,20
27.018370604210332,0.7036861822441678,0.21886994684362898,1.1655957562899404,0.8426168827309851,26.757377730871227,0.0323534288786245,28.768089674515878,0.02559961976255917,0.99375,0.9875776397515528,1.181620249951032,161,160,11,1.0,1.0,1.0,,0.874823281411729,0.9310435159343483,28.272595045354123,0.8967673834851585,permissive,vs2_Vacancy-Anion-06A.png,vs2,C,20
27.213109099668067,0.7565884148601664,0.10955593842994756,1.286069776174911,0.9479606188466948,27.372599264509585,0.030015023810825433,25.020311041840046,0.0313156587228465,0.9822485207100592,0.9595375722543352,0.9878783399072132,173,169,16,0.9375,0.9230769230769231,1.0,,0.9481596786630911,0.9837392306360417,24.671330273528568,0.9835327011294207,permissive,vs2_Vacancy-Anion-12A.png,vs2,C,20
36.3093306599534,0.9107896954374947,0.08530498510071954,0.10690527674076286,0.02359875151993928,31.440490788420846,0.020702912451913535,36.53203343052834,0.011603483574812664,1.0,0.9642857142857143,1.3517250067329376,84,81,1,1.0,,1.0,0.0,0.16518380394246138,0.6783721693468986,29.6282598335369,0.09691468461421295,permissive,vse2-A_Vacancy-Anion-06A.png,vse2,C,20
26.425311090870828,0.8725388579801884,0.06244788366913676,0.27218098429682797,0.20274634633704314,24.714834045575117,0.0334571352145795,26.99407056776235,0.0256350544654696,0.9565217391304348,0.9565217391304348,1.224744871391589,92,92,4,1.0,1.0,,,0.5631065214316028,0.7602949041179616,24.382347503784914,0.27374396864859,permissive,vse2-A_Vacancy-Anion-06B.png,vse2,C,20
26.557878196550398,0.7945886059159767,0.07315679375878373,0.6570886161848692,0.5975450334534226,25.200547264002747,0.035398867130580505,29.97526166323917,0.018852510602501222,0.9723756906077348,0.9565217391304348,1.733690231322141,184,181,5,0.6,,0.6,0.0,0.6270987672753827,0.9948278683582681,26.518994174284458,0.9479439011837365,permissive,vse2-B_Anti-2M.png,vse2,C,20
26.876198721033266,0.799103639977415,0.02707029134064106,0.9833098368513165,0.8505455481214617,26.391453212228075,0.030339713553194557,31.71769841068489,0.021149659242866235,0.994535519125683,0.978494623655914,1.925822216299108,186,183,8,1.0,1.0,,,0.868142927673519,0.968247196858303,24.02470015929098,0.9486206896551724,permissive,vse2-B_Vacancy-Anion-09B.png,vse2,C,20
29.907381101567253,0.8723226218869122,0.033048105984250474,0.24949996128325747,0.20134976578384042,24.64064900798238,0.03141561891308674,33.83966988005226,0.016452389382214678,0.9872611464968153,0.9627329192546584,0.7991931414991965,161,157,7,1.0,1.0,1.0,0.0,0.4978399885345363,0.8112252841351394,19.483583831437745,0.3280974303397254,permissive,vte2_Defect-Free.png,vte2,C,20
26.961207612734096,0.8903557282105538,0.058690522463171205,1.27853341313778,0.6569158702720131,27.92850703452849,0.022463411154254622,25.555146392086392,0.021302703931279,0.9659090909090909,0.9770114942528736,1.5396714699227616,174,176,7,0.8571428571428571,0.8333333333333334,1.0,,0.6567636286248726,0.9993182809773123,4.370811351442091,0.9995499287947048,permissive,vte2_Vacancy-Anion-09B.png,vte2,C,20
29.524580239355792,0.9251223202006699,0.015684934727641233,0.22913125012062938,0.09948979591836735,19.763033492059865,0.06101616558985724,41.4161173057441,0.005259880122085226,1.0,0.95,0.7947194142390263,40,38,0,,,,0.0,0.3606677563578674,0.8578166538032759,15.019090632259589,0.23662776147248196,permissive,ws2-A_Vacancy-Metal.png,ws2,C,20
30.2133025754938,0.8946249673759347,0.09912434163322624,0.665225613107367,0.2838543444133506,27.522497714312593,0.02789197979610073,32.01877977478672,0.02098597121353911,0.9927536231884058,0.9785714285714285,1.0036429993144937,140,138,21,1.0,1.0,,,0.3387721055688298,0.8707844905320108,26.990896216660953,0.7296231201510704,permissive,ws2-B_Vacancy-Metal.png,ws2,C,20
33.68061449163376,0.9104451549523912,0.07463659076057148,0.2678463864696187,0.15601537461619489,28.274660031912475,0.02286244910595008,36.33250867851039,0.011919389970862336,1.0,1.0,0.5153882032022076,64,64,0,,,,0.0,0.5074132299089702,0.9678936972526486,26.456985457259528,0.2976002375669558,permissive,ws2-C_Defect-Free.png,ws2-C,C,20
26.840353683138815,0.8782497509100372,0.4649865732315986,0.2985463048698261,0.12057004212659307,18.495183093655918,0.07275869198638914,33.81925475906379,0.016163278515857124,0.9646017699115044,0.9316239316239316,1.3880221556542807,117,113,6,0.8333333333333334,1.0,0.5,0.0,0.3005254731310809,0.9712965215276088,19.70932825283789,0.3896816509358503,permissive,wse2_Vacancy-Anion-06A.png,wse2,C,20
36.15592665031016,0.9497437557059026,0.01646881083330033,0.1812800462745082,0.23864880338944233,34.598577251208724,0.01394031192303222,36.78675604067367,0.010452841969227133,1.0,1.0,0.5662249438367235,131,131,30,1.0,1.0,1.0,0.0,0.6300274151354132,0.9637352935531543,26.8397242228122,0.3650543913889843,permissive,wte2_Mo_doped.png,wte2,C,20
35.709611103254026,0.9370701043274127,0.01487536704186532,0.1414906114106839,0.0817773548218445,26.298839354628882,0.024382844712606887,40.775730911046324,0.005851035575906575,1.0,0.9772727272727273,0.6469966392206306,44,43,0,,,,0.0,0.46033854432750926,0.9709072624093097,25.574296880332696,0.17247790495827717,permissive,zro2_Defect-Free.png,zro2,C,20
26.63721603765921,0.8278445727854674,0.10036958939747115,0.8733621918110795,0.2664480978174792,26.730495482761555,0.03768348361965577,26.603824116691776,0.03263811306812115,0.9927007299270073,1.0,1.3879735545878726,136,137,28,1.0,1.0,,,0.3108117110659287,0.9904637358718081,28.24220491825536,0.8490902015087134,permissive,zrs2_Vacancy-Anion-03.png,zrs2,C,20
26.75503369157996,0.8475359707285812,0.028126790215726283,0.9036256259472102,0.9655719393658643,26.65378061659022,0.02532861865971039,31.460201771055814,0.020201778769020497,0.9901477832512315,1.0,1.349405618184562,201,203,2,1.0,1.0,,,0.9655719393658643,1.0,,1.0,permissive,zrse2_Vacancy-Anion-03.png,zrse2,C,20
26.94426874374753,0.8826038322079884,0.5344095235678151,0.2107917300863934,0.18204798585423357,20.96516129593898,0.04234812852432811,31.61967764552888,0.0196752254976314,0.9833333333333333,0.959349593495935,1.6156018975989797,123,120,13,1.0,1.0,,0.0,0.6538480682508238,0.9166027045508464,28.65424839755142,0.2552055810739401,permissive,cose2_Fe_doped.png,cose2,C,28
23.727207624829916,0.745542436861171,0.022325337354720098,0.6649063893226839,0.6925039115816106,25.06046759148472,0.03295885494481777,21.69871540806033,0.03435809234379905,0.9041095890410958,0.9428571428571428,0.5903260526902472,70,73,1,1.0,1.0,,,0.7788190303099146,0.9887932122319234,29.53197060137118,0.8792070308598822,permissive,cro2_Vacancy-Anion-03.png,cro2,C,28
29.989480082639382,0.8396750777950178,0.028259677442031818,1.2786693701831213,0.5838804237552677,28.523673802333374,0.028001552090655215,33.58775162902478,0.01628951204148139,0.9947916666666666,0.9896373056994818,1.5803107918864818,193,192,8,0.875,,0.875,0.0,0.6116917390425143,0.9981204499225208,28.843659586179168,0.9527396792570626,permissive,crse2_Anti-Anion.png,crse2,C,28
25.733310192247195,0.8757407812727662,0.10946280117205698,1.219273468844929,0.5260899328284773,23.28268659827442,0.029607195808097363,33.7372671800299,0.01592071209883143,1.0,0.9538461538461539,0.7258661863112976,195,186,1,1.0,1.0,,,0.5451835896408356,0.9736140139716826,28.028494042051307,0.9395156804860308,permissive,crte2_Vacancy-Metal.png,crte2,C,28
26.523054518437974,0.8637610660543039,0.07940172686145645,0.9086243083188655,0.29140284119736176,21.39181955956029,0.051931620249491064,38.01719564689133,0.009708903462535761,1.0,0.958904109589041,1.8784492084087416,73,70,0,,,,,0.3044899562519843,0.9852007904518982,24.570499724811008,0.9428564180618975,permissive,cus2_Cu_adatom.png,cus2,C,28
23.0149714771781,0.8043350422317382,0.04440053320680794,0.13169817237854145,0.16982160419964673,15.564779572828787,0.11990110225530211,34.73157676080261,0.014602961724353531,1.0,0.8666666666666667,0.8150678894028793,165,143,6,1.0,1.0,1.0,0.0,0.5952511248935911,0.8568615151205707,23.487740257229195,0.2444574919547235,permissive,cuse2_Cu_adatom.png,cuse2,C,28
24.753063784670072,0.7686728262123856,0.18536860998492327,0.7874850653285106,0.8645789778687382,27.437977959821506,0.03049534408044883,18.793878092168733,0.05011867647641988,0.9682539682539683,1.0,2.2506829564582844,61,63,2,1.0,1.0,,,0.9005763277359252,0.9366759430520439,27.93817752077458,0.899235638887055,permissive,feo2_Int-Anion.png,feo2,C,28
23.69546929165103,0.8791892201877992,0.04002650622089495,0.2381805434079415,0.18922759952321624,18.044828723922727,0.06633961544754909,27.94291308929807,0.016659431430048506,0.8987341772151899,0.9102564102564102,1.5382448384761742,78,79,3,1.0,1.0,,0.0,0.5630726123103582,0.8706123786857444,16.478697070935002,0.2925801875852844,permissive,fes2_Ni_doped.png,fes2,C,28
25.14942802681363,0.7939920572805077,0.04272894290817526,0.5325703480183054,0.44303342942396196,24.39523691364682,0.03825745144991105,25.85960927337736,0.021836422172436615,0.9509803921568627,0.9897959183673469,1.7848156796457382,98,102,40,1.0,1.0,,0.0018022770231658535,0.6128779780777245,0.9653942306594674,26.807424036690655,0.6978581904617408,permissive,ges2_Vacancy-Anion-03.png,ges2,C,28
28.982059641199427,0.8610308437108095,0.2631172980379975,0.8144295295008268,0.8075251040221914,28.413369893376142,0.025971121105870215,32.822270101104095,0.01745299279469795,0.9923076923076923,0.8896551724137931,1.4993538660049122,145,130,0,,,,,0.8332891321294533,0.8548191628811924,23.052575101926397,0.8283894590846047,permissive,gete2_Defect-Free.png,gete2,C,28
28.557327230467795,0.9038884316175277,0.08280237168236333,0.15226053003171736,0.10765913076449121,19.8957385140386,0.07156234563209629,34.862431143260686,0.014364229146762273,1.0,1.0,3.637908052713812,64,64,2,1.0,,1.0,0.0004351715301114523,0.5313593706445319,0.9440898084965882,21.415111771345185,0.1912827622162188,permissive,hfo2_Int-Anion.png,hfo2,C,28
30.29528016703487,0.9193049830045931,0.00936069984569115,0.3030216851921254,0.10696214534971932,21.404184459390827,0.060437620432452974,37.463616906598666,0.005034738308350843,0.9906542056074766,0.954954954954955,3.1860545187153364,111,107,2,0.5,0.5,,0.0,0.4196149113907656,0.6893561942587635,17.219580936017028,0.17572067971476255,permissive,irte2_Vacancy-Metal.png,irte2,C,28
25.53187530014545,0.772310651621082,0.09057041976263837,0.9889093408664178,0.48932525951557093,26.019706190997233,0.029488325203342384,25.110822475043094,0.02623533733910639,0.9402985074626866,0.984375,0.7126966450997984,64,67,5,0.6,0.0,0.75,,0.5632184371159774,0.9884948555669484,30.714673115311463,0.8588062283737025,permissive,mno2_Defect-Free.png,mno2,C,28
25.483919357767636,0.7969716341711661,0.3890851960214405,0.7994222567408632,0.6881096765186143,24.2886383494315,0.03792387789931567,30.69821241015717,0.024783560819037518,1.0,0.976,2.6145870751938043,125,122,26,1.0,1.0,1.0,,0.7900393104137978,0.9059576476400093,24.509032355464946,0.7890724115115425,permissive,mns2_Int-Anion.png,mns2,C,28
29.371766040536208,0.8424282487317744,0.023028178631843595,1.0667505645768953,0.6036025452296125,27.746182358789554,0.027033297015075432,34.4761794457252,0.014314133848374051,0.9828571428571429,0.9885057471264368,1.4883266708185294,174,175,8,0.875,1.0,0.8571428571428571,,0.6754635465485849,0.9961034163624737,27.674981705739945,0.8901302823823887,permissive,mnse2-B_Vacancy-Anion-03.png,mnse2,C,28
25.36121633013473,0.9149567847186483,0.01934685068077511,0.11513382808367212,0.1435268923622961,17.175431075787145,0.06964126197586072,37.29849506173458,0.010316286510414741,1.0,0.971830985915493,6.958468930380624,71,69,1,1.0,,1.0,0.0,0.6870314024915323,0.8892406003863873,16.77136774504841,0.18577016927172207,permissive,mnte2_Defect-Free.png,mnte2,C,28
27.313058879979437,0.8317704376323483,0.22566470004731257,0.9537894020490781,0.9005283458840243,27.714659569986285,0.0345067373499818,24.761254192255752,0.038593848604870536,0.7769784172661871,1.0,0.7637626158259734,108,139,0,,,,,0.9005283458840243,1.0,,1.0,permissive,mos2-A_Adatom-Li.png,mos2,C,28
27.519502982948886,0.8315936300681842,0.06709262932702026,0.468958244728535,0.3879026621048372,24.180834139946867,0.035381864369309304,33.25886455021338,0.013927062743844457,0.9285714285714286,0.9397590361445783,3.222516933177448,83,84,1,1.0,1.0,,0.0,0.6354850994953822,0.9738677483366406,30.171324125589987,0.5944527927056007,permissive,mos2-A_Vacancy-Metal.png,mos2,C,28
32.95997956099494,0.8667106368514494,0.021141325505116524,0.31281195079085894,0.20799630755555049,29.78324631611917,0.021250255279632646,34.40563414712344,0.015454714326568393,0.9809523809523809,1.0,0.9243207949834489,103,105,24,1.0,1.0,1.0,0.0,0.5158089838639337,0.907265355322996,24.526357016295343,0.3658483077720827,permissive,mos2-B_Adatom-K.png,mos2,C,28
22.24713256126566,0.8149932789200154,0.04695000510136943,0.7827476679705608,0.46745036140939694,19.380161466405838,0.05158183249459436,29.712977191376844,0.018944454268628307,0.9818181818181818,0.9230769230769231,1.3911093361721016,117,110,34,0.9411764705882353,0.9375,1.0,,0.572596489696123,0.9592122826371832,16.105677858942443,0.7830717376996869,permissive,mos2-B_Anti-Anion.png,mos2,C,28
24.407117600747647,0.8815789245151839,0.04963067590740864,0.27416396101912277,0.2504583551597695,18.699923738075075,0.05729721994505209,34.835334691996906,0.014174774920131295,0.9622641509433962,0.9622641509433962,1.8786728732554485,106,106,30,0.9666666666666667,0.9666666666666667,,0.0,0.5815070893309613,0.9023895424836601,26.91092095589951,0.3886642221058146,permissive,mose2-A_Doped-Na.png,mose2,C,28
26.78387944457927,0.8447666089088183,0.1530064617376932,0.5789210721745255,0.4043599168416992,23.473378368028488,0.03869005327238103,33.282129252946014,0.017635076186237247,1.0,0.976878612716763,2.2571385770955708,173,169,5,0.8,1.0,0.6666666666666666,,0.4784814362440812,0.9473541240152915,18.213905387738794,0.8005995756354751,permissive,mose2-B_Adatom-K.png,mose2,C,28
26.13661334634772,0.840004039871631,0.02500160716794697,0.16588183029331316,0.15693986025976253,18.53237693564162,0.08759980203733916,35.57140127491816,0.011829083388016136,0.9928057553956835,0.9019607843137255,1.5742493034984062,153,139,5,1.0,1.0,,0.0,0.6174487561209675,0.856691703653124,18.496738762120145,0.2177493677397231,permissive,mose2-B_Doped-Na.png,mose2,C,28
27.497330509033468,0.8554899484413199,0.07277832516087178,0.17966367847967352,0.34602586908997385,23.939275548334187,0.04107734481487633,32.3301734152406,0.020045690417254788,0.9831460674157303,0.9668508287292817,1.7631141280618872,181,178,3,0.3333333333333333,,0.3333333333333333,0.0,0.7551288650318027,0.6360764638933407,27.91840257663132,0.29147198765485016,permissive,mose2-B_V_adatom.png,mose2,C,28
23.901186744925145,0.8515582000294891,0.10082894850373085,0.9949691539149477,0.4212863198276066,20.379803574703708,0.04998009353142175,34.34893212807998,0.015475847861940171,0.9945945945945946,0.9735449735449735,2.6966162371451343,189,185,15,0.8666666666666667,1.0,0.8333333333333334,0.0,0.4503867856880427,0.9991343694668503,30.01731720200713,0.9345781335101471,permissive,mote2-A_Anti-2M.png,mote2,C,28
25.07472073241729,0.8457095084422384,0.1357227617926488,1.3376524181010339,0.9778280328684079,25.25623515270007,0.04316358565811805,20.59498176586295,0.07231520576549559,1.0,1.0,2.017528818929551,213,213,1,1.0,,1.0,,0.9778280328684079,1.0,,1.0,permissive,mote2-A_Ti_doped.png,mote2,C,28
32.7461291872107,0.9218371646551913,0.5747536446541732,0.16932968902785187,0.14383243821871425,26.574260257674993,0.027610313488159736,36.00491725516874,0.013071242868840528,0.9823008849557522,1.0,1.548029843509613,111,113,23,1.0,1.0,,0.0,0.8136254629563934,0.915721723576197,21.500585351075216,0.16188098114975902,permissive,mote2-B_V_adatom.png,mote2,C,28
27.560710369754954,0.8929189613263362,0.1971499894204355,0.30372035380914286,0.14804077863486215,22.66712793345841,0.042981585429802904,29.5154144718523,0.02542140945940153,0.983739837398374,0.968,1.1642044068059725,125,123,5,1.0,1.0,,,0.6853635050553684,0.8835303975421283,20.432305220494484,0.19084548131744944,permissive,mote2-B_Vacancy-Anion-06B.png,mote2,C,28
33.33554218558488,0.8544286482450911,0.03767529194009092,0.657147385590363,0.248664343786295,30.667484953328405,0.022548070850074268,34.76706237632885,0.014451611547110702,1.0,1.0,0.4760952285695233,75,75,0,,,,,0.2992196000889211,0.9430172816440916,25.05536750959576,0.7836878782321658,permissive,nbo2_Defect-Free.png,nbo2,C,28
28.38117738619427,0.8743434720317625,0.02113780491681687,0.632344629596947,0.8137606460290537,27.7057163258629,0.019749623801297064,34.1532870091326,0.015244616307152964,1.0,0.9655172413793104,2.026608708444444,145,140,31,1.0,1.0,1.0,,0.8573765876853867,0.975876476392004,21.243178192966052,0.9262322802832573,permissive,nbs2_Anti-Metal.png,nbs2,C,28
23.888945687038134,0.8376466043814755,0.009236570432076905,0.4728439864523511,0.2887639376173032,18.78301200918223,0.06001990465738145,34.326929125499625,0.013362582508002778,0.9439252336448598,0.9528301886792453,3.4035508540113786,106,107,21,1.0,1.0,,0.0,0.5112811536890104,0.9062072541639473,11.89960178302556,0.511812283949183,permissive,nbs2_Vacancy-Metal.png,nbs2,C,28
32.741602690119876,0.9182903119520871,0.017397314322400242,0.21723055647493866,0.17302814233721894,26.67404730463852,0.028386681069157694,37.14003441617275,0.010393355655745605,1.0,0.9568965517241379,1.7189982416962952,116,111,27,1.0,1.0,,0.0,0.5539478341028996,0.9325749282933116,18.597777544675772,0.2912940488235266,permissive,nbse2_Cu_doped.png,nbse2,C,28
26.297640488218367,0.899555459911346,0.020380794877829147,0.351124828159608,0.17107894143766153,19.39381213002433,0.054357957711865246,33.40501179036477,0.009772210737727258,0.9512195121951219,0.9629629629629629,2.6866240373280212,81,82,17,1.0,1.0,,0.0,0.48847853535353536,0.9542294971691239,23.66697534466742,0.33419804648352647,permissive,nbse2_Vacancy-Anion-03.png,nbse2,C,28
22.999473946367157,0.8604979019066398,0.087918031760303,0.5125551501311366,0.2558302808302808,20.320698067778054,0.057806396984854326,24.506797832074795,0.026225036760973222,0.8846153846153846,1.0,1.1164124737722179,138,156,3,0.3333333333333333,0.3333333333333333,,0.0,0.3803833624161519,0.9772274021170334,20.343132096380376,0.6572431536717251,permissive,nbte2_Vacancy-Anion-12A.png,nbte2,C,28
25.048921723375003,0.8598193438082963,0.18774438641522623,0.31414741504178983,0.4110173556602128,21.987958596744225,0.05018304901830318,30.48860016662052,0.023255127961569914,0.9735099337748344,0.98,1.4937511563198211,150,151,3,0.3333333333333333,0.0,0.5,0.0,0.7015722281912573,0.793230031457384,21.54530803366464,0.46471524507238793,permissive,nbte2_Vacancy-Metal.png,nbte2,C,28
21.438700407959068,0.8589795849234843,0.041424351366557394,0.2600499526018809,0.3211181358381503,16.608570537254096,0.07635097689136496,36.048280422617154,0.011763856202246598,1.0,0.9421052631578948,1.232701534283826,190,179,7,0.8571428571428571,,0.8571428571428571,0.0,0.816463755056466,0.937818879344775,20.916994665327348,0.36884754335260117,permissive,pbse2_Defect-Free.png,pbse2,C,28
21.739255338279037,0.8471604331857122,0.2813825777217623,0.34688010322543084,0.29407768655312333,16.554595636852426,0.09055592576491657,35.50645747369343,0.012987138303394262,1.0,0.8743718592964824,2.664151112348038,199,174,5,0.6,,0.6,0.0,0.4960798245721496,0.9170936638338589,17.556641836709673,0.5436560199669327,permissive,pbte2_Vacancy-Metal.png,pbte2,C,28
30.710047661884076,0.9253906453579893,0.023219074649243877,0.28055094820678195,0.12158156596534131,22.59823095340512,0.04247146127530244,36.866026169960676,0.010766960300527406,1.0,0.9647887323943662,0.8194710774123322,142,137,29,0.9655172413793104,1.0,0.75,0.0,0.3946792801471924,0.8666574188066792,25.546940950295074,0.26697516549310624,permissive,rete2_Defect-Free.png,rete2,C,28
22.474398975191864,0.7885252801807873,0.030526585046172124,0.3703014585692781,0.3325949849103268,18.02803022277312,0.06292215493376324,32.018673287269365,0.017096080414191223,0.9578947368421052,0.9191919191919192,3.6192404035793335,99,95,2,0.5,0.5,,0.0,0.5893018586135073,0.9157733775255955,26.513271483453458,0.5168516410180947,permissive,rus2_Anti-Anion.png,rus2,C,28
23.537463045426883,0.8498551171086963,0.3944536995266451,0.34290974713714767,0.1826610083668893,17.643673863697593,0.07049696885738292,28.031791881961126,0.020171767905050493,0.9672131147540983,0.9076923076923077,2.123316880795513,65,61,4,1.0,1.0,1.0,0.0,0.4047417381547037,0.9225298660154445,13.159916933307281,0.4163401490126106,permissive,sno2_Anti-Metal.png,sno2,C,28
35.1236680360308,0.8642966309888384,0.04203939050017521,0.16259115386509265,0.07789242219215156,30.81053188352997,0.022752340224922417,35.79678150751468,0.012432984256869669,0.9065420560747663,1.0,0.6501387639351571,97,107,5,1.0,1.0,1.0,0.0,0.3178962644877835,0.8681053203040173,30.42401028417707,0.21270720568335588,permissive,sns2_Vacancy-Metal.png,sns2,C,28
26.20696174320021,0.8938748677047458,0.022687879354545006,0.32068578471626,0.36747348425520976,22.84197618701935,0.03817508567099933,31.15325746818932,0.013729031070543922,0.9838709677419355,0.9384615384615385,1.9856039259680345,130,124,36,0.9444444444444444,1.0,0.6666666666666666,0.0,0.6913825275007376,0.9860221634499793,21.780912299809806,0.5240760151484118,permissive,snse2_Vacancy-Anion-03.png,snse2,C,28
24.753193170328306,0.8754981486883163,0.052820999825596404,1.0063375593883666,0.6536615926446435,23.453576158359468,0.03554802525236313,29.41789230534933,0.023805741366259132,0.9789473684210527,0.96875,2.0,192,190,0,,,,,0.6536615926446435,1.0,,1.0,permissive,snte2_Fe_doped.png,snte2,C,28
29.5837300489467,0.9047816987490699,0.044017728159400395,0.38673383533220457,0.14278055934860667,21.685764347252334,0.03849423016741087,38.12158958384179,0.009102879923199162,1.0,0.9454545454545454,1.0284416890093029,55,52,2,1.0,,1.0,0.0,0.4233803434188489,0.9580794842731652,20.53290933510769,0.3231022100844586,permissive,tas2-A_Doped-Li.png,tas2,C,28
28.245756062007146,0.8837350063077886,0.11147762330551832,0.2532207062925724,0.16983390731490386,21.92923583404861,0.044935348894198854,33.079563613746544,0.018865827040295106,0.989010989010989,0.9,2.116076033080517,100,91,14,1.0,1.0,1.0,0.0,0.5209104966018195,0.8821227944646581,16.140740033261967,0.2876009638753581,permissive,tas2-B_Vacancy-Anion-06B.png,tas2,C,28
26.08715393154897,0.877559101716017,0.07016969387390293,0.3570225838440497,0.25919921814402286,21.127605222871782,0.04376555735165101,32.04399507102838,0.02156397739495895,0.9591836734693877,0.9791666666666666,1.6885093514065102,96,98,2,1.0,1.0,,,0.5998983739837398,0.8243508792929747,15.726993451858943,0.35617883404176104,permissive,tas2-B_Vacancy-Anion-09B.png,tas2,C,28
19.312225282737764,0.7977517764576715,0.12012560004708304,0.614174543209916,0.6142433513767945,17.335112234447273,0.0816294636813724,30.177565906297236,0.02032833608125163,0.9813664596273292,0.8186528497409327,3.8426322729100852,193,161,10,1.0,1.0,,,0.6150694373227696,0.9881452305051496,9.158334289358203,0.986818074841139,permissive,tase2-A_Vacancy-Anion-12B.png,tase2,C,28
24.52211100742703,0.9019130571051522,0.08991353434641705,0.33387500671471043,0.369156592998221,20.431835121251506,0.04168701732273846,35.25864696424807,0.013335278819764786,1.0,0.9411764705882353,2.195521008781287,136,128,31,0.8709677419354839,1.0,0.3333333333333333,0.0,0.5612903225806452,0.9300461769271235,17.96084048311557,0.6116846562165843,permissive,tase2-B_Defect-Free.png,tase2,C,28
24.80090482577451,0.8848608750239497,0.0393174766176021,0.4923445773429262,0.2692702364455015,21.39329946323349,0.048811295197132974,27.312028687266565,0.022351998934415328,0.9318181818181818,0.9919354838709677,1.7012668641601856,124,132,13,0.9230769230769231,0.9230769230769231,,,0.35930216273533,0.9594251676149264,23.151318189363824,0.719017775369581,permissive,tase2-B_Vacancy-Anion-09B.png,tase2,C,28
23.496466591069662,0.908941802385697,0.03861077879086792,0.21385330412778378,0.32520692567567566,18.793972928345628,0.05260846387205957,35.8008056065047,0.011730942461666331,0.9824561403508771,0.8888888888888888,1.9977666101352851,126,114,29,0.9310344827586207,1.0,0.0,0.0,0.7453815261044177,0.9037904660494228,15.022251056370578,0.39432010135135137,permissive,tate2-A_Fe_doped.png,tate2,C,28
28.810543349146652,0.8949039175985531,0.1979081055063834,0.2611126454332934,0.16393505562760222,21.811854826350668,0.04784326609596814,35.513484519058835,0.013502954774116865,0.967032967032967,0.9943502824858758,2.082120859298824,177,182,4,1.0,1.0,1.0,0.0,0.4893209778763398,0.9646100601108538,15.945384474068243,0.32316906695788683,permissive,tate2-B_Anti-Anion.png,tate2,C,28
23.68968956888876,0.8727428383193141,0.03026129081278642,0.46531504780215704,0.38574798648556413,19.725883217026908,0.06586783881952232,35.65288973698515,0.012565929671661102,1.0,0.994475138121547,3.4083231458690455,181,180,2,1.0,,1.0,,0.5974291608011485,0.9480456287219866,14.413947043767472,0.6121339840283939,permissive,tate2-B_Anti-Metal.png,tate2,C,28
27.055298554792277,0.900144765956685,0.019333888963852998,0.2922245944942811,0.18930448433554023,20.43258028282622,0.06040978503032541,34.99865676774737,0.012363668914273068,0.9517241379310345,0.9928057553956835,3.384748401156345,139,145,4,0.75,,0.75,0.0,0.4873455109865289,0.9481251126735172,19.737361952579885,0.3682897071872227,permissive,tate2-B_Vacancy-Anion-12A.png,tate2,C,28
25.186760161693435,0.7664692651443811,0.08407397076347939,0.710258021049467,0.8379609191663375,24.62537582783453,0.03855198980373843,30.616947011216627,0.02395507895049076,1.0,0.9761904761904762,2.2178140560001576,126,123,32,1.0,1.0,,,0.8971425201262128,0.8435602384583392,26.93641928311868,0.7879132879481401,permissive,tis2_Vacancy-Anion-12A.png,tis2,C,28
33.07904756239896,0.8441095592306932,0.13596484451189086,0.7615674433925683,0.35803702584993974,32.167740598515465,0.0190718254296893,33.68492717136658,0.016655627614745948,1.0,0.9838709677419355,0.5432144762551112,124,122,15,1.0,1.0,1.0,,0.45890618149189205,0.973551764417461,30.291016016979896,0.7595617411598267,permissive,tis2_Zr_doped.png,tis2,C,28
25.050503446582923,0.8182048290791532,0.13365346366650827,0.9465919502431299,0.6956855349400486,23.703224817109607,0.032251704313022496,32.78476362402792,0.01771788359718134,0.9835164835164835,0.9623655913978495,2.2335681802090703,186,182,6,0.6666666666666666,,0.6666666666666666,0.0,0.8178777544596013,0.994325807608999,17.787886842655517,0.8457719721551987,permissive,tise2_Adatom-Li.png,tise2,C,28
23.909328522046813,0.8176374744709205,0.08464490242239306,1.0484345348794688,0.6474702092057946,22.317278095981457,0.03564985692528328,31.196894578523167,0.01876876304863795,0.978021978021978,0.956989247311828,1.1587478712875736,186,182,5,0.8,,0.8,0.0,0.7394082577535359,0.9987435302516509,16.087945566537186,0.8745597248800511,permissive,tise2_V_doped.png,tise2,C,28
27.09245468974759,0.9157513092891391,0.2102485515494591,0.26248561580643154,0.1412967687338742,19.58174401944609,0.050454580615444944,33.345927233976795,0.014967949670672063,0.8947368421052632,0.9855072463768116,3.3321076177804625,69,76,2,1.0,,1.0,,0.7846972036369875,0.9377068384829405,18.470062863988808,0.16884850064865334,permissive,tite2-B_Cu_doped.png,tite2,C,28
29.90833508234453,0.8851108908965745,0.30663900017004836,0.1368905005838498,0.03882402355428929,18.748466008896266,0.07041853290401436,32.80871263139813,0.020430153647233423,0.9714285714285714,1.0,0.6530471562110152,68,70,0,,,,,0.0,0.0,18.748466242861873,0.0,tight,tite2-B_Vacancy-Anion-06A.png,tite2,C,28
25.480058852437892,0.7157508054408266,0.08681755060799806,0.9970190312346752,0.9702100840336134,26.07062428299582,0.03510541225306358,18.369733650665868,0.055741318125014566,0.8532110091743119,0.96875,1.2992967494035967,96,109,1,1.0,1.0,,,0.9703499403249992,0.9986771705623206,26.24695972091513,0.998533231474408,permissive,vo2_Vacancy-Anion-03.png,vo2,C,28
25.13011809210404,0.6885402411576006,0.15590617579309218,1.2482760433834452,0.8015604173564594,24.397551274154043,0.037136727577109986,31.017088325235495,0.022538819068841507,0.9751552795031055,0.9751552795031055,2.5275551491208126,161,161,11,0.9090909090909091,0.9,1.0,,0.829431182331868,0.9571819449593109,28.56254900801651,0.92501846522171,permissive,vs2_Vacancy-Anion-06A.png,vs2,C,28
26.843693415418436,0.753470364645866,0.04721493191362039,1.2892361029434867,0.9312782461293783,26.64543517320462,0.030724969298932862,31.196671983269198,0.01930364467672423,0.9822485207100592,0.9595375722543352,1.2706131713961182,173,169,16,0.9375,0.9230769230769231,1.0,,0.9321947959160156,0.9832656199195947,25.81178626859696,0.9822988564297176,permissive,vs2_Vacancy-Anion-12A.png,vs2,C,28
25.26942189836332,0.8850588462402345,0.0188523917883664,0.21931800597794424,0.2818683829395045,20.25303026630109,0.049713508105346145,33.60786614093078,0.014630410961077945,0.9397590361445783,0.9285714285714286,2.063106942552968,84,83,1,1.0,,1.0,0.0,0.6442187165115508,0.9084922423110037,20.396658174627742,0.39749736027530586,permissive,vse2-A_Vacancy-Anion-06A.png,vse2,C,28
26.96046778620698,0.8719996431559099,0.22741608174476824,0.2494351011472846,0.24344844856473843,23.63074629233155,0.038391921884722985,28.97331061157883,0.024776989275101576,0.9662921348314607,0.9347826086956522,1.961845358151943,92,89,4,1.0,1.0,,,0.658463523664685,0.7575821845174974,26.91402020217828,0.2800947977415832,permissive,vse2-A_Vacancy-Anion-06B.png,vse2,C,28
30.199136792392093,0.8290264459936257,0.009100589113610738,0.9757985509787616,0.5171924858466289,28.370905641301455,0.025343951771429847,33.771627144529525,0.01578850203968376,0.9891891891891892,0.9945652173913043,1.3888706738331973,184,185,5,1.0,,1.0,0.0,0.6091896719416187,0.9910240271468447,17.841537822662797,0.8413638703036541,permissive,vse2-B_Anti-2M.png,vse2,C,28
22.238537646778077,0.7690907082164875,0.2172845669099662,1.2221477497122193,0.8620072053525476,21.882015274107506,0.03939339513869538,25.5588507040811,0.02753879185174787,0.9782608695652174,0.967741935483871,1.6898389140848769,186,184,8,1.0,1.0,,,0.8795494430812983,0.9620360861673672,24.902815351950252,0.9428486875965003,permissive,vse2-B_Vacancy-Anion-09B.png,vse2,C,28
29.349759212597,0.8632573217000956,0.06592354982379388,0.27555927311467576,0.276773638814499,25.28168601804004,0.03029791414061395,33.26208787360403,0.017630285529826113,0.9932885906040269,0.9192546583850931,1.0397504898200727,161,149,7,1.0,1.0,1.0,0.0,0.5359741982214783,0.8859925893565037,30.152014518288446,0.4575208913649025,permissive,vte2_Defect-Free.png,vte2,C,28
22.053079826726197,0.8530567041914656,0.022040880112376662,0.6557843456685897,0.8138250230633504,21.664788827698843,0.034506727198930366,24.335950270006975,0.02598078349514809,0.9757575757575757,0.9252873563218391,2.663300152416801,174,165,7,0.8571428571428571,0.8333333333333334,1.0,,0.8137372141913222,0.9979061826766195,15.479942868435604,0.9980138648801153,permissive,vte2_Vacancy-Anion-09B.png,vte2,C,28
23.84897117642725,0.8523657582651919,0.15378821729669093,0.4867171229209741,0.463759584101199,21.15912909335099,0.07372597327998227,29.729426670091378,0.013599897342916912,0.9302325581395349,1.0,1.140175425099138,40,43,0,,,,0.0,0.8001404033198591,0.8667005991328824,23.664664433806767,0.5023377243874139,permissive,ws2-A_Vacancy-Metal.png,ws2,C,28
31.00636856863972,0.9066870136527548,0.11320641817777269,0.8311859879561674,0.4505551384433372,29.98675027471527,0.025394928930021255,32.06873790523374,0.020984240867618482,1.0,1.0,0.6761234037828132,140,140,21,1.0,1.0,,,0.48121450637738195,0.8937548129726182,26.200859128042868,0.8368114804450208,permissive,ws2-B_Vacancy-Metal.png,ws2,C,28
28.31094205879037,0.8980725859277857,0.03788074543905307,0.35586122840131557,0.19579663372106054,21.86289526818203,0.03543465432605274,36.03532568786053,0.012517511517576175,1.0,0.984375,2.3231068414572325,64,63,0,,,,0.0,0.44451946435781853,0.9608527686364287,19.378903646451125,0.42322497142472937,permissive,ws2-C_Defect-Free.png,ws2-C,C,28
25.95585303675792,0.8852248849717715,0.47994721151911796,0.40285500529339274,0.15153308803924706,18.23618850965322,0.07508574171655702,35.086189468958,0.01457034120781827,0.9824561403508771,0.9572649572649573,1.6663690210411721,117,114,6,1.0,1.0,1.0,0.0,0.283149726600193,0.9913080198472746,24.211884730372617,0.5305177838212553,permissive,wse2_Vacancy-Anion-06A.png,wse2,C,28
34.31485654723189,0.939594664449455,0.007753055658556873,0.13928951372518802,0.0794480705370434,26.400246629942966,0.035425674557915225,36.892631226561875,0.010331897987024045,1.0,1.0,0.949085538178001,131,131,30,1.0,1.0,1.0,0.0,0.2584080717488789,0.5979937159493817,24.95860260228163,0.18385434558570937,permissive,wte2_Mo_doped.png,wte2,C,28
35.54965022115113,0.9438491105609295,0.013088611777913413,0.1877347639745394,0.12690440314749707,27.812778045656934,0.02049540042653366,41.04456527492674,0.005570608194692729,1.0,0.9772727272727273,0.8892118276421005,44,43,0,,,,0.0,0.3226159612562818,0.9821321112808407,26.198836716748367,0.38633206152833954,permissive,zro2_Defect-Free.png,zro2,C,28
27.789135626527358,0.8289669864085292,0.0761608155060628,0.7245515872914108,0.27499852929863383,27.33797302743367,0.0356905817708452,27.973320805461377,0.026441306189739812,0.9927007299270073,1.0,1.3284223283101428,136,137,28,1.0,1.0,,,0.35218538011001155,0.9756294224123745,28.630186878246057,0.7618052067353598,permissive,zrs2_Vacancy-Anion-03.png,zrs2,C,28
25.117838631288144,0.8253505418441353,0.0773075752582742,1.1995333078246022,0.951458199224727,24.959656946253396,0.032397759777968035,30.757394613175137,0.023319066382420095,1.0,0.9900497512437811,1.9439378777012934,201,199,2,1.0,1.0,,,0.951458199224727,1.0,,1.0,permissive,zrse2_Vacancy-Anion-03.png,zrse2,C,28
25.463689481525954,0.8739784498433163,0.11230687809666655,0.24935821315866086,0.17634699808950854,18.59891056438959,0.0642221201148261,33.059698657608564,0.018969546541501778,1.0,0.926829268292683,1.5921958796888798,123,114,13,1.0,1.0,,0.0,0.7330233314805525,0.7789607134110326,18.86513492478383,0.18739837811471077,permissive,cose2_Fe_doped.png,cose2,C,36
22.025028249060874,0.7195426356851928,0.05341267519343347,0.6590720329526901,0.7814757481940144,21.72563898840179,0.0460724607345485,23.304777399613236,0.028308104526020436,0.9411764705882353,0.9142857142857143,3.8608613028701253,70,68,1,1.0,1.0,,,0.8307689553628169,0.9884663308448439,27.315129831439773,0.9298162388894438,permissive,cro2_Vacancy-Anion-03.png,cro2,C,36
24.591295822738427,0.8020670120753923,0.08324318006971157,0.662089691244371,0.6295580029655065,22.813163953512042,0.038512491037543395,33.125872642477745,0.017267642237306563,0.9832402234636871,0.9119170984455959,1.5739354266527985,193,179,8,0.875,,0.875,0.0,0.6432156537633656,0.9978190889757466,19.869260800810267,0.9766320040580615,permissive,crse2_Anti-Anion.png,crse2,C,36
30.42547382674678,0.8789641399998881,0.043739496832965984,0.6453231744131873,0.4953129679544774,28.84576337255457,0.02379652022188152,32.87094980092761,0.01794283441955679,0.9946808510638298,0.958974358974359,1.3284223283101428,195,188,1,1.0,1.0,,,0.52923424126382,0.9520383175188629,27.6829075422972,0.89101741325461,permissive,crte2_Vacancy-Metal.png,crte2,C,36
37.26134242548673,0.9141302380246394,0.0380038419160245,1.3294466231460398,0.04770167427701674,32.22589367275157,0.017982464769375317,37.76553530574246,0.010274973802817153,1.0,1.0,0.7494290063884893,73,73,0,,,,,0.04775415032613334,0.9998404594767071,,0.9987417554540842,permissive,cus2_Cu_adatom.png,cus2,C,36
23.55078801692892,0.7951415432512424,0.049650279033508736,0.13468568199907294,0.19021783561623473,16.666699505261395,0.10449828629835038,34.07562096241111,0.01571817092320707,0.9929577464788732,0.8545454545454545,1.8489023003696157,165,142,6,1.0,1.0,1.0,0.0,0.5201226902812477,0.8215597405641948,22.417891691605874,0.30045856218088307,permissive,cuse2_Cu_adatom.png,cuse2,C,36
23.767168636509943,0.7542886231382667,0.07749549341475509,0.8040226768050929,0.798878399096264,23.721205958391053,0.034406748903490325,23.954698407269397,0.027393516519613813,0.9818181818181818,0.8852459016393442,3.4183600139811467,61,55,2,1.0,1.0,,,0.8416437870870604,0.9598505126003737,19.89878467798375,0.9110788348261115,permissive,feo2_Int-Anion.png,feo2,C,36
28.681627797654563,0.8974595004392304,0.03480065147791571,0.13804647043144244,0.2292121741663026,23.36861619656019,0.03874634022864044,34.10710230505877,0.01533219576056289,0.8690476190476191,0.9358974358974359,1.2275379077928685,78,84,3,1.0,1.0,,0.009109720399717372,0.6218931448890489,0.8127794249141136,28.607655638144024,0.29956744278864567,permissive,fes2_Ni_doped.png,fes2,C,36
25.408192942708165,0.7956256029926091,0.022580227814232058,0.6477823045606094,0.46025641025641023,22.912110670347232,0.042454300033674605,30.122832604440095,0.018288041924788043,0.9603960396039604,0.9897959183673469,2.417718102828009,98,101,40,0.975,0.975,,0.0,0.6802376072532741,0.9682714970908671,29.924268983431016,0.6551433773327264,permissive,ges2_Vacancy-Anion-03.png,ges2,C,36
30.586640849357405,0.872564026596872,0.47793251748023374,0.2524133665938634,0.06506962552011096,27.57509676957206,0.02910400650344383,30.900122393989406,0.025585556955871062,0.9931506849315068,1.0,0.46977617561176277,145,146,0,,,,,0.2520114196729821,0.26492053748039013,29.448610730145532,0.06840277392510402,permissive,gete2_Defect-Free.png,gete2,C,36
26.029807532314976,0.888668199733459,0.03599014887544344,0.18845372255109794,0.11997014076496516,17.964598980536962,0.08455407451456527,31.82761728899932,0.014838057415793261,0.9841269841269841,0.96875,3.2279025447974226,64,63,2,1.0,,1.0,0.038150037473103984,0.5596547971706668,0.9142962962962963,18.2769884879462,0.19599270107588038,permissive,hfo2_Int-Anion.png,hfo2,C,36
29.439254532799964,0.9064818885762078,0.029917140350505987,0.3911719510936602,0.1756808526778941,22.727781917341126,0.050014485336833156,36.142483501303666,0.005607486792244528,0.9722222222222222,0.9459459459459459,4.246006527146588,111,108,2,0.5,0.5,,0.0,0.402954714017713,0.7976531041853335,17.127156592292117,0.34776209983310574,permissive,irte2_Vacancy-Metal.png,irte2,C,36
26.816122324346622,0.7901404776604076,0.036348984141776716,0.8695242767864909,0.5017612456747405,24.22703193483702,0.03310913683081787,34.28512685679753,0.01533079567804255,1.0,0.984375,1.1818736805705576,64,63,5,0.6,1.0,0.5,,0.6232016501736338,0.987580081236337,30.414483836039956,0.7951349480968858,permissive,mno2_Defect-Free.png,mno2,C,36
27.597776979284095,0.8061706431019358,0.022853260847592233,0.7765541805756244,0.6121804794250298,26.303246504750998,0.03176675358647735,31.047973456040374,0.02138938107097838,1.0,0.96,2.2564721728101738,125,120,26,1.0,1.0,1.0,,0.6946064656732682,0.9228210213187903,27.7653106388763,0.8133137872634896,permissive,mns2_Int-Anion.png,mns2,C,36
28.832156264357586,0.8349448432261658,0.020522905565022488,1.046070959688151,0.5798093475331699,27.00416899440841,0.028341175903435187,34.394073458744415,0.014718754086798944,0.9772727272727273,0.9885057471264368,2.2085984190758143,174,176,8,1.0,1.0,1.0,,0.6851953927132213,0.9920607025451238,27.659515126510787,0.8394774319457964,permissive,mnse2-B_Vacancy-Anion-03.png,mnse2,C,36
27.170173601873078,0.9197255947475405,0.03804018298437623,0.19981250706375597,0.18730376766091053,20.42927787547181,0.04601357817973271,35.63891023581522,0.010725942910759878,1.0,0.9859154929577465,6.562882641905809,71,70,1,1.0,,1.0,0.0,0.6660939705585803,0.9403853599653814,28.930517605766227,0.2644337417241144,permissive,mnte2_Defect-Free.png,mnte2,C,36
23.92555166344885,0.800734500198972,0.4836223734025652,1.4269652197246563,0.8144789977558742,23.659883960178107,0.056545098778840876,25.333833831443382,0.05058288026722057,0.968421052631579,0.8518518518518519,1.4854365483353487,108,95,0,,,,,0.815767699007361,0.9899725513359507,20.432116227423887,0.9884086516284769,permissive,mos2-A_Adatom-Li.png,mos2,C,36
22.37744753114181,0.802620693308515,0.07502858074213149,0.5581546695725585,0.5885127926490024,21.06818299885743,0.050127533636963026,25.41571885620304,0.021961815840341813,0.8160919540229885,0.8554216867469879,2.5007041261933733,83,87,1,1.0,1.0,,0.0,0.8050055938957399,0.923812637946538,20.302613186857844,0.675368667702417,permissive,mos2-A_Vacancy-Metal.png,mos2,C,36
32.07345304796924,0.8641695004908925,0.04839551388066812,0.2624439563202267,0.17475860929322168,27.79385829191491,0.023353106041289685,33.98148613702649,0.015615770552466707,0.9809523809523809,1.0,1.6692536556767792,103,105,24,1.0,1.0,1.0,0.0,0.4811695802644423,0.8840033910463334,24.288910469243167,0.32106602238829357,permissive,mos2-B_Adatom-K.png,mos2,C,36
21.46125673929122,0.8040018962791424,0.03558163818082634,0.7172030135723505,0.5516557593301177,19.215810649157888,0.05290826615091003,29.235530370211492,0.022157379954720814,0.972972972972973,0.9230769230769231,2.0637972912229676,117,111,34,0.9705882352941176,0.96875,1.0,,0.7043838360491544,0.9443612362103871,26.45304989998653,0.7396000421668039,permissive,mos2-B_Anti-Anion.png,mos2,C,36
28.06005283883588,0.8902560416210837,0.1911136539772296,0.2601896549681855,0.20598480880041906,21.884043545030003,0.040122628943391046,35.413540489974295,0.013592412868708721,1.0,0.9811320754716981,1.1006990785580142,106,104,30,1.0,1.0,,0.0,0.5028504881714897,0.9443448407400343,24.98147528677088,0.3868360398114196,permissive,mose2-A_Doped-Na.png,mose2,C,36
25.49753181815372,0.8548807716241371,0.15745155033775174,1.146178126503444,0.6091158000771572,23.70146104180804,0.040498406044599214,32.4472616770013,0.020340913980348773,0.9941860465116279,0.9884393063583815,2.5443435716361726,173,172,5,1.0,1.0,1.0,,0.6642116708527618,0.9968068402232573,29.390172252726412,0.9141224441682027,permissive,mose2-B_Adatom-K.png,mose2,C,36
30.635589076707323,0.8738186752821127,0.02413790683045526,0.1433581534868729,0.17078796776544217,24.18660980275613,0.04162752700536823,35.912399085490485,0.011723196912504109,0.9932432432432432,0.9607843137254902,1.7043362064926932,153,148,5,1.0,1.0,,0.0,0.5645956743353079,0.9643445387378625,28.14071184514372,0.2917104247931759,permissive,mose2-B_Doped-Na.png,mose2,C,36
27.597532825637984,0.8701626602721183,0.09495449779588444,0.32666326942908575,0.412389086544644,24.12806576377372,0.03787098977208246,36.08491397765189,0.011946107091073402,0.9830508474576272,0.9613259668508287,2.3913157057564987,181,177,3,1.0,,1.0,0.0,0.8056564275644038,0.9800818553888131,19.487893645657433,0.5016717390372498,permissive,mose2-B_V_adatom.png,mose2,C,36
20.957041711225344,0.8010700556496555,0.09505064567908074,0.5164906302967951,0.5294158043050984,19.005021289405395,0.06722160137007155,25.3750636358576,0.023074894583563883,0.9661016949152542,0.9047619047619048,3.020398486548399,189,177,15,0.4666666666666667,0.3333333333333333,0.5,0.0,0.5571618634301951,0.9796705238250726,20.092302586851115,0.9308839896753416,permissive,mote2-A_Anti-2M.png,mote2,C,36
26.347089895311907,0.848615283718364,0.1009312371301046,1.2477315228245178,0.9801487129697601,26.35055955188655,0.03489610657301152,26.17913552201768,0.03740332565368907,1.0,1.0,1.8752151676228062,213,213,1,1.0,,1.0,,0.9801487129697601,1.0,,1.0,permissive,mote2-A_Ti_doped.png,mote2,C,36
31.567234462413687,0.925425964556759,0.05217450223676669,0.16177899829588646,0.1220625462297221,24.165374600153324,0.0359646178819704,35.83084739276894,0.013216376813357788,1.0,0.972972972972973,1.2171612389003692,111,108,23,1.0,1.0,,0.0,0.5547981183391892,0.8944614863466135,21.75682493227821,0.1967927484230209,permissive,mote2-B_V_adatom.png,mote2,C,36
26.799487822847947,0.888952971918553,0.13260501360099278,0.30052044083473123,0.14636617155878584,21.31931973548909,0.04277932574102212,29.272379294614502,0.026239309496276977,0.9615384615384616,1.0,2.4314604664686614,125,130,5,1.0,1.0,,,0.6511223976426056,0.8531004284570837,14.22527513921442,0.19176892719479194,permissive,mote2-B_Vacancy-Anion-06B.png,mote2,C,36
23.043967558183063,0.8136063233391467,0.14110795710140295,0.3855615032514028,0.6030166880616175,21.038559374019062,0.045389735184396714,32.6877157894861,0.018842629048682277,1.0,0.9466666666666667,0.8721028496007166,75,71,0,,,,,0.8411668630316392,0.8431536531589752,15.233469770785037,0.6044409805000306,permissive,nbo2_Defect-Free.png,nbo2,C,36
33.58952437999897,0.8468632960650083,0.06811216634714595,0.17895539873739552,0.09604209102338705,30.85181391000997,0.02154099481062349,34.014978459014436,0.016037710600191296,1.0,0.9862068965517241,0.5154941956358633,145,143,31,1.0,1.0,1.0,,0.2908079692202202,0.615612063867534,29.08291419421296,0.2033117250245901,permissive,nbs2_Anti-Metal.png,nbs2,C,36
28.600517177662073,0.859072133081088,0.014848843412162197,0.48160573130273443,0.35595364411089686,25.24435034052535,0.030652830006783312,33.0898441298296,0.014822555938145762,0.9905660377358491,0.9905660377358491,1.2227992865708155,106,106,21,1.0,1.0,,0.0,0.628639086223708,0.9492163418649685,26.122613025692843,0.5374737641054238,permissive,nbs2_Vacancy-Metal.png,nbs2,C,36
27.573419899538013,0.9076677216514987,0.028346207224511193,0.273805867165144,0.19182246687796994,20.804206281223863,0.05951366401811543,37.18566868222006,0.01014626519045219,0.9912280701754386,0.9741379310344828,1.6019899130194075,116,114,27,1.0,1.0,,0.0,0.5181304938183378,0.9061843815618438,17.51854201299636,0.3354879235855706,permissive,nbse2_Cu_doped.png,nbse2,C,36
24.05456860223781,0.8722133157998485,0.04633094343577478,0.4327001967145143,0.24397617803181057,18.07064100954465,0.0665608036103333,37.74773129697002,0.008426001911590243,0.9875,0.9753086419753086,2.8529354192356187,81,80,17,1.0,1.0,,0.0,0.6277815239379636,0.8599954796041706,13.111569939288428,0.33422202189434513,permissive,nbse2_Vacancy-Anion-03.png,nbse2,C,36
21.534602954186997,0.8137406183420036,0.044770623175562754,0.6069537631951549,0.422673556602128,19.041856142520196,0.07273462968774076,25.175978849957687,0.028653489360349976,0.8471337579617835,0.9637681159420289,5.505977612893482,138,157,3,0.3333333333333333,0.3333333333333333,,0.0,0.5529900085979425,0.9621521240102138,16.665426337565318,0.7354133961276819,permissive,nbte2_Vacancy-Anion-12A.png,nbte2,C,36
27.529874227743576,0.8813522658941274,0.029040835621660953,0.34593337725341067,0.19453819989534274,21.102106006759477,0.055789040635120996,34.96578637420465,0.013778202604045794,1.0,0.9866666666666667,1.8361975987408385,150,148,3,0.6666666666666666,1.0,0.5,0.0,0.40175060019243525,0.9640339374376562,16.801820595483576,0.46681057038199897,permissive,nbte2_Vacancy-Metal.png,nbte2,C,36
36.06105234961606,0.9064865965956473,0.03906407193379653,0.11297118177593508,0.031692557803468205,28.396947017780487,0.026367540919320406,36.810054227370145,0.011003473533599416,1.0,0.9894736842105263,0.3497719621866723,190,188,7,1.0,,1.0,0.0,0.09247603687240208,0.8039327443716159,30.287139844767044,0.27551661849710984,permissive,pbse2_Defect-Free.png,pbse2,C,36
24.611587998245504,0.8732479090516564,0.01776430005326432,0.20907833449223337,0.20301435414665173,17.982100516339298,0.07231642748948154,35.448896036407476,0.012867695769957279,0.9945652173913043,0.9195979899497487,3.231504750239379,199,184,5,0.6,,0.6,0.0,0.37914124765873675,0.878232413945821,17.532231905151512,0.47025689610102017,permissive,pbte2_Vacancy-Metal.png,pbte2,C,36
24.052879630421717,0.9111322275383837,0.0547355239781132,0.2318971239517679,0.31820213349074505,19.29331198502127,0.04363096326042352,35.58156867099085,0.012653815604920878,0.9923664122137404,0.9154929577464789,1.4517893468724405,142,131,29,0.9655172413793104,1.0,0.75,0.0,0.7143790172092059,0.9130889913605766,17.457293677167712,0.40671248471560484,permissive,rete2_Defect-Free.png,rete2,C,36
24.24801055397262,0.8235344729951332,0.0426757806491829,0.4822696460314721,0.3745517631295647,20.827223254094164,0.046393974027895,29.739071543486464,0.01600931771817084,0.967391304347826,0.898989898989899,1.8991423256390523,99,92,2,0.5,0.5,,0.0,0.6309309363403826,0.9656679280136198,30.566047163630227,0.5732681727941841,permissive,rus2_Anti-Anion.png,rus2,C,36
23.94838700841348,0.8396902108170141,0.17631131375032397,0.3193435089192481,0.23378161695560967,19.243021474179805,0.05918426713271359,27.889396805807994,0.022759075217678074,0.9692307692307692,0.9692307692307692,5.103686809319225,65,65,4,1.0,1.0,1.0,0.1323756054601497,0.5298511291753099,0.931940952749307,29.72406039696622,0.4111922214452777,permissive,sno2_Anti-Metal.png,sno2,C,36
33.21537996335617,0.868800487578529,0.026304109871393016,0.2729021722319395,0.27402317320703656,30.329319868905536,0.022731988858716433,35.127630909077936,0.013128311009627663,1.0,0.8969072164948454,1.109001829336302,97,87,5,1.0,1.0,1.0,0.0,0.6471153741110152,0.9141062637922255,27.680091016763097,0.3870813599458728,permissive,sns2_Vacancy-Metal.png,sns2,C,36
26.277670946451654,0.8962235680704402,0.026573657361014115,0.3721826542960731,0.46352654385690134,23.252800629487954,0.03985777476985869,35.13264133441065,0.011783811275184308,1.0,0.9538461538461539,2.557405439238206,130,124,36,0.9444444444444444,1.0,0.6666666666666666,0.0,0.8028161511417309,0.9793189192467477,19.473080353869044,0.5654349545989406,permissive,snse2_Vacancy-Anion-03.png,snse2,C,36
27.911610738056005,0.8938202615002007,0.02382360830941805,1.4338475028606075,0.8462554394757784,27.339507265923032,0.02502896422011005,34.39011033784573,0.014846483235994133,0.9895833333333334,0.9895833333333334,1.8820481564396525,192,192,0,,,,,0.8462386476980419,0.9998599411752936,5.042732673721094,0.9998797812357134,permissive,snte2_Fe_doped.png,snte2,C,36
27.38977852694905,0.9047632107625271,0.010379352707280083,0.24788503596993908,0.10972538309816417,19.486255827373682,0.05679014885463617,31.794475600164425,0.011141572014885581,0.9807692307692307,0.9272727272727272,1.1289418957242965,55,52,2,1.0,,1.0,0.0,0.41581058011858946,0.9486541297935103,18.353634893784346,0.25033378849946897,permissive,tas2-A_Doped-Li.png,tas2,C,36
26.767270376875125,0.8809825023633856,0.8733013352140806,0.26276636288410904,0.23644679552811476,21.472666089290552,0.04440212825000383,32.589520940869335,0.02036847772796433,0.9894736842105263,0.94,2.931850044059393,100,95,14,1.0,1.0,1.0,0.0,0.642878375418505,0.8986561109227893,29.46998926416159,0.33052030653718467,permissive,tas2-B_Vacancy-Anion-06B.png,tas2,C,36
24.913682251195375,0.8632195110039304,0.05606077416721868,0.3294006227638388,0.2856670079530059,21.10306868555336,0.05268445839815046,28.496471409370933,0.02306657739143775,0.9666666666666667,0.90625,2.3973165074269205,96,90,2,1.0,1.0,,,0.6400034441191665,0.8745655636811237,19.88115725754469,0.39036434902216294,permissive,tas2-B_Vacancy-Anion-09B.png,tas2,C,36
25.840799214146685,0.8924104465436505,0.035375077658342365,1.3079753745037628,0.4977241703930337,23.56209524112569,0.031794657400971406,30.83959158815814,0.01966294364162064,0.9792746113989638,0.9792746113989638,1.539600717839002,193,193,10,1.0,1.0,,,0.49781055922555006,0.999858144626282,11.51920950139655,0.9996846316780419,permissive,tase2-A_Vacancy-Anion-12B.png,tase2,C,36
24.87730825326025,0.8896559395588489,0.07715882546125821,0.37939106052201105,0.3168446441329772,20.16912897606927,0.0497241014775583,35.21791461924211,0.013306127385377979,1.0,0.9411764705882353,0.7856128181235335,136,128,31,0.967741935483871,1.0,0.8333333333333334,0.0,0.5216855787625462,0.9038091923059461,25.71398671350191,0.5489266208576484,permissive,tase2-B_Defect-Free.png,tase2,C,36
23.95239524489542,0.8729362197545802,0.6718114324392741,0.4276554652689839,0.3546298915831923,19.938664133174658,0.05757594799388743,31.781511791219113,0.022202998025143396,1.0,0.9919354838709677,1.961001900887542,124,123,13,1.0,1.0,,,0.6099109959493226,0.8927484889868437,25.40635980874258,0.5190844270116568,permissive,tase2-B_Vacancy-Anion-09B.png,tase2,C,36
32.63203332556773,0.935985293641526,0.020231628489067427,0.16890602782747072,0.2329222972972973,28.17288997089915,0.0275445487623682,36.043687201013825,0.011262221065511429,0.9765625,0.9920634920634921,1.4422205101855958,126,128,29,1.0,1.0,1.0,0.006171965686135727,0.5896081479758597,0.8732413518021611,25.452597393353557,0.3449704391891892,permissive,tate2-A_Fe_doped.png,tate2,C,36
24.78134541979255,0.8749396625675295,0.037209707782388364,0.3015643896176079,0.37802240461401954,21.246688672684314,0.06235561082713605,31.047903622334765,0.0239153887336249,0.9885057471264368,0.9717514124293786,2.944249420678009,177,174,4,1.0,1.0,1.0,0.0,0.600601097522493,0.8806177318610385,28.677247743170092,0.5542667735990717,permissive,tate2-B_Anti-Anion.png,tate2,C,36
34.553720610451585,0.8976160523872713,0.013904470547115355,0.08471952809679287,0.054394751211521396,29.968433849004196,0.02485802632864045,35.04917363216998,0.013667087484598541,1.0,1.0,0.37900713560535904,181,181,2,1.0,,1.0,,0.18909615158291163,0.5040388989098894,28.16448421295255,0.14499010306463722,permissive,tate2-B_Anti-Metal.png,tate2,C,36
24.845000154521934,0.8864341683994084,0.017420583748959474,0.40706658174022275,0.22334866220735786,18.630160355388362,0.08099608866489212,35.568904514158255,0.012291596094741328,0.9310344827586207,0.9712230215827338,5.028069359255248,139,145,4,0.5,,0.5,0.0,0.44798407167745147,0.9454413492116547,13.736631433394564,0.4713628762541806,permissive,tate2-B_Vacancy-Anion-12A.png,tate2,C,36
25.398415587358972,0.7660156088718083,0.06363876460358392,0.7134470800814751,0.8220709382446412,24.76196394459622,0.038976894999824055,31.072144184044927,0.023256502722249286,1.0,0.9682539682539683,2.2742319907038913,126,122,32,1.0,1.0,,,0.88731127149978,0.8486009484031027,27.869071752032504,0.7862068253341284,permissive,tis2_Vacancy-Anion-12A.png,tis2,C,36
27.065644844527355,0.8307661928746788,0.1211101676707516,0.7609852020785951,0.4167176540140596,27.290019196443215,0.024441414850244658,26.912158781039608,0.021979929092666124,0.917910447761194,0.9919354838709677,1.2783373347686495,124,134,15,0.9333333333333333,1.0,0.6666666666666666,,0.48272539278547305,0.9776044506120831,21.520063545325286,0.8439270842207713,permissive,tis2_Zr_doped.png,tis2,C,36
23.3407759990438,0.8041764315832292,0.1704867971876227,1.0333913042059066,0.7385135572380768,22.14439110704121,0.0382415470029612,33.16007586398535,0.017590237039778286,0.9942857142857143,0.9354838709677419,2.7553500726747058,186,175,6,0.3333333333333333,,0.3333333333333333,0.0,0.857461498468559,0.9961288465089205,22.177980369678156,0.857944828096255,permissive,tise2_Adatom-Li.png,tise2,C,36
31.59276974851356,0.8597048235276853,0.03296358299879474,1.3492187507812075,0.5340109641216223,30.298055084246634,0.024372616799322372,33.796963179445115,0.015892049208140677,1.0,1.0,0.421211769587116,186,186,5,1.0,,1.0,0.0,0.550694751430722,0.9974248889889119,28.246712558365502,0.967207014819129,permissive,tise2_V_doped.png,tise2,C,36
25.130919951797036,0.9118275366821833,0.04007089957446044,0.14472391050410421,0.17551918131050737,17.908729858108988,0.05828711008449939,35.59198398979244,0.013730203554851007,1.0,0.9855072463768116,4.916957452351535,69,68,2,1.0,,1.0,,0.814366191149381,0.8963692090062478,19.8884917461814,0.19319317455292576,permissive,tite2-B_Cu_doped.png,tite2,C,36
27.46325626705633,0.8754694915328277,0.1822919389549413,0.36293819183043147,0.23344899432868,22.952994068230353,0.04131525859460113,30.987562098998026,0.02408843505584435,1.0,1.0,1.3284223283101428,68,68,0,,,,,0.47179404478728504,0.9334562342680894,26.79586520410925,0.4618846328125485,permissive,tite2-B_Vacancy-Anion-06A.png,tite2,C,36
25.120032869423014,0.705119492133656,0.16325166776172773,1.537212366034235,0.9708212375859435,25.02646938520698,0.03452366208918557,30.71993872519931,0.022736721188473693,0.912621359223301,0.9791666666666666,1.5642277681457704,96,103,1,1.0,1.0,,,0.9712667777166533,0.993362474966655,25.275710233851456,0.9929067990832696,permissive,vo2_Vacancy-Anion-03.png,vo2,C,36
25.340592249271147,0.6912114915873258,0.17974359734633563,1.151443256298108,0.8146346433028551,24.640607256939614,0.03826380667851896,31.697210536335888,0.02127592970710757,0.9811320754716981,0.968944099378882,2.2101165997782526,161,159,11,0.9090909090909091,0.9,1.0,,0.8544298102728781,0.9566532923418963,28.75891233168236,0.9120970549032592,permissive,vs2_Vacancy-Anion-06A.png,vs2,C,36
24.96900178241781,0.7337217134889311,0.048628272840195594,1.4247937738050045,0.9110386651837891,24.791249026133503,0.035514069116961394,27.39385762044577,0.025139378495564163,0.9877300613496932,0.930635838150289,1.3741174468596107,173,163,16,0.9375,0.9230769230769231,1.0,,0.9135403228618248,0.9766533822465062,26.067970693868286,0.9739788944638293,permissive,vs2_Vacancy-Anion-12A.png,vs2,C,36
28.20516555991537,0.8966029459665283,0.02375586792530862,0.22893210780941753,0.3132043030739562,24.02097858461241,0.03348719770772929,34.04047664351796,0.014540473468441983,0.9529411764705882,0.9642857142857143,2.8738927014172364,84,85,1,1.0,,1.0,0.0,0.5801276123543555,0.930786350148368,27.496226783969014,0.5025209693533772,permissive,vse2-A_Vacancy-Anion-06A.png,vse2,C,36
27.047906086928446,0.8745673305345371,0.38846625902986925,0.24038748787306055,0.24973215507382193,22.386313822014316,0.039553891735923816,31.49484692313779,0.022710569928292405,0.9540229885057471,0.9021739130434783,0.9569026338151702,92,87,4,1.0,1.0,,,0.7019973644091884,0.8425579423987429,28.090080078583473,0.2997358984486938,permissive,vse2-A_Vacancy-Anion-06B.png,vse2,C,36
32.06079619094818,0.8313384229205598,0.04222600307013931,1.0723166209095223,0.4826942871847658,30.800766720161484,0.02260009457689515,33.69808274435412,0.01639338316892754,0.994535519125683,0.9891304347826086,0.9168747682531899,184,183,5,1.0,,1.0,0.0,0.5635842813263886,0.9870078635212581,28.228428231200233,0.8453448275862069,permissive,vse2-B_Anti-2M.png,vse2,C,36
23.69716383818766,0.7730807598814028,0.04435968664927556,1.067386626732302,0.9266881111682964,23.4529283934282,0.04349066575698287,29.403316912454386,0.026816691136262043,0.994413407821229,0.956989247311828,1.7988760535900674,186,179,8,1.0,1.0,,,0.9427199003970658,0.9335704824345826,25.654487563129905,0.9176942871847659,permissive,vse2-B_Vacancy-Anion-09B.png,vse2,C,36
27.64622347462788,0.8671107863854657,0.30869865000972874,0.31599262812764306,0.3189235908964702,23.536238030825185,0.030474047327285602,33.46537381119394,0.017446989973418797,0.987012987012987,0.9440993788819876,0.7694837640638655,161,154,7,1.0,1.0,1.0,0.0,0.6363436693137059,0.9153689531699782,30.196641565592238,0.4587658644501966,permissive,vte2_Defect-Free.png,vte2,C,36
22.24696689180664,0.853187749537405,0.030099397383206293,1.095925239584506,0.8159992476421642,21.58619380265597,0.03429084409701809,27.91372889378755,0.021364527006449092,0.953757225433526,0.9482758620689655,2.0240972548199596,174,173,7,0.7142857142857143,0.8333333333333334,0.0,,0.8165582479596957,0.9958070588493559,8.529052276057978,0.995125348189415,permissive,vte2_Vacancy-Anion-09B.png,vte2,C,36
26.606130366332167,0.8421644218592005,0.10602166289924937,0.5622936625373389,0.4660574932314063,24.698876783177084,0.04190245962128823,29.456970895071937,0.01365024119421181,0.9512195121951219,0.975,1.3008872711759818,40,41,0,,,,0.0,0.7271763445515756,0.799398329234731,21.909458365287367,0.5123455736809774,permissive,ws2-A_Vacancy-Metal.png,ws2,C,36
25.021677481366087,0.8756371339961919,0.15078444637681054,0.6730172589706581,0.5684623347666826,23.103008234606644,0.03788275385546794,30.7361619456358,0.025019567154374853,1.0,0.95,1.8997427605839106,140,133,21,1.0,1.0,,,0.6091031805619898,0.7630237386497236,22.8526998933337,0.7121129388210133,permissive,ws2-B_Vacancy-Metal.png,ws2,C,36
26.919974209461426,0.8952266606502521,0.07242185488280678,0.36084444467699517,0.21626437168022591,20.695837797438827,0.04423017397704761,36.15654230028481,0.012308659650558544,1.0,0.984375,0.8544932592822077,64,63,0,,,,0.0,0.48963137335394447,0.9888465723612623,27.13134327105911,0.43676180550886395,permissive,ws2-C_Defect-Free.png,ws2-C,C,36
24.032383883690454,0.8602322009358838,0.6602283928989283,0.4405127691693745,0.21019036954087347,17.678675954482685,0.08335488607898718,33.35965193558203,0.017516518990114565,0.9818181818181818,0.9230769230769231,2.939198681424733,117,110,6,1.0,1.0,1.0,0.0,0.3699544518981552,0.984968414643428,21.29854651638653,0.559611795446062,permissive,wse2_Vacancy-Anion-06A.png,wse2,C,36
25.062886327057296,0.90806398646579,0.01532783605299877,0.44030136377022977,0.30741326004809344,20.18518375180326,0.04790118065077879,36.074503343992895,0.01105435861753556,0.984,0.9389312977099237,1.5643383494451306,131,125,30,0.9333333333333333,1.0,0.3333333333333333,0.0,0.6318121017002599,0.925449967220931,24.538513800365244,0.45028512538646515,permissive,wte2_Mo_doped.png,wte2,C,36
34.66225580331248,0.9408006238234443,0.010993211252569458,0.2019355094807165,0.1496617821130761,27.44947170868131,0.021532405892054157,40.68972957400131,0.005811000157831923,1.0,0.9318181818181818,1.024099842693513,44,41,0,,,,0.0,0.28138250249168034,0.9807080896494877,25.57025565169601,0.521619216297902,permissive,zro2_Defect-Free.png,zro2,C,36
24.683497024745648,0.8169245550311101,0.09515285831715482,0.7613983660617857,0.6096781200363829,22.983890636992854,0.04372033024487761,30.67211549203042,0.01713879067380989,1.0,0.9705882352941176,3.2074723362608735,136,132,28,1.0,1.0,,,0.7221190683887128,0.9800116530652386,26.4806964738235,0.827414325988877,permissive,zrs2_Vacancy-Anion-03.png,zrs2,C,36
21.476126353606432,0.7957980300781405,0.04977260831388851,0.8160073360766528,0.8562355739246745,21.978080407680313,0.042619736218038135,19.301081529334528,0.052505310077736206,0.97,0.9651741293532339,1.5398487005607262,201,200,2,1.0,1.0,,,0.8562355739246745,1.0,,1.0,permissive,zrse2_Vacancy-Anion-03.png,zrse2,C,36
